material_id,structure_type,band_gap,density,volume,nsites,avg_atomic_volume,dopant_count,volume_per_site,density_volume_ratio,compactness,coordination_factor,phase_indicator,confinement_parameter,Zn_fraction,O_fraction,Zn_O_ratio,avg_electronegativity,electronegativity_difference,avg_atomic_radius,avg_valence_electrons,ionic_radius_mismatch,dataset_split
mp-aaaieipq,Normal ZnO,4.540100000000001,5.818711730416606,116.79496014340394,10,11.679496014340394,1,11.679496014340394,0.04981988669247672,0.0856201328184173,0.4981988669247672,0,0.08562012548761079,0.2,0.6,0.33333333333333337,2.66,2.11,0.9400000000000001,6.8,0.44807318486447417,Training
mp-aaaieiso,Normal ZnO,3.6273,4.3526215182948516,167.3413643043481,14,11.952954593167721,1,11.952954593167721,0.026010433883927177,0.0836613234163541,0.3641460743749805,0,0.08366131641713766,0.14285714285714285,0.5714285714285714,0.25,2.59,2.08,0.9928571428571429,6.0,0.4634567887306529,Training
mp-aaadyzpi,Normal ZnO,1.5067000000000004,5.248132313954016,305.13737057985725,28,10.897763234994901,1,10.897763234994901,0.017199244677181508,0.09176194953371712,0.4815788509610822,0,0.09176194111346252,0.14285714285714285,0.5714285714285714,0.25,2.724285714285714,1.79,0.9357142857142857,7.428571428571429,0.4146099424117789,Test
mp-aaaexeef,Normal ZnO,0.1977000000000002,5.108408015574666,155.5624586171881,14,11.111604186942007,1,11.111604186942007,0.0328383083434497,0.08999600626299911,0.45973631680829585,0,0.0899959981637187,0.14285714285714285,0.5714285714285714,0.25,2.644285714285714,1.89,0.9357142857142857,7.142857142857142,0.4146099424117789,Training
mp-aaaexeiz,Normal ZnO,1.0767,3.3459283814387257,212.99077876941647,15,14.199385251294432,1,14.199385251294432,0.015709263964670317,0.07042558408708849,0.23563895947005475,0,0.07042557912732594,0.06666666666666667,0.6666666666666666,0.1,2.8379999999999996,1.81,0.8500000000000001,6.133333333333333,0.4159451654033621,Training
mp-aaaexfck,Normal ZnO,1.3392000000000002,4.17223057353499,209.57646845630157,18,11.643137136461199,1,11.643137136461199,0.019907915160317816,0.08588750508386941,0.3583424728857207,0,0.08588749770720652,0.1111111111111111,0.6666666666666666,0.16666666666666666,2.8388888888888886,1.81,0.8499999999999999,6.444444444444445,0.41594516540336224,Training
mp-aaaexggq,Normal ZnO,0.32879999999999976,4.552170151013764,174.57091544470765,14,12.469351103193404,1,12.469351103193404,0.026076337592325045,0.08019663507140318,0.3650687262925506,0,0.08019662863990341,0.14285714285714285,0.5714285714285714,0.25,2.644285714285714,1.89,0.9357142857142857,7.142857142857142,0.4146099424117789,Test
mp-aaafdnwp,Normal ZnO,0.8378,4.049918989511721,66.75779396494303,4,16.68944849123576,0,16.68944849123576,0.06066585919499712,0.05991809738501166,0.24266343677998847,0,0.05991809379483347,0.5,0.5,1.0,2.545,1.79,0.9750000000000001,9.0,0.3846153846149902,Training
mp-aaabrtdm,Normal ZnO,2.9471,7.460968405295869,341.6466705049437,30,11.38822235016479,1,11.38822235016479,0.021838258726275657,0.08781001716088989,0.6551477617882696,0,0.08781000945029145,0.26666666666666666,0.6,0.4444444444444445,2.7039999999999997,1.94,0.9133333333333333,7.466666666666667,0.4214340896097124,Training
mp-aaabrubh,Normal ZnO,1.7134999999999998,4.656972835739083,297.18951959754264,24,12.38289664989761,1,12.38289664989761,0.015670043904561518,0.08075654899439613,0.3760810537094764,0,0.08075654247277646,0.16666666666666666,0.6666666666666666,0.25,2.993333333333333,1.79,0.8166666666666667,7.0,0.38180177416013883,Training
mp-aaabrucz,2D ZnO,2.0865,4.674877142050278,148.02565690797132,12,12.335471408997611,1,12.335471408997611,0.03158153260806099,0.08106702750497159,0.3789783912967319,1,0.08106702093310918,0.16666666666666666,0.6666666666666666,0.25,2.993333333333333,1.79,0.8166666666666667,7.0,0.38180177416013883,Training
mp-aaabrvju,Normal ZnO,0.6364999999999998,6.335912957995504,376.3967520761127,28,13.442741145575454,1,13.442741145575454,0.016833070174530153,0.07438958982923957,0.4713259648868443,0,0.07438958429542891,0.14285714285714285,0.5714285714285714,0.25,2.71,1.79,0.9785714285714284,6.0,0.4511397705210703,Test
mp-aaabrvmu,Normal ZnO,1.7738000000000005,6.495587778455964,916.057575643052,64,14.313399619422688,1,14.313399619422688,0.007090807329228623,0.0698646042581695,0.45381166907063186,0,0.06986459937710691,0.1875,0.5625,0.3333333333333333,2.519375,2.34,1.078125,6.375,0.5348356283362615,Test
mp-aaabrwdr,2D ZnO,2.2854,3.9331346465582175,306.34727526673333,24,12.764469802780555,1,12.764469802780555,0.01283881056325658,0.07834246274625245,0.3081314535181579,1,0.07834245660871146,0.16666666666666666,0.6666666666666666,0.25,2.8449999999999998,1.79,0.8583333333333333,7.0,0.42596914501853883,Training
mp-aaabryls,2D ZnO,2.1911,4.083392969306654,295.0744861655783,24,12.294770256899097,1,12.294770256899097,0.013838515855880472,0.08133539538397305,0.3321243805411313,1,0.08133538876852706,0.16666666666666666,0.6666666666666666,0.25,2.8449999999999998,1.79,0.8583333333333333,7.0,0.42596914501853883,Training
mp-aaabryuq,Normal ZnO,0.1149,5.731355852340831,195.097888591396,20,9.7548944295698,1,9.7548944295698,0.029376821370770936,0.10251264195835083,0.5875364274154187,0,0.10251263144951016,0.2,0.6,0.33333333333333337,2.704,1.89,0.91,7.4,0.4175824175819587,Validation
mp-aaabryxt,Normal ZnO,1.5065,6.352314087841562,510.9208721343043,36,14.19224644817512,1,14.19224644817512,0.012433068253548818,0.07046100866777034,0.44759045712775747,0,0.07046100370301696,0.2222222222222222,0.5555555555555556,0.39999999999999997,2.522222222222222,2.34,1.0666666666666667,6.666666666666666,0.5238454566945154,Test
mp-aaabryyb,Normal ZnO,3.406,3.001792353337714,419.1326790984824,36,11.642574419402289,1,11.642574419402289,0.0071619143432871705,0.08589165625890312,0.2578289163583381,0,0.08589164888152714,0.1111111111111111,0.6666666666666666,0.16666666666666666,3.152222222222222,1.79,0.6944444444444444,6.444444444444445,0.33504626546146843,Training
mp-aaabsawc,Normal ZnO,0.9178000000000006,8.837312136690986,1684.837676012535,99,17.018562383965,1,17.018562383965,0.005245200921883964,0.0587593697656981,0.5192748912665125,0,0.05875936631303476,0.010101010101010102,0.6060606060606061,0.016666666666666666,2.8768686868686872,1.79,0.9914141414141414,5.6767676767676765,0.4903325150297688,Training
mp-aaabscgq,Normal ZnO,4.627,3.0952891903587787,783.8888670825116,64,12.248263548164244,1,12.248263548164244,0.003948632665150911,0.08164422622583745,0.2527124905696583,0,0.08164421956005832,0.0625,0.6875,0.09090909090909091,3.015625,1.79,0.746875,6.125,0.30993425538339636,Validation
mp-aaabsibr,Normal ZnO,2.9448000000000003,7.690484164899555,662.9010501174878,60,11.048350835291464,1,11.048350835291464,0.011601255046941462,0.09051124596855901,0.6960753028164877,0,0.09051123777627411,0.26666666666666666,0.6,0.4444444444444445,2.7039999999999997,1.94,0.9133333333333333,7.466666666666667,0.4214340896097124,Validation
mp-aaabsigq,2D ZnO,2.0896,4.626070941839747,299.1747288859557,24,12.465613703581488,1,12.465613703581488,0.015462773020980711,0.0802206793647625,0.3711065525035371,1,0.08022067292940561,0.16666666666666666,0.6666666666666666,0.25,2.993333333333333,1.79,0.8166666666666667,7.0,0.38180177416013883,Validation
mp-aaabsiin,Normal ZnO,3.3595,2.9785887130984294,844.7955675243292,72,11.733271771171239,1,11.733271771171239,0.003525810058759381,0.08522771989795801,0.2538583242306754,0,0.08522771263419439,0.1111111111111111,0.6666666666666666,0.16666666666666666,3.152222222222222,1.79,0.6944444444444444,6.444444444444445,0.33504626546146843,Validation
mp-aaabsjeu,Normal ZnO,2.6398,5.460574977066493,974.5814930297074,64,15.227835828589178,1,15.227835828589178,0.0056029947321163094,0.06566921335746023,0.3585916628554438,0,0.06566920904501494,0.125,0.625,0.2,2.8812499999999996,1.79,0.89375,6.75,0.42462008344736446,Training
mp-aaabsjgk,2D ZnO,2.1404,4.11838754770997,1266.5583928301792,88,14.392709009433855,1,14.392709009433855,0.003251636535490179,0.0694796232831873,0.28614401512313575,1,0.06947961845576958,0.18181818181818182,0.6363636363636364,0.28571428571428575,2.8854545454545453,1.79,0.8363636363636364,6.909090909090909,0.3807452149590446,Validation
mp-aaabsjkk,Normal ZnO,3.0117999999999996,5.301934680277574,1003.7421497753174,64,15.683471090239335,1,15.683471090239335,0.005282168011159257,0.06376139530887098,0.33805875271419245,0,0.06376139124335571,0.125,0.625,0.2,2.8812499999999996,1.79,0.89375,6.75,0.42462008344736446,Training
mp-aaabskpm,Normal ZnO,3.1432,7.412403569633795,687.7701653629325,60,11.46283608938221,1,11.46283608938221,0.010777442715830612,0.08723844537271885,0.6466465629498367,0,0.08723843776217316,0.26666666666666666,0.6,0.4444444444444445,2.7039999999999997,1.94,0.9133333333333333,7.466666666666667,0.4214340896097124,Training
mp-aaabsmgm,Normal ZnO,1.8592,4.599196172235177,850.6124958806122,66,12.888068119403215,1,12.888068119403215,0.0054069228809845455,0.0775911479312002,0.35685691014498,0,0.07759114191081444,0.18181818181818182,0.6363636363636364,0.28571428571428575,2.8854545454545453,1.79,0.8363636363636364,6.909090909090909,0.3807452149590446,Training
mp-aaabxamn,Normal ZnO,0.661,4.915828016542266,312.7023008683537,28,11.167939316726917,1,11.167939316726917,0.01572047275370492,0.08954203382017288,0.44017323710373785,0,0.08954202580239778,0.03571428571428571,0.5714285714285714,0.0625,2.6335714285714285,1.89,0.9410714285714286,6.607142857142857,0.41860717950566556,Training
mp-aaabxdgw,Normal ZnO,0.6580000000000004,5.968948418257499,580.7173133093517,44,13.19812075703072,1,13.19812075703072,0.01027857835676276,0.07576836266385076,0.45225744769756143,0,0.0757683569230064,0.2727272727272727,0.5454545454545454,0.5,2.65,1.79,0.9772727272727273,7.09090909090909,0.42826072334531456,Training
mp-aaacdinn,Normal ZnO,2.9952000000000005,4.242996431459501,302.26276373061995,26,11.625490912716153,1,11.625490912716153,0.014037443332594764,0.08601787292321425,0.36497352664746385,0,0.08601786552414042,0.23076923076923078,0.6153846153846154,0.375,2.8346153846153848,1.79,0.8346153846153848,7.230769230769231,0.377711550547864,Training
mp-aaacetuk,Normal ZnO,0.5251999999999999,6.597744983676687,245.86914906117198,24,10.244547877548833,0,10.244547877548833,0.026834375040688006,0.0976128973140458,0.6440250009765122,0,0.09761288778576901,0.5,0.5,1.0,2.545,1.79,0.9750000000000001,9.0,0.3846153846149902,Training
mp-aaacfhay,Normal ZnO,1.2857999999999996,5.971797452670151,580.4402637907178,44,13.191824177061768,1,13.191824177061768,0.010288392819928383,0.07580452760572884,0.45268928407684883,0,0.07580452185940288,0.2727272727272727,0.5454545454545454,0.5,2.65,1.79,0.9772727272727273,7.09090909090909,0.42826072334531456,Training
mp-aaacfxgd,Normal ZnO,0.4516000000000001,5.5081445778223985,49.08434295009371,4,12.271085737523428,0,12.271085737523428,0.11221795249871894,0.08149238147217296,0.44887180999487575,0,0.08149237483116525,0.5,0.5,1.0,2.545,1.79,0.9750000000000001,9.0,0.3846153846149902,Validation
mp-aaacgahw,Normal ZnO,1.6802,5.026767190549975,852.3138845340536,32,26.634808891689175,1,26.634808891689175,0.005897788685444495,0.03754485358113565,0.18872923793422383,0,0.03754485217151967,0.125,0.375,0.3333333333333333,1.89125,2.65,1.69375,4.25,0.5519658782894007,Training
mp-aaacgbtq,2D ZnO,2.677,4.264196514934157,347.2034966108582,28,12.400124878959222,1,12.400124878959222,0.01228154826859901,0.0806443491304527,0.3438833515207723,1,0.08064434262694219,0.2857142857142857,0.5714285714285714,0.5,2.708571428571428,1.79,0.8857142857142857,7.428571428571429,0.38253358792316244,Training
mp-aaacgbuf,Normal ZnO,2.5427999999999997,4.7954524349234715,308.73915658900745,28,11.02639844960741,1,11.02639844960741,0.015532375201033495,0.09069144422543561,0.4349065056289379,0,0.0906914360004983,0.2857142857142857,0.5714285714285714,0.5,2.708571428571428,1.79,0.8857142857142857,7.428571428571429,0.38253358792316244,Training
mp-aaacgbug,Normal ZnO,2.2492,5.557724578078479,266.3939026523075,28,9.514067951868125,1,9.514067951868125,0.02086280692568821,0.10510751079969385,0.5841585939192699,0,0.10510749975210619,0.2857142857142857,0.5714285714285714,0.5,2.708571428571428,1.79,0.8857142857142857,7.428571428571429,0.38253358792316244,Training
mp-aaacgbut,Normal ZnO,3.5938,5.027982526581156,93.45862085830957,10,9.345862085830957,1,9.345862085830957,0.053799022782552504,0.10699922498493494,0.5379902278255251,0,0.10699921353610203,0.2,0.6,0.33333333333333337,2.774,1.79,0.8500000000000001,6.8,0.3720326659017246,Validation
mp-aaacgbvb,Normal ZnO,1.3848999999999996,6.219859995492636,99.33942065803808,10,9.933942065803809,1,9.933942065803809,0.06261220260475872,0.10066497200968774,0.6261220260475872,0,0.10066496187625218,0.2,0.6,0.33333333333333337,2.7960000000000003,1.79,0.88,6.8,0.39134489449325,Training
mp-aaacgbvg,Normal ZnO,2.6045,4.406155427189805,672.0343685947768,56,12.000613724906728,1,12.000613724906728,0.0065564435786917095,0.08332907157277678,0.36716084040673574,0,0.08332906462904319,0.2857142857142857,0.5714285714285714,0.5,2.708571428571428,1.79,0.8857142857142857,7.428571428571429,0.38253358792316244,Training
mp-aaacgbyj,Normal ZnO,2.1159000000000003,5.131536469114348,288.51864332097443,28,10.304237261463372,1,10.304237261463372,0.01778580542408746,0.09704745481161246,0.49800255187444886,0,0.0970474453934049,0.2857142857142857,0.5714285714285714,0.5,2.708571428571428,1.79,0.8857142857142857,7.428571428571429,0.38253358792316244,Training
mp-aaacgbyn,2D ZnO,2.2529000000000003,4.264646547274418,347.1668575130117,28,12.398816339750416,1,12.398816339750416,0.012284140731464955,0.08065286012778616,0.34395594048101874,1,0.08065285362290285,0.2857142857142857,0.5714285714285714,0.5,2.708571428571428,1.79,0.8857142857142857,7.428571428571429,0.38253358792316244,Training
mp-aaacggwj,Normal ZnO,2.8326000000000002,4.28485740854275,78.40702484441908,8,9.800878105552385,1,9.800878105552385,0.05464889609567739,0.10203167402250221,0.43719116876541914,0,0.10203166361204077,0.125,0.5,0.25,2.4175,2.13,1.03125,5.25,0.4205466729530604,Test
mp-aaachfqg,Normal ZnO,0.1557000000000004,8.913847864781777,185.20211079613617,14,13.228722199724013,1,13.228722199724013,0.04813037917512421,0.07559309092006353,0.6738253084517389,0,0.07559308520574856,0.14285714285714285,0.5714285714285714,0.25,2.8757142857142854,1.79,0.9214285714285715,6.857142857142857,0.4028025133876739,Training
mp-aaachfui,2D ZnO,2.7184,3.6597073169534013,363.77933849344834,28,12.99211923190887,1,12.99211923190887,0.010060239600328685,0.07696973697285527,0.28168670880920316,1,0.07696973104851532,0.07142857142857142,0.6428571428571429,0.11111111111111109,2.7692857142857146,1.9,0.8821428571428571,5.857142857142858,0.42932163697298065,Training
mp-aaachfvt,Normal ZnO,0.9653,5.023265091270134,462.92738168956396,42,11.022080516418189,1,11.022080516418189,0.010851086539935146,0.09072697287144903,0.45574563467727613,0,0.09072696464006619,0.14285714285714285,0.5714285714285714,0.25,2.6757142857142853,1.79,0.9357142857142857,6.857142857142857,0.4146099424117789,Validation
mp-aaachfxv,Normal ZnO,1.3081,4.8567086666975845,474.4761648995908,42,11.297051545228353,1,11.297051545228353,0.010235938105530399,0.0885186719735186,0.42990940043227677,0,0.08851866413796401,0.14285714285714285,0.5714285714285714,0.25,2.667142857142857,1.81,0.9214285714285715,6.571428571428571,0.4028025133876739,Test
mp-aaachgaz,Normal ZnO,1.0957999999999997,5.906550680547569,541.9497576250508,42,12.903565657739303,1,12.903565657739303,0.01089870525181658,0.07749795882196482,0.45774562057629636,0,0.07749795281603167,0.14285714285714285,0.5714285714285714,0.25,2.8185714285714285,1.79,0.95,6.857142857142857,0.42665446493522335,Validation
mp-aaachgiy,Normal ZnO,1.0811000000000002,5.894125808737034,543.0921927349801,42,12.930766493690003,1,12.930766493690003,0.010852900993110698,0.07733493606028562,0.4558218417106493,0,0.07733493007959374,0.14285714285714285,0.5714285714285714,0.25,2.8185714285714285,1.79,0.95,6.857142857142857,0.42665446493522335,Training
mp-aaachgnd,Normal ZnO,0.6021999999999998,3.9922319690413994,347.2188421279552,28,12.400672933141257,1,12.400672933141257,0.01149773996444716,0.0806407850115507,0.3219367190045205,0,0.08064077850861504,0.07142857142857142,0.6428571428571429,0.11111111111111109,2.803571428571429,1.79,0.8821428571428571,6.428571428571429,0.42932163697298065,Training
mp-aaachgng,2D ZnO,2.1239,3.9560535925912523,346.8528657826685,28,12.387602349381018,1,12.387602349381018,0.011405566946258055,0.08072587186736487,0.3193558744952255,1,0.080725865350699,0.07142857142857142,0.6428571428571429,0.11111111111111109,2.7950000000000004,1.81,0.8678571428571429,6.142857142857143,0.414086662499484,Training
mp-aaachgod,Normal ZnO,0.38509999999999955,6.688341200351596,339.7593503150646,28,12.134262511252306,1,12.134262511252306,0.01968552498838916,0.08241127131316658,0.5511946996748965,0,0.08241126452154952,0.07142857142857142,0.6428571428571429,0.11111111111111109,2.8892857142857147,1.79,0.8964285714285714,5.857142857142858,0.44445083759454795,Training
mp-aaachgou,Normal ZnO,1.0380000000000003,8.314908228705823,417.5159332087498,28,14.911283328883922,1,14.911283328883922,0.019915187774722225,0.06706330890131694,0.5576252576922223,0,0.06706330440382985,0.07142857142857142,0.6428571428571429,0.11111111111111109,2.9064285714285716,1.79,0.9392857142857143,6.142857142857143,0.4887817540748577,Training
mp-aaachgqv,Normal ZnO,0.6234000000000002,5.4736161489750605,290.36618165902985,28,10.370220773536781,1,10.370220773536781,0.018850735643009084,0.09642996247021542,0.5278205980042544,0,0.09642995317147865,0.14285714285714285,0.5714285714285714,0.25,2.644285714285714,1.89,0.9357142857142857,7.142857142857142,0.4146099424117789,Test
mp-aaachgry,Normal ZnO,1.2281999999999993,6.04117280565554,201.6594858034329,14,14.404248985959493,1,14.404248985959493,0.02995729534680488,0.06942395962293818,0.4194021348552683,0,0.06942395480325235,0.14285714285714285,0.5714285714285714,0.25,2.761428571428571,1.79,0.95,6.285714285714285,0.42665446493522335,Training
mp-aaachgsw,Normal ZnO,0.9554,5.972078365168502,207.38481690101824,14,14.813201207215588,1,14.813201207215588,0.02879708565753781,0.06750735280048006,0.40315919920552934,0,0.0675073482432377,0.14285714285714285,0.5714285714285714,0.25,2.787142857142857,1.79,0.95,6.571428571428571,0.42665446493522335,Training
mp-aaachgti,Normal ZnO,1.5583999999999998,8.21519257038896,221.27903757954795,14,15.805645541396283,1,15.805645541396283,0.03712594117872429,0.06326853258735418,0.51976317650214,0,0.06326852858444722,0.14285714285714285,0.5714285714285714,0.25,2.7785714285714285,1.79,0.9928571428571429,6.571428571428571,0.4634567887306529,Training
mp-aaachgws,Normal ZnO,1.4293000000000005,5.26405476154287,291.8399860432389,28,10.42285664440139,1,10.42285664440139,0.018037469144908336,0.09594298704445363,0.5050491360574334,0,0.09594297783939776,0.14285714285714285,0.5714285714285714,0.25,2.667142857142857,1.81,0.9214285714285715,6.571428571428571,0.4028025133876739,Training
mp-aaachgym,Normal ZnO,0.13779999999999948,5.402253913657354,225.50954122284304,14,16.107824373060218,1,16.107824373060218,0.023955766396434694,0.06208163044492002,0.33538072955008574,0,0.06208162659079142,0.14285714285714285,0.5714285714285714,0.25,2.761428571428571,1.79,0.95,6.285714285714285,0.42665446493522335,Training
mp-aaachhbh,Normal ZnO,1.4453999999999994,6.279795900539759,339.82566317138827,28,12.136630827549581,1,12.136630827549581,0.01847946333262398,0.08239518975316008,0.5174249733134714,0,0.08239518296419335,0.14285714285714285,0.5714285714285714,0.25,2.8185714285714285,1.79,0.95,6.857142857142857,0.42665446493522335,Validation
mp-aaachhcg,Normal ZnO,1.1900000000000004,6.358625422832214,383.183383397209,28,13.685120835614608,1,13.685120835614608,0.016594209670221096,0.07307206213317219,0.46463787076619073,0,0.07307205679364633,0.14285714285714285,0.5714285714285714,0.25,2.761428571428571,1.79,0.95,6.285714285714285,0.42665446493522335,Training
mp-aaachhcv,Normal ZnO,1.7480000000000002,5.4789203221331775,282.9519710103384,28,10.105427536083514,1,10.105427536083514,0.01936342865259476,0.09895672364472395,0.5421760022726533,0,0.09895671385229178,0.14285714285714285,0.5714285714285714,0.25,2.6757142857142853,1.79,0.9357142857142857,6.857142857142857,0.4146099424117789,Training
mp-aaachhdg,Normal ZnO,0.6846000000000001,9.504540066103313,347.384182378441,28,12.406577942087178,1,12.406577942087178,0.027360313223440718,0.08060240339180656,0.76608877025634,0,0.08060239689505966,0.14285714285714285,0.5714285714285714,0.25,2.8757142857142854,1.79,0.9214285714285715,6.857142857142857,0.4028025133876739,Training
mp-aaachhdv,2D ZnO,2.0424,4.994235061991118,487.8664245941513,28,17.423800878362545,1,17.423800878362545,0.010236890263372513,0.05739275873164008,0.28663292737443036,1,0.05739275543771151,0.14285714285714285,0.5714285714285714,0.25,2.761428571428571,1.79,0.95,6.285714285714285,0.42665446493522335,Training
mp-aaachhec,Normal ZnO,0.1462,5.99994094417768,382.08605131049643,28,13.6459304039463,1,13.6459304039463,0.015703114279874104,0.07328192145189363,0.43968719983647486,0,0.07328191608165402,0.14285714285714285,0.5714285714285714,0.25,2.7528571428571427,1.79,0.9928571428571429,8.285714285714285,0.4634567887306529,Training
mp-aaachhhb,Normal ZnO,1.0635,4.810031617673499,159.69351038097446,14,11.406679312926746,1,11.406679312926746,0.030120394849346123,0.08766793319653853,0.4216855278908457,0,0.0876679255108727,0.14285714285714285,0.5714285714285714,0.25,2.667142857142857,1.81,0.9214285714285715,6.571428571428571,0.4028025133876739,Training
mp-aaachhhl,Normal ZnO,0.5131999999999999,4.990373052200767,155.32619384762302,14,11.094728131973072,1,11.094728131973072,0.03212834163031153,0.09013289808500799,0.4497967828243615,0,0.09013288996106941,0.14285714285714285,0.5714285714285714,0.25,2.6757142857142853,1.79,0.9357142857142857,6.857142857142857,0.4146099424117789,Test
mp-aaachhik,Normal ZnO,0.8945999999999996,5.970922114529429,178.70236502407244,14,12.764454644576603,1,12.764454644576603,0.033412664014337144,0.07834255578046828,0.46777729620072,0,0.07834254964291272,0.14285714285714285,0.5714285714285714,0.25,2.8185714285714285,1.79,0.95,6.857142857142857,0.42665446493522335,Training
mp-aaachhjr,Normal ZnO,0.1982999999999997,5.490870508757974,149.55969547223685,14,10.682835390874061,1,10.682835390874061,0.03671357082338863,0.09360810715610782,0.5139899915274407,0,0.09360809839363092,0.14285714285714285,0.5714285714285714,0.25,2.7385714285714284,1.79,0.9214285714285715,7.7142857142857135,0.4028025133876739,Training
mp-aaachhqj,Normal ZnO,1.2123999999999997,5.536844499528341,289.2263445129309,28,10.329512304033246,1,10.329512304033246,0.019143638141639475,0.0968099916594844,0.5360218679659052,0,0.09680998228731083,0.14285714285714285,0.5714285714285714,0.25,2.724285714285714,1.79,0.9357142857142857,7.428571428571429,0.4146099424117789,Training
mp-aaachhqm,Normal ZnO,0.7949000000000002,5.730808402378496,372.37954170587625,28,13.299269346638438,1,13.299269346638438,0.015389697191032246,0.07519210070384529,0.43091152134890287,0,0.0751920950499937,0.14285714285714285,0.5714285714285714,0.25,2.8185714285714285,1.79,0.95,6.857142857142857,0.42665446493522335,Training
mp-aaachhqw,Normal ZnO,0.6427999999999998,8.644086765645367,381.963643963947,28,13.641558712998107,1,13.641558712998107,0.022630653151457045,0.07330540600519268,0.6336582882407973,0,0.07330540063151053,0.14285714285714285,0.5714285714285714,0.25,2.8757142857142854,1.79,0.9214285714285715,6.857142857142857,0.4028025133876739,Test
mp-aaachhqx,Normal ZnO,1.2982,3.940838028344807,364.57076725076166,20,18.22853836253808,1,18.22853836253808,0.010809528276919316,0.054859033681774756,0.2161905655383863,0,0.05485903067226135,0.1,0.7,0.14285714285714288,2.993,1.79,0.835,6.6,0.4301802408536599,Training
mp-aaachhue,Normal ZnO,2.1881999999999997,5.423388219369888,228.36616671762042,14,16.3118690512586,1,16.3118690512586,0.0237486501331319,0.06130505320129709,0.33248110186384655,0,0.06130504944298777,0.14285714285714285,0.5714285714285714,0.25,2.787142857142857,1.79,0.95,6.571428571428571,0.42665446493522335,Validation
mp-aaachhvi,Normal ZnO,1.7048999999999999,8.159347140865252,222.79354881247878,14,15.913824915177056,1,15.913824915177056,0.03662290559009821,0.06283844426655075,0.5127206782613749,0,0.06283844031788091,0.14285714285714285,0.5714285714285714,0.25,2.7785714285714285,1.79,0.9928571428571429,6.571428571428571,0.4634567887306529,Training
mp-aaachhvs,Normal ZnO,0.3771,5.7894595099009205,197.98858075926455,14,14.142041482804611,1,14.142041482804611,0.02924138078296029,0.07071114882641985,0.409379330961444,0,0.07071114382635363,0.14285714285714285,0.5714285714285714,0.25,2.7528571428571427,1.79,0.9928571428571429,8.285714285714285,0.4634567887306529,Training
mp-aaachhwh,Normal ZnO,0.1607000000000003,5.942922328779274,276.36670167823405,28,9.870239345651216,1,9.870239345651216,0.021503756679756212,0.10131466573205193,0.602105187033174,0,0.10131465546739149,0.14285714285714285,0.5714285714285714,0.25,2.7385714285714284,1.79,0.9214285714285715,7.7142857142857135,0.4028025133876739,Training
mp-aaachhwo,2D ZnO,4.209,5.118410645623788,353.677994573698,20,17.6838997286849,1,17.6838997286849,0.014471951067584112,0.05654861288191477,0.28943902135168226,1,0.056548609684169325,0.1,0.7,0.14285714285714288,3.045,1.79,0.825,6.6,0.41659779045002604,Training
mp-aaachhxg,2D ZnO,3.6986999999999997,3.170408482082519,386.8345933490016,20,19.34172966745008,1,19.34172966745008,0.008195772892075369,0.051701684244035616,0.16391545784150738,1,0.0517016815709716,0.1,0.7,0.14285714285714288,3.005,1.79,0.845,6.6,0.44394474513326626,Validation
mp-aaachhyw,Normal ZnO,0.23450000000000015,7.9081777622586085,946.3546315279176,64,14.786791117623713,1,14.786791117623713,0.008356463307136942,0.06762792495311203,0.5348136516567643,0,0.06762792037957611,0.125,0.625,0.2,2.86125,1.79,0.9437500000000001,6.5,0.4764071049643349,Training
mp-aaachidz,Normal ZnO,2.2935,4.537115596544535,294.55916948517074,26,11.329198826352721,1,11.329198826352721,0.015403070252647085,0.08826749493299661,0.40047982656882425,0,0.08826748714184665,0.15384615384615385,0.6153846153846154,0.25,2.7261538461538466,1.9,0.9,6.461538461538462,0.42197473628439225,Training
mp-aaachies,Normal ZnO,1.2476000000000003,6.181576216656759,330.3808520600774,26,12.706955848464515,1,12.706955848464515,0.018710455401399075,0.07869705474115093,0.48647184043637587,0,0.078697048547925,0.15384615384615385,0.6153846153846154,0.25,2.8230769230769233,1.79,0.9115384615384616,6.461538461538462,0.4335943486464485,Training
mp-aaachigz,Normal ZnO,0.2768999999999999,5.158952994573364,159.1820902479926,14,11.370149303428041,1,11.370149303428041,0.03240912940725311,0.08794959268463652,0.4537278117015436,0,0.08794958494950636,0.14285714285714285,0.5714285714285714,0.25,2.7385714285714284,1.79,0.9214285714285715,7.7142857142857135,0.4028025133876739,Training
mp-aaachihe,Normal ZnO,0.1429999999999998,8.745291323782073,188.77169195997328,14,13.483692282855234,1,13.483692282855234,0.04632734488235164,0.07416366222414603,0.648582828352923,0,0.07416365672389764,0.14285714285714285,0.5714285714285714,0.25,2.8757142857142854,1.79,0.9214285714285715,6.857142857142857,0.4028025133876739,Validation
mp-aaachihx,Normal ZnO,0.3429000000000002,5.795027914768158,184.12644752266613,14,13.151889108761866,1,13.151889108761866,0.03147308798526457,0.0760347043478183,0.440623231793704,0,0.07603469856654248,0.14285714285714285,0.5714285714285714,0.25,2.8185714285714285,1.79,0.95,6.857142857142857,0.42665446493522335,Test
mp-aaachipq,Normal ZnO,0.8693,5.327015377963308,264.1065176346131,26,10.157942985946658,1,10.157942985946658,0.020169950387832508,0.09844512824924131,0.5244187100836453,0,0.098445118557799,0.15384615384615385,0.6153846153846154,0.25,2.7284615384615387,1.89,0.9,7.153846153846154,0.42197473628439225,Training
mp-aaachiqy,Normal ZnO,0.6479000000000001,4.833557276405962,285.00504171485835,26,10.961732373648399,1,10.961732373648399,0.016959550014846003,0.09122645635866491,0.44094830038599614,0,0.09122644803639934,0.15384615384615385,0.6153846153846154,0.25,2.753846153846154,1.79,0.9,6.923076923076923,0.42197473628439225,Validation
mp-aaachira,Normal ZnO,1.3676,4.732197217562692,288.8892629214749,26,11.111125496979803,1,11.111125496979803,0.016380661410972285,0.08999988347461446,0.4258971966852794,0,0.08999987537463618,0.15384615384615385,0.6153846153846154,0.25,2.746923076923077,1.81,0.8884615384615385,6.6923076923076925,0.41068541041101564,Training
mp-aaachisu,Normal ZnO,0.38859999999999983,5.4829062279974545,263.42142341515466,26,10.131593208275179,1,10.131593208275179,0.020814200060494482,0.09870115977250549,0.5411692015728565,0,0.09870115003058752,0.15384615384615385,0.6153846153846154,0.25,2.8115384615384618,1.79,0.8884615384615385,7.846153846153847,0.41068541041101564,Test
mp-aaachivd,2D ZnO,2.8317,3.6315351409906067,220.5251363588027,16,13.78282102242517,1,13.78282102242517,0.016467669783522057,0.07255408732167111,0.2634827165363529,1,0.07255408205757591,0.125,0.625,0.2,2.74125,1.9,0.89375,6.25,0.42462008344736446,Training
mp-aaachixk,Normal ZnO,0.8464,5.810785100007526,218.79918759946725,16,13.674949224966703,1,13.674949224966703,0.026557617225193286,0.07312641411306117,0.4249218756030926,0,0.07312640876558912,0.125,0.625,0.2,2.84625,1.79,0.90625,6.25,0.43742843817605476,Training
mp-aaachjhb,Normal ZnO,0.49849999999999994,7.17212298451507,237.58637451013905,16,14.84914840688369,1,14.84914840688369,0.030187433808505564,0.06734392926778382,0.482998940936089,0,0.06734392473257932,0.125,0.625,0.2,2.94625,1.79,0.8812500000000001,6.75,0.41201950491521516,Test
mp-aaachjil,Normal ZnO,1.9815,3.818460423989511,215.07780635061818,16,13.442362896913636,1,13.442362896913636,0.017753856016230845,0.07439168304477183,0.2840616962596935,0,0.07439167751064973,0.125,0.625,0.2,2.76375,1.81,0.8812500000000001,6.5,0.41201950491521516,Training
mp-aaachjux,Normal ZnO,0.6253000000000002,5.514616216162318,231.7300659934819,22,10.533184817885541,1,10.533184817885541,0.023797586078104543,0.09493804744619895,0.5235468937182999,0,0.09493803843296697,0.09090909090909091,0.5454545454545454,0.16666666666666669,2.691818181818182,1.79,0.959090909090909,7.2727272727272725,0.41038385119936865,Training
mp-aaachjvo,Normal ZnO,0.4380999999999995,5.660833367787298,196.02159780812048,13,15.078584446778498,1,15.078584446778498,0.028878620530630984,0.06631922270486389,0.37542206689820273,0,0.06631921830662488,0.07692307692307693,0.6153846153846154,0.125,2.846923076923077,1.79,0.9192307692307693,5.846153846153847,0.4401069051812687,Training
mp-aaachkcr,Normal ZnO,0.33450000000000024,6.970333266783556,536.842383700899,32,16.776324490653092,1,16.776324490653092,0.01298394736597981,0.05960781222115421,0.4154863157113539,0,0.05960780866806314,0.125,0.625,0.2,2.86125,1.79,0.9437500000000001,6.5,0.4764071049643349,Training
mp-aaachkgs,2D ZnO,2.9147,3.6281985236209504,587.6664893385622,44,13.356056575876414,1,13.356056575876414,0.006173907451368715,0.07487239922344974,0.27165192786022346,1,0.074872393617574,0.09090909090909091,0.6363636363636364,0.14285714285714288,2.759090909090909,1.9,0.8863636363636362,6.0,0.4276443433716075,Training
mp-aaachkvd,2D ZnO,2.0684000000000005,3.8780572610204493,565.601400333951,44,12.854577280317068,1,12.854577280317068,0.0068565198952375075,0.07779330103146995,0.30168687539045036,1,0.07779329497967274,0.09090909090909091,0.6363636363636364,0.14285714285714288,2.7836363636363632,1.81,0.8727272727272727,6.2727272727272725,0.4133986423533687,Training
mp-aaachkzl,Normal ZnO,1.1471,4.706960710615367,656.4949263232721,44,14.92033923461982,1,14.92033923461982,0.007169835614430512,0.06702260479974138,0.31547276703494254,0,0.06702260030771214,0.09090909090909091,0.6363636363636364,0.14285714285714288,2.928181818181818,1.79,0.8999999999999999,6.545454545454545,0.441911976852587,Training
mp-aaachlix,Normal ZnO,1.0360999999999994,8.170286001443209,592.5903247405973,44,13.467961925922667,1,13.467961925922667,0.013787410368591978,0.07425028415585543,0.606646056218047,0,0.07425027864275115,0.09090909090909091,0.6363636363636364,0.14285714285714288,2.9827272727272724,1.79,0.8727272727272727,6.545454545454545,0.4133986423533687,Training
mp-aaachljz,Normal ZnO,0.1817000000000002,5.971664024133739,207.39920619674578,14,14.81422901405327,1,14.81422901405327,0.028793089929552238,0.06750266916026253,0.40310325901373134,0,0.06750266460365249,0.14285714285714285,0.5714285714285714,0.25,2.787142857142857,1.79,0.95,6.571428571428571,0.42665446493522335,Training
mp-aaachlkg,Normal ZnO,1.0585999999999998,8.021337162183324,226.6267916123254,14,16.187627972308956,1,16.187627972308956,0.03539447860388186,0.061775573401528006,0.4955227004543461,0,0.06177556958530678,0.14285714285714285,0.5714285714285714,0.25,2.7785714285714285,1.79,0.9928571428571429,6.571428571428571,0.4634567887306529,Test
mp-aaachlre,Normal ZnO,1.7036999999999995,5.296140796268316,701.5589799755708,42,16.70378523751359,1,16.70378523751359,0.007549102698255864,0.05986667008590282,0.3170623133267463,0,0.05986666650188485,0.14285714285714285,0.5714285714285714,0.25,2.787142857142857,1.79,0.95,6.571428571428571,0.42665446493522335,Training
mp-aaachlsj,Normal ZnO,1.7082000000000002,5.308100102288955,699.9783469107502,42,16.666151116922624,1,16.666151116922624,0.00758323470737663,0.060001856036491295,0.3184958577098184,0,0.060001852436268786,0.14285714285714285,0.5714285714285714,0.25,2.787142857142857,1.79,0.95,6.571428571428571,0.42665446493522335,Training
mp-aaachmcs,Normal ZnO,0.3380000000000001,5.30717673982822,195.66737118291582,16,12.229210698932238,1,12.229210698932238,0.027123463051708537,0.08177142618757173,0.4339754088273366,0,0.08177141950100614,0.25,0.5,0.5,2.6025,1.79,0.9750000000000001,8.25,0.3846153846149902,Training
mp-aaachmia,Normal ZnO,1.0979999999999994,6.228382418511759,215.9130257318797,18,11.99516809621554,1,11.99516809621554,0.028846719036763585,0.08336690173733362,0.5192409426617445,0,0.0833668947872939,0.1111111111111111,0.6666666666666666,0.16666666666666666,2.932222222222222,1.79,0.8722222222222222,6.444444444444445,0.4424803677181782,Training
mp-aaachmkf,Normal ZnO,3.0212,7.806932324146332,222.61292525964723,18,12.367384736647068,1,12.367384736647068,0.03506953731447123,0.08085783868571642,0.6312516716604822,0,0.08085783214772686,0.1111111111111111,0.6666666666666666,0.16666666666666666,2.8099999999999996,1.94,0.8722222222222222,6.444444444444445,0.4424803677181782,Test
mp-aaachmqx,Normal ZnO,1.3788000000000005,4.903755118680248,156.64135248998448,14,11.188668034998893,1,11.188668034998893,0.03130562274536137,0.08937614351162569,0.43827871843505906,0,0.08937613552353138,0.14285714285714285,0.5714285714285714,0.25,2.667142857142857,1.81,0.9214285714285715,6.571428571428571,0.4028025133876739,Training
mp-aaachmxe,Normal ZnO,1.6669000000000003,4.216547822103009,207.37375361979508,18,11.520764089988615,1,11.520764089988615,0.02033308327678084,0.08679979836311258,0.36599549898205513,0,0.08679979082890825,0.1111111111111111,0.6666666666666666,0.16666666666666666,2.8388888888888886,1.81,0.8499999999999999,6.444444444444445,0.41594516540336224,Training
mp-aaachmxo,Normal ZnO,0.552,7.8282579115536866,224.46040675243796,18,12.470022597357664,1,12.470022597357664,0.034875896332629115,0.08019231658905694,0.6277661339873241,0,0.08019231015824983,0.1111111111111111,0.6666666666666666,0.16666666666666666,3.001111111111111,1.79,0.8499999999999999,6.666666666666666,0.41594516540336224,Training
mp-aaachmyq,Normal ZnO,0.7704,5.2338063029540995,224.1749790579418,18,12.45416550321899,1,12.45416550321899,0.02334696896862145,0.08029442034807817,0.4202454414351861,0,0.08029441390088475,0.1111111111111111,0.6666666666666666,0.16666666666666666,2.956666666666666,1.79,0.8722222222222222,6.666666666666666,0.4424803677181782,Training
mp-aaachngx,Normal ZnO,1.1204,5.530249853419214,259.5702255059287,16,16.223139094120544,1,16.223139094120544,0.0213054090519619,0.06164035173454265,0.3408865448313904,0,0.06164034793500992,0.25,0.5,0.5,2.6225,1.79,1.0,7.0,0.4015594601048237,Test
mp-aaachnha,Normal ZnO,0.6078999999999999,5.427719105555881,257.419882202994,24,10.725828425124751,1,10.725828425124751,0.021085081066856578,0.0932328917044344,0.506041945604558,0,0.09323288301206312,0.08333333333333333,0.5416666666666666,0.15384615384615385,2.6870833333333333,1.79,0.9624999999999999,7.25,0.40965741027457453,Test
mp-aaachnhh,Normal ZnO,0.25150000000000006,5.218662417292122,184.9013880110005,16,11.556336750687532,1,11.556336750687532,0.02822403036129514,0.08653261163755081,0.45158448578072224,0,0.08653260414965859,0.25,0.5,0.5,2.5175,1.9,0.9875,7.0,0.39281318099157436,Training
mp-aaachnlb,Normal ZnO,1.1696,5.435237356928526,279.0132511753329,26,10.731278891358958,1,10.731278891358958,0.019480212192620167,0.09318553828707407,0.5064855170081244,0,0.09318552960353034,0.07692307692307693,0.5384615384615384,0.14285714285714288,2.683076923076923,1.79,0.9653846153846153,7.230769230769231,0.40902192088278266,Training
mp-aaachnsm,Normal ZnO,0.4849999999999999,7.018569073015279,243.53050996091736,13,18.7331161508398,1,18.7331161508398,0.028820081086848474,0.053381401788573785,0.37466105412903017,0,0.053381398938999874,0.07692307692307693,0.6153846153846154,0.125,2.865384615384616,1.79,0.9653846153846154,6.153846153846154,0.4830420578872344,Training
mp-aaachnsy,Normal ZnO,0.6476000000000006,5.490449580607748,202.10468840265014,13,15.54651449251155,1,15.54651449251155,0.027166364109786723,0.064323099591338,0.35316273342722737,0,0.06432309545387713,0.07692307692307693,0.6153846153846154,0.125,2.846923076923077,1.79,0.9192307692307693,5.846153846153847,0.4401069051812687,Training
mp-aaachnte,Normal ZnO,1.8436000000000003,4.846479406136096,233.13916838054647,13,17.933782183118957,1,17.933782183118957,0.020787924307242103,0.05576068616141097,0.27024301599414735,0,0.05576068305215703,0.07692307692307693,0.6153846153846154,0.125,2.874615384615385,1.79,0.9192307692307693,6.153846153846154,0.4401069051812687,Training
mp-aaachnub,Normal ZnO,0.49660000000000015,4.900170821129655,207.7333800071208,16,12.98333625044505,1,12.98333625044505,0.023588750143924555,0.07702180554445098,0.3774200023027929,0,0.07702179961209292,0.25,0.5,0.5,2.59,1.79,0.9875,8.0,0.39281318099157436,Training
mp-aaachodd,Normal ZnO,0.2307999999999999,5.124667731804256,187.01772552667103,13,14.385978886667003,1,14.385978886667003,0.027402042720658437,0.06951212759854701,0.3562265553685597,0,0.06951212276661146,0.07692307692307693,0.6153846153846154,0.125,2.908461538461539,1.79,0.9192307692307693,6.461538461538462,0.4401069051812687,Training
mp-aaachodw,Normal ZnO,0.10329999999999995,8.112077182532916,190.11767334204237,13,14.624436410926336,1,14.624436410926336,0.042668716680903676,0.06837870341812771,0.5546933168517478,0,0.06837869874248095,0.07692307692307693,0.6153846153846154,0.125,2.97,1.79,0.8884615384615385,6.461538461538462,0.41068541041101564,Training
mp-aaachomu,Normal ZnO,1.1643,6.726524831212245,310.44463751819984,18,17.246924306566658,1,17.246924306566658,0.021667389275327756,0.05798135262988638,0.39001300695589963,0,0.05798134926804931,0.2222222222222222,0.5555555555555556,0.39999999999999997,2.7266666666666666,1.79,0.9888888888888889,7.111111111111111,0.447679141867784,Training
mp-aaachomw,Normal ZnO,1.7761,4.957204437070903,304.38164391039305,18,16.91009132835517,1,16.91009132835517,0.016286147735781686,0.05913628617269385,0.29315065924407036,0,0.05913628267559372,0.2222222222222222,0.5555555555555556,0.39999999999999997,2.7333333333333334,1.79,0.9555555555555555,7.111111111111111,0.41747262955808045,Training
mp-aaachorb,Normal ZnO,0.3976999999999995,8.081517000258446,224.9391921650585,14,16.067085154647035,1,16.067085154647035,0.03592756285174499,0.06223904276195193,0.5029858799244298,0,0.06223903888825373,0.14285714285714285,0.5714285714285714,0.25,2.7785714285714285,1.79,0.9928571428571429,6.571428571428571,0.4634567887306529,Training
mp-aaachosb,Normal ZnO,0.6776,8.890453575559816,185.68945058230787,14,13.263532184450563,1,13.263532184450563,0.04787807546310229,0.0753946977391396,0.6702930564834321,0,0.07539469205477957,0.14285714285714285,0.5714285714285714,0.25,2.8757142857142854,1.79,0.9214285714285715,6.857142857142857,0.4028025133876739,Training
mp-aaachosr,Normal ZnO,0.6461999999999999,5.4310183500378395,190.91236640987498,16,11.932022900617186,1,11.932022900617186,0.028447703120132797,0.08380808588192325,0.45516324992212476,0,0.08380807885812858,0.25,0.5,0.5,2.61,1.79,0.9750000000000001,8.5,0.3846153846149902,Training
mp-aaachosy,Normal ZnO,1.1788999999999996,5.272927158307759,272.2374420239186,16,17.014840126494914,1,17.014840126494914,0.01936885352631116,0.05877222427984116,0.30990165642097856,0,0.058772220825667014,0.25,0.5,0.5,2.6225,1.79,1.0,7.0,0.4015594601048237,Validation
mp-aaachovw,Normal ZnO,0.4767,5.806702671284463,197.40064828822324,14,14.10004630630166,1,14.10004630630166,0.029415823566041766,0.07092175289900114,0.41182152992458476,0,0.07092174786910646,0.14285714285714285,0.5714285714285714,0.25,2.7528571428571427,1.79,0.9928571428571429,8.285714285714285,0.4634567887306529,Validation
mp-aaachovx,Normal ZnO,0.6042999999999994,5.764259845629662,429.7232988960483,28,15.347260674858868,1,15.347260674858868,0.01341388713859374,0.06515820778610681,0.37558883988062475,0,0.06515820354051505,0.14285714285714285,0.5714285714285714,0.25,2.787142857142857,1.79,0.95,6.571428571428571,0.42665446493522335,Training
mp-aaachowf,Normal ZnO,1.3285999999999998,8.091088362971668,674.0193002311996,42,16.048078576933325,1,16.048078576933325,0.012004238377435266,0.062312755711287963,0.5041780118522812,0,0.062312751828408675,0.14285714285714285,0.5714285714285714,0.25,2.7785714285714285,1.79,0.9928571428571429,6.571428571428571,0.4634567887306529,Training
mp-aaachoxv,Normal ZnO,0.38010000000000055,5.612586975391888,181.36539384575983,16,11.33533711535999,1,11.33533711535999,0.030946294799871,0.08821969649627327,0.495140716797936,0,0.08821968871355912,0.25,0.5,0.5,2.59,1.79,0.9875,8.0,0.39281318099157436,Training
mp-aaachpar,Normal ZnO,1.6406999999999998,8.497049395891558,427.8779187479545,28,15.281354240998374,1,15.281354240998374,0.01985858349712653,0.06543922640816074,0.5560403379195428,0,0.06543922212586868,0.14285714285714285,0.5714285714285714,0.25,2.7785714285714285,1.79,0.9928571428571429,6.571428571428571,0.4634567887306529,Training
mp-aaachpbg,Normal ZnO,0.42979999999999996,5.592593903575986,152.31785241940779,14,10.879846601386271,1,10.879846601386271,0.03671660135714202,0.09191306060074263,0.5140324189999882,0,0.0919130521527327,0.14285714285714285,0.5714285714285714,0.25,2.7442857142857138,1.79,0.9214285714285715,8.285714285714285,0.4028025133876739,Training
mp-aaachpep,Normal ZnO,0.8740999999999994,5.674599915441464,858.7458638788647,56,15.334747569265442,1,15.334747569265442,0.006608008431274282,0.06521137667790781,0.37004847215135983,0,0.06521137242538445,0.14285714285714285,0.5714285714285714,0.25,2.761428571428571,1.79,0.95,6.285714285714285,0.42665446493522335,Test
mp-aaachpeu,Normal ZnO,0.13440000000000007,6.3633722845205964,180.13198355797073,14,12.866570254140766,1,12.866570254140766,0.035326165423291124,0.07772078963142305,0.4945663159260758,0,0.07772078359090238,0.14285714285714285,0.5714285714285714,0.25,2.7528571428571427,1.79,0.9928571428571429,8.285714285714285,0.4634567887306529,Training
mp-aaachpih,Normal ZnO,0.24219999999999953,6.403697688884414,193.40675316838139,14,13.814768083455814,1,13.814768083455814,0.033110000301795596,0.07238630384230428,0.4635400042251383,0,0.07238629860252767,0.14285714285714285,0.5714285714285714,0.25,2.787142857142857,1.79,0.95,6.571428571428571,0.42665446493522335,Training
mp-aaachpil,Normal ZnO,0.6759,5.0349356911035965,157.83250457929137,14,11.273750327092241,1,11.273750327092241,0.03190049902980323,0.08870162731889442,0.44660698641724517,0,0.08870161945091644,0.14285714285714285,0.5714285714285714,0.25,2.644285714285714,1.89,0.9357142857142857,7.142857142857142,0.4146099424117789,Training
mp-aaachplv,Normal ZnO,0.8867000000000003,8.657017427710398,209.98570474024163,14,14.998978910017259,1,14.998978910017259,0.04122669872786188,0.06667120515331462,0.5771737821900663,0,0.06667120070826532,0.14285714285714285,0.5714285714285714,0.25,2.7785714285714285,1.79,0.9928571428571429,6.571428571428571,0.4634567887306529,Training
mp-aaachpmk,Normal ZnO,0.7412000000000001,6.351387882400967,335.9951944353894,28,11.999828372692479,1,11.999828372692479,0.018903210428859583,0.08333452520668207,0.5292898920080683,0,0.08333451826203955,0.14285714285714285,0.5714285714285714,0.25,2.8185714285714285,1.79,0.95,6.857142857142857,0.42665446493522335,Validation
mp-aaachpna,Normal ZnO,0.14170000000000016,5.984382414385632,136.95985793503903,14,9.78284699535993,1,9.78284699535993,0.043694425950190734,0.10221973219803056,0.6117219633026703,0,0.10221972174915799,0.14285714285714285,0.5714285714285714,0.25,2.747142857142857,1.79,0.9214285714285715,8.0,0.4028025133876739,Test
mp-aaachpqh,Normal ZnO,0.23470000000000013,6.719555323464656,341.1674780698128,28,12.184552788207599,1,12.184552788207599,0.019695767433007997,0.08207112869729742,0.5514814881242239,0,0.08207112196162782,0.14285714285714285,0.5714285714285714,0.25,2.7528571428571427,1.79,0.9928571428571429,8.285714285714285,0.4634567887306529,Training
mp-aaachpsb,Normal ZnO,1.2872999999999992,6.050625573190707,409.3852324185012,28,14.620901157803614,1,14.620901157803614,0.014779784611833689,0.06839523701083705,0.4138339691313433,0,0.06839523233292893,0.14285714285714285,0.5714285714285714,0.25,2.787142857142857,1.79,0.95,6.571428571428571,0.42665446493522335,Training
mp-aaachpse,Normal ZnO,1.1669,8.708758999219423,417.4762226556638,28,14.909865094845134,1,14.909865094845134,0.020860490983080383,0.06706968799776299,0.5840937475262507,0,0.06706968349942025,0.14285714285714285,0.5714285714285714,0.25,2.7785714285714285,1.79,0.9928571428571429,6.571428571428571,0.4634567887306529,Test
mp-aaachpsj,Normal ZnO,0.11319999999999997,5.9327037588470874,287.1715586932015,28,10.256127096185768,1,10.256127096185768,0.020659092304214477,0.0975026918662014,0.5784545845180052,0,0.09750268235942743,0.14285714285714285,0.5714285714285714,0.25,2.7442857142857138,1.79,0.9214285714285715,8.285714285714285,0.4028025133876739,Training
mp-aaachpug,Normal ZnO,1.0164999999999997,6.331327403803246,168.52988878761568,14,12.037849199115405,1,12.037849199115405,0.03756797925746048,0.08307131809505343,0.5259517096044467,0,0.08307131119421013,0.14285714285714285,0.5714285714285714,0.25,2.8185714285714285,1.79,0.95,6.857142857142857,0.42665446493522335,Training
mp-aaachpux,Normal ZnO,0.5026999999999999,6.787059008562661,120.9968736283674,14,8.64263383059767,1,8.64263383059767,0.05609284561612514,0.11570546891153506,0.7852998386257519,0,0.11570545552378109,0.14285714285714285,0.5714285714285714,0.25,2.7385714285714284,1.79,0.9214285714285715,7.7142857142857135,0.4028025133876739,Test
mp-aaachpuz,Normal ZnO,1.2234999999999996,5.285580476276476,145.325728653153,14,10.380409189510928,1,10.380409189510928,0.03637057587043603,0.09633531605001353,0.5091880621861045,0,0.0963353067695213,0.14285714285714285,0.5714285714285714,0.25,2.667142857142857,1.81,0.9214285714285715,6.571428571428571,0.4028025133876739,Training
mp-aaachpvk,Normal ZnO,1.6380000000000003,5.492528406651835,141.12546985452948,14,10.080390703894963,1,10.080390703894963,0.03891946913192921,0.09920250408683166,0.5448725678470089,0,0.09920249424569583,0.14285714285714285,0.5714285714285714,0.25,2.6757142857142853,1.79,0.9357142857142857,6.857142857142857,0.4146099424117789,Training
mp-aaachpwd,Normal ZnO,0.36329999999999973,5.8963858443214745,542.8840300207991,42,12.925810238590454,1,12.925810238590454,0.010861225431947862,0.07736458926299764,0.4561714681418102,0,0.07736458327771843,0.14285714285714285,0.5714285714285714,0.25,2.8185714285714285,1.79,0.95,6.857142857142857,0.42665446493522335,Training
mp-aaachpwf,Normal ZnO,1.1773000000000002,5.578159385495193,143.54208835437822,14,10.253006311027017,1,10.253006311027017,0.038860792751342604,0.09753236949874,0.5440510985187965,0,0.09753235998617782,0.14285714285714285,0.5714285714285714,0.25,2.724285714285714,1.79,0.9357142857142857,7.428571428571429,0.4146099424117789,Training
mp-aaachpxa,Normal ZnO,0.14789999999999992,9.616690816984683,171.66647771991546,14,12.261891265708247,1,12.261891265708247,0.0560196194894573,0.08155348782097033,0.7842746728524022,0,0.0815534811699995,0.14285714285714285,0.5714285714285714,0.25,2.8757142857142854,1.79,0.9214285714285715,6.857142857142857,0.4028025133876739,Test
mp-aaachqaw,Normal ZnO,0.7375999999999996,5.09499076677793,386.6430292607303,28,13.808679616454654,1,13.808679616454654,0.013177505781863325,0.07241822011775718,0.3689701618921731,0,0.07241821487335896,0.07142857142857142,0.6428571428571429,0.11111111111111109,2.9464285714285716,1.79,0.8964285714285714,6.428571428571429,0.44445083759454795,Training
mp-aaachqhv,Normal ZnO,0.2596999999999996,7.230443095922249,236.39432367724336,13,18.184178744403336,1,18.184178744403336,0.03058636498906732,0.05499286022514361,0.39762274485787513,0,0.05499285720092909,0.07692307692307693,0.6153846153846154,0.125,2.865384615384616,1.79,0.9653846153846154,6.153846153846154,0.4830420578872344,Test
mp-aaachqsd,Normal ZnO,2.0688000000000004,5.523755434869511,280.65531184995405,28,10.023403994641216,1,10.023403994641216,0.019681635023323648,0.09976650652159956,0.551085780653062,0,0.09976649656824474,0.14285714285714285,0.5714285714285714,0.25,2.6757142857142853,1.79,0.9357142857142857,6.857142857142857,0.4146099424117789,Training
mp-aaachqsm,Normal ZnO,0.3713000000000002,5.414266563082534,303.35149243179603,28,10.833981872564143,1,10.833981872564143,0.01784816188584168,0.09230216662374052,0.49974853280356696,0,0.09230215810405136,0.14285714285714285,0.5714285714285714,0.25,2.7385714285714284,1.79,0.9214285714285715,7.7142857142857135,0.4028025133876739,Training
mp-aaachqwv,Normal ZnO,0.3609,5.888620996516661,278.91518970336415,28,9.961256775120148,1,9.961256775120148,0.021112586165231175,0.10038893912439462,0.5911524126264729,0,0.10038892904645653,0.14285714285714285,0.5714285714285714,0.25,2.7385714285714284,1.79,0.9214285714285715,7.7142857142857135,0.4028025133876739,Test
mp-aaachrct,Normal ZnO,0.1372,5.963362121422619,137.4426286069097,14,9.817330614779264,1,9.817330614779264,0.04338800951697464,0.101860682831092,0.607432133237645,0,0.10186067245549435,0.14285714285714285,0.5714285714285714,0.25,2.747142857142857,1.79,0.9214285714285715,8.0,0.4028025133876739,Validation
mp-aaachrev,Normal ZnO,0.1344000000000003,8.099051599990423,190.42343672882046,13,14.647956671447728,1,14.647956671447728,0.0425318001638232,0.06826890756368992,0.5529134021297016,0,0.0682689029030465,0.07692307692307693,0.6153846153846154,0.125,2.97,1.79,0.8884615384615385,6.461538461538462,0.41068541041101564,Training
mp-aaachrot,Normal ZnO,1.1456,5.06613341332196,459.01020887435686,42,10.928814497008497,1,10.928814497008497,0.01103708219193794,0.09150123284403136,0.4635574520613935,0,0.09150122447155652,0.14285714285714285,0.5714285714285714,0.25,2.6757142857142853,1.79,0.9357142857142857,6.857142857142857,0.4146099424117789,Training
mp-aaachrpb,Normal ZnO,1.3646999999999996,4.84753175603675,475.3744004543258,42,11.318438106055376,1,11.318438106055376,0.010197292368302888,0.08835141303330528,0.42828627946872133,0,0.08835140522733378,0.14285714285714285,0.5714285714285714,0.25,2.667142857142857,1.81,0.9214285714285715,6.571428571428571,0.4028025133876739,Validation
mp-aaachrpg,Normal ZnO,1.0532,5.005363517664123,154.86101046259807,14,11.061500747328434,1,11.061500747328434,0.032321650687868686,0.0904036461997726,0.4525031096301616,0,0.0904036380269541,0.14285714285714285,0.5714285714285714,0.25,2.6757142857142853,1.79,0.9357142857142857,6.857142857142857,0.4146099424117789,Training
mp-aaachrqa,Normal ZnO,1.3592999999999997,4.853682549973959,316.51465713342935,28,11.304094897622477,1,11.304094897622477,0.015334779686341886,0.08846351778330559,0.4293738312175728,0,0.08846350995751232,0.14285714285714285,0.5714285714285714,0.25,2.667142857142857,1.81,0.9214285714285715,6.571428571428571,0.4028025133876739,Training
mp-aaachrqo,Normal ZnO,0.6688999999999998,5.833842790338608,182.9013810601867,14,13.064384361441908,1,13.064384361441908,0.03189611103331568,0.07654398189258653,0.4465455544664195,0,0.07654397603360581,0.14285714285714285,0.5714285714285714,0.25,2.8185714285714285,1.79,0.95,6.857142857142857,0.42665446493522335,Training
mp-aaacjjjq,Normal ZnO,2.828,5.029886840500411,106.48434781971152,10,10.648434781971151,1,10.648434781971151,0.04723592618307226,0.09391051553352221,0.4723592618307226,0,0.09391050671433812,0.2,0.6,0.33333333333333337,2.702,1.9,0.91,6.8,0.4175824175819587,Training
mp-aaackgir,Normal ZnO,0.7376,5.450391717084088,99.20889048362783,8,12.401111310453478,0,12.401111310453478,0.054938540644651306,0.08063793437262781,0.43950832515721044,0,0.08063792787015188,0.5,0.5,1.0,2.545,1.79,0.9750000000000001,9.0,0.3846153846149902,Training
mp-aaackgjd,Normal ZnO,0.3256332965424118,10.191484561542486,167.44418074615692,14,11.960298624725494,1,11.960298624725494,0.060864966792292835,0.08360995250843509,0.8521095350920997,0,0.08360994551781151,0.14285714285714285,0.5714285714285714,0.25,2.8299999999999996,1.79,0.9214285714285715,7.7142857142857135,0.4028025133876739,Training
mp-aaackgjx,Normal ZnO,0.4679000000000002,6.8472343222986005,348.2890969657784,28,12.438896320206371,1,12.438896320206371,0.01965962863118783,0.08039298457496985,0.5504696016732592,0,0.0803929781119384,0.14285714285714285,0.5714285714285714,0.25,2.71,1.79,0.9785714285714284,6.0,0.4511397705210703,Training
mp-aaackgkm,Normal ZnO,0.5756610082246421,6.010024469454974,243.3887240100403,18,13.521595778335573,1,13.521595778335573,0.024693109630312775,0.07395576797246146,0.44447597334563,0,0.07395576250300624,0.2222222222222222,0.5555555555555556,0.39999999999999997,2.6733333333333333,1.79,0.9777777777777776,6.666666666666666,0.43731548647441326,Training
mp-aaackilo,Normal ZnO,2.3007999999999997,5.722572056717944,130.77924738719673,12,10.898270615599728,1,10.898270615599728,0.043757493083116564,0.09175767745834877,0.5250899169973987,0,0.09175766903887818,0.16666666666666666,0.6666666666666666,0.25,2.928333333333333,1.79,0.8666666666666667,7.0,0.4364156045345048,Training
mp-aaackqlj,Normal ZnO,0.1278436896050419,5.8772714295699044,345.8475576997886,28,12.351698489278164,1,12.351698489278164,0.016993820779494483,0.0809605254587493,0.4758269818258455,0,0.08096051890414314,0.21428571428571427,0.5714285714285714,0.375,2.782142857142857,1.79,0.9428571428571428,7.285714285714285,0.42132383519604805,Training
mp-aaackqll,Normal ZnO,1.1804999999999994,5.843101820428017,173.93501194427262,14,12.4239294245909,1,12.4239294245909,0.03359359177614285,0.08048983263062348,0.4703102848659999,0,0.08048982615201086,0.21428571428571427,0.5714285714285714,0.375,2.782142857142857,1.79,0.9428571428571428,7.285714285714285,0.42132383519604805,Training
mp-aaackqnw,Normal ZnO,0.3636999999999997,4.920100569674452,1425.9320473423566,126,11.316921010653623,1,11.316921010653623,0.003450445324792342,0.08836325702535267,0.4347561109238351,0,0.08836324921728818,0.047619047619047616,0.5714285714285714,0.08333333333333333,2.741428571428571,1.79,0.9404761904761902,7.0476190476190474,0.4181739015682839,Validation
mp-aaackqsw,Normal ZnO,2.3108000000000004,5.139661662072339,313.62682226409385,28,11.200957938003352,1,11.200957938003352,0.01638782553284486,0.08927807831570671,0.45885911491965603,0,0.08927807034513216,0.2857142857142857,0.5714285714285714,0.5,2.657142857142857,1.9,0.9285714285714286,7.428571428571429,0.4089241187688523,Validation
mp-aaackqtc,Normal ZnO,1.8453,3.403803508510259,473.568979689381,28,16.913177846049322,1,16.913177846049322,0.007187555873180914,0.05912549428040135,0.20125156444906558,0,0.059125490784577475,0.2857142857142857,0.5714285714285714,0.5,2.657142857142857,1.9,0.9285714285714286,7.428571428571429,0.4089241187688523,Training
mp-aaackqym,Normal ZnO,1.963,6.589469814435026,248.07718097939207,26,9.541430037668926,1,9.541430037668926,0.02656217618185625,0.10480609259325563,0.6906165807282625,0,0.10480608160893974,0.07692307692307693,0.5,0.15384615384615385,2.655,1.79,0.9750000000000001,8.153846153846153,0.3846153846149902,Training
mp-aaackqzc,Normal ZnO,0.9151999999999996,5.089868003620218,940.755729842982,84,11.199472974321214,1,11.199472974321214,0.005410403398828457,0.08928991589986927,0.4544738855015903,0,0.08928990792718092,0.13095238095238096,0.5714285714285714,0.22916666666666669,2.7264285714285714,1.79,0.9363095238095238,7.380952380952381,0.4150650912702698,Training
mp-aaackthg,Normal ZnO,1.2789000000000001,5.155162732217351,125.50483150158364,12,10.458735958465303,0,10.458735958465303,0.0410754122328501,0.09561384893655335,0.49290494679420116,0,0.09561383979454613,0.3333333333333333,0.6666666666666666,0.5,2.843333333333333,1.79,0.85,8.0,0.4159451654033622,Validation
mp-aaackuli,Normal ZnO,0.1624,3.2212464137195793,238.0567955384372,15,15.870453035895814,1,15.870453035895814,0.01353141964673741,0.06301017354313695,0.20297129470106115,0,0.06301016957285524,0.26666666666666666,0.6,0.4444444444444445,2.7573333333333334,1.79,0.8666666666666667,7.333333333333333,0.3865336777349729,Training
mp-aaackuxa,Normal ZnO,0.43615227560268144,6.179359438997996,168.50339037439284,14,12.035956455313775,1,12.035956455313775,0.03667201822228168,0.08308438167857515,0.5134082551119435,0,0.08308437477556124,0.2857142857142857,0.5714285714285714,0.5,2.717142857142857,1.79,0.9357142857142857,7.428571428571429,0.41559259813134825,Training
mp-aaackxmx,2D ZnO,2.2104,3.516061093487771,225.65228719675665,16,14.10326794979729,1,14.10326794979729,0.01558176574049165,0.07090555207201982,0.2493082518478664,1,0.07090554704442287,0.25,0.625,0.4,2.8,1.79,0.8500000000000001,7.25,0.3890810751560997,Training
mp-aaacoygz,Normal ZnO,0.351,5.439993598021741,484.2077123505465,40,12.105192808763663,1,12.105192808763663,0.011234834654695823,0.08260917573126478,0.44939338618783287,0,0.08260916890698942,0.4,0.5,0.8,2.535,1.89,0.98,8.5,0.3880235375880029,Training
mp-aaacpavf,2D ZnO,2.0204999999999997,4.104683126085716,207.94774285999776,14,14.853410204285554,1,14.853410204285554,0.019739012551389937,0.0673246066894104,0.27634617571945913,1,0.06732460215680805,0.2857142857142857,0.42857142857142855,0.6666666666666666,2.1799999999999997,2.62,1.2714285714285714,6.285714285714285,0.5225021134192036,Training
mp-aaacpbng,2D ZnO,3.5717999999999996,3.457711424497696,271.8030829899101,20,13.590154149495504,1,13.590154149495504,0.01272138407607639,0.07358268265390663,0.25442768152152784,1,0.07358267723949584,0.2,0.6,0.33333333333333337,2.774,1.79,0.8500000000000001,6.8,0.3720326659017246,Training
mp-aaacpboa,Normal ZnO,1.7682,3.258137587193603,457.40058394306976,28,16.33573514082392,1,16.33573514082392,0.007123160079909225,0.061215488092785236,0.1994484822374583,0,0.061215484345449475,0.14285714285714285,0.7142857142857143,0.19999999999999998,3.057142857142857,1.79,0.7857142857142856,6.857142857142857,0.3798651348318108,Validation
mp-aaacpbqm,Normal ZnO,0.10899999999999999,3.134681864981057,953.870869518282,68,14.027512787033558,1,14.027512787033558,0.0032862748636802797,0.07128847538277476,0.22346669073025902,0,0.07128847030072841,0.17647058823529413,0.7058823529411765,0.25,2.9770588235294118,1.79,0.7794117647058825,6.9411764705882355,0.37603541640263033,Training
mp-aaacpbub,Normal ZnO,2.2835,4.187178336438917,104.41415183793292,9,11.601572426436991,1,11.601572426436991,0.04010163586672079,0.08619521244562142,0.36091472280048714,0,0.08619520501600741,0.1111111111111111,0.6666666666666666,0.16666666666666666,2.8388888888888886,1.81,0.8499999999999999,6.444444444444445,0.41594516540336224,Test
mp-aaacpcct,Normal ZnO,0.8175,2.9715799261320797,130.21651333397548,7,18.602359047710785,1,18.602359047710785,0.022820300031305238,0.05375662287966969,0.15974210021913668,0,0.05375661998989534,0.14285714285714285,0.7142857142857143,0.19999999999999998,2.8285714285714287,2.49,0.907142857142857,6.285714285714286,0.5685671873548284,Training
mp-aaacpegp,Normal ZnO,0.75,3.3116271431388826,391.3307688469778,28,13.976098887392064,1,13.976098887392064,0.008462475732316755,0.07155072442297235,0.23694932050486914,0,0.07155071930346656,0.07142857142857142,0.7142857142857143,0.09999999999999999,2.9071428571428575,1.89,0.825,6.642857142857142,0.43144777916537574,Training
mp-aaacpref,Normal ZnO,0.5874999999999999,3.208186495609639,233.00404452052263,17,13.706120265913096,1,13.706120265913096,0.013768801689441341,0.07296010691566629,0.2340696287205028,0,0.07296010159248949,0.17647058823529413,0.7058823529411765,0.25,2.9770588235294118,1.79,0.7794117647058825,6.9411764705882355,0.37603541640263033,Training
mp-aaacprkl,2D ZnO,2.2801,3.4975233250718896,226.8483020489182,16,14.178018878057388,1,14.178018878057388,0.015417895034099832,0.07053171593301022,0.2466863205455973,1,0.07053171095828763,0.25,0.625,0.4,2.8,1.79,0.8500000000000001,7.25,0.3890810751560997,Training
mp-aaacpxdq,Normal ZnO,1.1174,3.1527367964747333,411.05289775795126,28,14.680460634212546,1,14.680460634212546,0.007669905274968573,0.06811775358530088,0.21475734769912005,0,0.06811774894527284,0.07142857142857142,0.7142857142857143,0.09999999999999999,2.9071428571428575,1.89,0.825,6.642857142857142,0.43144777916537574,Training
mp-aaacpyee,Normal ZnO,0.2290000000000001,1.9877952802895251,593.013842064014,28,21.179065788000504,1,21.179065788000504,0.003352021716759399,0.04721643579607621,0.09385660806926317,0,0.04721643356668451,0.14285714285714285,0.7142857142857143,0.19999999999999998,3.0614285714285714,1.79,0.7642857142857142,6.857142857142857,0.3612364128983627,Validation
mp-aaacpyyw,Normal ZnO,0.338,3.933460001654892,378.8710281335587,28,13.531108147627096,1,13.531108147627096,0.010382055367628222,0.07390377706613531,0.29069755029359023,0,0.07390377160436745,0.14285714285714285,0.7142857142857143,0.19999999999999998,3.057142857142857,1.79,0.7857142857142856,6.857142857142857,0.3798651348318108,Training
mp-aaacqaab,Normal ZnO,0.8375,3.8132698741174673,641.0530083960731,42,15.263166866573169,1,15.263166866573169,0.005948447036712135,0.06551720286764554,0.24983477554190964,0,0.06551719857514195,0.14285714285714285,0.6666666666666666,0.21428571428571427,3.0147619047619045,1.79,0.8119047619047619,6.857142857142857,0.37575584653452726,Training
mp-aaacqaxf,Normal ZnO,0.4615,3.8447333468740568,733.6348018171951,52,14.108361573407599,1,14.108361573407599,0.00524066379090807,0.07087995262928816,0.2725145171272197,0,0.07087994760532083,0.15384615384615385,0.6923076923076923,0.22222222222222224,2.970769230769231,1.79,0.8,6.769230769230768,0.38135638490436835,Training
mp-aaacqcke,2D ZnO,4.1123,4.372168836550333,671.583269363234,44,15.263256121891681,1,15.263256121891681,0.006510240843530234,0.0655168197410857,0.28645059711533033,1,0.06551681544863232,0.2727272727272727,0.5454545454545454,0.5,2.7227272727272727,1.79,0.9045454545454545,7.454545454545454,0.37597881145706963,Training
mp-aaacqdjb,Normal ZnO,0.2474,3.6231137383280867,1106.3288711015862,72,15.365678765299808,1,15.365678765299808,0.003274897573129052,0.06508010581727715,0.23579262526529177,0,0.06508010158185726,0.2222222222222222,0.6666666666666666,0.3333333333333333,2.902222222222222,1.79,0.8277777777777777,7.222222222222222,0.39466283028111143,Training
mp-aaacqeoi,Normal ZnO,0.11180328807469464,2.310500877599653,596.0934808870509,32,18.62792127772034,1,18.62792127772034,0.0038760713676742604,0.053682855166241,0.12403428376557633,0,0.053682852284392214,0.125,0.625,0.2,2.9037499999999996,1.79,0.79375,6.5,0.339862076454804,Validation
mp-aaacqhch,Normal ZnO,0.25730000000000003,2.75596609530993,1032.6397708000525,66,15.646057133334129,1,15.646057133334129,0.0026688552683825553,0.06391386606082929,0.17614444771324866,0,0.06391386197584727,0.030303030303030304,0.7272727272727273,0.041666666666666664,2.9469696969696972,1.81,0.8045454545454546,5.9393939393939394,0.41516775301358205,Training
mp-aaacqncx,Normal ZnO,0.347,4.015897174115543,490.4843623305304,32,15.327636322829076,1,15.327636322829076,0.008187615088983555,0.06524163145171927,0.2620036828474738,0,0.06524162719524906,0.1875,0.625,0.3,2.9375,1.79,0.84375,7.125,0.3799501808360582,Training
mp-aaacqpbw,Normal ZnO,2.4802,7.574141691901326,137.3510659465313,12,11.445922162210941,1,11.445922162210941,0.05514439647454523,0.0873673598184627,0.6617327576945428,0,0.08736735218540782,0.16666666666666666,0.6666666666666666,0.25,2.961666666666666,1.79,0.85,7.0,0.4159451654033622,Test
mp-aaacqpci,Normal ZnO,1.1952000000000007,9.03738407678838,230.22512403443383,24,9.592713501434742,1,9.592713501434742,0.039254551715138364,0.10424579029181202,0.9421092411633208,0,0.10424577942462837,0.16666666666666666,0.6666666666666666,0.25,2.961666666666666,1.79,0.85,7.0,0.4159451654033622,Test
mp-aaacqsid,Normal ZnO,1.3647,4.376093777906614,537.8758590440207,37,14.537185379568125,1,14.537185379568125,0.008135880605514564,0.06878910696189446,0.3010275824040389,0,0.06878910222995355,0.1891891891891892,0.6486486486486487,0.2916666666666667,2.893783783783784,1.79,0.8797297297297298,7.135135135135135,0.43334310740363535,Training
mp-aaacqsii,Normal ZnO,0.8778999999999999,2.327134371443025,386.47469918036904,20,19.323734959018452,1,19.323734959018452,0.006021440395340092,0.051749830046871795,0.12042880790680184,0,0.05174982736882702,0.2,0.4,0.5,3.298,2.33,0.71,7.600000000000001,0.45508434989804963,Training
mp-aaacqsis,Normal ZnO,0.9577823840226982,2.4855886513644094,383.938646738437,26,14.766871028401424,1,14.766871028401424,0.0064739214611646695,0.06771915310133607,0.1683219579902814,0,0.06771914851545269,0.07692307692307693,0.7692307692307693,0.1,3.11,1.79,0.7192307692307693,6.307692307692308,0.3221009699755008,Validation
mp-aaacqsmm,Normal ZnO,0.4122,2.027748531555045,749.651775631572,40,18.7412943907893,1,18.7412943907893,0.0027049205974891107,0.05335810745769329,0.10819682389956442,0,0.05335810461060581,0.1,0.8,0.125,3.2330000000000005,1.79,0.715,6.700000000000001,0.33979106610459736,Validation
mp-aaacqspm,Normal ZnO,1.1273,4.931391067065086,998.6672590025205,76,13.140358671085796,1,13.140358671085796,0.004937972099989179,0.07610142348704774,0.37528587959917764,0,0.07610141769562152,0.21052631578947367,0.631578947368421,0.3333333333333333,2.8610526315789473,1.79,0.8921052631578946,7.263157894736842,0.4300314370294159,Training
mp-aaacqtch,Normal ZnO,0.1357999999999997,1.7277422589422617,1051.3218610604083,52,20.217728097315543,1,20.217728097315543,0.0016433999151850478,0.049461541632503075,0.08545679558962249,0,0.0494615391860591,0.07692307692307693,0.8461538461538461,0.09090909090909091,3.236153846153846,1.79,0.6884615384615385,6.461538461538462,0.31740497678929974,Training
mp-aaacqtwj,Normal ZnO,0.45219999999999994,2.302226644625094,878.1179799367683,48,18.294124582016007,1,18.294124582016007,0.002621773719027026,0.05466235869974601,0.12584513851329723,0,0.05466235571177271,0.08333333333333333,0.8333333333333334,0.09999999999999999,3.216666666666667,1.79,0.7083333333333333,6.5,0.3468094817167734,Training
mp-aaacqufd,Normal ZnO,0.2470262591336374,3.135529349242899,246.81559888290252,14,17.629685634493036,1,17.629685634493036,0.012703935045963455,0.05672250888260131,0.1778550906434884,0,0.056722505665158476,0.14285714285714285,0.7142857142857143,0.19999999999999998,2.8285714285714287,2.49,0.907142857142857,6.285714285714286,0.5685671873548284,Training
mp-aaacqupx,Normal ZnO,0.3853,2.0424798180477084,1648.4918360501467,112,14.718677107590596,1,14.718677107590596,0.0012389990487927278,0.06794088848408042,0.13876789346478552,0,0.0679408838681164,0.07142857142857142,0.5714285714285714,0.125,2.9942857142857138,1.79,0.6892857142857143,5.7142857142857135,0.2744158067740135,Training
mp-aaacqwvy,Normal ZnO,1.536,5.338600907642595,189.78752102761197,16,11.861720064225748,1,11.861720064225748,0.028129356717486877,0.08430480525467308,0.45006970747979,0,0.0843047981473735,0.4375,0.5,0.875,2.5237499999999997,2.13,0.984375,8.375,0.3920988352422475,Training
mp-aaacqxaw,Normal ZnO,1.8874028638076914,3.6179475363698437,314.13828198397783,22,14.279012817453538,1,14.279012817453538,0.011517053897421256,0.07003285260572628,0.2533751857432677,0,0.0700328477011262,0.09090909090909091,0.6363636363636364,0.14285714285714288,2.7618181818181817,1.89,0.8863636363636362,6.818181818181818,0.4276443433716075,Training
mp-aaacreek,Normal ZnO,0.19090000000000007,5.726244729854555,108.05964492652102,8,13.507455615815127,1,13.507455615815127,0.05299151853364685,0.07403318792542658,0.4239321482691748,0,0.07403318244451408,0.375,0.5,0.75,2.55,1.79,1.0,9.0,0.40466035140556156,Test
mp-aaacreit,Normal ZnO,0.3366806337664974,5.609294606277694,237.16201881844887,20,11.858100940922444,1,11.858100940922444,0.023651740740661994,0.08433053530089193,0.47303481481323983,0,0.08433052818925335,0.4,0.5,0.8,2.568,1.79,0.9750000000000001,8.700000000000001,0.3846153846149902,Training
mp-aaacremn,Normal ZnO,0.5347,5.912989834753727,146.55325755675713,11,13.323023414250649,1,13.323023414250649,0.040347037609291675,0.07505803817250477,0.4438174137022084,0,0.0750580325387961,0.2727272727272727,0.5454545454545454,0.5,2.65,1.79,0.9772727272727273,7.09090909090909,0.42826072334531456,Test
mp-aaacrems,Normal ZnO,1.1883,6.615378299468773,59.6177500650616,6,9.936291677510267,1,9.936291677510267,0.11096323127400978,0.10064116799866021,0.6657793876440588,0,0.10064115787001653,0.3333333333333333,0.5,0.6666666666666666,2.588333333333333,1.79,0.9750000000000001,8.666666666666666,0.3846153846149902,Training
mp-aaacrepy,Normal ZnO,0.5623999999999998,5.935858732678468,499.838519053926,42,11.900917120331572,1,11.900917120331572,0.011875552792606034,0.08402713756333924,0.4987732172894534,0,0.08402713050277999,0.3333333333333333,0.5714285714285714,0.5833333333333334,2.7109523809523806,1.79,0.930952380952381,7.904761904761905,0.4115343035394184,Training
mp-aaacrewu,Normal ZnO,0.665,5.830159996888254,343.6439999780737,26,13.217076922233604,1,13.217076922233604,0.016965697001241262,0.07565969433966238,0.4411081220322728,0,0.07565968861527346,0.3076923076923077,0.5384615384615384,0.5714285714285715,2.6338461538461537,1.79,0.9769230769230769,7.384615384615385,0.42186651436484934,Training
mp-aaacrnnh,Normal ZnO,0.6661999999999999,5.133082718800881,306.24201426193054,28,10.937214795068948,1,10.937214795068948,0.016761523445470165,0.0914309555711433,0.4693226564731647,0,0.09143094721152442,0.10714285714285714,0.5714285714285714,0.1875,2.6407142857142856,1.89,0.9375,6.9642857142857135,0.4159670316602054,Training
mp-aaacrnpj,Normal ZnO,1.7116000000000002,5.60865538799156,60.13753118939541,6,10.022921864899235,1,10.022921864899235,0.0932638101997239,0.09977130556131034,0.5595828611983434,0,0.09977129560699792,0.3333333333333333,0.5,0.6666666666666666,2.4883333333333333,2.13,1.0,7.333333333333333,0.4031128874145244,Validation
mp-aaacrnqk,Normal ZnO,1.811,4.983357696640781,94.81007501883072,8,11.85125937735384,1,11.85125937735384,0.05256147770254937,0.08437921812013205,0.42049182162039495,0,0.0843792110002802,0.375,0.5,0.75,2.5025,2.13,0.9937500000000001,7.75,0.39891272663857924,Training
mp-aaacrnrm,Normal ZnO,1.4417,5.125907092171418,237.09143957388218,20,11.854571978694109,1,11.854571978694109,0.021619958442042904,0.08435563947793914,0.4323991688408581,0,0.08435563236206585,0.4,0.5,0.8,2.511,2.13,0.99,8.0,0.3962635403214792,Training
mp-aaacrnwt,Normal ZnO,2.8833,4.561513253464966,58.97952619838674,6,9.829921033064457,1,9.829921033064457,0.07734062089242615,0.10173021702171824,0.4640437253545569,0,0.10173020667268225,0.16666666666666666,0.5,0.3333333333333333,2.4316666666666666,2.13,1.025,5.666666666666666,0.41749372606358515,Training
mp-aaacrnxm,Normal ZnO,3.1289,4.299637153288828,78.1375054007578,8,9.767188175094725,1,9.767188175094725,0.05502654680629952,0.10238361154440456,0.4402123744503962,0,0.10238360106200173,0.125,0.5,0.25,2.4175,2.13,1.03125,5.25,0.4205466729530604,Training
mp-aaacrvcp,Normal ZnO,1.5973000000000002,3.7776461018102188,60.43460296937859,4,15.108650742344647,1,15.108650742344647,0.06250799796296012,0.06618724709793737,0.2500319918518405,0,0.06618724271718598,0.25,0.5,0.5,2.3825,2.44,1.0875000000000001,6.5,0.47154463210912984,Training
mp-aaacrvde,Normal ZnO,1.3153000000000001,4.547536286139719,109.65590342140135,8,13.706987927675168,1,13.706987927675168,0.041470966019885244,0.0729554884907241,0.33176772815908195,0,0.0729554831682212,0.375,0.5,0.75,2.46375,2.44,1.03125,7.75,0.4390071442777429,Training
mp-aaacrvpi,Normal ZnO,4.2643,3.9705787826517676,65.42621874996784,8,8.17827734374598,1,8.17827734374598,0.06068788320379337,0.12227513912385364,0.48550306563034695,0,0.12227512417264584,0.125,0.5,0.25,2.5149999999999997,1.8699999999999999,0.8625,5.25,0.3224434124820463,Training
mp-aaacrvql,Normal ZnO,1.5432000000000001,5.18771965053864,86.18009943056134,8,10.772512428820168,1,10.772512428820168,0.060196259050760655,0.09282885553463431,0.48157007240608524,0,0.0928288469174387,0.375,0.5,0.75,2.535,1.8699999999999999,0.9375,7.75,0.37309516212315474,Validation
mp-aaacslgb,Normal ZnO,0.1451,3.30932880647124,225.8827915773815,17,13.287223033963619,1,13.287223033963619,0.01465064588900702,0.07526027052032534,0.24906098011311936,0,0.07526026485621745,0.17647058823529413,0.7058823529411765,0.25,2.9770588235294118,1.79,0.7794117647058825,6.9411764705882355,0.37603541640263033,Training
mp-aaacsvtf,Normal ZnO,1.2763,4.835097088177964,1118.3380707600907,80,13.979225884501133,0,13.979225884501133,0.004323466409909725,0.07153471932295673,0.345877312792778,0,0.07153471420574102,0.5,0.5,1.0,2.545,1.79,0.9750000000000001,9.0,0.3846153846149902,Training
mp-aaacsvwv,Normal ZnO,1.2176,5.110085346211842,1058.1571115126565,80,13.226963893908206,0,13.226963893908206,0.0048292312037459565,0.07560313976970624,0.38633849629967654,0,0.07560313405387194,0.5,0.5,1.0,2.545,1.79,0.9750000000000001,9.0,0.3846153846149902,Test
mp-aaacswar,Normal ZnO,1.2421,4.983603308142384,1085.0127538634717,80,13.562659423293397,0,13.562659423293397,0.004593128777338176,0.07373185219725674,0.36745030218705405,0,0.0737318467608711,0.5,0.5,1.0,2.545,1.79,0.9750000000000001,9.0,0.3846153846149902,Training
mp-aaacswcl,Normal ZnO,0.93,4.98200188560062,1085.3615220739296,80,13.56701902592412,0,13.56701902592412,0.0045901773553670274,0.07370815933029805,0.36721418842936226,0,0.07370815389740569,0.5,0.5,1.0,2.545,1.79,0.9750000000000001,9.0,0.3846153846149902,Training
mp-aaacukja,Normal ZnO,0.9348999999999998,6.451109222374361,160.9709718576276,16,10.060685741101725,1,10.060685741101725,0.04007622683674845,0.0993968031338679,0.6412196293879752,0,0.09939679325414441,0.25,0.5,0.5,2.6025,1.79,0.9750000000000001,8.25,0.3846153846149902,Training
mp-aaacuocu,Normal ZnO,1.2377123346022554,4.690413371446219,145.7313948598971,13,11.210107296915162,1,11.210107296915162,0.03218533208832692,0.0892052121816161,0.41840931714824997,0,0.08920520422404694,0.15384615384615385,0.6153846153846154,0.25,2.746923076923077,1.81,0.8884615384615385,6.6923076923076925,0.41068541041101564,Training
mp-aaacvlxu,Normal ZnO,0.9246999999999996,6.537794062267408,158.83665211766515,16,9.927290757354072,1,9.927290757354072,0.04116048741863286,0.10073241778067259,0.6585677986981258,0,0.10073240763365363,0.25,0.5,0.5,2.6025,1.79,0.9750000000000001,8.25,0.3846153846149902,Training
mp-aaacwhsk,Normal ZnO,1.05361834380143,3.310372629539267,215.27845092427347,15,14.351896728284897,1,14.351896728284897,0.015377166641386508,0.0696772014830059,0.23065749962079762,0,0.06967719662809384,0.06666666666666667,0.6666666666666666,0.1,2.8379999999999996,1.81,0.8500000000000001,6.133333333333333,0.4159451654033621,Training
mp-aaacxjsr,Normal ZnO,0.9286000000000003,5.931104297848482,719.6082548256702,56,12.850147407601254,1,12.850147407601254,0.008242129311097468,0.07782011896676527,0.4615592414214582,0,0.07782011291079484,0.14285714285714285,0.5714285714285714,0.25,2.8185714285714285,1.79,0.95,6.857142857142857,0.42665446493522335,Training
mp-aaacxjyi,Normal ZnO,2.2434129905346656,5.298837538570429,253.1823418526146,24,10.549264243858941,1,10.549264243858941,0.020928937930142503,0.09479334073768524,0.5022945103234201,0,0.09479333175190864,0.25,0.5833333333333334,0.42857142857142855,2.6758333333333333,1.9,0.9208333333333334,7.166666666666666,0.41260914853254727,Training
mp-aaacxnmk,Normal ZnO,1.1732000000000005,5.535488201484521,894.9659601455592,56,15.981535002599271,1,15.981535002599271,0.006185138253078451,0.06257221223351561,0.34636774217239324,0,0.06257220831823411,0.14285714285714285,0.5714285714285714,0.25,2.787142857142857,1.79,0.95,6.571428571428571,0.42665446493522335,Training
mp-aaacxvjq,Normal ZnO,1.2544,4.831208638122596,476.9805394090287,42,11.356679509738779,1,11.356679509738779,0.010128733205718735,0.08805390687854336,0.4254067946401868,0,0.08805389912505354,0.14285714285714285,0.5714285714285714,0.25,2.667142857142857,1.81,0.9214285714285715,6.571428571428571,0.4028025133876739,Validation
mp-aaacyaab,Normal ZnO,1.3607000000000005,5.3104567339238296,289.2899321306385,28,10.331783290379946,1,10.331783290379946,0.018356866678543273,0.09678871225755506,0.5139922669992117,0,0.09678870288950116,0.14285714285714285,0.5714285714285714,0.25,2.667142857142857,1.81,0.9214285714285715,6.571428571428571,0.4028025133876739,Validation
mp-aaacycbp,Normal ZnO,1.1063178585305646,6.673395586292256,231.03061953050977,20,11.551530976525488,1,11.551530976525488,0.028885329446669477,0.08656861173052784,0.5777065889333896,0,0.08656860423640396,0.2,0.6,0.33333333333333337,2.786,1.79,0.92,6.8,0.42738267937643765,Training
mp-aaacygqh,Normal ZnO,1.2082000000000002,5.458980370649939,293.35172248374465,28,10.476847231562308,1,10.476847231562308,0.01860899368792164,0.095448561756959,0.5210518232618059,0,0.09544855264653195,0.14285714285714285,0.5714285714285714,0.25,2.724285714285714,1.79,0.9357142857142857,7.428571428571429,0.4146099424117789,Validation
mp-aaacyguo,Normal ZnO,0.5246999999999997,5.942899037979302,276.36778478624694,28,9.870278028080248,1,9.870278028080248,0.02150358813011499,0.10131426867156834,0.6021004676432198,0,0.10131425840698835,0.14285714285714285,0.5714285714285714,0.25,2.7385714285714284,1.79,0.9214285714285715,7.7142857142857135,0.4028025133876739,Training
mp-aaacygyl,Normal ZnO,0.7584431568835288,4.701194077750485,316.84906970981973,23,13.776046509122597,1,13.776046509122597,0.014837329543743512,0.07258976654425439,0.3412585795061008,0,0.07258976127498057,0.043478260869565216,0.6956521739130435,0.0625,3.0282608695652176,1.79,0.8543478260869565,6.260869565217391,0.4506619216957668,Validation
mp-aaacyhrv,Normal ZnO,1.8923,8.663471540990464,227.89505864557682,20,11.394752932278841,1,11.394752932278841,0.03801517924286698,0.08775969131960895,0.7603035848573396,0,0.08775968361784621,0.2,0.6,0.33333333333333337,2.866,1.79,0.9,7.2,0.4082482904634095,Test
mp-aaacyjba,2D ZnO,2.4233000000000002,2.941999183981025,317.65522908445166,20,15.882761454222583,1,15.882761454222583,0.009261611034072591,0.06296134352217073,0.18523222068145181,1,0.0629613395580402,0.1,0.7,0.14285714285714288,2.905,1.79,0.835,6.6,0.4301802408536599,Training
mp-aaacyobb,Normal ZnO,0.11509999999999998,6.257424964037423,292.8330681265312,24,12.201377838605467,1,12.201377838605467,0.021368573510847682,0.08195795698056123,0.5128457642603443,0,0.08195795026345508,0.25,0.5833333333333334,0.42857142857142855,2.7608333333333333,1.79,0.9291666666666667,7.333333333333333,0.4205455664584005,Training
mp-aaacysnl,Normal ZnO,0.6007,4.970925656476034,219.59221563126295,18,12.199567535070164,1,12.199567535070164,0.022637075815957367,0.08197011878702212,0.40746736468723266,0,0.0819701120679223,0.2222222222222222,0.5555555555555556,0.39999999999999997,2.6955555555555555,1.79,0.9333333333333333,8.0,0.3992978531245347,Training
mp-aaacysqw,Normal ZnO,0.3548,6.348342097974473,246.05121608245983,20,12.302560804122992,1,12.302560804122992,0.025800896956534602,0.08128389007147742,0.516017939130692,0,0.08128388346440717,0.2,0.6,0.33333333333333337,2.8040000000000003,1.79,0.92,7.0,0.42738267937643765,Training
mp-aaacystw,Normal ZnO,0.3900000000000001,5.576024070328941,245.5151210473443,24,10.229796710306013,1,10.229796710306013,0.022711530042755085,0.09775365320725773,0.545076721026122,0,0.09775364365148195,0.25,0.5833333333333334,0.42857142857142855,2.6958333333333333,1.79,0.9208333333333334,7.5,0.41260914853254727,Training
mp-aaacyuyd,2D ZnO,2.0461,5.19215451852316,715.6095069169567,42,17.03832159326087,1,17.03832159326087,0.007255569498561898,0.05869122698068615,0.3047339189395997,1,0.05869122353602623,0.14285714285714285,0.5714285714285714,0.25,2.787142857142857,1.79,0.95,6.571428571428571,0.42665446493522335,Training
mp-aaaczdsm,Normal ZnO,0.5331000000000001,8.883981621429967,557.4741743806625,42,13.27319462811101,1,13.27319462811101,0.015936131239377465,0.07533981291000749,0.6693175120538536,0,0.07533980723392052,0.14285714285714285,0.5714285714285714,0.25,2.8757142857142854,1.79,0.9214285714285715,6.857142857142857,0.4028025133876739,Test
mp-aaaczgvk,Normal ZnO,1.0096999999999996,6.00283060756532,608.8426683752238,42,14.4962540089339,1,14.4962540089339,0.009859411814426946,0.06898333868761611,0.4140952962059318,0,0.06898333392891542,0.14285714285714285,0.5714285714285714,0.25,2.761428571428571,1.79,0.95,6.285714285714285,0.42665446493522335,Validation
mp-aaacznix,Normal ZnO,0.8893999999999997,5.027158118579047,462.56889108782593,42,11.013545025900617,1,11.013545025900617,0.010867912227925094,0.09079728621876919,0.456452313572854,0,0.09079727797462275,0.14285714285714285,0.5714285714285714,0.25,2.6757142857142853,1.79,0.9357142857142857,6.857142857142857,0.4146099424117789,Validation
mp-aaaczufm,Normal ZnO,0.5105596596199463,3.6263407880515417,308.8935172585829,16,19.30584482866143,1,19.30584482866143,0.011739776245534024,0.051797785016659895,0.18783641992854438,0,0.0517977823336495,0.125,0.625,0.2,2.89625,1.79,0.90625,6.75,0.43742843817605476,Validation
mp-aaaczxnf,Normal ZnO,1.5469,5.566573089679802,257.87646698064395,16,16.117279186290247,1,16.117279186290247,0.021586200296870927,0.06204521175327313,0.34537920474993483,0,0.062045207903665064,0.25,0.5,0.5,2.6225,1.79,1.0,7.0,0.4015594601048237,Test
mp-aaaczyqf,Normal ZnO,1.6465999999999998,5.44835046531593,312.75497203775507,16,19.54718575235969,1,19.54718575235969,0.017420507857626354,0.05115825943789797,0.27872812572202166,0,0.051158256820730594,0.125,0.625,0.2,2.94625,1.79,0.8812500000000001,6.75,0.41201950491521516,Training
mp-aaaczyxh,Normal ZnO,0.4618048815628155,5.046067719852085,201.72718714828704,16,12.60794919676794,1,12.60794919676794,0.025014316444756005,0.07931504040770967,0.4002290631160961,0,0.07931503411683455,0.25,0.5,0.5,2.59,1.79,0.9875,8.0,0.39281318099157436,Training
mp-aaaczzct,Normal ZnO,0.8860000000000001,6.406099975513827,244.7329789354302,26,9.41280688213193,1,9.41280688213193,0.026175875344647045,0.10623823610981249,0.6805727589608233,0,0.10623822482325089,0.07692307692307693,0.5384615384615384,0.14285714285714288,2.7023076923076923,1.79,0.9461538461538461,7.615384615384616,0.3951671157561592,Training
mp-aaadadhl,Normal ZnO,1.3699474171326247,8.09576757629109,277.27154852600364,24,11.552981188583486,1,11.552981188583486,0.029197974296788918,0.08655774502499734,0.7007513831229341,0,0.08655773753275477,0.25,0.5833333333333334,0.42857142857142855,2.8125,1.79,0.9125000000000001,7.5,0.4052109440474749,Training
mp-aaadafjb,Normal ZnO,1.6887000000000003,6.058817698461807,274.1261675812145,24,11.42192364921727,1,11.42192364921727,0.022102295923881417,0.087550926683749,0.530455102173154,0,0.08755091901858492,0.25,0.5833333333333334,0.42857142857142855,2.779166666666667,1.79,0.9291666666666667,7.5,0.4205455664584005,Training
mp-aaadaicf,Normal ZnO,0.6607000000000003,5.071899196032536,206.13566420493137,18,11.45198134471841,1,11.45198134471841,0.02460466601444378,0.087321134212395,0.442883988259988,0,0.08732112658741518,0.2222222222222222,0.5555555555555556,0.39999999999999997,2.6466666666666665,1.79,0.9444444444444444,7.333333333333334,0.40813526491019503,Training
mp-aaadaios,Normal ZnO,1.4967999999999995,5.248107766397548,305.13879783272023,28,10.897814208311436,1,10.897814208311436,0.017199083782441598,0.09176152032738179,0.48157434590836484,0,0.09176151190720597,0.14285714285714285,0.5714285714285714,0.25,2.724285714285714,1.79,0.9357142857142857,7.428571428571429,0.4146099424117789,Training
mp-aaadaipf,Normal ZnO,0.26570000000000027,7.312681964655168,255.85485217434942,16,15.990928260896839,1,15.990928260896839,0.02858136898295231,0.0625354565841768,0.45730190372723695,0,0.06253545267349371,0.125,0.625,0.2,2.86125,1.79,0.9437500000000001,6.5,0.4764071049643349,Validation
mp-aaadajev,Normal ZnO,1.7898,4.222688332319404,253.64512380571156,18,14.091395766983975,1,14.091395766983975,0.016648016931348163,0.07096529091482845,0.2996643047642669,0,0.07096528587875629,0.2222222222222222,0.5555555555555556,0.39999999999999997,2.6844444444444444,1.79,0.9444444444444444,7.777777777777779,0.40813526491019503,Test
mp-aaadakaz,Normal ZnO,0.9878999999999998,6.498697589423713,278.8439297589315,24,11.618497073288813,1,11.618497073288813,0.023305859918615272,0.08606965201196484,0.5593406380467665,0,0.08606964460398048,0.25,0.5833333333333334,0.42857142857142855,2.7458333333333336,1.79,0.9291666666666667,7.166666666666666,0.4205455664584005,Validation
mp-aaadakpi,Normal ZnO,0.8621000000000003,5.380214110701941,202.89708302378835,20,10.144854151189417,1,10.144854151189417,0.0265169612298181,0.09857214160962152,0.5303392245963621,0,0.09857213189315539,0.2,0.6,0.33333333333333337,2.72,1.81,0.9,7.0,0.4082482904634095,Training
mp-aaadakqb,Normal ZnO,0.8814050363816994,8.051848175627185,265.9450071380185,20,13.297250356900927,1,13.297250356900927,0.030276365147822164,0.07520351750623587,0.6055273029564433,0,0.07520351185066726,0.2,0.6,0.33333333333333337,2.798,1.79,0.9500000000000001,7.0,0.4588314677406406,Training
mp-aaadakqo,Normal ZnO,1.7797638613149465,8.222615016334709,327.2900250759326,26,12.588077887535869,1,12.588077887535869,0.02512332903914105,0.0794402456780279,0.6532065550176673,0,0.07944023936727578,0.15384615384615385,0.6153846153846154,0.25,2.9153846153846157,1.79,0.8884615384615385,6.923076923076923,0.41068541041101564,Training
mp-aaadakrj,Normal ZnO,0.33679999999999977,5.737685679096635,242.0033373547901,24,10.083472389782921,1,10.083472389782921,0.023709117891113036,0.09917218606293306,0.5690188293867128,0,0.09917217622781155,0.25,0.5833333333333334,0.42857142857142855,2.6775,1.89,0.9208333333333334,7.666666666666666,0.41260914853254727,Training
mp-aaadalcs,Normal ZnO,1.3043000000000005,5.838493818654105,274.28329025862814,28,9.795831794951004,1,9.795831794951004,0.02128636342324204,0.10208423551284565,0.5960181758507771,0,0.1020842250916556,0.14285714285714285,0.5714285714285714,0.25,2.724285714285714,1.79,0.9357142857142857,7.428571428571429,0.4146099424117789,Training
mp-aaadalda,Normal ZnO,2.3855999999999997,4.979259954066201,311.3457257619552,28,11.119490205784114,1,11.119490205784114,0.01599270369261622,0.08993218047710695,0.44779570339325414,0,0.08993217238931059,0.14285714285714285,0.5714285714285714,0.25,2.6757142857142853,1.79,0.9357142857142857,6.857142857142857,0.4146099424117789,Training
mp-aaadalio,Normal ZnO,0.4998,4.844515495286197,328.0726468088628,28,11.716880243173673,1,11.716880243173673,0.014766593703077138,0.08534695065972073,0.4134646236861599,0,0.08534694337561936,0.14285714285714285,0.5714285714285714,0.25,2.644285714285714,1.89,0.9357142857142857,7.142857142857142,0.4146099424117789,Training
mp-aaadamzm,Normal ZnO,0.5379888553597305,5.182741633942818,190.12316329535295,16,11.88269770595956,1,11.88269770595956,0.027259916765805147,0.08415597406794818,0.43615866825288235,0,0.08415596698572081,0.25,0.5,0.5,2.54,1.81,0.9750000000000001,7.25,0.3846153846149902,Training
mp-aaadanty,Normal ZnO,0.5793000000000008,6.266600004468391,565.5094497154366,44,12.852487493532651,1,12.852487493532651,0.011081335593137122,0.07780595005466438,0.48757876609803336,0,0.07780594400089899,0.09090909090909091,0.6363636363636364,0.14285714285714288,2.8736363636363635,1.79,0.8999999999999999,6.0,0.441911976852587,Training
mp-aaadavvj,Normal ZnO,1.0345406200685492,5.474654284154565,165.80148039593232,13,12.753960030456332,1,12.753960030456332,0.03301933274698037,0.07840702006372999,0.42925132571074487,0,0.07840701391606969,0.15384615384615385,0.6153846153846154,0.25,2.8692307692307697,1.79,0.9115384615384616,6.923076923076923,0.4335943486464485,Training
mp-aaadavzn,Normal ZnO,2.3263286879049425,4.582600119549424,145.81776361798038,13,11.216751047536953,1,11.216751047536953,0.031426898715359655,0.08915237538588204,0.4085496832996755,0,0.08915236743773672,0.15384615384615385,0.6153846153846154,0.25,2.7261538461538466,1.9,0.9,6.461538461538462,0.42197473628439225,Training
mp-aaadazwz,Normal ZnO,1.8305430524236723,4.140320389618906,198.35810138932473,16,12.397381336832796,1,12.397381336832796,0.02087295824948228,0.08066219573556117,0.33396733199171647,0,0.08066218922917189,0.125,0.625,0.2,2.76375,1.81,0.8812500000000001,6.5,0.41201950491521516,Training
mp-aaadbaot,Normal ZnO,0.4676203307106026,5.571553906073242,182.70110357829324,16,11.418818973643328,1,11.418818973643328,0.030495458245495467,0.08757473100398373,0.4879273319279275,0,0.0875747233346509,0.25,0.5,0.5,2.59,1.79,0.9875,8.0,0.39281318099157436,Training
mp-aaadbecr,Normal ZnO,0.7161859924977954,5.559765439709278,129.8899188008217,13,9.991532215447823,1,9.991532215447823,0.04280367135675225,0.10008474960966532,0.5564477276377793,0,0.10008473959270923,0.15384615384615385,0.6153846153846154,0.25,2.8115384615384618,1.79,0.8884615384615385,7.846153846153847,0.41068541041101564,Validation
mp-aaadbibe,Normal ZnO,0.4107000000000003,4.187075027392159,235.33355087774655,16,14.70834692985916,1,14.70834692985916,0.01779208699304935,0.06798860570591501,0.2846733918887896,0,0.06798860108346483,0.25,0.5,0.5,2.54,1.81,0.9750000000000001,7.25,0.3846153846149902,Training
mp-aaadbkur,Normal ZnO,0.9781859853179751,5.277505572061539,196.4656504978652,16,12.279103156116575,1,12.279103156116575,0.026862230277025726,0.08143917249378846,0.4297956844324116,0,0.08143916586145018,0.25,0.5,0.5,2.61,1.79,0.9750000000000001,8.5,0.3846153846149902,Training
mp-aaadblcs,Normal ZnO,1.215087120219964,4.7165672903648685,169.76343134195247,14,12.125959381568034,1,12.125959381568034,0.027783175830613172,0.0824677016088345,0.3889644616285844,0,0.08246769480791326,0.14285714285714285,0.5714285714285714,0.25,2.724285714285714,1.79,0.9357142857142857,7.428571428571429,0.4146099424117789,Training
mp-aaadbmre,Normal ZnO,0.12458152890565755,4.642170268785837,182.63263064300503,16,11.414539415187814,1,11.414539415187814,0.02541807686295603,0.0876075646704967,0.4066892298072965,0,0.08760755699541199,0.125,0.625,0.2,2.74375,1.89,0.89375,7.0,0.42462008344736446,Test
mp-aaadbnoa,Normal ZnO,1.3370916752163997,6.053225351112,168.69307675437827,13,12.976390519567559,1,12.976390519567559,0.035883069013215,0.07706303216538254,0.46647989717179505,0,0.07706302622667209,0.15384615384615385,0.6153846153846154,0.25,2.8230769230769233,1.79,0.9115384615384616,6.461538461538462,0.4335943486464485,Training
mp-aaadbopf,Normal ZnO,0.13169137196362257,8.372177171677782,160.72162710494905,13,12.36320208499608,1,12.36320208499608,0.05209116700965015,0.08088519407230227,0.677185171125452,0,0.08088518752988819,0.15384615384615385,0.6153846153846154,0.25,2.9153846153846157,1.79,0.8884615384615385,6.923076923076923,0.41068541041101564,Test
mp-aaadbrmy,Normal ZnO,0.6485744640239557,5.674197411957299,182.73043567998113,16,11.42065222999882,1,11.42065222999882,0.031052283982085677,0.08756067340648752,0.4968365437133708,0,0.08756066573961666,0.25,0.5,0.5,2.61,1.79,0.9750000000000001,8.5,0.3846153846149902,Training
mp-aaadbrni,Normal ZnO,0.4804136156885055,5.549121588508258,130.35433390242275,13,10.02725645403252,1,10.02725645403252,0.04256952093432163,0.09972817635454453,0.5534037721461812,0,0.09972816640883637,0.15384615384615385,0.6153846153846154,0.25,2.804615384615385,1.79,0.8884615384615385,7.615384615384616,0.41068541041101564,Training
mp-aaadbvya,Normal ZnO,1.3875487513887501,4.777851883845297,166.32506194038325,14,11.880361567170231,1,11.880361567170231,0.02872598873182358,0.08417252238882732,0.40216384224553015,0,0.08417251530381441,0.14285714285714285,0.5714285714285714,0.25,2.644285714285714,1.89,0.9357142857142857,7.142857142857142,0.4146099424117789,Training
mp-aaadbwmr,Normal ZnO,1.2310240570033333,5.310510356131109,132.46367924277024,13,10.189513787905403,1,10.189513787905403,0.04009031265323729,0.09814010960826856,0.5211740644920847,0,0.0981400999767884,0.15384615384615385,0.6153846153846154,0.25,2.7284615384615387,1.89,0.9,7.153846153846154,0.42197473628439225,Validation
mp-aaadbyfr,2D ZnO,3.1638033257140017,4.038717049381706,198.2918764465909,16,12.39324227791193,1,12.39324227791193,0.020367536489080438,0.08068913506050529,0.325880583825287,1,0.0806891285497693,0.125,0.625,0.2,2.74125,1.9,0.89375,6.25,0.42462008344736446,Test
mp-aaadeffg,Normal ZnO,0.11704174145882362,5.360928510270394,185.1104804130309,16,11.569405025814431,1,11.569405025814431,0.02896069671121827,0.08643486832457961,0.4633711473794923,0,0.08643486085359381,0.25,0.5,0.5,2.5475,1.79,0.9875,7.5,0.39281318099157436,Training
mp-aaaaacyk,Normal ZnO,0.6311,5.7083366245245974,23.681474592351165,2,11.840737296175583,0,11.840737296175583,0.24104649232112554,0.08445420035819798,0.4820929846422511,0,0.08445419322568662,0.5,0.5,1.0,2.545,1.79,0.9750000000000001,9.0,0.3846153846149902,Validation
mp-aaaaadeb,Normal ZnO,0.7316,5.7042178148357205,47.397148259900405,4,11.849287064975101,0,11.849287064975101,0.12034938606870356,0.08439326303063967,0.48139754427481424,0,0.08439325590841742,0.5,0.5,1.0,2.545,1.79,0.9750000000000001,9.0,0.3846153846149902,Training
mp-aaaaadht,Normal ZnO,0.7195,6.619789661835996,20.420864656411798,2,10.210432328205899,0,10.210432328205899,0.32416792574890163,0.09793904585582935,0.6483358514978033,0,0.0979390362637736,0.5,0.5,1.0,2.545,1.79,0.9750000000000001,9.0,0.3846153846149902,Validation
mp-aaaaaehw,Normal ZnO,3.8459999999999996,4.625888669208582,131.64714277394958,14,9.403367340996398,1,9.403367340996398,0.03513854183689442,0.10634488303357488,0.4919395857165219,0,0.10634487172434194,0.14285714285714285,0.5714285714285714,0.25,2.661428571428571,1.8299999999999998,0.8928571428571428,6.0,0.38031565836772496,Training
mp-aaaaaesq,Normal ZnO,0.5575999999999999,6.605277567763193,203.59309349228687,18,11.310727416238159,1,11.310727416238159,0.032443524591220525,0.08841164349556843,0.5839834426419694,0,0.08841163567895043,0.1111111111111111,0.6666666666666666,0.16666666666666666,2.932222222222222,1.79,0.8722222222222222,6.444444444444445,0.4424803677181782,Training
mp-aaaaaewv,Normal ZnO,2.329,3.6565017998189573,431.46346907979347,46,9.379640632169423,1,9.379640632169423,0.008474649775432287,0.10661389270824434,0.3898338896698852,0,0.10661388134172345,0.17391304347826086,0.391304347826087,0.4444444444444444,2.0591304347826087,2.46,1.0999999999999999,4.869565217391305,0.3658529282012353,Test
mp-aaaaafes,Normal ZnO,3.2965,5.5849247736703305,381.5355905088048,26,14.674445788800183,1,14.674445788800183,0.014638017783830911,0.0681456740780779,0.38058846237960375,0,0.06814566943424533,0.15384615384615385,0.6153846153846154,0.25,2.8553846153846156,1.79,0.9,6.923076923076923,0.42197473628439225,Test
mp-aaaaafpt,2D ZnO,2.7537000000000003,4.245709244527566,523.0730091077116,42,12.454119264469325,1,12.454119264469325,0.008116857804713124,0.08029471845937156,0.3409080277979512,1,0.08029471201213026,0.2857142857142857,0.5714285714285714,0.5,2.708571428571428,1.79,0.8857142857142857,7.428571428571429,0.38253358792316244,Training
mp-aaaaaggy,Normal ZnO,2.2724,5.725287398865147,204.24457974584027,12,17.02038164548669,1,17.02038164548669,0.0280315266038301,0.05875308913917162,0.3363783192459612,0,0.05875308568724633,0.25,0.5,0.5,2.355,2.55,1.175,6.5,0.5453619411900165,Test
mp-aaaaagyc,Normal ZnO,3.4441999999999995,5.305333679950977,240.8393292100707,20,12.041966460503534,1,12.041966460503534,0.022028518661480378,0.08304291523148662,0.44057037322960757,0,0.08304290833536143,0.2,0.6,0.33333333333333337,2.904,1.79,0.86,7.2,0.37750425769137336,Training
mp-aaaaahdc,Normal ZnO,3.4134,4.257584663899135,208.46291296021226,23,9.063604911313577,1,9.063604911313577,0.020423703108706177,0.11033137584712652,0.4697451715002421,0,0.11033136367411536,0.17391304347826086,0.5652173913043478,0.3076923076923077,2.763478260869565,1.79,0.7956521739130435,6.260869565217391,0.34614370107387993,Training
mp-aaaaahpe,Normal ZnO,3.8232999999999997,3.9343618408835157,272.60319326481704,24,11.358466386034044,1,11.358466386034044,0.014432559572510101,0.08804005452968225,0.34638142974024244,0,0.08804004677863173,0.16666666666666666,0.6666666666666666,0.25,2.998333333333333,1.79,0.7916666666666666,7.0,0.365401157003955,Test
mp-aaaaahpy,Normal ZnO,0.9353999999999996,7.171915981195089,155.2282326923861,14,11.087730906599006,1,11.087730906599006,0.04620239379523952,0.09018977899299821,0.6468335131333532,0,0.09018977085880271,0.14285714285714285,0.5714285714285714,0.25,2.8528571428571423,1.79,0.9214285714285715,7.7142857142857135,0.4028025133876739,Validation
mp-aaaaahxi,2D ZnO,3.9227,4.744169937066032,538.6539781098929,40,13.466349452747323,1,13.466349452747323,0.008807453617822723,0.0742591749537575,0.35229814471290893,1,0.07425916943933285,0.2,0.6,0.33333333333333337,2.904,1.79,0.86,7.2,0.37750425769137336,Test
mp-aaaaahzg,Normal ZnO,2.7258,5.714603997298983,433.45728903153736,28,15.480617465412049,1,15.480617465412049,0.01318377641516469,0.06459690656618024,0.3691457396246114,0,0.06459690239342017,0.14285714285714285,0.5714285714285714,0.25,2.787142857142857,1.79,0.95,6.571428571428571,0.42665446493522335,Training
mp-aaaaaiiv,Normal ZnO,2.0789999999999997,5.566117786807331,220.7972612182532,16,13.799828826140825,1,13.799828826140825,0.025209179366116174,0.07246466696063025,0.4033468698578588,0,0.07246466170950268,0.25,0.5,0.5,2.37,2.49,1.1375,6.5,0.5139051846628415,Training
mp-aaaaaiow,Normal ZnO,2.3108,6.151538840882612,145.1475013418485,14,10.367678667274893,1,10.367678667274893,0.04238129310964394,0.09645360664547355,0.5933381035350153,0,0.09645359734217622,0.14285714285714285,0.5714285714285714,0.25,2.7185714285714284,1.79,0.907142857142857,6.0,0.39133145322127505,Test
mp-aaaaaith,Normal ZnO,1.9751999999999998,4.755174513615772,560.383815647266,42,13.342471801125381,1,13.342471801125381,0.008485567163708655,0.07494863132599269,0.35639382087576355,0,0.07494862570869579,0.2857142857142857,0.5714285714285714,0.5,2.724285714285714,1.79,0.907142857142857,7.428571428571429,0.3924389226571143,Training
mp-aaaaaliu,Normal ZnO,1.5335999999999999,3.130179246188947,283.6496830435417,22,12.893167411070078,1,12.893167411070078,0.01103537011417382,0.07756046036766727,0.24277814251182406,0,0.07756045435204273,0.09090909090909091,0.36363636363636365,0.25,1.9081818181818182,2.51,1.3227272727272728,3.818181818181818,0.42381040806348297,Validation
mp-aaaaalza,Normal ZnO,1.0541,4.205231728947942,177.53224101112409,14,12.680874357937435,1,12.680874357937435,0.023687143705899038,0.07885891554268594,0.3316200118825865,0,0.07885890932395788,0.2857142857142857,0.42857142857142855,0.6666666666666666,2.2114285714285713,2.51,1.157142857142857,6.285714285714285,0.4421235698630743,Training
mp-aaaaamcx,Normal ZnO,1.9791999999999996,3.4763287116539052,167.76202198412008,10,16.776202198412008,1,16.776202198412008,0.020721785835778612,0.0596082467398168,0.2072178583577861,0,0.059608243186673925,0.2,0.4,0.5,2.0340000000000003,2.62,1.3900000000000001,5.200000000000001,0.514979285414688,Validation
mp-aaaaamdr,Normal ZnO,0.3047000000000004,10.989845413021458,112.81812775356885,10,11.281812775356885,1,11.281812775356885,0.09741205189661338,0.08863823748115394,0.9741205189661337,0,0.0886382296244175,0.1,0.6,0.16666666666666669,2.9130000000000003,1.79,0.9,7.8,0.4082482904634095,Validation
mp-aaaaameo,Normal ZnO,4.6690000000000005,3.6462085141182756,203.43666854127073,18,11.302037141181707,1,11.302037141181707,0.017923064324342854,0.08847962429323984,0.32261515783817135,0,0.08847961646459664,0.1111111111111111,0.6666666666666666,0.16666666666666666,2.963333333333333,1.79,0.7722222222222221,6.444444444444445,0.33866481427121103,Training
mp-aaaaamgr,Normal ZnO,2.1264,5.970667060365747,103.48547026309927,10,10.348547026309927,1,10.348547026309927,0.05769570344020611,0.09663192305718099,0.5769570344020611,0,0.09663191371945334,0.2,0.6,0.33333333333333337,2.7960000000000003,1.79,0.88,6.8,0.39134489449325,Training
mp-aaaaamoi,Normal ZnO,2.1576,5.310802151288555,121.82676206704514,12,10.152230172253761,0,10.152230172253761,0.04359306623262946,0.09850052481404717,0.5231167947915535,0,0.09850051511169475,0.3333333333333333,0.6666666666666666,0.5,2.843333333333333,1.79,0.85,8.0,0.4159451654033622,Training
mp-aaaaaonk,Normal ZnO,3.5766,4.456983347814769,93.45393807406116,10,9.345393807406115,1,9.345393807406115,0.047691765504744126,0.10700458649559655,0.4769176550474413,0,0.10700457504561625,0.2,0.6,0.33333333333333337,2.904,1.79,0.77,6.8,0.37996724255347525,Validation
mp-aaaaaphe,Normal ZnO,3.9901999999999997,5.202513796151015,180.5979308889308,11,16.417993717175527,1,16.417993717175527,0.02880716153134358,0.06090878198801231,0.3168787768447794,0,0.060908778278132805,0.09090909090909091,0.7272727272727273,0.125,2.9972727272727275,1.79,0.8045454545454546,6.727272727272727,0.41516775301358205,Training
mp-aaaaascn,Normal ZnO,4.6601,3.0323377621535643,966.6362566420729,96,10.069127673354926,1,10.069127673354926,0.003136999815784255,0.09931346909486655,0.3011519823152885,0,0.0993134592317024,0.08333333333333333,0.5833333333333334,0.14285714285714285,2.8241666666666667,1.79,0.7458333333333333,5.5,0.2889407942115847,Training
mp-aaaaatnr,Normal ZnO,1.0627999999999997,6.146977544567797,680.464328388086,60,11.341072139801433,1,11.341072139801433,0.009033504445553413,0.08817508500721949,0.5420102667332048,0,0.08817507723237457,0.3,0.6,0.5,2.769,1.79,0.905,7.799999999999999,0.41303654566950315,Test
mp-aaaaatsw,Normal ZnO,1.0809999999999995,6.556764836010602,117.57007878380284,10,11.757007878380284,1,11.757007878380284,0.055768991975404796,0.08505565449512703,0.5576899197540479,0,0.0850556472606633,0.2,0.6,0.33333333333333337,2.786,1.79,0.92,6.8,0.42738267937643765,Training
mp-aaaaauxy,Normal ZnO,3.1156,5.007411145143341,106.96230133551445,10,10.696230133551445,1,10.696230133551445,0.046814728514690374,0.09349088300402641,0.46814728514690374,0,0.09349087426348203,0.2,0.6,0.33333333333333337,2.702,1.9,0.91,6.8,0.4175824175819587,Training
mp-aaaaavln,Normal ZnO,3.5116,2.9375005929373397,193.3885738258328,22,8.790389719356035,1,8.790389719356035,0.015189628423410612,0.11376059900939839,0.3341718253150334,0,0.11376058606792598,0.09090909090909091,0.36363636363636365,0.25,1.9354545454545455,2.46,1.1318181818181818,3.818181818181818,0.3560507672173802,Training
mp-aaaaavqq,Normal ZnO,1.3215,6.456458310095277,119.39662912889759,10,11.939662912889759,1,11.939662912889759,0.05407571640108308,0.08375445833738114,0.5407571640108308,0,0.08375445132257243,0.2,0.6,0.33333333333333337,2.786,1.79,0.92,6.8,0.42738267937643765,Test
mp-aaaaawvu,2D ZnO,4.755800000000001,2.947083801464555,823.3097190915663,64,12.864214360805724,1,12.864214360805724,0.003579556671742911,0.07773502306108704,0.2290916269915463,1,0.07773501701835371,0.0625,0.6875,0.09090909090909091,3.015625,1.79,0.746875,6.125,0.30993425538339636,Training
mp-aaaaawxn,Normal ZnO,1.8965,4.934262218157871,638.1534528313555,52,12.272181785218375,1,12.272181785218375,0.007732093571747472,0.08148510326048806,0.4020688657308686,0,0.08148509662066655,0.23076923076923078,0.6153846153846154,0.375,2.8330769230769235,1.79,0.8576923076923078,7.230769230769231,0.3865876603090077,Training
mp-aaaaaywx,Normal ZnO,3.4996,5.591035442705865,572.6336391061509,40,14.315840977653773,1,14.315840977653773,0.009763721603343871,0.06985268986718587,0.39054886413375484,0,0.06985268498778793,0.2,0.6,0.33333333333333337,2.814,1.79,0.91,7.2,0.4175824175819587,Training
mp-aaaaayxm,2D ZnO,2.1475,4.5589539005974595,345.3441886394256,26,13.282468793824062,1,13.282468793824062,0.013201188951108372,0.07528720869007191,0.34323091272881767,1,0.07528720302190856,0.23076923076923078,0.6153846153846154,0.375,2.8330769230769235,1.79,0.8576923076923078,7.230769230769231,0.3865876603090077,Validation
mp-aaaaayzi,2D ZnO,3.5481000000000003,4.345726824001667,516.641080081122,36,14.3511411133645,1,14.3511411133645,0.00841150071710869,0.06968087012040805,0.3028140258159128,1,0.06968086526498474,0.16666666666666666,0.6666666666666666,0.25,2.928333333333333,1.79,0.8666666666666667,7.0,0.4364156045345048,Training
mp-aaaaazkr,Normal ZnO,3.2613,5.539508452294541,416.33247793290576,36,11.564791053691827,1,11.564791053691827,0.013305491962800392,0.08646935300061216,0.4789977106608141,0,0.0864693455236638,0.1111111111111111,0.6666666666666666,0.16666666666666666,2.8322222222222218,1.8399999999999999,0.8722222222222222,6.444444444444445,0.4424803677181782,Training
mp-aaaaazvm,2D ZnO,2.5529,3.92514245485424,291.64928912265873,22,13.256785869211761,1,13.256785869211761,0.013458433083116526,0.07543306574201,0.29608552782856357,1,0.07543306005186302,0.18181818181818182,0.6363636363636364,0.28571428571428575,2.785454545454545,1.81,0.8727272727272728,6.909090909090909,0.41339864235336865,Training
mp-aaaaazyv,Normal ZnO,2.7049,4.646504285401832,304.55770127791016,26,11.713757741458084,1,11.713757741458084,0.01525656468593225,0.08536970134363765,0.39667068183423854,0,0.08536969405565237,0.23076923076923078,0.6153846153846154,0.375,2.7484615384615387,1.81,0.8884615384615385,7.230769230769231,0.41068541041101564,Training
mp-aaaabahh,Normal ZnO,3.0652999999999997,8.499004163891376,408.9712179142129,36,11.360311608728136,1,11.360311608728136,0.020781423657282236,0.08802575443720216,0.7481312516621604,0,0.08802574668866942,0.1111111111111111,0.6666666666666666,0.16666666666666666,2.8099999999999996,1.94,0.8722222222222222,6.444444444444445,0.4424803677181782,Training
mp-aaaabaiy,Normal ZnO,2.5325,5.698955103769871,344.6648687173005,30,11.488828957243351,1,11.488828957243351,0.016534772193186508,0.08704107300418386,0.49604316579559515,0,0.08704106542803614,0.26666666666666666,0.6,0.4444444444444445,2.7173333333333334,1.8399999999999999,0.9133333333333333,7.466666666666667,0.4214340896097124,Validation
mp-aaaabamx,Normal ZnO,2.6704,6.065268221023839,424.971005567963,24,17.707125231998457,1,17.707125231998457,0.014272192990308994,0.05647444104551229,0.34253263176741583,0,0.05647443785614997,0.16666666666666666,0.5,0.3333333333333333,2.2916666666666665,2.55,1.2416666666666665,5.666666666666666,0.5596285292997633,Validation
mp-aaaabber,2D ZnO,3.0515,4.690653337794022,429.5219768733596,32,13.422561777292488,1,13.422561777292488,0.010920636380513726,0.07450142652289685,0.3494603641764392,1,0.07450142097243471,0.125,0.625,0.2,2.99375,1.79,0.83125,6.75,0.36580318962873715,Validation
mp-aaaabbml,Normal ZnO,2.9656000000000002,5.547147291128578,305.3580275214719,26,11.744539520056613,1,11.744539520056613,0.018166043702821846,0.08514595215012566,0.47231713627336797,0,0.0851459449002931,0.23076923076923078,0.6153846153846154,0.375,2.743846153846154,1.8399999999999999,0.903846153846154,7.230769230769231,0.42655196888945723,Validation
mp-aaaabbtf,Normal ZnO,0.9238999999999997,5.251159317264175,151.3335365601834,14,10.809538325727386,1,10.809538325727386,0.03469924381550822,0.0925108889821813,0.4857894134171151,0,0.0925108804239175,0.14285714285714285,0.5714285714285714,0.25,2.644285714285714,1.89,0.9357142857142857,7.142857142857142,0.4146099424117789,Test
mp-aaaabbvj,2D ZnO,2.1545,3.9649662121011926,144.35999519611926,11,13.123635926919933,1,13.123635926919933,0.027465823750193342,0.07619839544228321,0.30212406125212676,1,0.07619838963608819,0.18181818181818182,0.6363636363636364,0.28571428571428575,2.785454545454545,1.81,0.8727272727272728,6.909090909090909,0.41339864235336865,Training
mp-aaaabbzq,Normal ZnO,3.2371000000000003,7.865005464428454,132.27154637308448,12,11.022628864423707,1,11.022628864423707,0.059461052816177154,0.09072245943320915,0.7135326337941258,0,0.09072245120264526,0.16666666666666666,0.6666666666666666,0.25,2.961666666666666,1.79,0.85,7.0,0.4159451654033622,Training
mp-aaaabclc,Normal ZnO,1.5483999999999996,5.548334064176905,327.19939876346217,26,12.58459226013316,1,12.58459226013316,0.01695704230566403,0.07946224870295629,0.4408830999472648,0,0.07946224238870783,0.15384615384615385,0.6153846153846154,0.25,2.8692307692307697,1.79,0.9115384615384616,6.923076923076923,0.4335943486464485,Training
mp-aaaabcov,Normal ZnO,1.6943000000000001,5.335785448657744,150.06237695876194,14,10.71874121134014,1,10.71874121134014,0.035557116455425294,0.0932945371366954,0.4977996303759541,0,0.09329452843282555,0.14285714285714285,0.5714285714285714,0.25,2.724285714285714,1.79,0.9357142857142857,7.428571428571429,0.4146099424117789,Training
mp-aaaabiom,Normal ZnO,3.2054,5.227838778064824,263.77233989647056,18,14.654018883137253,1,14.654018883137253,0.01981951087175106,0.06824066544302908,0.35675119569151903,0,0.06824066078624098,0.1111111111111111,0.6666666666666666,0.16666666666666666,3.0677777777777777,1.79,0.8611111111111109,6.888888888888888,0.4291171393108795,Test
mp-aaaabojk,Normal ZnO,1.933,3.6794146259837834,625.0192941793408,48,13.021235295402933,1,13.021235295402933,0.005886881660074231,0.07679762920443069,0.28257031968356305,0,0.0767976233065553,0.08333333333333333,0.6666666666666666,0.125,2.838333333333333,1.81,0.85,6.25,0.4159451654033622,Training
mp-aaaabouu,2D ZnO,3.5393,4.246997679095827,691.3767473693661,44,15.71310789475832,1,15.71310789475832,0.00614281242334589,0.06364113367627205,0.27028374662721916,1,0.06364112962607842,0.2727272727272727,0.5454545454545454,0.5,2.7227272727272727,1.79,0.9045454545454545,7.454545454545454,0.37597881145706963,Training
mp-aaaabpex,Normal ZnO,2.3392,5.446922788706197,581.3440981338296,52,11.179694194881337,1,11.179694194881337,0.009369533116138635,0.08944788493927262,0.48721572203920893,0,0.08944787693834923,0.15384615384615385,0.6153846153846154,0.25,2.8346153846153848,1.79,0.8653846153846154,6.461538461538462,0.3894915964476681,Training
mp-aaaabpup,Normal ZnO,3.5092,7.131716896792495,319.5095080064391,26,12.288827231016889,1,12.288827231016889,0.02232082831891169,0.0813747301675793,0.5803415362917039,0,0.08137472354573314,0.23076923076923078,0.6153846153846154,0.375,2.7284615384615387,1.94,0.903846153846154,7.230769230769231,0.42655196888945723,Training
mp-aaaabpxr,2D ZnO,2.5496000000000003,4.414724740679716,763.5775368214536,60,12.72629228035756,1,12.72629228035756,0.005781632541569087,0.07857748179675658,0.34689795249414523,1,0.07857747562233643,0.26666666666666666,0.6,0.4444444444444445,2.7213333333333334,1.81,0.9,7.466666666666667,0.4082482904634095,Validation
mp-aaaabpzf,Normal ZnO,1.4102000000000001,4.29391977309966,261.7476124595242,18,14.541534025529122,1,14.541534025529122,0.01640480964218479,0.06876853557846095,0.2952865735593262,0,0.0687685308493498,0.3333333333333333,0.4444444444444444,0.75,2.261111111111111,2.62,1.2055555555555555,6.888888888888889,0.5178132494221599,Test
mp-aaaabpzq,Normal ZnO,1.6945999999999999,2.9158877786113755,614.5834668899363,32,19.20573334031051,1,19.20573334031051,0.004744494329830512,0.05206778529519209,0.15182381855457638,0,0.05206778258413797,0.125,0.375,0.3333333333333333,1.90625,2.62,1.49375,4.25,0.4971690308330414,Training
mp-aaaabrbk,Normal ZnO,2.5854,4.529740327361762,590.0775344244757,52,11.34764489277838,1,11.34764489277838,0.007676517161601936,0.08812401246679813,0.3991788924033006,0,0.08812400470095724,0.15384615384615385,0.6153846153846154,0.25,2.7261538461538466,1.9,0.9,6.461538461538462,0.42197473628439225,Training
mp-aaaabrof,Normal ZnO,1.6762,4.887863335403931,754.8377549596349,60,12.580629249327249,1,12.580629249327249,0.006475382685634116,0.07948728002245795,0.38852296113804696,0,0.07948727370423077,0.26666666666666666,0.6,0.4444444444444445,2.7946666666666666,1.79,0.8733333333333334,7.466666666666667,0.38935039484861045,Training
mp-aaaabrpd,2D ZnO,3.1649000000000003,4.310849949125492,409.93099080801267,28,14.640392528857594,1,14.640392528857594,0.0105160381509882,0.06830417955180543,0.2944490682276696,1,0.06830417488634481,0.21428571428571427,0.6428571428571429,0.3333333333333333,2.873571428571429,1.79,0.8821428571428571,7.2857142857142865,0.43038931833000194,Training
mp-aaaabrqe,Normal ZnO,1.4567,3.690998606883987,258.03345167702247,20,12.901672583851123,1,12.901672583851123,0.014304341427791412,0.07750933016636065,0.28608682855582823,0,0.07750932415866485,0.2,0.4,0.5,2.0780000000000003,2.51,1.23,5.200000000000001,0.4390243902435455,Training
mp-aaaabrqz,2D ZnO,3.5336,4.581824277842185,404.8214639139138,28,14.457909425496922,1,14.457909425496922,0.011318135709074913,0.06916629303517924,0.31690779985409756,1,0.06916628825120348,0.14285714285714285,0.5714285714285714,0.25,2.824285714285714,1.79,0.8642857142857141,6.571428571428571,0.36023958211038276,Training
mp-aaaabrus,Normal ZnO,1.4122,5.140843536090512,278.53730697582364,18,15.474294831990202,1,15.474294831990202,0.01845657076766436,0.06462330017990142,0.33221827381795854,0,0.06462329600373076,0.3333333333333333,0.4444444444444444,0.75,2.261111111111111,2.62,1.238888888888889,6.888888888888889,0.5473791755929978,Training
mp-aaaabtvu,2D ZnO,3.3638999999999997,3.8973180264959537,344.56599375032255,28,12.305928348225805,1,12.305928348225805,0.01131080282405699,0.08126164655787013,0.31670247907359567,1,0.08126163995441547,0.21428571428571427,0.6428571428571429,0.3333333333333333,2.9335714285714287,1.79,0.8178571428571428,7.2857142857142865,0.37870610996938536,Test
mp-aaaabtwn,Normal ZnO,3.5387000000000004,4.024906886815966,318.640868953535,26,12.255418036674424,1,12.255418036674424,0.01263148348610424,0.08159656382242475,0.32841857063871027,0,0.08159655716442607,0.23076923076923078,0.6153846153846154,0.375,2.8346153846153848,1.79,0.8346153846153848,7.230769230769231,0.377711550547864,Training
mp-aaaabxtn,Normal ZnO,1.4336000000000002,5.126398277871811,157.21913000266562,14,11.229937857333258,1,11.229937857333258,0.03260670788076608,0.08904768777032816,0.456493910330725,0,0.08904767984083818,0.2857142857142857,0.5714285714285714,0.5,2.657142857142857,1.9,0.9285714285714286,7.428571428571429,0.4089241187688523,Training
mp-aaaabync,Normal ZnO,1.5928,5.0772575228882575,473.11012515595263,42,11.264526789427444,1,11.264526789427444,0.010731661070417729,0.08877425733840598,0.45072976495754463,0,0.08877424945753791,0.14285714285714285,0.5714285714285714,0.25,2.724285714285714,1.79,0.9357142857142857,7.428571428571429,0.4146099424117789,Test
mp-aaaabypu,Normal ZnO,3.0333999999999994,4.444218854027946,137.02858614619169,14,9.787756153299407,1,9.787756153299407,0.03243278608197677,0.1021684627546534,0.4540590051476748,0,0.10216845231625968,0.14285714285714285,0.5714285714285714,0.25,2.661428571428571,1.8299999999999998,0.8928571428571428,6.0,0.38031565836772496,Training
mp-aaaabytc,Normal ZnO,1.4928,5.168969018920016,154.90529048186292,14,11.064663605847352,1,11.064663605847352,0.033368576176271064,0.0903778041179245,0.46716006646779495,0,0.09037779594977775,0.14285714285714285,0.5714285714285714,0.25,2.724285714285714,1.79,0.9357142857142857,7.428571428571429,0.4146099424117789,Validation
mp-aaaabyyb,Normal ZnO,1.5701,5.074984795194004,473.3219978072543,42,11.269571376363198,1,11.269571376363198,0.010722055615379571,0.0887345194066032,0.450326335845942,0,0.08873451153278897,0.14285714285714285,0.5714285714285714,0.25,2.724285714285714,1.79,0.9357142857142857,7.428571428571429,0.4146099424117789,Training
mp-aaaabzju,Normal ZnO,1.6132,5.112124398265677,156.6277705681807,14,11.187697897727192,1,11.187697897727192,0.03263868436026589,0.0893838937323426,0.4569415810437224,0,0.08938388574286285,0.14285714285714285,0.5714285714285714,0.25,2.724285714285714,1.79,0.9357142857142857,7.428571428571429,0.4146099424117789,Training
mp-aaaabzvl,Normal ZnO,1.1689000000000003,5.217042874343563,150.43373624012136,14,10.745266874294384,1,10.745266874294384,0.03468000576237864,0.09306423113531721,0.485520080673301,0,0.09306422247436691,0.07142857142857142,0.5714285714285714,0.125,2.737142857142857,1.79,0.9392857142857143,7.142857142857142,0.41729929757213985,Training
mp-aaaacand,Normal ZnO,0.8250999999999995,6.390576460231586,162.93413001046156,14,11.638152143604398,1,11.638152143604398,0.039221840265139196,0.0859242934497585,0.5491057637119487,0,0.08592428606677492,0.2857142857142857,0.5714285714285714,0.5,2.717142857142857,1.79,0.9357142857142857,7.428571428571429,0.41559259813134825,Training
mp-aaaacatb,Normal ZnO,0.6309,8.242632498624893,157.09629632627497,14,11.221164023305354,1,11.221164023305354,0.05246866182660997,0.08911731420404241,0.7345612655725395,0,0.08911730626214744,0.2857142857142857,0.5714285714285714,0.5,2.7628571428571425,1.79,0.9214285714285715,8.285714285714285,0.4028025133876739,Training
mp-aaaacbmz,Normal ZnO,1.4874,3.565941468967317,591.8883239012027,46,12.867137476113102,1,12.867137476113102,0.006024686277707099,0.07771736346614984,0.27713556877452655,0,0.07771735742616175,0.17391304347826086,0.391304347826087,0.4444444444444444,2.0373913043478264,2.51,1.2521739130434784,4.869565217391305,0.43638250136743095,Training
mp-aaaacefj,Normal ZnO,1.8026999999999997,4.450025184418388,150.1619593812529,13,11.550919952404069,1,11.550919952404069,0.02963483676638225,0.08657319106361498,0.38525287796296925,0,0.08657318356869823,0.15384615384615385,0.6153846153846154,0.25,2.7261538461538466,1.9,0.9,6.461538461538462,0.42197473628439225,Validation
mp-aaaacekp,Normal ZnO,1.6010999999999997,5.5001107162937455,296.7862190886736,28,10.599507824595486,1,10.599507824595486,0.018532230757379593,0.09434400318848422,0.5189024612066285,0,0.09434399428769413,0.2857142857142857,0.5714285714285714,0.5,2.67,1.81,0.9214285714285715,7.571428571428571,0.4028025133876739,Training
mp-aaabcslt,Normal ZnO,1.7128999999999999,5.04263618327485,956.8627619384325,40,23.921569048460814,1,23.921569048460814,0.00526996804410008,0.04180327795280398,0.21079872176400322,0,0.04180327620529,0.2,0.4,0.5,2.0220000000000002,2.65,1.55,5.200000000000001,0.5806451612899479,Test
mp-aaabeeps,Normal ZnO,1.5894000000000004,5.114757184419353,626.1885899934105,56,11.181939107025187,1,11.181939107025187,0.008168077888971274,0.0894299271735202,0.45741236178239136,0,0.08942991917580904,0.14285714285714285,0.5714285714285714,0.25,2.724285714285714,1.79,0.9357142857142857,7.428571428571429,0.4146099424117789,Training
mp-aaabeeqn,Normal ZnO,1.2176,5.1160488010786525,939.0457501485183,84,11.179116073196647,1,11.179116073196647,0.005448135828122718,0.08945251068620955,0.4576434095623083,0,0.0894525026844586,0.14285714285714285,0.5714285714285714,0.25,2.724285714285714,1.79,0.9357142857142857,7.428571428571429,0.4146099424117789,Training
mp-aaabeezc,Normal ZnO,1.4791000000000003,5.13678448987146,623.5033990204182,56,11.133989268221754,1,11.133989268221754,0.00823858296474926,0.08981506770930392,0.4613606460259585,0,0.08981505964255826,0.14285714285714285,0.5714285714285714,0.25,2.724285714285714,1.79,0.9357142857142857,7.428571428571429,0.4146099424117789,Training
mp-aaabefrr,Normal ZnO,2.9024,6.989856374052337,729.3468929846217,60,12.155781549743695,1,12.155781549743695,0.00958371994410621,0.08226538095537633,0.5750231966463727,0,0.082265374187784,0.26666666666666666,0.6,0.4444444444444445,2.7039999999999997,1.94,0.9133333333333333,7.466666666666667,0.4214340896097124,Test
mp-aaabegah,Normal ZnO,0.4096000000000002,6.357314696792571,639.4649523582702,56,11.419017006397683,1,11.419017006397683,0.00994161550747377,0.08757321225108382,0.5567304684185311,0,0.08757320458201699,0.21428571428571427,0.5714285714285714,0.375,2.782142857142857,1.79,0.9428571428571428,7.285714285714285,0.42132383519604805,Training
mp-aaabegya,Normal ZnO,1.5223,5.130970487512631,780.262378546359,70,11.146605407805128,1,11.146605407805128,0.006575955245331389,0.08971341169929416,0.46031686717319725,0,0.08971340365079865,0.14285714285714285,0.5714285714285714,0.25,2.724285714285714,1.79,0.9357142857142857,7.428571428571429,0.4146099424117789,Training
mp-aaabehts,Normal ZnO,2.04,5.1255524056286825,628.9803037885921,56,11.231791139082002,1,11.231791139082002,0.00814898712504431,0.08903299461476027,0.45634327900248134,0,0.08903298668788685,0.2857142857142857,0.5714285714285714,0.5,2.657142857142857,1.9,0.9285714285714286,7.428571428571429,0.4089241187688523,Training
mp-aaabetxg,Normal ZnO,0.7588000000000001,4.959633004745237,390.1527026858262,30,13.00509008952754,1,13.00509008952754,0.012712030335535042,0.07689296983842184,0.3813609100660512,0,0.0768929639258935,0.4,0.4666666666666667,0.8571428571428572,2.3746666666666667,2.62,1.1133333333333333,7.733333333333334,0.49427501616204017,Test
mp-aaabeugn,Normal ZnO,2.4226,4.4277605659686365,98.74081221864635,9,10.971201357627372,1,10.971201357627372,0.044842253386793984,0.09114772096537836,0.4035802804811459,0,0.0911477126574721,0.1111111111111111,0.6666666666666666,0.16666666666666666,2.8388888888888886,1.81,0.8499999999999999,6.444444444444445,0.41594516540336224,Test
mp-aaabewgx,Normal ZnO,3.6266000000000003,4.200447797430987,722.8773353745282,66,10.952686899614065,1,10.952686899614065,0.005810733835560039,0.09130179737313925,0.3835084331469626,0,0.0913017890371218,0.18181818181818182,0.6363636363636364,0.28571428571428575,2.887272727272727,1.79,0.8090909090909091,6.909090909090909,0.36590246040255414,Test
mp-aaabewwn,Normal ZnO,2.3096999999999994,5.127402326931707,314.37668663557724,28,11.227738808413473,1,11.227738808413473,0.016309740920978682,0.08906512852353253,0.456672745787403,0,0.08906512059093612,0.2857142857142857,0.5714285714285714,0.5,2.657142857142857,1.9,0.9285714285714286,7.428571428571429,0.4089241187688523,Test
mp-aaabexaf,Normal ZnO,2.6968,4.04535899008706,515.3090735115295,44,11.711569852534762,1,11.711569852534762,0.00785035465156853,0.08538564962608901,0.34541560466901533,0,0.08538564233538047,0.2727272727272727,0.5454545454545454,0.5,2.6972727272727273,1.79,0.8499999999999999,7.09090909090909,0.3762365582741641,Training
mp-aaabfbdm,Normal ZnO,3.5246385473127124,6.546533617772245,158.9110353284531,12,13.24258627737109,1,13.24258627737109,0.041196217512805215,0.07551395014951107,0.4943546101536626,0,0.07551394444715484,0.16666666666666666,0.6666666666666666,0.25,2.961666666666666,1.79,0.85,7.0,0.4159451654033622,Training
mp-aaabfbiq,2D ZnO,4.2718,2.3080154009829044,116.17335837829994,6,19.362226396383324,1,19.362226396383324,0.019866993718131384,0.05164695317201695,0.1192019623087883,1,0.05164695050460931,0.16666666666666666,0.6666666666666666,0.25,2.998333333333333,1.79,0.7916666666666666,7.0,0.365401157003955,Training
mp-aaabfign,Normal ZnO,2.6575000000000006,4.750973590022922,74.39087356573184,8,9.29885919571648,1,9.29885919571648,0.06386500518722842,0.10754007335229358,0.5109200414978273,0,0.10754006178742746,0.25,0.5,0.5,2.525,1.8699999999999999,0.9000000000000001,6.5,0.35355339059288093,Test
mp-aaabfkev,Normal ZnO,3.6466000000000003,4.1141952456281,123.00536435055037,11,11.182305850050033,1,11.182305850050033,0.03344728283927406,0.08942699416467183,0.36792011123201473,0,0.08942698616748526,0.18181818181818182,0.6363636363636364,0.28571428571428575,2.887272727272727,1.79,0.8090909090909091,6.909090909090909,0.36590246040255414,Test
mp-aaabfnmc,Normal ZnO,3.3332,4.0286345058775,636.6920732079457,52,12.244078330922033,1,12.244078330922033,0.006327445666555817,0.08167213349775226,0.3290271746609024,0,0.08167212682741543,0.23076923076923078,0.6153846153846154,0.375,2.8346153846153848,1.79,0.8346153846153848,7.230769230769231,0.377711550547864,Training
mp-aaabfouf,Normal ZnO,1.2488,4.215406490916149,354.20745990688965,28,12.650266425246059,1,12.650266425246059,0.011900953413356393,0.0790497185106162,0.333226695573979,0,0.0790497122617587,0.2857142857142857,0.42857142857142855,0.6666666666666666,2.2114285714285713,2.51,1.157142857142857,6.285714285714285,0.4421235698630743,Validation
mp-aaabfqev,Normal ZnO,1.62,4.905990371263688,1504.0974431001425,120,12.534145359167855,1,12.534145359167855,0.003261750354345425,0.07978206501878245,0.391410042521451,0,0.07978205865360505,0.26666666666666666,0.6,0.4444444444444445,2.7946666666666666,1.79,0.8733333333333334,7.466666666666667,0.38935039484861045,Training
mp-aaabfqlt,Normal ZnO,1.5006,4.229893470463761,842.7535165096676,40,21.068837912741692,1,21.068837912741692,0.005019134755987818,0.04746346258590917,0.20076539023951273,0,0.047463460333128996,0.2,0.4,0.5,2.0340000000000003,2.62,1.45,5.200000000000001,0.5408409359085278,Training
mp-aaabfqsx,Normal ZnO,2.6814000000000004,4.487559755341636,164.96091650463845,14,11.782922607474175,1,11.782922607474175,0.02720377543496297,0.08486858764273622,0.3808528560894816,0,0.08486858044005967,0.2857142857142857,0.5714285714285714,0.5,2.708571428571428,1.79,0.8857142857142857,7.428571428571429,0.38253358792316244,Training
mp-aaabfszj,Normal ZnO,2.7833,3.9812910431919355,523.6015580342996,44,11.900035409870446,1,11.900035409870446,0.007603665372071845,0.08403336339407472,0.3345612763711612,0,0.08403335633246915,0.2727272727272727,0.5454545454545454,0.5,2.6972727272727273,1.79,0.8499999999999999,7.09090909090909,0.3762365582741641,Training
mp-aaabftim,2D ZnO,3.4214,3.839413888531861,334.0353150523495,26,12.847512117398058,1,12.847512117398058,0.01149403582203911,0.07783608148116111,0.2988449313730169,1,0.07783607542270601,0.23076923076923078,0.6153846153846154,0.375,2.8346153846153848,1.79,0.8346153846153848,7.230769230769231,0.377711550547864,Training
mp-aaabftpg,Normal ZnO,2.3529999999999998,5.266284430091734,140.56817096329766,14,10.040583640235548,1,10.040583640235548,0.03746427343073623,0.09959580397226196,0.5244998280303073,0,0.09959579405293878,0.2857142857142857,0.5714285714285714,0.5,2.708571428571428,1.79,0.8857142857142857,7.428571428571429,0.38253358792316244,Training
mp-aaabfumc,Normal ZnO,5.3796,3.927534970128226,186.57807286097986,24,7.774086369207494,1,7.774086369207494,0.021050356501453912,0.1286324787901658,0.5052085560348939,0,0.12863246224385333,0.08333333333333333,0.5833333333333334,0.14285714285714285,2.8241666666666667,1.79,0.7458333333333333,5.5,0.2889407942115847,Test
mp-aaabfuvi,2D ZnO,4.7158999999999995,3.1210564767365065,475.33424559792905,36,13.203729044386918,1,13.203729044386918,0.006566024853194545,0.0757361800320428,0.2363768947150036,1,0.07573617429607427,0.1111111111111111,0.6666666666666666,0.16666666666666666,2.963333333333333,1.79,0.7722222222222221,6.444444444444445,0.33866481427121103,Validation
mp-aaabfvci,Normal ZnO,0.7918000000000001,4.704856461969447,411.2801818232697,30,13.709339394108989,1,13.709339394108989,0.01143954087374825,0.07294297494959588,0.34318622621244754,0,0.07294296962891868,0.4,0.4666666666666667,0.8571428571428572,2.3746666666666667,2.62,1.1133333333333333,7.733333333333334,0.49427501616204017,Test
mp-aaabfvkh,2D ZnO,3.6862,3.7408592063385515,1082.2499480125834,88,12.298294863779358,1,12.298294863779358,0.0034565575260609746,0.08131208521802287,0.3041770622933658,1,0.0813120786063682,0.18181818181818182,0.6363636363636364,0.28571428571428575,2.887272727272727,1.79,0.8090909090909091,6.909090909090909,0.36590246040255414,Training
mp-aaabfvov,Normal ZnO,3.2028,3.239904819770899,157.27202028377692,14,11.233715734555494,1,11.233715734555494,0.02060064335235389,0.0890177412024009,0.28840900693295446,0,0.08901773327824337,0.14285714285714285,0.5714285714285714,0.25,2.9299999999999997,1.79,0.7357142857142857,6.285714285714285,0.3459908675957523,Training
mp-aaabfwin,Normal ZnO,2.7175,4.04849381622082,514.9100598476984,44,11.702501360174965,1,11.702501360174965,0.007862526145936572,0.08545181660077576,0.34595115042120916,0,0.08545180929876343,0.2727272727272727,0.5454545454545454,0.5,2.6972727272727273,1.79,0.8499999999999999,7.09090909090909,0.3762365582741641,Training
mp-aaabfwsc,Normal ZnO,2.9724000000000004,6.0677310396343955,568.6811343433305,40,14.217028358583264,1,14.217028358583264,0.010669830002310728,0.07033818705132348,0.4267932000924291,0,0.07033818210386328,0.05,0.65,0.07692307692307693,2.9485,1.79,0.8775,6.300000000000001,0.43112294978623694,Validation
mp-aaabfzqk,Normal ZnO,3.4382999999999995,4.003285829352807,234.7613099162203,20,11.738065495811016,1,11.738065495811016,0.017052579122722084,0.08519291363273376,0.34105158245444167,0,0.08519290637490184,0.2,0.6,0.33333333333333337,2.774,1.79,0.8500000000000001,6.8,0.3720326659017246,Training
mp-aaabjfta,Normal ZnO,3.3916999999999997,4.0957035505055375,917.856103283554,80,11.473201291044425,1,11.473201291044425,0.004462250162515941,0.08715963179174452,0.35698001300127524,0,0.08715962419494377,0.2,0.6,0.33333333333333337,2.774,1.79,0.8500000000000001,6.8,0.3720326659017246,Training
mp-aaabkclh,Normal ZnO,2.0130999999999997,4.322016445510716,132.43413359202688,11,12.039466690184263,1,12.039466690184263,0.03263521492268596,0.08306015754130511,0.3589873641495455,0,0.08306015064231591,0.18181818181818182,0.6363636363636364,0.28571428571428575,2.785454545454545,1.81,0.8727272727272728,6.909090909090909,0.41339864235336865,Training
mp-aaabkekn,2D ZnO,3.1234,3.6139220656287834,148.20580247472665,10,14.820580247472666,1,14.820580247472666,0.024384484149064117,0.06747374146639966,0.24384484149064115,1,0.06747373691369417,0.2,0.6,0.33333333333333337,2.702,1.9,0.91,6.8,0.4175824175819587,Training
mp-aaabknpd,Normal ZnO,3.3367999999999993,4.108569783700309,457.4908908673707,40,11.437272271684268,1,11.437272271684268,0.008980659192864124,0.0874334348475503,0.35922636771456495,0,0.08743342720294543,0.2,0.6,0.33333333333333337,2.774,1.79,0.8500000000000001,6.8,0.3720326659017246,Training
mp-aaabksim,Normal ZnO,2.1359,7.9723207000259935,260.9820839267841,24,10.874253496949338,1,10.874253496949338,0.030547386814932326,0.09196033550997683,0.7331372835583758,0,0.09196032705327431,0.16666666666666666,0.6666666666666666,0.25,2.961666666666666,1.79,0.85,7.0,0.4159451654033622,Training
mp-aaabmlsf,Normal ZnO,0.6033,5.946568662481189,498.9382964624441,42,11.879483249105812,1,11.879483249105812,0.011918445011587423,0.08417874574428745,0.5005746904866718,0,0.08417873865822682,0.3333333333333333,0.5714285714285714,0.5833333333333334,2.7109523809523806,1.79,0.930952380952381,7.904761904761905,0.4115343035394184,Training
mp-aaabmolq,Normal ZnO,0.7329000000000003,4.688839262613655,939.2204155163884,77,12.19766773397907,1,12.19766773397907,0.004992267182611697,0.08198288572940036,0.3844045730611007,0,0.08198287900820736,0.14285714285714285,0.5714285714285714,0.25,2.724285714285714,1.79,0.9357142857142857,7.428571428571429,0.4146099424117789,Training
mp-aaabmvhs,Normal ZnO,0.6833,6.026290517396148,575.1916006582294,44,13.072536378596123,1,13.072536378596123,0.010477014094125948,0.07649624916227553,0.4609886201415417,0,0.07649624331059984,0.2727272727272727,0.5454545454545454,0.5,2.65,1.79,0.9772727272727273,7.09090909090909,0.42826072334531456,Test
mp-aaabnawg,Normal ZnO,1.8634000000000002,3.729739752292549,527.919710727,39,13.536402839153848,1,13.536402839153848,0.007064975354095676,0.07387486999925229,0.2755340388097313,0,0.07387486454175628,0.3076923076923077,0.5384615384615384,0.5714285714285715,2.6738461538461538,1.79,0.8692307692307693,7.384615384615385,0.3819176217170843,Test
mp-aaabnbbr,Normal ZnO,1.9832,8.634133345812085,2256.017963697379,127,17.76392097399511,1,17.76392097399511,0.003827156290827792,0.056293877993710745,0.48604884893512956,0,0.05629387482471022,0.007874015748031496,0.5984251968503937,0.013157894736842105,2.8668503937007874,1.79,0.9996062992125985,5.653543307086615,0.4885003475717128,Test
mp-aaabpict,2D ZnO,2.5759,2.2492891176033374,282.534598521983,14,20.181042751570214,1,20.181042751570214,0.007961110325634041,0.04955145342636934,0.11145554455887656,1,0.049551450971022926,0.14285714285714285,0.5714285714285714,0.25,2.827142857142857,1.79,0.8214285714285714,6.571428571428571,0.3379018996122052,Training
mp-aaabplpk,Normal ZnO,1.6137,3.065540767859881,557.5943995097144,32,17.424824984678576,1,17.424824984678576,0.00549779690229596,0.05738938559665805,0.17592950087347073,0,0.05738938230311666,0.125,0.75,0.16666666666666666,3.05625,1.79,0.7999999999999999,6.75,0.4341388746697638,Training
mp-aaabporb,Normal ZnO,0.4344000000000001,3.2586265705997586,137.9996352251874,10,13.799963522518741,1,13.799963522518741,0.023613298264658765,0.07246395965961815,0.23613298264658764,0,0.07246395440859309,0.2,0.4,0.5,3.298,2.33,0.71,7.600000000000001,0.45508434989804963,Validation
mp-aaabpqjr,Normal ZnO,1.13,3.6539199862349476,470.5952614813793,36,13.07209059670498,1,13.07209059670498,0.007764464025771036,0.07649885782248673,0.2795207049277573,0,0.07649885197041194,0.2222222222222222,0.6666666666666666,0.3333333333333333,2.9466666666666663,1.79,0.8111111111111111,7.333333333333333,0.38636451441515257,Training
mp-aaabqhxz,Normal ZnO,0.6730999999999998,5.213312765785743,767.9384331422083,70,10.97054904488869,1,10.97054904488869,0.006788711873249376,0.09115314064120719,0.4752098311274563,0,0.09115313233231291,0.14285714285714285,0.5714285714285714,0.25,2.724285714285714,1.79,0.9357142857142857,7.428571428571429,0.4146099424117789,Training
mp-aaabqvcl,Normal ZnO,0.6286999999999998,5.963365186769292,142.84751414126717,14,10.20339386723337,1,10.20339386723337,0.04174636976269346,0.09800660574432457,0.5844491766777085,0,0.09800659613903075,0.14285714285714285,0.5714285714285714,0.25,2.7442857142857138,1.79,0.9214285714285715,8.285714285714285,0.4028025133876739,Validation
mp-aaabqvyo,Normal ZnO,0.21309999999999985,5.52697184295455,207.1137448730862,20,10.35568724365431,1,10.35568724365431,0.02668568336522353,0.09656529561693487,0.5337136673044707,0,0.09656528629207947,0.2,0.6,0.33333333333333337,2.77,1.79,0.9,7.8,0.4082482904634095,Training
mp-aaabqwjr,Normal ZnO,3.1526000000000005,4.290882777175987,78.29692367115098,8,9.787115458893872,1,9.787115458893872,0.05480269876751611,0.1021751510135979,0.4384215901401289,0,0.1021751405738375,0.125,0.5,0.25,2.4175,2.13,1.03125,5.25,0.4205466729530604,Validation
mp-aaabqwpa,Normal ZnO,2.0625,6.558212996046335,190.82250646570412,20,9.541125323285206,1,9.541125323285206,0.03436813132342379,0.10480943977954997,0.6873626264684757,0,0.10480942879453246,0.05,0.5,0.1,2.662,1.79,0.9750000000000001,8.1,0.3846153846149902,Training
mp-aaabqxcp,Normal ZnO,2.0976,6.559556878616309,190.78341189801554,20,9.539170594900778,1,9.539170594900778,0.03438221792437879,0.10483091690744646,0.6876443584875757,0,0.10483090591792647,0.05,0.5,0.1,2.662,1.79,0.9750000000000001,8.1,0.3846153846149902,Training
mp-aaabqxle,Normal ZnO,1.7526000000000002,6.625875343836261,192.2399091568952,20,9.61199545784476,1,9.61199545784476,0.03446670016870379,0.10403667005313212,0.6893340033740758,0,0.10403665922950456,0.15,0.5,0.3,2.636,1.79,0.9750000000000001,8.3,0.3846153846149902,Validation
mp-aaabqxuc,Normal ZnO,1.7745,4.746963218664974,137.35566490618262,11,12.486878627834784,1,12.486878627834784,0.034559646210060746,0.08008406502573648,0.38015610831066815,0,0.08008405861227953,0.18181818181818182,0.6363636363636364,0.28571428571428575,2.8854545454545453,1.79,0.8363636363636364,6.909090909090909,0.3807452149590446,Training
mp-aaabqxwg,Normal ZnO,1.8748999999999998,5.734848875713831,97.48952847675997,10,9.748952847675998,1,9.748952847675998,0.05882528007359941,0.10257511915634969,0.5882528007359941,0,0.1025751086346957,0.2,0.6,0.33333333333333337,2.704,1.89,0.91,7.4,0.4175824175819587,Validation
mp-aaabqxxu,Normal ZnO,1.8390999999999997,4.751496153299826,145.63870780690198,12,12.136558983908499,1,12.136558983908499,0.032625228500203836,0.08239567750017696,0.391502742002446,0,0.08239567071112985,0.16666666666666666,0.6666666666666666,0.25,2.993333333333333,1.79,0.8166666666666667,7.0,0.38180177416013883,Test
mp-aaabqybc,Normal ZnO,0.2388,5.8543864661892675,195.79282617374332,14,13.985201869553094,1,13.985201869553094,0.029900924107879506,0.07150415198346763,0.4186129375103131,0,0.07150414687062424,0.14285714285714285,0.5714285714285714,0.25,2.7528571428571427,1.79,0.9928571428571429,8.285714285714285,0.4634567887306529,Training
mp-aaabqyij,Normal ZnO,1.0065000000000004,6.473383105827458,160.41709630169754,16,10.026068518856096,1,10.026068518856096,0.04035344869539013,0.09973999261218823,0.645655179126242,0,0.0997399826641231,0.25,0.5,0.5,2.6025,1.79,0.9750000000000001,8.25,0.3846153846149902,Test
mp-aaabraey,Normal ZnO,2.0907999999999998,4.19473886302702,143.62098828731487,12,11.968415690609573,1,11.968415690609573,0.02920700437897286,0.08355324763532408,0.35048405254767434,0,0.08355324065417949,0.16666666666666666,0.6666666666666666,0.25,2.8449999999999998,1.79,0.8583333333333333,7.0,0.42596914501853883,Validation
mp-aaabragw,Normal ZnO,1.5716,4.59502339651388,297.513385289378,26,11.442822511129922,1,11.442822511129922,0.01544476184357132,0.08739102603639483,0.4015638079328543,0,0.08739101839920409,0.15384615384615385,0.6153846153846154,0.25,2.746923076923077,1.81,0.8884615384615385,6.6923076923076925,0.41068541041101564,Validation
mp-aaabrauj,Normal ZnO,1.1790999999999996,6.423869057579629,185.62154968060707,14,13.258682120043362,1,13.258682120043362,0.03460734507402629,0.07542227733843049,0.4845028310363681,0,0.075422271649911,0.14285714285714285,0.5714285714285714,0.25,2.71,1.79,0.9785714285714284,6.0,0.4511397705210703,Test
mp-aaabrbfz,Normal ZnO,3.033,5.516437531113043,490.3168981109131,28,17.511317789675466,1,17.511317789675466,0.011250759541667738,0.05710592498010584,0.3150212671666967,0,0.057105921719019355,0.14285714285714285,0.5714285714285714,0.25,2.5157142857142856,2.34,1.0928571428571427,6.0,0.5476172566178887,Training
mp-aaabrchy,Normal ZnO,1.1355999999999997,5.0165935865401465,472.49973710291,42,11.249993740545476,1,11.249993740545476,0.010617135168543812,0.08888893834633486,0.44591967707884017,0,0.08888893044509222,0.09523809523809523,0.5714285714285714,0.16666666666666666,2.7328571428571427,1.79,0.9380952380952381,7.238095238095237,0.41641385649816914,Test
mp-aaabrhlj,Normal ZnO,4.2410000000000005,3.802958950117284,258.1503674253176,27,9.561124719456208,1,9.561124719456208,0.01473156506928431,0.10459020558167924,0.39775225687067634,0,0.10459019464256929,0.037037037037037035,0.5925925925925926,0.0625,2.6959259259259256,1.8299999999999998,0.8685185185185185,5.111111111111111,0.37346923745477373,Training
mp-aaabrozu,Normal ZnO,1.9107000000000003,6.588609841214024,191.63468295158705,20,9.581734147579352,1,9.581734147579352,0.034381092740385734,0.10436524167732533,0.6876218548077146,0,0.10436523078522282,0.1,0.5,0.2,2.649,1.79,0.9750000000000001,8.2,0.3846153846149902,Training
