material_id,structure_type,band_gap,density,volume,nsites,avg_atomic_volume,dopant_count,volume_per_site,structural_factor,doping_structural_coupling,density_volume_ratio,compactness,coordination_factor,dimensional_factor,confinement_parameter,Zn_fraction,O_fraction,Zn_O_ratio,avg_electronegativity,electronegativity_difference,avg_atomic_radius,avg_valence_electrons,ionic_radius_mismatch,is_mg,mg_lattice_strain,mg_electronegativity_diff,mg_size_mismatch,mg_bond_energy_diff,dataset_split
mp-aaaieipk,Bulk ZnO,2.7599,9.052018708854757,107.12755246471944,10,10.712755246471945,2,10.712755246471945,0,0.0,0.08449757789281967,0.09334666731318558,2.1055534589820755,23.07993152882022,0.0933466585995861,0.1,0.6,0.16666666666666669,2.684,2.17,0.9700000000000001,4.6,0.4902059145549066,0,0.0,0.0,0.0,0.0,Training
mp-aaaieipl,Bulk ZnO,1.8477999999999994,8.704603116827878,120.19176865479736,10,12.019176865479736,2,12.019176865479736,0,0.0,0.07242262273241322,0.08320037313637499,2.0263218368555957,25.894531584618225,0.08320036621407348,0.1,0.6,0.16666666666666669,2.6790000000000003,2.17,0.99,4.6,0.4957733814866922,0,0.0,0.0,0.0,0.0,Training
mp-aaaieipq,2D ZnO,4.540100000000001,5.818711730416606,116.79496014340394,10,11.679496014340394,1,11.679496014340394,1,0.0,0.049819887119035254,0.0856201328184173,2.0457786050357925,25.16271137538407,0.08562012548761079,0.2,0.6,0.33333333333333337,2.66,2.11,0.9400000000000001,4.3999999999999995,0.44807318486447417,0,0.0,0.0,0.0,0.0,Training
mp-aaaieipr,Bulk ZnO,0.3755000000000006,8.546323937608557,130.294760000224,10,13.029476000022399,2,13.029476000022399,0,0.0,0.06559223055166505,0.07674905729119735,1.9725333285182112,28.071155087386128,0.07674905140078002,0.1,0.6,0.16666666666666669,2.766,2.11,0.9700000000000001,5.0,0.4719803357627958,0,0.0,0.0,0.0,0.0,Training
mp-aaaieipw,Bulk ZnO,0.5140000000000002,9.124677801080896,127.03821750789888,10,12.703821750789889,2,12.703821750789889,0,0.0,0.07182624237083261,0.0787164697062774,1.9892461957002063,27.369554275883317,0.07871646350999527,0.1,0.6,0.16666666666666669,2.829,1.79,0.9600000000000001,5.199999999999999,0.46456464835321937,0,0.0,0.0,0.0,0.0,Training
mp-aaaieiqy,Bulk ZnO,2.6069000000000004,6.206966483732347,110.18342166894519,10,11.018342166894518,2,11.018342166894518,0,0.0,0.05633303440495494,0.09075775510081537,2.0859052716206046,23.738298590998628,0.09075774686384601,0.1,0.6,0.16666666666666669,2.674,2.2199999999999998,0.9800000000000001,4.6,0.5020781469440813,0,0.0,0.0,0.0,0.0,Test
mp-aaaieirp,Bulk ZnO,2.3053999999999997,8.783367023405168,126.99679725268355,10,12.699679725268355,2,12.699679725268355,0,0.0,0.06916211442662636,0.07874214323770036,1.9894624377124563,27.36063055241273,0.07874213703737573,0.1,0.6,0.16666666666666669,2.911,1.79,1.0,4.8,0.5064582904835175,0,0.0,0.0,0.0,0.0,Training
mp-aaaieirr,Bulk ZnO,1.5697999999999999,8.099447400642681,123.53683130553752,10,12.353683130553751,2,12.353683130553751,0,0.0,0.0655630172398604,0.08094751900562752,2.0078650218856815,26.615203486126685,0.08094751245312723,0.1,0.6,0.16666666666666669,2.616,2.17,1.0,4.3999999999999995,0.500999001994513,0,0.0,0.0,0.0,0.0,Training
mp-aaaieirz,Bulk ZnO,1.5134999999999996,5.666982014229437,126.1278510544364,10,12.61278510544364,2,12.61278510544364,0,0.0,0.04493045720555078,0.07928462997188487,1.9940207250486872,27.173421769085234,0.07928462368583283,0.1,0.6,0.16666666666666669,2.606,2.2199999999999998,1.0100000000000002,4.3999999999999995,0.5110292237842043,0,0.0,0.0,0.0,0.0,Training
mp-aaaieiso,Bulk ZnO,3.6273,4.3526215182948516,167.3413643043481,14,11.952954593167721,1,11.952954593167721,0,0.0,0.026010434039360555,0.0836613234163541,2.540545245834134,28.80832104676097,0.08366131641713766,0.14285714285714285,0.5714285714285714,0.25,2.59,2.08,0.9928571428571429,4.285714285714286,0.4634567887306529,0,0.0,0.0,0.0,0.0,Training
mp-aaaieisy,Bulk ZnO,1.7454,6.191518308771418,122.81411478505713,10,12.281411478505714,2,12.281411478505714,0,0.0,0.05041373558411825,0.08142386579507965,2.0117958405901217,26.459498931848476,0.08142385916523427,0.1,0.6,0.16666666666666669,2.669,2.2199999999999998,1.0,4.6,0.5064582904835175,0,0.0,0.0,0.0,0.0,Training
mp-aaaieiti,Bulk ZnO,1.2817999999999996,9.407989153677173,115.08110294269355,10,11.508110294269354,2,11.508110294269354,0,0.0,0.08175094705480908,0.08689523948149556,2.055884259659941,24.79347203468693,0.08689523193071359,0.1,0.6,0.16666666666666669,2.834,1.79,0.9400000000000001,5.199999999999999,0.45496605915575217,0,0.0,0.0,0.0,0.0,Training
mp-aaaieius,Bulk ZnO,2.2964,4.6938080575818,119.39863190825193,10,11.939863190825193,2,11.939863190825193,0,0.0,0.03931207571279885,0.08375305344942462,2.0307987299860137,25.723655452548574,0.08375304643485125,0.1,0.6,0.16666666666666669,2.645,2.44,1.0,4.3999999999999995,0.5064582904835175,0,0.0,0.0,0.0,0.0,Test
mp-aaaieixf,Bulk ZnO,3.0221,9.825519208104192,128.38210770428574,10,12.838210770428574,2,12.838210770428574,0,0.0,0.07653340004929822,0.07789247410576804,1.9822807621305427,27.65908664175228,0.07789246803853099,0.1,0.6,0.16666666666666669,2.931,1.79,0.9900000000000001,4.8,0.5034317492672535,0,0.0,0.0,0.0,0.0,Training
mp-aaaieizj,Bulk ZnO,1.1028000000000002,8.716826762351513,119.48674240288989,10,11.94867424028899,2,11.94867424028899,0,0.0,0.07295225049286044,0.0836912932673453,2.0302994314092673,25.742638283168965,0.08369128626311331,0.1,0.6,0.16666666666666669,2.787,1.9,0.9550000000000001,5.0,0.46147607852140804,0,0.0,0.0,0.0,0.0,Training
mp-aaaiejbr,Bulk ZnO,2.4032,8.296274104391875,111.92784412686315,10,11.192784412686315,2,11.192784412686315,0,0.0,0.07412162870740699,0.08934327358852397,2.0750120371955623,24.114123016739544,0.08934326560630415,0.1,0.6,0.16666666666666669,2.637,2.17,0.985,4.3999999999999995,0.4937445274929645,0,0.0,0.0,0.0,0.0,Training
mp-aaaiejbu,Bulk ZnO,2.2315000000000005,5.6015094421775204,114.74911854435211,10,11.474911854435211,2,11.474911854435211,0,0.0,0.04881527207559734,0.08714663891849297,2.0578649991932427,24.721948164253316,0.08714663132395697,0.1,0.6,0.16666666666666669,2.6270000000000002,2.2199999999999998,0.995,4.3999999999999995,0.5047437902341623,0,0.0,0.0,0.0,0.0,Training
mp-aaadipzi,Bulk ZnO,0.4771000000000001,6.907602311547927,129.1601164483537,10,12.91601164483537,3,12.91601164483537,0,0.0,0.053480923535014144,0.07742328107917607,1.9782925888764615,27.826703544489096,0.07742327508481207,0.1,0.6,0.16666666666666669,2.685,2.44,0.995,4.3999999999999995,0.5092265051468613,0,0.0,0.0,0.0,0.0,Training
mp-aaadiqye,Bulk ZnO,3.0696999999999997,6.8121490879737765,128.84879570119665,10,12.884879570119665,3,12.884879570119665,0,0.0,0.052869326802023886,0.07761034897982463,1.979884605217769,27.759631522748915,0.07761034295645884,0.1,0.6,0.16666666666666669,2.661,2.62,1.0350000000000001,4.3,0.5596571966300729,0,0.0,0.0,0.0,0.0,Training
mp-aaadircg,Bulk ZnO,0.4902999999999995,8.63934543281112,124.77540128325113,10,12.477540128325113,2,12.477540128325113,0,0.0,0.06923917169538127,0.08014400191989061,2.0011992966990557,26.882045298728507,0.08014399549683009,0.1,0.6,0.16666666666666669,2.705,2.24,1.0,4.3999999999999995,0.5147815070488353,0,0.0,0.0,0.0,0.0,Training
mp-aaadpghk,Bulk ZnO,3.0493,3.8247957339815777,259.0019402039861,22,11.772815463817551,2,11.772815463817551,0,0.0,0.014767440471562587,0.0849414486342192,3.451344743268745,32.987891962164724,0.08494144141917012,0.09090909090909091,0.6363636363636364,0.14285714285714288,2.908181818181818,1.79,0.8090909090909091,5.090909090909092,0.36590246040255414,0,0.0,0.0,0.0,0.0,Test
mp-aaadpuzv,Bulk ZnO,0.5333999999999999,4.689499634904267,508.0325752587357,40,12.700814381468392,2,12.700814381468392,0,0.0,0.00923070657923058,0.07873510862886778,5.0129819155516495,43.43617419103285,0.07873510242965094,0.1,0.6,0.16666666666666669,2.797,1.79,0.885,4.8,0.397131339452432,0,0.0,0.0,0.0,0.0,Training
mp-aaadqopy,Bulk ZnO,1.8826999999999998,7.147249128981263,625.1652986101476,52,12.022409588656684,2,12.022409588656684,0,0.0,0.011432574944372081,0.08317800126719309,6.081420809190298,44.87377792148775,0.08317799434861377,0.15384615384615385,0.6153846153846154,0.25,2.7292307692307696,1.94,0.9076923076923078,4.461538461538462,0.42987074077825177,0,0.0,0.0,0.0,0.0,Training
mp-aaadxobz,Bulk ZnO,1.8489,7.170136198729286,117.3227076837354,10,11.73227076837354,2,11.73227076837354,0,0.0,0.061114649843043906,0.0852349915666523,2.042706515639076,25.27641113623098,0.08523498430164914,0.2,0.6,0.33333333333333337,2.846,1.79,0.91,4.3999999999999995,0.4183047540802938,0,0.0,0.0,0.0,0.0,Test
mp-aaadyzpi,Bulk ZnO,1.5067000000000004,5.248132313954016,305.13737057985725,28,10.897763234994901,1,10.897763234994901,0,0.0,0.017199244733547087,0.09176194953371712,4.159038093411497,33.09202765749757,0.09176194111346252,0.14285714285714285,0.5714285714285714,0.25,2.724285714285714,1.79,0.9357142857142857,4.285714285714286,0.4146099424117789,0,0.0,0.0,0.0,0.0,Training
mp-aaaewbvb,Bulk ZnO,1.0808000000000004,4.711955149362158,178.49491830403082,15,11.89966122026872,2,11.89966122026872,0,0.0,0.02639825936857358,0.08403600585676319,2.6640925430557107,29.34708818186878,0.0840359987947135,0.13333333333333333,0.5333333333333333,0.25,2.63,2.13,0.9733333333333334,4.133333333333334,0.4113297413590529,1,15.333333333333332,10.333333333333332,15.333333333333332,4466.666666666666,Training
mp-aaaewbvf,Bulk ZnO,0.5257999999999998,4.729375214052504,159.20879380455136,14,11.372056700325098,2,11.372056700325098,0,0.0,0.029705489885554947,0.0879348411946814,2.583086908351754,27.40827448405063,0.08793483346214578,0.07142857142857142,0.5714285714285714,0.125,2.714285714285714,2.13,0.9321428571428572,4.285714285714286,0.41331389876657276,1,23.0,15.5,23.0,6700.0,Training
mp-aaaewbvw,Bulk ZnO,0.6014000000000002,4.528857930456274,166.25783692944896,14,11.875559780674925,2,11.875559780674925,0,0.0,0.027239966633140322,0.0842065568670959,2.546052338311949,28.621788538144166,0.08420654977635228,0.07142857142857142,0.5714285714285714,0.125,2.714285714285714,2.13,0.9321428571428572,4.285714285714286,0.41331389876657276,1,23.0,15.5,23.0,6700.0,Training
mp-aaaewbwa,Bulk ZnO,0.1985999999999999,4.988455962487484,150.9401163286966,14,10.781436880621186,2,10.781436880621186,0,0.0,0.03304923888904598,0.09275201543844531,2.629419073257608,25.98479669452268,0.09275200683550976,0.07142857142857142,0.5714285714285714,0.125,2.714285714285714,2.13,0.9321428571428572,4.285714285714286,0.41331389876657276,1,23.0,15.5,23.0,6700.0,Training
mp-aaaewbwg,Bulk ZnO,1.8203999999999998,5.966453450743971,151.0757512699076,11,13.734159206355237,3,13.734159206355237,0,0.0,0.039493124479549835,0.07281115538090369,2.065353671234031,30.544496635643323,0.07281115007943972,0.18181818181818182,0.5454545454545454,0.33333333333333337,2.6854545454545455,2.13,0.9772727272727273,4.181818181818182,0.42881602126899787,1,15.333333333333332,10.333333333333332,15.333333333333332,4466.666666666666,Test
mp-aaaewbxa,Bulk ZnO,1.8600000000000003,4.038599758730104,194.55231484166833,17,11.444253814215784,3,11.444253814215784,0,0.0,0.02075842562971723,0.08738009626786007,2.933842443741672,29.426399151313344,0.08738008863257951,0.11764705882352941,0.5882352941176471,0.19999999999999998,2.71,2.13,0.888235294117647,4.588235294117647,0.40015566463586194,1,15.333333333333332,10.333333333333332,15.333333333333332,4466.666666666666,Training
mp-aaaewbyc,Bulk ZnO,0.3543000000000003,4.630350682262558,162.613627983468,14,11.615259141676287,2,11.615259141676287,0,0.0,0.02847455492926644,0.08609364524739156,2.5649312131281494,27.994426966701727,0.08609363783527645,0.07142857142857142,0.5714285714285714,0.125,2.714285714285714,2.13,0.9321428571428572,4.285714285714286,0.41331389876657276,1,23.0,15.5,23.0,6700.0,Training
mp-aaaewbyq,Bulk ZnO,1.8008000000000002,4.0029650534672285,196.2842346323715,17,11.54613144896303,3,11.54613144896303,0,0.0,0.02039371659656997,0.08660909538578059,2.9251879906054534,29.688355238038735,0.08660908788464583,0.11764705882352941,0.5882352941176471,0.19999999999999998,2.71,2.13,0.888235294117647,4.588235294117647,0.40015566463586194,1,15.333333333333332,10.333333333333332,15.333333333333332,4466.666666666666,Training
mp-aaaewbyy,Bulk ZnO,1.6339000000000001,3.933485734137231,199.75131089480976,17,11.750077111459397,3,11.750077111459397,0,0.0,0.01969191449366071,0.08510582445665302,2.908164990886797,30.21275696551025,0.08510581721365228,0.11764705882352941,0.5882352941176471,0.19999999999999998,2.71,2.13,0.888235294117647,4.588235294117647,0.40015566463586194,1,15.333333333333332,10.333333333333332,15.333333333333332,4466.666666666666,Training
mp-aaaewbzc,Bulk ZnO,1.2684000000000002,4.546010601643509,185.01057809535007,15,12.334038539690004,2,12.334038539690004,0,0.0,0.024571625300800926,0.08107644521963148,2.6324435825240746,30.418354771840853,0.08107643864624205,0.13333333333333333,0.5333333333333333,0.25,2.63,2.13,0.9733333333333334,4.133333333333334,0.4113297413590529,1,15.333333333333332,10.333333333333332,15.333333333333332,4466.666666666666,Training
mp-aaaewbzg,Bulk ZnO,1.1511999999999998,6.706766887070872,134.3995478992638,11,12.218140718114892,3,12.218140718114892,0,0.0,0.04990170719992139,0.08184551341083979,2.1474682383717663,27.1729017008618,0.08184550671215227,0.18181818181818182,0.5454545454545454,0.33333333333333337,2.6854545454545455,2.13,0.9772727272727273,4.181818181818182,0.42881602126899787,1,15.333333333333332,10.333333333333332,15.333333333333332,4466.666666666666,Test
mp-aaaewbzi,Bulk ZnO,1.2906000000000004,5.034296872113681,167.0660413565423,15,11.137736090436155,2,11.137736090436155,0,0.0,0.030133573712743854,0.08978485321255623,2.7235072248313057,27.468019226939894,0.0897848451512371,0.13333333333333333,0.5333333333333333,0.25,2.63,2.13,0.9733333333333334,4.133333333333334,0.4113297413590529,1,15.333333333333332,10.333333333333332,15.333333333333332,4466.666666666666,Test
mp-aaaewbzm,Bulk ZnO,0.9544000000000001,4.950119631180957,169.90701480016614,15,11.327134320011076,2,11.327134320011076,0,0.0,0.02913428640367188,0.08828358274460915,2.7082421263461045,27.935115427574377,0.08828357495061886,0.13333333333333333,0.5333333333333333,0.25,2.63,2.13,0.9733333333333334,4.133333333333334,0.4113297413590529,1,15.333333333333332,10.333333333333332,15.333333333333332,4466.666666666666,Test
mp-aaaewbzo,Bulk ZnO,0.35680000000000023,4.779500927757678,157.5390683377677,14,11.252790595554837,2,11.252790595554837,0,0.0,0.03033851207949452,0.0888668452068261,2.592180731713733,27.12082620426027,0.08886683730951062,0.07142857142857142,0.5714285714285714,0.125,2.714285714285714,2.13,0.9321428571428572,4.285714285714286,0.41331389876657276,1,23.0,15.5,23.0,6700.0,Training
mp-aaaewcaf,Bulk ZnO,1.9182000000000001,3.799088504773815,206.81774872910577,17,12.165749925241515,3,12.165749925241515,0,0.0,0.01836925761023509,0.08219797432505155,2.8746588965927202,31.281568819325315,0.08219796756854514,0.11764705882352941,0.5882352941176471,0.19999999999999998,2.71,2.13,0.888235294117647,4.588235294117647,0.40015566463586194,1,15.333333333333332,10.333333333333332,15.333333333333332,4466.666666666666,Test
mp-aaaewcax,Bulk ZnO,0.2918000000000003,4.776944429874203,157.62337919812677,14,11.258812799866197,2,11.258812799866197,0,0.0,0.030306065344975,0.08881931139417153,2.591718473794877,27.135340573394583,0.08881930350530216,0.07142857142857142,0.5714285714285714,0.125,2.714285714285714,2.13,0.9321428571428572,4.285714285714286,0.41331389876657276,1,23.0,15.5,23.0,6700.0,Training
mp-aaaewcbx,Bulk ZnO,0.8692000000000002,6.318871998128181,142.6498966516639,11,12.968172422878537,3,12.968172422878537,0,0.0,0.04429636576294341,0.07711186799427446,2.105242835454046,28.840957279551912,0.07711186204803473,0.18181818181818182,0.5454545454545454,0.33333333333333337,2.6854545454545455,2.13,0.9772727272727273,4.181818181818182,0.42881602126899787,1,15.333333333333332,10.333333333333332,15.333333333333332,4466.666666666666,Training
mp-aaaewdhp,Bulk ZnO,2.2319000000000004,6.353054628313478,550.5233266046043,41,13.427398209868398,3,13.427398209868398,0,0.0,0.011540028044763223,0.07447459175412367,5.002555876458914,46.300586000752425,0.07447458620765927,0.0975609756097561,0.5853658536585366,0.16666666666666669,2.6221951219512194,2.49,1.0414634146341464,4.341463414634146,0.5406641594628343,1,9.200000000000001,6.2,9.200000000000001,2680.0,Training
mp-aaaewdpl,Bulk ZnO,2.2531,6.342028801894898,551.4804295803442,41,13.450742184886444,3,13.450742184886444,0,0.0,0.01150000700246234,0.07434533992656721,4.999660195794603,46.381081097868716,0.07434533439933806,0.0975609756097561,0.5853658536585366,0.16666666666666669,2.6221951219512194,2.49,1.0414634146341464,4.341463414634146,0.5406641594628343,1,9.200000000000001,6.2,9.200000000000001,2680.0,Training
mp-aaaewdvv,Bulk ZnO,2.003,4.026423471140799,118.60652017514461,10,11.860652017514461,2,11.860652017514461,0,0.0,0.03394774136527262,0.08431239686682603,2.0353095884687167,25.55300015292981,0.08431238975824637,0.1,0.6,0.16666666666666669,2.686,2.13,0.915,4.3999999999999995,0.4240169559463419,1,23.0,15.5,23.0,6700.0,Training
mp-aaaewdya,Bulk ZnO,1.7698,4.250816688872772,112.34548831842852,10,11.234548831842853,2,11.234548831842853,0,0.0,0.03783700398207706,0.08901114009720011,2.0724375595929767,24.20410173017942,0.08901113217421776,0.1,0.6,0.16666666666666669,2.686,2.13,0.915,4.3999999999999995,0.4240169559463419,1,23.0,15.5,23.0,6700.0,Training
mp-aaaewdyj,Bulk ZnO,1.8041,3.859563761161537,123.73421096684127,10,12.373421096684128,2,12.373421096684128,0,0.0,0.031192373806754516,0.08081839227697371,2.0067968111546906,26.657727645068643,0.08081838574536171,0.1,0.6,0.16666666666666669,2.686,2.13,0.915,4.3999999999999995,0.4240169559463419,1,23.0,15.5,23.0,6700.0,Training
mp-aaaewebb,2D ZnO,2.7318000000000002,5.411991541109471,197.65858214014696,11,17.968962012740633,3,17.968962012740633,1,50.0,0.027380503707510034,0.055651517282465424,1.8883715984439413,39.962613764531504,0.055651514185374215,0.09090909090909091,0.5454545454545454,0.16666666666666669,2.5218181818181815,2.55,1.1,4.181818181818182,0.5475167628111347,1,23.0,15.5,23.0,6700.0,Test
mp-aaaewebi,2D ZnO,0.2090999999999994,5.3790224949147465,180.6801388725654,11,16.42546717023322,3,16.42546717023322,1,50.0,0.0297709672379021,0.06088106899097722,1.9457597407253793,36.529911964898595,0.06088106528447288,0.09090909090909091,0.5454545454545454,0.16666666666666669,2.5318181818181817,2.34,1.0727272727272728,4.454545454545454,0.5091803012130779,1,23.0,15.5,23.0,6700.0,Training
mp-aaaewebk,2D ZnO,0.7161999999999997,5.408485161898843,200.03838479866897,11,18.185307708969905,3,18.185307708969905,1,50.0,0.027037236715054855,0.05498944620589234,1.880853222087663,40.443762285625766,0.054989443182053316,0.09090909090909091,0.5454545454545454,0.16666666666666669,2.6527272727272724,2.13,1.0045454545454544,4.727272727272727,0.4464300265849162,1,23.0,15.5,23.0,6700.0,Training
mp-aaaewebl,Bulk ZnO,2.1681999999999997,4.993550189789197,120.64746730759434,11,10.967951573417666,2,10.967951573417666,0,0.0,0.041389598150933335,0.09117472787021023,2.226144145622067,24.392505933609293,0.09117471955738,0.18181818181818182,0.5454545454545454,0.33333333333333337,2.628181818181818,2.13,0.9636363636363636,4.181818181818182,0.41514793822009993,1,15.333333333333332,10.333333333333332,15.333333333333332,4466.666666666666,Test
mp-aaaewech,Bulk ZnO,0.6231,4.988728702246818,120.16029546343955,11,10.92366322394905,2,10.92366322394905,0,0.0,0.041517280587618964,0.0915443820903961,2.2291486110868277,24.294009526146912,0.09154437371002298,0.18181818181818182,0.5454545454545454,0.33333333333333337,2.577272727272727,2.13,0.9636363636363636,4.181818181818182,0.41514793822009993,1,15.333333333333332,10.333333333333332,15.333333333333332,4466.666666666666,Training
mp-aaaewect,2D ZnO,2.5498000000000003,4.599460204203379,196.68519856869545,11,17.88047259715413,3,17.88047259715413,1,50.0,0.02338488222639155,0.055926933394319825,1.8914816205853466,39.765815066041014,0.05592693026649812,0.09090909090909091,0.5454545454545454,0.16666666666666669,2.5327272727272723,2.49,1.0727272727272728,4.181818181818182,0.518024721591458,1,23.0,15.5,23.0,6700.0,Training
mp-aaaewecw,Bulk ZnO,0.8502999999999998,6.789752831964251,129.83965943737437,11,11.80360540339767,3,11.80360540339767,0,0.0,0.05229336599761459,0.084719877175168,2.172318809223896,26.250983414092815,0.08471986999771103,0.18181818181818182,0.5454545454545454,0.33333333333333337,2.706363636363636,2.13,0.9636363636363636,4.181818181818182,0.415737066726563,1,15.333333333333332,10.333333333333332,15.333333333333332,4466.666666666666,Training
mp-aaaewedd,Bulk ZnO,0.6458000000000004,6.35045962166476,129.14466018331876,11,11.740423653028978,3,11.740423653028978,0,0.0,0.049173226462870284,0.08517580196026438,2.176208658358903,26.110468459185526,0.08517579470534777,0.18181818181818182,0.5454545454545454,0.33333333333333337,2.6809090909090907,2.13,0.9545454545454546,4.181818181818182,0.4090806018074673,1,15.333333333333332,10.333333333333332,15.333333333333332,4466.666666666666,Training
mp-aaaewedg,2D ZnO,0.5507999999999997,5.583526140660379,193.76727335709265,11,17.615206668826605,3,17.615206668826605,1,50.0,0.028815630441217644,0.05676913242066507,1.9009289107765581,39.17586892273421,0.056769129197930854,0.09090909090909091,0.5454545454545454,0.16666666666666669,2.6527272727272724,2.13,1.0045454545454544,4.727272727272727,0.4464300265849162,1,23.0,15.5,23.0,6700.0,Training
mp-aaaewedh,2D ZnO,0.3883000000000001,5.84828541332742,190.94748875317237,11,17.35886261392476,3,17.35886261392476,1,50.0,0.030627715774189556,0.05760746094031702,1.9102404395444597,38.6057648482967,0.05760745762169765,0.09090909090909091,0.5454545454545454,0.16666666666666669,2.5290909090909093,2.34,1.0863636363636364,4.454545454545454,0.5129236124086308,1,23.0,15.5,23.0,6700.0,Training
mp-aaaewehq,Bulk ZnO,2.0656,3.529533230074115,135.30403187435323,10,13.530403187435322,2,13.530403187435322,0,0.0,0.026085942755584176,0.07390762759594817,1.947883986466504,29.150369997128635,0.07390762213361117,0.1,0.6,0.16666666666666669,2.686,2.13,0.915,4.3999999999999995,0.4240169559463419,1,23.0,15.5,23.0,6700.0,Test
mp-aaaewemo,2D ZnO,0.44840000000000035,5.4865943323718565,177.13766910842568,11,16.103424464402334,3,16.103424464402334,1,50.0,0.03097361707414994,0.062098592893118164,1.9586449175182388,35.81369539881764,0.062098589036883166,0.09090909090909091,0.5454545454545454,0.16666666666666669,2.5318181818181817,2.34,1.0727272727272728,4.454545454545454,0.5091803012130779,1,23.0,15.5,23.0,6700.0,Training
mp-aaaewenk,2D ZnO,0.2509000000000001,6.101279182818517,177.3242304729319,11,16.120384588448356,3,16.120384588448356,1,50.0,0.034407475879332024,0.062033259474255115,1.9579577850833538,35.85141437702958,0.06203325562613006,0.09090909090909091,0.5454545454545454,0.16666666666666669,2.6527272727272724,2.13,1.0045454545454544,4.727272727272727,0.4464300265849162,1,23.0,15.5,23.0,6700.0,Training
mp-aaaewenm,Bulk ZnO,0.8659000000000003,6.81153471452144,129.42445899699476,11,11.765859908817704,3,11.765859908817704,0,0.0,0.05262942389181325,0.08499166297658946,2.1746393003943676,26.167038185638283,0.08499165575300731,0.18181818181818182,0.5454545454545454,0.33333333333333337,2.706363636363636,2.13,0.9636363636363636,4.181818181818182,0.415737066726563,1,15.333333333333332,10.333333333333332,15.333333333333332,4466.666666666666,Training
mp-aaaewenn,2D ZnO,1.1465999999999998,5.88244929359452,183.92077551300156,11,16.72007050118196,3,16.72007050118196,1,50.0,0.031983604229521546,0.059808360253583194,1.9342640285400228,37.185103907544,0.059808356676543446,0.09090909090909091,0.5454545454545454,0.16666666666666669,2.6527272727272724,2.13,1.0045454545454544,4.727272727272727,0.4464300265849162,1,23.0,15.5,23.0,6700.0,Training
mp-aaaeweno,2D ZnO,0.9382999999999999,6.102929451252617,175.2808357223607,11,15.934621429305519,3,15.934621429305519,1,50.0,0.03481800749124373,0.0627564328676733,1.9655369239364853,35.438280809534646,0.06275642892930368,0.09090909090909091,0.5454545454545454,0.16666666666666669,2.5218181818181815,2.55,1.1,4.181818181818182,0.5475167628111347,1,23.0,15.5,23.0,6700.0,Training
mp-aaaeweou,Bulk ZnO,2.0822000000000003,6.0415099318426,149.73835246127723,11,13.612577496479748,3,13.612577496479748,0,0.0,0.04034711102758361,0.07346147342475022,2.0714844062968867,30.27410133350286,0.07346146802816256,0.09090909090909091,0.5454545454545454,0.16666666666666669,2.5327272727272723,2.49,1.0727272727272728,4.181818181818182,0.518024721591458,1,23.0,15.5,23.0,6700.0,Training
mp-aaaewepe,Bulk ZnO,1.4916999999999998,6.532064861641731,123.52256830937205,11,11.229324391761095,3,11.229324391761095,0,0.0,0.05288154991468165,0.08905255250562497,2.2087365308769993,24.973793877821066,0.08905254457526857,0.18181818181818182,0.5454545454545454,0.33333333333333337,2.658181818181818,2.13,0.9545454545454546,4.181818181818182,0.4090806018074673,1,15.333333333333332,10.333333333333332,15.333333333333332,4466.666666666666,Training
mp-aaaeweqn,2D ZnO,0.7849000000000004,5.465830310544405,197.9396678134439,11,17.994515255767627,3,17.994515255767627,1,50.0,0.027613617679180375,0.05557248893823237,1.8874773096956137,40.01944366827302,0.055572485849931005,0.09090909090909091,0.5454545454545454,0.16666666666666669,2.6527272727272724,2.13,1.0045454545454544,4.727272727272727,0.4464300265849162,1,23.0,15.5,23.0,6700.0,Training
mp-aaaewerd,Bulk ZnO,0.36119999999999974,3.9262377908475057,146.69606187133417,11,13.336005624666742,2,13.336005624666742,0,0.0,0.026764438941047883,0.07498497137331474,2.0857065264584325,29.659010996979248,0.07498496575056923,0.18181818181818182,0.5454545454545454,0.33333333333333337,2.575454545454545,2.13,0.9636363636363636,4.181818181818182,0.41514793822009993,1,15.333333333333332,10.333333333333332,15.333333333333332,4466.666666666666,Training
mp-aaaewesf,Bulk ZnO,1.3728000000000002,6.465865808482144,126.0465196058808,11,11.458774509625528,3,11.458774509625528,0,0.0,0.051297456119371296,0.08726936717010936,2.193894464411495,25.48408637173035,0.08726935955416758,0.18181818181818182,0.5454545454545454,0.33333333333333337,2.6763636363636363,2.13,0.959090909090909,4.181818181818182,0.4121860645523457,1,15.333333333333332,10.333333333333332,15.333333333333332,4466.666666666666,Training
mp-aaaewesk,Bulk ZnO,0.5841999999999992,5.991821057110523,155.04592072519887,11,14.095083702290806,3,14.095083702290806,0,0.0,0.038645460835634235,0.07094672306468636,2.047572259170648,31.347185528802793,0.07094671803124922,0.09090909090909091,0.5454545454545454,0.16666666666666669,2.541818181818182,2.34,1.0727272727272728,4.181818181818182,0.5091803012130779,1,23.0,15.5,23.0,6700.0,Training
mp-aaaewesq,Bulk ZnO,1.2242000000000002,5.985764190496552,135.90476024400533,11,12.354978204000485,3,12.354978204000485,0,0.0,0.04404381553486152,0.08093903392530508,2.139510697296784,27.47722554511492,0.0809390273741784,0.18181818181818182,0.5454545454545454,0.33333333333333337,2.650909090909091,2.13,0.959090909090909,4.181818181818182,0.4121860645523457,1,15.333333333333332,10.333333333333332,15.333333333333332,4466.666666666666,Test
mp-aaaewetx,Bulk ZnO,1.1192000000000002,6.372060572644488,127.66574295902781,11,11.605976632638892,3,11.605976632638892,0,0.0,0.04991206274254397,0.08616250330780018,2.184579695646214,25.811460962601604,0.08616249588382384,0.18181818181818182,0.5454545454545454,0.33333333333333337,2.650909090909091,2.13,0.959090909090909,4.181818181818182,0.4121860645523457,1,15.333333333333332,10.333333333333332,15.333333333333332,4466.666666666666,Training
mp-aaaeweuq,2D ZnO,0.5626999999999995,6.219249166539164,173.96065136201344,11,15.81460466927395,3,15.81460466927395,1,50.0,0.03575089606670223,0.06323269034621465,1.9704965407202086,35.1713659246898,0.06323268634784178,0.09090909090909091,0.5454545454545454,0.16666666666666669,2.6527272727272724,2.13,1.0045454545454544,4.727272727272727,0.4464300265849162,1,23.0,15.5,23.0,6700.0,Training
mp-aaaeweux,2D ZnO,1.7010000000000005,4.812605665598016,176.44917887836647,11,16.04083444348786,3,16.04083444348786,1,50.0,0.027274741068166374,0.06234089651152609,1.9611891019460896,35.67449643843553,0.062340892625138956,0.09090909090909091,0.5454545454545454,0.16666666666666669,2.4854545454545454,2.34,1.0681818181818181,4.181818181818182,0.5085774014745422,1,23.0,15.5,23.0,6700.0,Test
mp-aaaewevr,Bulk ZnO,0.9669000000000003,6.44126475303494,128.51322286940032,11,11.683020260854574,3,11.683020260854574,0,0.0,0.05012141637425731,0.08559430504033494,2.179767033845794,25.98280445785851,0.08559429771395052,0.18181818181818182,0.5454545454545454,0.33333333333333337,2.6827272727272726,2.13,0.9545454545454546,4.181818181818182,0.4090806018074673,1,15.333333333333332,10.333333333333332,15.333333333333332,4466.666666666666,Training
mp-aaaewews,Bulk ZnO,2.0519999999999996,5.128860617344146,117.46452637728187,11,10.678593307025624,2,10.678593307025624,0,0.0,0.04366305961061696,0.09364529308762824,2.246072520480063,23.748978910111738,0.09364528431818817,0.18181818181818182,0.5454545454545454,0.33333333333333337,2.628181818181818,2.13,0.9636363636363636,4.181818181818182,0.41514793822009993,1,15.333333333333332,10.333333333333332,15.333333333333332,4466.666666666666,Training
mp-aaaewexe,Bulk ZnO,1.5308000000000006,6.158344421752684,132.09619200789422,11,12.008744727990383,3,12.008744727990383,0,0.0,0.046620151028915764,0.08327265027702409,2.159878156958835,26.707209187779846,0.0832726433426904,0.18181818181818182,0.5454545454545454,0.33333333333333337,2.650909090909091,2.13,0.959090909090909,4.181818181818182,0.4121860645523457,1,15.333333333333332,10.333333333333332,15.333333333333332,4466.666666666666,Test
mp-aaaewexn,Bulk ZnO,0.9813999999999998,5.109964140770328,119.90599215417267,11,10.900544741288424,2,10.900544741288424,0,0.0,0.0426164201552166,0.09173853451674396,2.230723399172039,24.24259448098551,0.09173852610078602,0.18181818181818182,0.5454545454545454,0.33333333333333337,2.637272727272727,2.13,0.9545454545454546,4.181818181818182,0.4090806018074672,1,15.333333333333332,10.333333333333332,15.333333333333332,4466.666666666666,Training
mp-aaaeweyd,2D ZnO,0.7294,5.525979424402921,163.70776546463534,11,14.882524133148667,3,14.882524133148667,1,50.0,0.03375514538799725,0.06719290296816283,2.0108033107613674,33.09843736954,0.06719289845327693,0.09090909090909091,0.5454545454545454,0.16666666666666669,2.5327272727272723,2.49,1.0727272727272728,4.181818181818182,0.518024721591458,1,23.0,15.5,23.0,6700.0,Training
mp-aaaewfaa,Bulk ZnO,2.2862,5.9092855040424235,146.8123627650845,11,13.3465784331895,3,13.3465784331895,0,0.0,0.04025059874213668,0.07492557025051888,2.085155633674463,29.682524712635256,0.07492556463667822,0.09090909090909091,0.5454545454545454,0.16666666666666669,2.516363636363636,2.34,1.0636363636363635,4.181818181818182,0.5083135282456506,1,23.0,15.5,23.0,6700.0,Training
mp-aaaewfbt,Bulk ZnO,0.8675999999999999,5.8962209501817044,136.84314663420554,11,12.44028605765505,3,12.44028605765505,0,0.0,0.04308744058584718,0.08038400366080461,2.134608991714453,27.66694851321187,0.08038399719921709,0.18181818181818182,0.5454545454545454,0.33333333333333337,2.658181818181818,2.13,0.9545454545454546,4.181818181818182,0.4090806018074673,1,15.333333333333332,10.333333333333332,15.333333333333332,4466.666666666666,Training
mp-aaaewfcz,Bulk ZnO,2.1423,5.16402894537993,116.66456358855659,11,10.605869417141507,2,10.605869417141507,0,0.0,0.04426390316422064,0.09428741394682566,2.251194564853416,23.58724242690071,0.09428740505671009,0.18181818181818182,0.5454545454545454,0.33333333333333337,2.628181818181818,2.13,0.9636363636363636,4.181818181818182,0.41514793822009993,1,15.333333333333332,10.333333333333332,15.333333333333332,4466.666666666666,Training
mp-aaaewfda,Bulk ZnO,0.16719999999999935,4.8273959091767376,119.31145336408935,11,10.84649576037176,2,10.84649576037176,0,0.0,0.040460456838502475,0.09219567518327462,2.2344225543147025,24.122390623511283,0.09219566668323288,0.18181818181818182,0.5454545454545454,0.33333333333333337,2.575454545454545,2.13,0.9636363636363636,4.181818181818182,0.41514793822009993,1,15.333333333333332,10.333333333333332,15.333333333333332,4466.666666666666,Training
mp-aaaewfdl,Bulk ZnO,0.9108999999999998,5.01150457995821,122.26175001847845,11,11.114704547134405,2,11.114704547134405,0,0.0,0.040989962757778116,0.08997090257858632,2.21630307595895,24.71888162538716,0.08997089448382375,0.18181818181818182,0.5454545454545454,0.33333333333333337,2.637272727272727,2.13,0.9545454545454546,4.181818181818182,0.4090806018074672,1,15.333333333333332,10.333333333333332,15.333333333333332,4466.666666666666,Training
mp-aaaewfdv,2D ZnO,0.8708,5.111847665346865,166.1200359542645,11,15.101821450387682,3,15.101821450387682,1,50.0,0.03077201155166038,0.06621717805929488,2.001022689062296,33.58615023699483,0.0662171736745805,0.09090909090909091,0.5454545454545454,0.16666666666666669,2.4854545454545454,2.34,1.0681818181818181,4.181818181818182,0.5085774014745422,1,23.0,15.5,23.0,6700.0,Training
mp-aaaewfep,Bulk ZnO,0.8180000000000001,5.201590871853935,117.7938317845687,11,10.708530162233517,2,10.708530162233517,0,0.0,0.04415843166870608,0.09338349753421493,2.243977520713996,23.815557880068347,0.09338348881373816,0.18181818181818182,0.5454545454545454,0.33333333333333337,2.637272727272727,2.13,0.9545454545454546,4.181818181818182,0.4090806018074672,1,15.333333333333332,10.333333333333332,15.333333333333332,4466.666666666666,Training
mp-aaaewffp,2D ZnO,0.2225999999999999,5.864856922047815,184.47246887244555,11,16.770224442949594,3,16.770224442949594,1,50.0,0.03179258649215076,0.05962949413121373,1.932333864843629,37.2966452754988,0.059629490575537375,0.09090909090909091,0.5454545454545454,0.16666666666666669,2.6527272727272724,2.13,1.0045454545454544,4.727272727272727,0.4464300265849162,1,23.0,15.5,23.0,6700.0,Training
mp-aaaewfil,Bulk ZnO,1.2483,4.1599403669831725,147.2958387252484,12,12.274653227104032,2,12.274653227104032,0,0.0,0.028242076646460654,0.08146869663021272,2.2722237076307614,28.101940742938407,0.08146868999306474,0.16666666666666666,0.5833333333333334,0.2857142857142857,2.6625,2.13,0.925,4.333333333333333,0.4178276982087458,1,15.333333333333332,10.333333333333332,15.333333333333332,4466.666666666666,Training
mp-aaaewfis,2D ZnO,0.1873999999999998,5.1085932365672555,191.818487731968,12,15.984873977664,2,15.984873977664,1,50.0,0.026632434115034836,0.06255914193614044,2.080739723860114,36.59622581530422,0.06255913802249445,0.08333333333333333,0.6666666666666666,0.125,2.8566666666666665,2.13,0.8625,4.666666666666667,0.43260323352411584,1,23.0,15.5,23.0,6700.0,Training
mp-aaaewfka,Bulk ZnO,1.3973000000000002,4.011614589059644,152.7419675541253,12,12.728497296177109,2,12.728497296177109,0,0.0,0.026263997074923745,0.07856386946009261,2.244890278068902,29.140984282471024,0.07856386328781151,0.16666666666666666,0.5833333333333334,0.2857142857142857,2.6625,2.13,0.925,4.333333333333333,0.4178276982087458,1,15.333333333333332,10.333333333333332,15.333333333333332,4466.666666666666,Training
mp-aaaewfwp,Bulk ZnO,2.4623,6.078000226985682,177.80121696684452,13,13.67701668975727,2,13.67701668975727,0,0.0,0.03418424424012282,0.07311536007329002,2.3118790488145526,32.159243767162,0.07311535472743454,0.15384615384615385,0.6153846153846154,0.25,2.8346153846153848,2.13,0.9,4.461538461538462,0.423659272867691,1,15.333333333333332,10.333333333333332,15.333333333333332,4466.666666666666,Training
mp-aaaewfxo,Bulk ZnO,1.8520999999999996,6.709515963850283,161.06613992802266,13,12.389703071386359,2,12.389703071386359,0,0.0,0.041656899251752325,0.08071218448402283,2.389325228520009,29.132338602311158,0.08071217796956663,0.15384615384615385,0.6153846153846154,0.25,2.8346153846153848,2.13,0.9,4.461538461538462,0.423659272867691,1,15.333333333333332,10.333333333333332,15.333333333333332,4466.666666666666,Training
mp-aaaewfyy,Bulk ZnO,2.3115,6.586410222481691,164.07660631190143,13,12.621277408607803,2,12.621277408607803,0,0.0,0.04014228701172216,0.07923128282704513,2.3746218742957845,29.676847374205884,0.07923127654944945,0.15384615384615385,0.6153846153846154,0.25,2.8346153846153848,2.13,0.9,4.461538461538462,0.423659272867691,1,15.333333333333332,10.333333333333332,15.333333333333332,4466.666666666666,Training
mp-aaaewgea,Bulk ZnO,2.1512000000000002,6.2442963961519995,173.06606998168277,13,13.312774613975598,2,13.312774613975598,0,0.0,0.03608041944219854,0.07511582138183362,2.3327742265046294,31.302788739649145,0.07511581573944742,0.15384615384615385,0.6153846153846154,0.25,2.8346153846153848,2.13,0.9,4.461538461538462,0.423659272867691,1,15.333333333333332,10.333333333333332,15.333333333333332,4466.666666666666,Training
mp-aaaewgqo,Bulk ZnO,0.9669000000000001,4.073087331875097,157.8193372272531,13,12.139949017481008,2,12.139949017481008,0,0.0,0.02580854414570266,0.08237266882752495,2.405599254883565,28.545083231964625,0.08237266204226894,0.15384615384615385,0.6153846153846154,0.25,2.726923076923077,2.13,0.9076923076923078,4.461538461538462,0.43041337532259255,1,15.333333333333332,10.333333333333332,15.333333333333332,4466.666666666666,Test
mp-aaaewgzv,Bulk ZnO,0.8888,4.0655827119086245,158.11065442165724,13,12.162358032435172,2,12.162358032435172,0,0.0,0.025713527825053012,0.08222089806377604,2.404120916247211,28.59777432614401,0.08222089130350052,0.15384615384615385,0.6153846153846154,0.25,2.726923076923077,2.13,0.9076923076923078,4.461538461538462,0.43041337532259255,1,15.333333333333332,10.333333333333332,15.333333333333332,4466.666666666666,Training
mp-aaaewmdk,2D ZnO,2.0930999999999997,5.368883670732185,160.35401719242816,11,14.577637926584378,3,14.577637926584378,1,50.0,0.03348144165474453,0.06859821906924708,2.024725116973514,32.42037651625182,0.06859821436353175,0.09090909090909091,0.5454545454545454,0.16666666666666669,2.4863636363636363,2.34,1.0681818181818181,4.181818181818182,0.5085774014745422,1,23.0,15.5,23.0,6700.0,Training
mp-aaaewmgu,2D ZnO,1.5517000000000003,4.968252628659521,170.92132414153434,11,15.53830219468494,3,15.53830219468494,1,50.0,0.029067482677266613,0.0643570956125478,1.9821077925368924,34.55687472222881,0.06435709147071231,0.09090909090909091,0.5454545454545454,0.16666666666666669,2.4854545454545454,2.34,1.0681818181818181,4.181818181818182,0.5085774014745422,1,23.0,15.5,23.0,6700.0,Training
mp-aaaewoie,Bulk ZnO,2.1797,3.5219039643526027,213.80801446068014,16,13.363000903792509,2,13.363000903792509,0,0.0,0.01647227290911628,0.07483349041128878,2.6757486963746007,33.6726522569048,0.07483348481123792,0.0625,0.625,0.1,2.7424999999999997,2.13,0.890625,4.5,0.4230217115239487,1,23.0,15.5,23.0,6700.0,Training
mp-aaaewpao,Bulk ZnO,1.3839000000000001,4.879429907766732,172.36850725100402,15,11.491233816733601,2,11.491233816733601,0,0.0,0.02830812881996639,0.0870228572447803,2.695288669038496,28.339819587783023,0.08702284967180328,0.13333333333333333,0.5333333333333333,0.25,2.63,2.13,0.9733333333333334,4.133333333333334,0.4113297413590529,1,15.333333333333332,10.333333333333332,15.333333333333332,4466.666666666666,Training
mp-aaaewpkt,Bulk ZnO,0.9017000000000004,4.829593805931106,172.89982266565758,15,11.526654844377171,2,11.526654844377171,0,0.0,0.027932902020786105,0.08675543889368831,2.6925249920082877,28.42717535384279,0.08675543136718279,0.13333333333333333,0.5333333333333333,0.25,2.5553333333333335,2.13,0.9733333333333334,4.133333333333334,0.4113297413590529,1,15.333333333333332,10.333333333333332,15.333333333333332,4466.666666666666,Test
mp-aaaewplr,Bulk ZnO,1.0690999999999997,4.470975384189429,166.3639538545371,14,11.883139561038364,2,11.883139561038364,0,0.0,0.026874664136070578,0.08415284486590838,2.5455108814541028,28.640056887151257,0.08415283778420768,0.14285714285714285,0.5714285714285714,0.25,2.627142857142857,2.13,0.9428571428571428,4.285714285714286,0.42132383519604805,1,15.333333333333332,10.333333333333332,15.333333333333332,4466.666666666666,Training
mp-aaaewrnw,Bulk ZnO,0.38649999999999984,3.754148607041617,171.227090472533,13,13.171314651733308,2,13.171314651733308,0,0.0,0.021924968745782838,0.0759225655480338,2.3410958401043236,30.970169023505182,0.07592255978379828,0.15384615384615385,0.6153846153846154,0.25,2.726923076923077,2.13,0.9076923076923078,4.461538461538462,0.43041337532259255,1,15.333333333333332,10.333333333333332,15.333333333333332,4466.666666666666,Training
mp-aaaewrpa,Bulk ZnO,0.1221000000000001,4.701382763057694,177.61496025257773,15,11.840997350171849,2,11.840997350171849,0,0.0,0.026469520114589914,0.08445234556069611,2.668484869882891,29.20241063710892,0.08445233842849806,0.13333333333333333,0.5333333333333333,0.25,2.5553333333333335,2.13,0.9733333333333334,4.133333333333334,0.4113297413590529,1,15.333333333333332,10.333333333333332,15.333333333333332,4466.666666666666,Training
mp-aaaewrra,Bulk ZnO,1.2181000000000002,5.52309690483176,171.6546356826487,14,12.261045405903477,2,12.261045405903477,0,0.0,0.03217563500611041,0.08155911399842933,2.5190852029186472,29.55086373573951,0.0815591073465408,0.14285714285714285,0.5714285714285714,0.25,2.7578571428571426,2.13,0.9535714285714285,4.285714285714286,0.4298640088572126,1,15.333333333333332,10.333333333333332,15.333333333333332,4466.666666666666,Training
mp-aaaewrsq,Bulk ZnO,0.4769000000000001,4.844629382747432,153.53272329745081,14,10.966623092675059,2,10.966623092675059,0,0.0,0.03155437667422571,0.09118577264389896,2.6145345460606335,26.43112181093623,0.09118576432905459,0.14285714285714285,0.5714285714285714,0.25,2.627142857142857,2.13,0.9428571428571428,4.285714285714286,0.42132383519604805,1,15.333333333333332,10.333333333333332,15.333333333333332,4466.666666666666,Training
mp-aaaewrxw,Bulk ZnO,0.26129999999999987,4.461634004367745,162.81517307841094,14,11.629655219886496,2,11.629655219886496,0,0.0,0.027403060292292572,0.0859870719374396,2.563872420002193,28.029123563234524,0.0859870645436637,0.07142857142857142,0.5714285714285714,0.125,2.62,2.13,0.9464285714285715,4.2857142857142865,0.4238023142527824,1,23.0,15.5,23.0,6700.0,Training
mp-aaaewsap,Bulk ZnO,0.4557000000000002,4.8254454004722,173.04846357000184,15,11.536564238000123,2,11.536564238000123,0,0.0,0.027884936398295167,0.0866809198449322,2.6917538515881985,28.451614020045007,0.08668091233135099,0.13333333333333333,0.5333333333333333,0.25,2.5553333333333335,2.13,0.9733333333333334,4.133333333333334,0.4113297413590529,1,15.333333333333332,10.333333333333332,15.333333333333332,4466.666666666666,Training
mp-aaaewsce,Bulk ZnO,0.4491999999999998,4.244144086533666,196.7501327869969,15,13.116675519133127,2,13.116675519133127,0,0.0,0.021571238740298117,0.07623883037598307,2.5790093363490003,32.34850354036101,0.07623882456362426,0.13333333333333333,0.5333333333333333,0.25,2.5553333333333335,2.13,0.9733333333333334,4.133333333333334,0.4113297413590529,1,15.333333333333332,10.333333333333332,15.333333333333332,4466.666666666666,Training
mp-aaaewscf,Bulk ZnO,0.38180000000000014,4.955024964061637,168.52304855153886,15,11.234869903435925,2,11.234869903435925,0,0.0,0.029402654453798686,0.08900859632510504,2.7156355799125573,27.707571809385684,0.08900858840257553,0.13333333333333333,0.5333333333333333,0.25,2.5553333333333335,2.13,0.9733333333333334,4.133333333333334,0.4113297413590529,1,15.333333333333332,10.333333333333332,15.333333333333332,4466.666666666666,Training
mp-aaaewscn,Bulk ZnO,0.5654999999999997,4.549343890668772,163.4981132170948,14,11.678436658363916,2,11.678436658363916,0,0.0,0.02782505437618168,0.08562789945722876,2.56029762844215,28.146693769816217,0.08562789212509223,0.14285714285714285,0.5714285714285714,0.25,2.627142857142857,2.13,0.9428571428571428,4.285714285714286,0.42132383519604805,1,15.333333333333332,10.333333333333332,15.333333333333332,4466.666666666666,Test
mp-aaaewscy,Bulk ZnO,0.5831999999999997,4.867929138094547,171.53822270295095,15,11.435881513530063,2,11.435881513530063,0,0.0,0.028378101751259453,0.0874440679379964,2.699630277954969,28.203309069280458,0.08744406029153207,0.13333333333333333,0.5333333333333333,0.25,2.5553333333333335,2.13,0.9733333333333334,4.133333333333334,0.4113297413590529,1,15.333333333333332,10.333333333333332,15.333333333333332,4466.666666666666,Test
mp-aaaewsfa,Bulk ZnO,0.6320000000000001,4.400979144681395,165.05911270030495,14,11.789936621450353,2,11.789936621450353,0,0.0,0.026663048605333164,0.0848180980193415,2.5522009556813448,28.41542454330482,0.08481809082523237,0.07142857142857142,0.5714285714285714,0.125,2.62,2.13,0.9464285714285715,4.2857142857142865,0.4238023142527824,1,23.0,15.5,23.0,6700.0,Training
mp-aaaewsfz,Bulk ZnO,0.12270000000000003,4.7193130263296075,176.9401410616083,15,11.79600940410722,2,11.79600940410722,0,0.0,0.026671805493171857,0.08477443224585873,2.6718729467488003,29.091460821325004,0.08477442505915499,0.13333333333333333,0.5333333333333333,0.25,2.5553333333333335,2.13,0.9733333333333334,4.133333333333334,0.4113297413590529,1,15.333333333333332,10.333333333333332,15.333333333333332,4466.666666666666,Training
mp-aaaewsgb,Bulk ZnO,0.13400000000000034,4.439539370735746,188.0906650129019,15,12.539377667526793,2,12.539377667526793,0,0.0,0.023603188230693004,0.07974877434226249,2.6179951947151108,30.924764608244427,0.079748767982396,0.13333333333333333,0.5333333333333333,0.25,2.5553333333333335,2.13,0.9733333333333334,4.133333333333334,0.4113297413590529,1,15.333333333333332,10.333333333333332,15.333333333333332,4466.666666666666,Test
mp-aaaewssa,2D ZnO,1.3720999999999997,5.464369575219643,197.99258104725186,11,17.999325549750168,3,17.999325549750168,1,50.0,0.027598860251816938,0.05555763727012983,1.8873091528452948,40.03014166631998,0.055557634183478935,0.09090909090909091,0.5454545454545454,0.16666666666666669,2.6527272727272724,2.13,1.0045454545454544,4.727272727272727,0.4464300265849162,1,23.0,15.5,23.0,6700.0,Test
mp-aaaewsuq,Bulk ZnO,0.5331000000000001,5.171739263675928,145.28291723667925,14,10.377351231191374,2,10.377351231191374,0,0.0,0.03559771074289958,0.09636370377387667,2.6631145767976965,25.010892792485194,0.09636369448791417,0.07142857142857142,0.5714285714285714,0.125,2.7228571428571424,2.13,0.9321428571428572,4.285714285714286,0.41331389876657276,1,23.0,15.5,23.0,6700.0,Training
mp-aaaewtfa,Bulk ZnO,1.2772999999999994,5.109527417544713,185.5485076336933,14,13.253464830978093,2,13.253464830978093,0,0.0,0.027537421252839474,0.07545196767434294,2.454570707601181,31.942735735900328,0.07545196198134395,0.14285714285714285,0.5714285714285714,0.25,2.7578571428571426,2.13,0.9535714285714285,4.285714285714286,0.4298640088572126,1,15.333333333333332,10.333333333333332,15.333333333333332,4466.666666666666,Test
mp-aaaewtnd,Bulk ZnO,0.2586000000000004,4.059688842802225,141.87383422473673,11,12.897621293157885,2,12.897621293157885,0,0.0,0.02861478203494122,0.0775336767354531,2.109074478977952,28.684052971686008,0.07753367072398254,0.18181818181818182,0.5454545454545454,0.33333333333333337,2.575454545454545,2.13,0.9636363636363636,4.181818181818182,0.41514793822009993,1,15.333333333333332,10.333333333333332,15.333333333333332,4466.666666666666,Training
mp-aaaewtnl,Bulk ZnO,0.9146000000000001,4.854340228211584,172.0184151369808,15,11.467894342465387,2,11.467894342465387,0,0.0,0.028219886948417715,0.08719996628300103,2.697115915057277,28.282259494534227,0.08719995867916758,0.13333333333333333,0.5333333333333333,0.25,2.5553333333333335,2.13,0.9733333333333334,4.133333333333334,0.4113297413590529,1,15.333333333333332,10.333333333333332,15.333333333333332,4466.666666666666,Training
mp-aaaewtwj,Bulk ZnO,0.4270999999999998,5.16946045838472,145.34696095713832,14,10.381925782652738,2,10.381925782652738,0,0.0,0.035566347065964135,0.09632124337383628,2.6627233730624416,25.02191811230187,0.09632123409605525,0.07142857142857142,0.5714285714285714,0.125,2.7228571428571424,2.13,0.9321428571428572,4.285714285714286,0.41331389876657276,1,23.0,15.5,23.0,6700.0,Training
mp-aaaewucc,Bulk ZnO,2.1626,6.3881939502016145,169.16766233259165,13,13.01289710250705,2,13.01289710250705,0,0.0,0.03776250059921099,0.07684683834219677,2.350557627129884,30.597676344865768,0.07684683243676066,0.15384615384615385,0.6153846153846154,0.25,2.8346153846153848,2.13,0.9,4.461538461538462,0.423659272867691,1,15.333333333333332,10.333333333333332,15.333333333333332,4466.666666666666,Training
mp-aaaewudd,Bulk ZnO,1.5011999999999999,5.446028529612993,174.08377166658585,14,12.434555119041846,2,12.434555119041846,0,0.0,0.03128395299272069,0.0804210516923629,2.5073133123478812,29.969046828619216,0.08042104522481787,0.14285714285714285,0.5714285714285714,0.25,2.7578571428571426,2.13,0.9535714285714285,4.285714285714286,0.4298640088572126,1,15.333333333333332,10.333333333333332,15.333333333333332,4466.666666666666,Training
mp-aaaewudh,Bulk ZnO,0.5260000000000002,4.534427711723733,164.03594671427837,14,11.71685333673417,2,11.71685333673417,0,0.0,0.027642890491691465,0.08534714664942024,2.5574963693981525,28.239283430005592,0.08534713936528542,0.14285714285714285,0.5714285714285714,0.25,2.627142857142857,2.13,0.9428571428571428,4.285714285714286,0.42132383519604805,1,15.333333333333332,10.333333333333332,15.333333333333332,4466.666666666666,Training
mp-aaaewuok,Bulk ZnO,1.7825000000000002,4.473716283349106,163.72201612444343,14,11.694429723174531,2,11.694429723174531,0,0.0,0.02732507447226084,0.08551079647931249,2.5591299589570804,28.185239331249974,0.0855107891672168,0.07142857142857142,0.5714285714285714,0.125,2.6999999999999997,2.13,0.9464285714285714,4.285714285714286,0.4238023142527825,1,23.0,15.5,23.0,6700.0,Training
mp-aaaewuot,Bulk ZnO,1.2904000000000002,4.197696973507993,174.48754736256402,14,12.463396240183144,2,12.463396240183144,0,0.0,0.024057286820506948,0.08023495207316826,2.5053777891302684,30.038558033628053,0.08023494563552125,0.07142857142857142,0.5714285714285714,0.125,2.6999999999999997,2.13,0.9464285714285714,4.285714285714286,0.4238023142527825,1,23.0,15.5,23.0,6700.0,Training
mp-aaaewuph,Bulk ZnO,0.4234,3.956153718200679,183.61817168318885,14,13.115583691656346,2,13.115583691656346,0,0.0,0.021545545748198322,0.07624517699781545,2.4631421880305626,31.610422574588352,0.0762451711844889,0.07142857142857142,0.5714285714285714,0.125,2.62,2.13,0.9464285714285715,4.2857142857142865,0.4238023142527824,1,23.0,15.5,23.0,6700.0,Training
mp-aaaewuuj,2D ZnO,0.6173000000000002,3.6584341412667554,231.33593408660462,15,15.42239560577364,2,15.42239560577364,1,20.0,0.015814379014274352,0.06484076959001316,2.443488088697639,38.034898258060146,0.06484076538568803,0.26666666666666666,0.5333333333333333,0.5,2.567333333333333,2.13,0.9666666666666668,4.133333333333334,0.4071302660173841,1,9.200000000000001,6.2,9.200000000000001,2680.0,Test
mp-aaaewvaq,Bulk ZnO,1.1557999999999997,4.404237597061689,207.70013676538724,19,10.931586145546698,2,10.931586145546698,0,0.0,0.021204789104383708,0.09147803316789296,3.208297799767563,29.169862493922782,0.09147802479966319,0.10526315789473684,0.631578947368421,0.16666666666666666,2.7584210526315784,2.13,0.8842105263157894,4.526315789473684,0.4223884347321963,1,15.333333333333332,10.333333333333332,15.333333333333332,4466.666666666666,Training
mp-aaaewvfg,Bulk ZnO,1.2008,4.0117148126358355,182.5767492673352,14,13.04119637623823,2,13.04119637623823,0,0.0,0.021972758463136746,0.07668008142428209,2.4678165868383837,31.431138561780614,0.07668007554444767,0.07142857142857142,0.5714285714285714,0.125,2.6999999999999997,2.13,0.9464285714285714,4.285714285714286,0.4238023142527825,1,23.0,15.5,23.0,6700.0,Training
mp-aaaewvkm,Bulk ZnO,1.0573,3.7557916274054817,216.26864744087075,17,12.721685143580633,3,12.721685143580633,0,0.0,0.017366325039935987,0.07860593849900463,2.8321596647683456,32.711034811839255,0.07860593232011155,0.11764705882352941,0.5882352941176471,0.19999999999999998,2.739411764705882,2.13,0.888235294117647,4.588235294117647,0.40015566463586194,1,15.333333333333332,10.333333333333332,15.333333333333332,4466.666666666666,Training
mp-aaaewvnj,Bulk ZnO,1.5314,3.9495107424516585,218.16005826675186,17,12.83294460392658,2,12.83294460392658,0,0.0,0.01810372977450554,0.07792443830031211,2.823951114776363,32.99711421401336,0.0779244322280945,0.11764705882352941,0.5882352941176471,0.19999999999999998,2.678235294117647,2.13,0.9176470588235295,4.352941176470588,0.4153579051236854,1,15.333333333333332,10.333333333333332,15.333333333333332,4466.666666666666,Test
mp-aaaewvpa,Bulk ZnO,2.3777999999999997,3.7166944506102197,215.7841730296575,17,12.693186648803382,3,12.693186648803382,0,0.0,0.01722412908429292,0.07878242301701854,2.8342776503282923,32.63775715685704,0.07878241681034887,0.11764705882352941,0.5882352941176471,0.19999999999999998,2.7335294117647058,2.13,0.8941176470588235,4.588235294117647,0.40637982690032987,1,15.333333333333332,10.333333333333332,15.333333333333332,4466.666666666666,Training
mp-aaaewvre,Bulk ZnO,1.847,4.1575858860984996,192.90132793418928,17,11.347136937305251,3,11.347136937305251,0,0.0,0.021552914801690283,0.08812795734511358,2.942188648743459,29.17668431357107,0.0881279495785774,0.11764705882352941,0.5882352941176471,0.19999999999999998,2.7335294117647058,2.13,0.8941176470588235,4.588235294117647,0.40637982690032987,1,15.333333333333332,10.333333333333332,15.333333333333332,4466.666666666666,Training
mp-aaaewvsd,2D ZnO,0.5310999999999999,2.8977125963327923,290.2993848642637,17,17.076434403780215,2,17.076434403780215,1,33.33333333333333,0.009981807566308438,0.058560234317922344,2.567439486145353,43.908321416523016,0.0585602308886215,0.11764705882352941,0.5882352941176471,0.19999999999999998,2.657058823529412,2.13,0.9294117647058824,4.352941176470588,0.4248292492787117,1,15.333333333333332,10.333333333333332,15.333333333333332,4466.666666666666,Training
mp-aaaewvxi,Bulk ZnO,2.0995,4.073333799702832,201.7639995949368,17,11.868470564408046,3,11.868470564408046,0,0.0,0.020188605538552434,0.08425685471208616,2.898462562469829,30.51717987153157,0.0842568476128692,0.11764705882352941,0.5882352941176471,0.19999999999999998,2.773529411764706,2.13,0.8764705882352941,4.705882352941176,0.3991455221793905,1,15.333333333333332,10.333333333333332,15.333333333333332,4466.666666666666,Training
mp-aaaewwgv,Bulk ZnO,0.6753999999999998,3.7024081826593784,232.72028668636014,17,13.68942862860942,2,13.68942862860942,0,0.0,0.015909262726412663,0.07304906779747611,2.763784479396581,35.199375819373216,0.0730490624613102,0.11764705882352941,0.5882352941176471,0.19999999999999998,2.678235294117647,2.13,0.9176470588235295,4.352941176470588,0.4153579051236854,1,15.333333333333332,10.333333333333332,15.333333333333332,4466.666666666666,Training
mp-aaaewwhq,Bulk ZnO,2.4667,4.110221971059392,199.9532202640276,17,11.761954133178094,3,11.761954133178094,0,0.0,0.020555917857347145,0.08501988603910657,2.9071857893307658,30.24329613280738,0.08501987881072616,0.11764705882352941,0.5882352941176471,0.19999999999999998,2.773529411764706,2.13,0.8764705882352941,4.705882352941176,0.3991455221793905,1,15.333333333333332,10.333333333333332,15.333333333333332,4466.666666666666,Training
mp-aaaewwjj,Bulk ZnO,0.7422,4.058709005115249,200.12766973562964,17,11.772215866801744,3,11.772215866801744,0,0.0,0.020280598932055912,0.08494577497682927,2.9063408212856796,30.26968193956211,0.08494576776104519,0.11764705882352941,0.5882352941176471,0.19999999999999998,2.739411764705882,2.13,0.888235294117647,4.588235294117647,0.40015566463586194,1,15.333333333333332,10.333333333333332,15.333333333333332,4466.666666666666,Test
mp-aaaewwvy,Bulk ZnO,1.6864999999999997,7.249782827541544,275.28021415177284,20,13.764010707588643,4,13.764010707588643,0,0.0,0.026336011289007692,0.07265324193976837,3.0744799358756567,37.36127313967954,0.07265323666127518,0.05,0.6,0.08333333333333334,2.6470000000000002,2.55,1.0474999999999999,4.3999999999999995,0.5624514036794489,1,23.0,15.5,23.0,6700.0,Training
mp-aaaewxcr,Bulk ZnO,1.1520000000000001,4.562337260782664,200.50265882799883,19,10.552771517263096,2,10.552771517263096,0,0.0,0.02275449755854093,0.09476183563380647,3.2462369910780846,28.15903291525083,0.09476182665400183,0.10526315789473684,0.631578947368421,0.16666666666666666,2.7584210526315784,2.13,0.8842105263157894,4.526315789473684,0.4223884347321963,1,15.333333333333332,10.333333333333332,15.333333333333332,4466.666666666666,Test
mp-aaaewxft,Bulk ZnO,0.3016000000000001,7.557155077130138,259.94965071426816,19,13.681560563908851,2,13.681560563908851,0,0.0,0.02907161081526831,0.07309107724435625,2.977080112380751,36.507898765823526,0.07309107190205107,0.10526315789473684,0.631578947368421,0.16666666666666666,2.8405263157894733,2.13,0.9368421052631578,5.157894736842104,0.4760552302508946,1,15.333333333333332,10.333333333333332,15.333333333333332,4466.666666666666,Training
mp-aaaewxhq,Bulk ZnO,0.9895000000000005,5.4589276110298774,222.32348675515664,19,11.701236145008243,2,11.701236145008243,0,0.0,0.024553985234325504,0.08546105621726134,3.136354556576621,31.223597821424818,0.08546104891366985,0.10526315789473684,0.631578947368421,0.16666666666666666,2.87,2.13,0.9052631578947368,4.526315789473684,0.4429110826671391,1,15.333333333333332,10.333333333333332,15.333333333333332,4466.666666666666,Training
mp-aaaewxjf,Bulk ZnO,0.31489999999999974,5.7067602180355905,242.72060548270593,19,12.774768709616103,2,12.774768709616103,0,0.0,0.0235116429719116,0.07827930373778574,3.0459169102237746,34.088213886781126,0.07827929761013683,0.10526315789473684,0.631578947368421,0.16666666666666666,2.846842105263158,2.13,0.9052631578947368,5.157894736842104,0.4429110826671391,1,15.333333333333332,10.333333333333332,15.333333333333332,4466.666666666666,Test
mp-aaaewxmx,2D ZnO,1.1126999999999998,4.739632404594618,278.247982479344,19,14.644630656807578,3,14.644630656807578,1,33.33333333333333,0.017033842841776826,0.06828441245359428,2.91033462516885,39.07775658954929,0.06828440779083361,0.10526315789473684,0.631578947368421,0.16666666666666666,2.8636842105263156,2.13,0.8999999999999999,4.947368421052632,0.4378160698064093,1,15.333333333333332,10.333333333333332,15.333333333333332,4466.666666666666,Training
mp-aaaewxrl,2D ZnO,1.0700999999999996,4.721174585753357,279.33581576325764,19,14.701885040171454,3,14.701885040171454,1,33.33333333333333,0.016901429459925187,0.06801848859976788,2.9065517499824574,39.230534280514014,0.0680184839732534,0.10526315789473684,0.631578947368421,0.16666666666666666,2.8636842105263156,2.13,0.8999999999999999,4.947368421052632,0.4378160698064093,1,15.333333333333332,10.333333333333332,15.333333333333332,4466.666666666666,Training
mp-aaaewydx,Bulk ZnO,0.5564999999999998,5.9542082998496015,232.63349646353572,19,12.243868234922934,2,12.243868234922934,0,0.0,0.02559480208295325,0.08167353493299778,3.089319683870531,32.671558184802606,0.08167352826243202,0.10526315789473684,0.631578947368421,0.16666666666666666,2.846842105263158,2.13,0.9052631578947368,5.157894736842104,0.4429110826671391,1,15.333333333333332,10.333333333333332,15.333333333333332,4466.666666666666,Training
mp-aaaewznz,Bulk ZnO,1.1822999999999997,5.20309933163472,266.2160007295169,19,14.011368459448258,2,14.011368459448258,0,0.0,0.01954465290356915,0.07137061614603904,2.9535356412068188,37.3879586980424,0.07137061105227456,0.10526315789473684,0.631578947368421,0.16666666666666666,2.846842105263158,2.13,0.9052631578947368,5.157894736842104,0.4429110826671391,1,15.333333333333332,10.333333333333332,15.333333333333332,4466.666666666666,Training
mp-aaaexacz,Bulk ZnO,1.2181000000000002,5.177704084280776,165.42813574446268,15,11.02854238296418,2,11.02854238296418,0,0.0,0.03129881178301369,0.09067381393435119,2.7324662125693657,27.1987243871316,0.0906738057126114,0.26666666666666666,0.5333333333333333,0.5,2.5793333333333335,2.13,0.9600000000000002,4.133333333333334,0.40262808520974075,1,9.200000000000001,6.2,9.200000000000001,2680.0,Training
mp-aaaexafb,Bulk ZnO,0.1835,5.42015416727444,158.95716185332722,15,10.597144123555148,2,10.597144123555148,0,0.0,0.034098206737458725,0.0943650466900056,2.769052728840032,26.1348047909319,0.09436503778524441,0.13333333333333333,0.5333333333333333,0.25,2.6433333333333335,2.13,0.9600000000000002,4.133333333333334,0.40262808520974075,1,15.333333333333332,10.333333333333332,15.333333333333332,4466.666666666666,Training
mp-aaaexafh,Bulk ZnO,1.2351999999999999,5.050367882309085,169.59911714539106,15,11.306607809692737,2,11.306607809692737,0,0.0,0.0297782675247041,0.08844385662185407,2.709880022643622,27.884492699983422,0.088443848799539,0.26666666666666666,0.5333333333333333,0.5,2.5793333333333335,2.13,0.9600000000000002,4.133333333333334,0.40262808520974075,1,9.200000000000001,6.2,9.200000000000001,2680.0,Training
mp-aaaexahc,Bulk ZnO,0.6459000000000001,5.197056264965616,165.78083424754482,15,11.052055616502988,2,11.052055616502988,0,0.0,0.03134895712495537,0.09048090551650814,2.7305270640025983,27.25671300759156,0.09048089732971462,0.13333333333333333,0.5333333333333333,0.25,2.6433333333333335,2.13,0.9600000000000002,4.133333333333334,0.40262808520974075,1,15.333333333333332,10.333333333333332,15.333333333333332,4466.666666666666,Training
mp-aaaexale,Bulk ZnO,1.1407000000000003,5.096971369403882,165.01172725559616,15,11.000781817039744,2,11.000781817039744,0,0.0,0.030888540191503416,0.09090263007044122,2.7347627490714768,27.13026094425851,0.09090262180715382,0.13333333333333333,0.5333333333333333,0.25,2.63,2.13,0.9733333333333334,4.133333333333334,0.4113297413590529,1,15.333333333333332,10.333333333333332,15.333333333333332,4466.666666666666,Training
mp-aaaexalr,Bulk ZnO,1.1966,5.042671058155038,169.85798284697964,15,11.323865523131976,2,11.323865523131976,0,0.0,0.029687571779878255,0.0883090670723029,2.7085026923077242,27.927053881242607,0.08830905927381226,0.26666666666666666,0.5333333333333333,0.5,2.5793333333333335,2.13,0.9600000000000002,4.133333333333334,0.40262808520974075,1,9.200000000000001,6.2,9.200000000000001,2680.0,Training
mp-aaaexaqg,Bulk ZnO,1.4868000000000001,5.219940317926338,164.08960293234261,15,10.939306862156174,2,10.939306862156174,0,0.0,0.03181152385430917,0.09141347003066852,2.739875975920513,26.978650668255728,0.0914134616742468,0.26666666666666666,0.5333333333333333,0.5,2.5793333333333335,2.13,0.9600000000000002,4.133333333333334,0.40262808520974075,1,9.200000000000001,6.2,9.200000000000001,2680.0,Training
mp-aaaexase,Bulk ZnO,1.8982,4.541607230322178,185.18995738387346,15,12.345997158924897,2,12.345997158924897,0,0.0,0.024524047062163566,0.08099791269408335,2.631593359310276,30.447847262990265,0.08099790613342203,0.13333333333333333,0.5333333333333333,0.25,2.63,2.13,0.9733333333333334,4.133333333333334,0.4113297413590529,1,15.333333333333332,10.333333333333332,15.333333333333332,4466.666666666666,Training
mp-aaaexatg,Bulk ZnO,1.4223,5.11242854206536,164.51282252991209,15,10.967521501994138,2,10.967521501994138,0,0.0,0.03107617061968411,0.09117830312146438,2.7375244571177264,27.048233953697004,0.0911782948079822,0.13333333333333333,0.5333333333333333,0.25,2.63,2.13,0.9733333333333334,4.133333333333334,0.4113297413590529,1,15.333333333333332,10.333333333333332,15.333333333333332,4466.666666666666,Training
mp-aaaexatl,Bulk ZnO,1.2365,5.103278372485642,164.8077937453376,15,10.987186249689172,2,10.987186249689172,0,0.0,0.030965030575988848,0.09101511317588613,2.735890284518278,27.09673139190116,0.09101510489213607,0.13333333333333333,0.5333333333333333,0.25,2.63,2.13,0.9733333333333334,4.133333333333334,0.4113297413590529,1,15.333333333333332,10.333333333333332,15.333333333333332,4466.666666666666,Training
mp-aaaexato,Bulk ZnO,1.4215,4.888648999443892,172.04345199120056,15,11.469563466080038,2,11.469563466080038,0,0.0,0.028415199432838222,0.08718727639089223,2.6969850749058906,28.28637590734623,0.08718726878927173,0.13333333333333333,0.5333333333333333,0.25,2.63,2.13,0.9733333333333334,4.133333333333334,0.4113297413590529,1,15.333333333333332,10.333333333333332,15.333333333333332,4466.666666666666,Training
mp-aaaexauv,Bulk ZnO,0.8888000000000003,4.956743520303757,169.67996144898666,15,11.311997429932443,2,11.311997429932443,0,0.0,0.02921230932618979,0.08840171739731133,2.7094495786398674,27.897784646494642,0.08840170958244839,0.13333333333333333,0.5333333333333333,0.25,2.63,2.13,0.9733333333333334,4.133333333333334,0.4113297413590529,1,15.333333333333332,10.333333333333332,15.333333333333332,4466.666666666666,Test
mp-aaaexavj,2D ZnO,0.41900000000000004,3.2858103163670487,229.1706523619397,16,14.32316577262123,2,14.32316577262123,1,50.0,0.01433783201514659,0.06981696755276705,2.6145702525021863,36.09211611611851,0.06981696267835844,0.0625,0.625,0.1,2.7424999999999997,2.13,0.890625,4.5,0.4230217115239487,1,23.0,15.5,23.0,6700.0,Training
mp-aaaexayt,Bulk ZnO,1.2402000000000002,4.937918423854161,170.32684164538887,15,11.355122776359257,2,11.355122776359257,0,0.0,0.02899084123296689,0.08806597865079407,2.7060151761225804,28.004140896562138,0.08806597089517818,0.13333333333333333,0.5333333333333333,0.25,2.63,2.13,0.9733333333333334,4.133333333333334,0.4113297413590529,1,15.333333333333332,10.333333333333332,15.333333333333332,4466.666666666666,Training
mp-aaaexazm,2D ZnO,1.7966000000000002,4.873234191481668,283.3317875616765,16,17.70823672260478,3,17.70823672260478,1,50.0,0.017199743923617634,0.05647089632156813,2.4360613165479172,44.62196040666233,0.05647089313260618,0.0625,0.5625,0.1111111111111111,2.486875,2.55,1.0999999999999999,4.25,0.5578608049373827,1,23.0,15.5,23.0,6700.0,Training
mp-aaaexbdh,Bulk ZnO,1.3968,3.509703640409295,214.55124731033223,16,13.409452956895764,2,13.409452956895764,0,0.0,0.016358346476227997,0.07457425766841246,2.6726554103365765,33.789704095936045,0.07457425210709297,0.0625,0.625,0.1,2.7424999999999997,2.13,0.890625,4.5,0.4230217115239487,1,23.0,15.5,23.0,6700.0,Training
mp-aaaexbee,Bulk ZnO,1.6366999999999998,5.066163341314024,166.0151860045452,15,11.06767906696968,2,11.06767906696968,0,0.0,0.030516264585429678,0.09035318009756846,2.7292416290796613,27.29524374977522,0.09035317193387206,0.13333333333333333,0.5333333333333333,0.25,2.63,2.13,0.9733333333333334,4.133333333333334,0.4113297413590529,1,15.333333333333332,10.333333333333332,15.333333333333332,4466.666666666666,Training
mp-aaaexbio,Bulk ZnO,1.4359,3.5286894773758113,213.39687115212575,16,13.33730444700786,2,13.33730444700786,0,0.0,0.016535807007499605,0.0749776691364606,2.6774660136661597,33.60790124328341,0.07497766351481017,0.0625,0.625,0.1,2.7424999999999997,2.13,0.890625,4.5,0.4230217115239487,1,23.0,15.5,23.0,6700.0,Training
mp-aaaexbkk,Bulk ZnO,0.24869999999999992,4.63218441918712,180.26827885647586,15,12.01788525709839,2,12.01788525709839,0,0.0,0.02569605949849405,0.08320931500068598,2.6553278772054307,29.6386537289742,0.08320930807689646,0.13333333333333333,0.5333333333333333,0.25,2.5553333333333335,2.13,0.9733333333333334,4.133333333333334,0.4113297413590529,1,15.333333333333332,10.333333333333332,15.333333333333332,4466.666666666666,Training
mp-aaaexbku,Bulk ZnO,1.4748999999999999,4.807611993339324,199.78373868917436,15,13.318915912611624,3,13.318915912611624,0,0.0,0.024064080614784458,0.07508118577827376,2.5658890911235446,32.84727124067502,0.07508118014108973,0.06666666666666667,0.5333333333333333,0.125,2.5793333333333335,2.55,1.0266666666666666,4.133333333333334,0.47746042779572123,1,23.0,15.5,23.0,6700.0,Training
mp-aaaexblp,Bulk ZnO,1.1816000000000004,4.61839344592224,182.11095682639612,15,12.140730455093074,2,12.140730455093074,0,0.0,0.025360327167600855,0.08236736691411321,2.646341578329154,29.941616039542208,0.08236736012973066,0.13333333333333333,0.5333333333333333,0.25,2.63,2.13,0.9733333333333334,4.133333333333334,0.4113297413590529,1,15.333333333333332,10.333333333333332,15.333333333333332,4466.666666666666,Training
mp-aaaexbmb,Bulk ZnO,0.9024999999999999,4.662564645494199,180.3857133113292,15,12.02571422075528,2,12.02571422075528,0,0.0,0.025847749025706045,0.08315514418878271,2.654751529502381,29.657961613674317,0.08315513727400528,0.13333333333333333,0.5333333333333333,0.25,2.63,2.13,0.9733333333333334,4.133333333333334,0.4113297413590529,1,15.333333333333332,10.333333333333332,15.333333333333332,4466.666666666666,Training
mp-aaaexcre,Bulk ZnO,1.2073999999999998,4.71776951836991,167.1877071771846,13,12.86059285978343,2,12.86059285978343,0,0.0,0.028218399534422973,0.07775691299015587,2.359800225796192,30.23955809586268,0.07775690694401882,0.15384615384615385,0.6153846153846154,0.25,2.803846153846154,2.13,0.9153846153846155,4.461538461538462,0.4377013997677712,1,15.333333333333332,10.333333333333332,15.333333333333332,4466.666666666666,Training
mp-aaaexdmz,Bulk ZnO,0.11370000000000013,4.275844110123264,182.76922565838234,16,11.423076603648896,2,11.423076603648896,0,0.0,0.023394770616992876,0.0875420899900617,2.819371413870217,28.78434933499776,0.08754208232644485,0.125,0.625,0.2,2.8649999999999998,1.79,0.8375,4.875,0.38546780806356834,0,0.0,0.0,0.0,0.0,Test
mp-aaaexeef,Bulk ZnO,0.1977000000000002,5.108408015574666,155.5624586171881,14,11.111604186942007,1,11.111604186942007,0,0.0,0.03283830855454375,0.08999600626299911,2.603113490411754,26.78054687373538,0.0899959981637187,0.14285714285714285,0.5714285714285714,0.25,2.644285714285714,1.89,0.9357142857142857,4.285714285714286,0.4146099424117789,0,0.0,0.0,0.0,0.0,Training
mp-aaaexeiz,Bulk ZnO,1.0767,3.3459283814387257,212.99077876941647,15,14.199385251294432,1,14.199385251294432,0,0.0,0.015709264038425923,0.07042558408708849,2.511718659094647,35.01869535481233,0.07042557912732594,0.06666666666666667,0.6666666666666666,0.1,2.8379999999999996,1.81,0.8500000000000001,4.666666666666667,0.4159451654033621,0,0.0,0.0,0.0,0.0,Training
mp-aaaexfck,Bulk ZnO,1.3392000000000002,4.17223057353499,209.57646845630157,18,11.643137136461199,1,11.643137136461199,0,0.0,0.019907915255308994,0.08588750508386941,3.0303421444895497,30.513651451974702,0.08588749770720652,0.1111111111111111,0.6666666666666666,0.16666666666666666,2.8388888888888886,1.81,0.8499999999999999,4.666666666666667,0.41594516540336224,0,0.0,0.0,0.0,0.0,Training
mp-aaaexggq,Bulk ZnO,0.32879999999999976,4.552170151013764,174.57091544470765,14,12.469351103193404,1,12.469351103193404,0,0.0,0.02607633774169894,0.08019663507140318,2.5049789029074363,30.052910100646454,0.08019662863990341,0.14285714285714285,0.5714285714285714,0.25,2.644285714285714,1.89,0.9357142857142857,4.285714285714286,0.4146099424117789,0,0.0,0.0,0.0,0.0,Training
mp-aaaexlko,2D ZnO,1.0172999999999996,4.665027419157366,162.63234730387194,11,14.78475884580654,3,14.78475884580654,1,50.0,0.028684499095625496,0.06763722089952343,2.0152257712073616,32.88100931694232,0.06763721632473009,0.09090909090909091,0.5454545454545454,0.16666666666666669,2.5145454545454546,2.49,1.0818181818181818,4.181818181818182,0.518528933410441,1,23.0,15.5,23.0,6700.0,Training
mp-aaaexlpx,Bulk ZnO,0.8856000000000002,5.062746578058198,121.02429199731257,11,11.002208363392052,2,11.002208363392052,0,0.0,0.04183248250831015,0.09089084363529483,2.223831281509244,24.468692352479138,0.09089083537415013,0.18181818181818182,0.5454545454545454,0.33333333333333337,2.637272727272727,2.13,0.9545454545454546,4.181818181818182,0.4090806018074672,1,15.333333333333332,10.333333333333332,15.333333333333332,4466.666666666666,Training
mp-aaaexlsi,2D ZnO,1.7759999999999998,4.161532777619005,201.56237768889392,11,18.323852517172174,4,18.323852517172174,1,50.0,0.02064637669655901,0.05457367652696677,1.8761009105451627,40.751883180719354,0.05457367354868076,0.09090909090909091,0.5454545454545454,0.16666666666666669,2.477272727272727,2.49,1.0772727272727272,4.181818181818182,0.513937214466531,1,23.0,15.5,23.0,6700.0,Training
mp-aaaexltv,2D ZnO,1.4543000000000004,4.63201277951784,163.79150825517797,11,14.89013711410709,3,14.89013711410709,1,50.0,0.028279932390032236,0.0671585487988951,2.0104605600118814,33.11536848762141,0.06715854428862472,0.09090909090909091,0.5454545454545454,0.16666666666666669,2.5145454545454546,2.49,1.0818181818181818,4.181818181818182,0.518528933410441,1,23.0,15.5,23.0,6700.0,Training
mp-aaaexmau,2D ZnO,1.8657000000000004,5.388866199438205,159.75940626072466,11,14.523582387338605,3,14.523582387338605,1,50.0,0.0337311356217966,0.06885353581026826,2.0272339585774817,32.30015807318423,0.0688535310694592,0.09090909090909091,0.5454545454545454,0.16666666666666669,2.4863636363636363,2.34,1.0681818181818181,4.181818181818182,0.5085774014745422,1,23.0,15.5,23.0,6700.0,Training
mp-aaaexmgt,2D ZnO,1.1763000000000003,5.4205060792318704,157.60256198229334,11,14.32750563475394,3,14.32750563475394,1,50.0,0.03439351499781371,0.06979581969762555,2.036439883781791,31.86408727921245,0.06979581482616944,0.09090909090909091,0.5454545454545454,0.16666666666666669,2.4936363636363637,2.34,1.0636363636363635,4.181818181818182,0.5083135282456506,1,23.0,15.5,23.0,6700.0,Training
mp-aaaexmoq,Bulk ZnO,1.8057000000000003,5.098259324852643,148.81243010062354,11,13.528402736420322,3,13.528402736420322,0,0.0,0.0342596335629041,0.0739185563501789,2.07577183796148,30.086898343002247,0.07391855088622634,0.09090909090909091,0.5454545454545454,0.16666666666666669,2.5145454545454546,2.49,1.0818181818181818,4.181818181818182,0.518528933410441,1,23.0,15.5,23.0,6700.0,Test
mp-aaaexnem,2D ZnO,0.8408000000000002,5.305936849008336,203.90454443422507,11,18.536776766747735,3,18.536776766747735,1,50.0,0.02602167040332889,0.053946811389229965,1.8688898992563978,41.22542247257481,0.05394680847897165,0.09090909090909091,0.5454545454545454,0.16666666666666669,2.6527272727272724,2.13,1.0045454545454544,4.727272727272727,0.4464300265849162,1,23.0,15.5,23.0,6700.0,Training
mp-aaaexnrh,Bulk ZnO,2.8024999999999993,5.97181307917242,145.20849307227,11,13.20077209747909,3,13.20077209747909,0,0.0,0.04112578371156472,0.07575314478696037,2.092804589263967,29.358254324936443,0.07575313904842186,0.09090909090909091,0.5454545454545454,0.16666666666666669,2.519090909090909,2.34,1.0636363636363635,4.181818181818182,0.5083135282456506,1,23.0,15.5,23.0,6700.0,Training
mp-aaaexovz,2D ZnO,1.5369000000000006,6.0924701985915775,175.5817492250451,11,15.961977202276826,3,15.961977202276826,1,50.0,0.03469876695887561,0.06264888035658636,1.9644134305471384,35.49911950398497,0.0626488764317044,0.09090909090909091,0.5454545454545454,0.16666666666666669,2.5218181818181815,2.55,1.1,4.181818181818182,0.5475167628111347,1,23.0,15.5,23.0,6700.0,Training
mp-aaafdnwp,2D ZnO,0.8378,4.049918989511721,66.75779396494303,4,16.68944849123576,0,16.68944849123576,1,0.0,0.06066586010374283,0.05991809738501166,0.9860357604081997,26.492848091756724,0.05991809379483347,0.5,0.5,1.0,2.545,1.79,0.9750000000000001,4.0,0.3846153846149902,0,0.0,0.0,0.0,0.0,Test
mp-aaafyipy,Bulk ZnO,2.2449000000000003,3.1497859716675944,1517.0302961597104,111,13.666939605042435,4,13.666939605042435,0,0.0,0.0020762841583593463,0.07316927043645152,9.660321068360439,65.68188400729397,0.0731692650827098,0.08108108108108109,0.6486486486486487,0.125,2.9013513513513516,2.51,0.845945945945946,5.1891891891891895,0.4537641093306072,0,0.0,0.0,0.0,0.0,Training
mp-aaafyiqb,Bulk ZnO,2.3371999999999997,3.241252165504336,1504.3840134684815,120,12.53653344557068,4,12.53653344557068,0,0.0,0.002154537761958372,0.079766867319555,10.472772661390767,61.83550030742837,0.07976686095680238,0.075,0.6,0.125,2.7255000000000003,2.51,0.9125000000000001,4.8,0.4840484181176932,0,0.0,0.0,0.0,0.0,Training
mp-aaafyiql,Bulk ZnO,1.9501999999999997,3.0826780705482553,1510.350313146243,108,13.984725121724473,4,13.984725121724473,0,0.0,0.002041035145102637,0.07150658960372107,9.413067916025668,66.59810210913462,0.07150658449052907,0.05555555555555555,0.6666666666666666,0.08333333333333333,2.912222222222222,2.51,0.8222222222222222,5.166666666666667,0.43626887722535945,0,0.0,0.0,0.0,0.0,Test
mp-aaafyiqm,Bulk ZnO,1.7419,3.440403893711318,1505.2117840473086,108,13.93714614858619,4,13.93714614858619,0,0.0,0.002285661014731457,0.07175070056228418,9.423767271115063,66.37152137310079,0.07175069541412152,0.027777777777777776,0.6666666666666666,0.041666666666666664,2.940833333333333,2.51,0.825,5.333333333333333,0.440176940797465,0,0.0,0.0,0.0,0.0,Test
mp-aaafyiqq,Bulk ZnO,3.9051000000000005,2.790870348920971,3084.729905351068,222,13.89517975383364,4,13.89517975383364,0,0.0,0.0009047373463977057,0.0719674029207217,15.250377467026818,84.13599353003283,0.07196739774141499,0.05405405405405406,0.6486486486486487,0.08333333333333333,2.878648648648649,2.51,0.8581081081081081,5.135135135135135,0.468696446916559,0,0.0,0.0,0.0,0.0,Training
mp-aaafyiqs,2D ZnO,4.0169,3.89776160079399,1557.8017165852266,108,14.424089968381727,4,14.424089968381727,1,0.0,0.0025020909652982435,0.0693284638540141,9.316505173460966,68.69044676847933,0.06932845904757853,0.027777777777777776,0.6666666666666666,0.041666666666666664,2.8858333333333333,2.51,0.8333333333333333,5.166666666666667,0.45387222871586413,0,0.0,0.0,0.0,0.0,Training
mp-aaafyirh,Bulk ZnO,2.5331,3.271546482447059,1591.258254282431,120,13.26048545235359,4,13.26048545235359,0,0.0,0.002055949418419416,0.07541202044171852,10.278609248162338,65.40633866815595,0.07541201475474613,0.08333333333333333,0.6,0.1388888888888889,2.7190000000000003,2.51,0.9216666666666666,4.75,0.4851586809295192,0,0.0,0.0,0.0,0.0,Training
mp-aaafyirl,2D ZnO,3.5204000000000004,3.1280343983245738,1781.4153289182523,120,14.845127740985436,4,14.845127740985436,1,0.0,0.0017559265082916083,0.0673621687497597,9.899034800287753,73.222466559593,0.06736216421209823,0.05,0.6,0.08333333333333334,2.689,2.51,0.9450000000000001,4.75,0.5186534755798106,0,0.0,0.0,0.0,0.0,Training
mp-aaafyisf,Bulk ZnO,3.7872,2.8727887995017505,1607.6304622883051,120,13.396920519069209,4,13.396920519069209,0,0.0,0.0017869708660612313,0.07464401976384032,10.243597459739718,66.07929428594824,0.07464401419211106,0.05,0.6,0.08333333333333334,2.707,2.51,0.9325,4.75,0.49384367721804967,0,0.0,0.0,0.0,0.0,Training
mp-aaafyism,2D ZnO,3.064,3.814893011411941,1586.9476609404207,108,14.693959823522414,4,14.693959823522414,1,0.0,0.002403918607593678,0.06805517450777142,9.259116623598816,69.97562184431384,0.06805516987626496,0.027777777777777776,0.6666666666666666,0.041666666666666664,2.891388888888889,2.51,0.8388888888888888,5.166666666666666,0.4545960874625181,0,0.0,0.0,0.0,0.0,Training
mp-aaafyiso,Bulk ZnO,2.4109,3.8622052915905813,1576.3830967858116,114,13.827921901629926,4,13.827921901629926,0,0.0,0.0024500423148823905,0.07231744633169557,9.795296689815473,67.04893261302462,0.07231744110188291,0.03508771929824561,0.631578947368421,0.05555555555555555,2.769473684210526,2.51,0.8859649122807017,4.842105263157895,0.4721454036912034,0,0.0,0.0,0.0,0.0,Training
mp-aaafyisq,Bulk ZnO,2.2676,2.906522629910612,1634.2064812510553,108,15.131541493065326,4,15.131541493065326,0,0.0,0.001778552871535269,0.06608712010328179,9.168988878676476,72.0594746519771,0.06608711573577464,0.027777777777777776,0.6666666666666666,0.041666666666666664,2.8938888888888883,2.51,0.8388888888888888,5.166666666666666,0.4545960874625181,0,0.0,0.0,0.0,0.0,Test
mp-aaafyisu,Bulk ZnO,1.7282999999999997,3.0939341304278107,1588.101891138351,120,13.234182426152925,4,13.234182426152925,0,0.0,0.0019481962383472006,0.07556190233737713,10.285414343332858,65.27660098654093,0.07556189662777647,0.08333333333333333,0.6,0.1388888888888889,2.720666666666667,2.51,0.9216666666666666,4.75,0.4851586809295192,0,0.0,0.0,0.0,0.0,Training
mp-aaafyisx,Bulk ZnO,0.6088,3.2071300940939347,1394.431428094265,108,12.911402111983934,4,12.911402111983934,0,0.0,0.0022999554008023473,0.07745092216373876,9.66699219609023,61.486719884843204,0.07745091616509389,0.027777777777777776,0.6666666666666666,0.041666666666666664,2.950555555555555,2.51,0.8138888888888889,5.333333333333333,0.4198229686432611,0,0.0,0.0,0.0,0.0,Training
mp-aaafyite,2D ZnO,3.3916,2.996141829838615,1591.3005998512149,108,14.734264813437175,4,14.734264813437175,1,0.0,0.0018828258030687297,0.06786901230986647,9.250666266426911,70.1675623944846,0.06786900770366396,0.027777777777777776,0.6666666666666666,0.041666666666666664,2.8883333333333328,2.51,0.8333333333333333,5.166666666666667,0.45387222871586413,0,0.0,0.0,0.0,0.0,Training
mp-aaafyitf,Bulk ZnO,2.7038,3.9362754877582518,1551.268280975015,114,13.607616499780832,4,13.607616499780832,0,0.0,0.0025374563098036103,0.07348825564095712,9.847875447925302,65.98071410933723,0.07348825024043382,0.03508771929824561,0.631578947368421,0.05555555555555555,2.7642105263157895,2.51,0.8807017543859649,4.842105263157895,0.47257991124363324,0,0.0,0.0,0.0,0.0,Training
mp-aaafyitg,Bulk ZnO,1.7472999999999999,3.5903868412236783,1536.1012515746406,108,14.223159736802229,4,14.223159736802229,0,0.0,0.002337337358161262,0.07030786537625067,9.360171537222437,67.7335761855348,0.07030786043305509,0.05555555555555555,0.6666666666666666,0.08333333333333333,2.912222222222222,2.51,0.8277777777777777,5.166666666666666,0.43753036276474994,0,0.0,0.0,0.0,0.0,Training
mp-aaafyitk,Bulk ZnO,1.9646000000000001,3.1558629069680117,1539.415340038832,120,12.828461166990268,4,12.828461166990268,0,0.0,0.002050039924175632,0.07795167222185338,10.392721978947797,63.27541165022191,0.07795166614539065,0.075,0.6,0.125,2.7305,2.51,0.9175,4.8,0.4830733009489645,0,0.0,0.0,0.0,0.0,Training
mp-aaafyitq,Bulk ZnO,2.5594,3.174132892207996,1532.7471326821615,120,12.772892772351346,4,12.772892772351346,0,0.0,0.0020708783755175363,0.0782908005118962,10.407771334505666,63.00132475860257,0.07829079438244724,0.05,0.6,0.08333333333333334,2.7295000000000003,2.51,0.9175,4.8,0.4829195832269575,0,0.0,0.0,0.0,0.0,Training
mp-aaafyitx,Bulk ZnO,2.7377000000000002,3.281400613012592,1619.563037834184,120,13.4963586486182,4,13.4963586486182,0,0.0,0.0020261024340248943,0.07409405944486984,10.218377914641746,66.56976531743335,0.0740940539549406,0.05,0.6,0.08333333333333334,2.728,2.51,0.93,4.8,0.49139902590333623,0,0.0,0.0,0.0,0.0,Test
mp-aaafyity,Bulk ZnO,3.9459999999999997,2.926634847713879,2819.2500483887015,222,12.699324542291448,4,12.699324542291448,0,0.0,0.001038089845697281,0.07874434554922882,15.714784950036746,76.89503169120447,0.07874433934855736,0.05405405405405406,0.6486486486486487,0.08333333333333333,2.8921621621621627,2.51,0.8391891891891893,5.1891891891891895,0.4457872547646265,0,0.0,0.0,0.0,0.0,Training
mp-aaafyiua,Bulk ZnO,3.2152000000000003,3.1364847961502194,1452.5104555114856,111,13.085679779382753,4,13.085679779382753,0,0.0,0.0021593543676391236,0.07641941548772713,9.801289633921163,62.88841000723377,0.07641940964780052,0.05405405405405406,0.6486486486486487,0.08333333333333333,2.901621621621622,2.51,0.8405405405405406,5.1891891891891895,0.44789854171323173,0,0.0,0.0,0.0,0.0,Training
mp-aaafyiut,Bulk ZnO,2.0679,3.200213712449435,1589.795973615596,120,13.248299780129967,4,13.248299780129967,0,0.0,0.0020129713281203904,0.07548138376969833,10.281759674583599,65.34623376421249,0.07548137807225946,0.075,0.6,0.125,2.72925,2.51,0.9225,4.8,0.48568494486983343,0,0.0,0.0,0.0,0.0,Test
mp-aaafyiuu,Bulk ZnO,2.8625,3.245109498884618,1504.7403677198024,120,12.539503064331686,4,12.539503064331686,0,0.0,0.002156590976423442,0.07974797684323519,10.471945871647584,61.85014772671748,0.07974797048349588,0.05,0.6,0.08333333333333334,2.7245,2.51,0.9125000000000001,4.8,0.48389332409957625,0,0.0,0.0,0.0,0.0,Training
mp-aaafyivh,Bulk ZnO,3.5157,3.0178343712230933,1537.9889828123614,111,13.855756601913166,4,13.855756601913166,0,0.0,0.001962195051426631,0.07217216848785599,9.616238748497272,66.58931876924268,0.07217216327903446,0.08108108108108109,0.6486486486486487,0.125,2.8843243243243246,2.51,0.8486486486486488,5.135135135135135,0.4577021490569186,0,0.0,0.0,0.0,0.0,Training
mp-aaafyivi,Bulk ZnO,1.9036000000000002,3.158597143850856,1562.9243873214148,114,13.709863046679077,4,13.709863046679077,0,0.0,0.0020209532652210715,0.0729401888695182,9.823332902159372,66.47648794156336,0.07294018354924743,0.03508771929824561,0.631578947368421,0.05555555555555555,2.7712280701754386,2.51,0.8807017543859649,4.842105263157895,0.47257991124363324,0,0.0,0.0,0.0,0.0,Test
mp-aaafyivk,Bulk ZnO,4.043500000000001,3.450541833168391,1565.9546772626168,120,13.049622310521807,4,13.049622310521807,0,0.0,0.0022034749046505905,0.07663057031111989,10.33367622136136,64.36627221532234,0.07663056443887603,0.075,0.6,0.125,2.70775,2.51,0.92,4.75,0.4889492418013156,0,0.0,0.0,0.0,0.0,Training
mp-aaafyivp,Bulk ZnO,1.5063,3.309567489820735,1356.6809507164414,108,12.561860654781865,4,12.561860654781865,0,0.0,0.0024394589516960534,0.07960604145209449,9.75583649671222,59.82213245423601,0.07960603511497316,0.027777777777777776,0.6666666666666666,0.041666666666666664,2.9449999999999994,2.51,0.8083333333333333,5.333333333333333,0.4178756329790963,0,0.0,0.0,0.0,0.0,Training
mp-aaafyivv,Bulk ZnO,2.6048,3.1729083309274158,1554.2166052768416,120,12.95180504397368,4,12.95180504397368,0,0.0,0.0020414839991767094,0.0772093153506266,10.359625703424568,63.88379596764436,0.07720930938934868,0.08333333333333333,0.6,0.1388888888888889,2.7156666666666665,2.51,0.9166666666666667,4.75,0.4862064316875706,0,0.0,0.0,0.0,0.0,Training
mp-aaafyivx,Bulk ZnO,4.3545,2.9508770142804863,1399.561466259003,111,12.608661858189217,4,12.608661858189217,0,0.0,0.002108429737043358,0.07931055739673981,9.923365474105255,60.595911710272354,0.07931055110657581,0.05405405405405406,0.6486486486486487,0.08333333333333333,2.890810810810811,2.51,0.8378378378378379,5.1891891891891895,0.4455935255475913,0,0.0,0.0,0.0,0.0,Test
mp-aaafyiwa,Bulk ZnO,1.1356,2.782807887309626,1474.0127073478827,108,13.648265808776692,4,13.648265808776692,0,0.0,0.001887913091547625,0.07326938191348363,9.489791696150885,64.9958145071812,0.0732693765450817,0.027777777777777776,0.6666666666666666,0.041666666666666664,2.9113888888888884,2.51,0.8263888888888888,5.166666666666666,0.4352486917014414,0,0.0,0.0,0.0,0.0,Training
mp-aaafyiwi,2D ZnO,3.1156,3.0622562293947446,1813.833931296497,120,15.115282760804142,4,15.115282760804142,1,0.0,0.001688278169548795,0.06615820661940429,9.839704860243693,74.55498570322877,0.06615820224249627,0.05,0.6,0.08333333333333334,2.694,2.51,0.9500000000000001,4.75,0.517023229062311,0,0.0,0.0,0.0,0.0,Training
mp-aaafyiwk,Bulk ZnO,3.4841999999999995,3.3506958438412755,1559.0133391017246,120,12.991777825847704,4,12.991777825847704,0,0.0,0.0021492412924265843,0.07697175963173082,10.348990041078908,64.08095868224896,0.07697175370707951,0.08333333333333333,0.6,0.1388888888888889,2.714,2.51,0.9166666666666667,4.75,0.4862064316875706,0,0.0,0.0,0.0,0.0,Training
mp-aaafyiwm,Bulk ZnO,2.0644,2.9781614768002687,1485.9530190467526,111,13.38696413555633,4,13.38696413555633,0,0.0,0.002004209714995415,0.07469953529971435,9.727202398968988,64.33635114894365,0.0746995297196942,0.08108108108108109,0.6486486486486487,0.125,2.8900000000000006,2.51,0.8445945945945946,5.135135135135135,0.4520672516335552,0,0.0,0.0,0.0,0.0,Training
mp-aaafyiwr,Bulk ZnO,3.9289999999999994,3.3158783169696187,1530.8528651611598,111,13.791467253704143,4,13.791467253704143,0,0.0,0.002166033321968236,0.07250860126803534,9.631157721468282,66.2803508778201,0.07250859601053847,0.08108108108108109,0.6486486486486487,0.125,2.883513513513514,2.51,0.8486486486486488,5.135135135135135,0.4577021490569186,0,0.0,0.0,0.0,0.0,Training
mp-aaafyiwz,Bulk ZnO,4.2364,2.9647840257264,1563.7857317524001,120,13.031547764603335,4,13.031547764603335,0,0.0,0.0018959016990160293,0.07673685567237291,10.338451561513367,64.27712088855799,0.07673684978382835,0.05,0.6,0.08333333333333334,2.702,2.51,0.9275000000000001,4.75,0.4950991645842744,0,0.0,0.0,0.0,0.0,Training
mp-aaafyixc,Bulk ZnO,3.272,3.3553342699448274,1589.2125456126398,120,13.243437880105331,4,13.243437880105331,0,0.0,0.002111318765515628,0.07550909431924986,10.283017725855156,65.3222528111226,0.07550908861762698,0.05,0.6,0.08333333333333334,2.723,2.51,0.925,4.8,0.49260417689132807,0,0.0,0.0,0.0,0.0,Training
mp-aaafyixh,Bulk ZnO,2.7079999999999997,3.6854764403163647,1501.326078569252,108,13.901167394159742,4,13.901167394159742,0,0.0,0.002454814109289692,0.07193640445047278,9.431890409416875,66.20018323522564,0.07193639927562687,0.05555555555555555,0.6666666666666666,0.08333333333333333,2.9066666666666663,2.51,0.8222222222222222,5.166666666666667,0.43626887722535945,0,0.0,0.0,0.0,0.0,Training
mp-aaafyixq,Bulk ZnO,3.2298,3.0014017411271383,3089.83626451324,222,13.918181371681262,4,13.918181371681262,0,0.0,0.0009713788965448519,0.07184846736044538,15.241971752677365,84.27526945194913,0.07184846219824349,0.08108108108108109,0.6486486486486487,0.125,2.8856756756756763,2.51,0.8500000000000001,5.135135135135135,0.45779510522153094,0,0.0,0.0,0.0,0.0,Training
mp-aaafyixr,Bulk ZnO,1.6502999999999999,3.1392540765432626,3041.3879133068144,222,13.6999455554361,4,13.6999455554361,0,0.0,0.001032178125916875,0.0729929908081425,15.322479038021667,82.95384090270288,0.0729929854801662,0.08108108108108109,0.6486486486486487,0.125,2.902702702702703,2.51,0.8472972972972974,5.1891891891891895,0.45388463114598326,0,0.0,0.0,0.0,0.0,Training
mp-aaafyiye,Bulk ZnO,3.04,3.3418939936549465,1611.5077143699789,120,13.429230953083158,4,13.429230953083158,0,0.0,0.002073768536045429,0.07446442789565805,10.23537557232855,66.23866305093235,0.07446442235070744,0.075,0.6,0.125,2.71275,2.51,0.925,4.75,0.487835966155948,0,0.0,0.0,0.0,0.0,Training
mp-aaafyiyg,Bulk ZnO,3.8143,3.008182918951401,1686.7892108372257,120,14.056576756976881,4,14.056576756976881,0,0.0,0.0017833780887526018,0.07114107632953075,10.080783968198434,69.33299864361886,0.07114107126847836,0.05,0.6,0.08333333333333334,2.6950000000000003,2.51,0.9375000000000001,4.75,0.5073328953124542,0,0.0,0.0,0.0,0.0,Training
mp-aaafyiym,Bulk ZnO,1.8231,2.8530901672671316,1443.977623499795,108,13.370163180553659,4,13.370163180553659,0,0.0,0.0019758548337833965,0.07479340278018881,9.555137354604394,63.671433293392106,0.07479339718613613,0.027777777777777776,0.6666666666666666,0.041666666666666664,2.905833333333333,2.51,0.8208333333333333,5.166666666666667,0.433913665172904,0,0.0,0.0,0.0,0.0,Training
mp-aaafyiyn,Bulk ZnO,1.1353000000000002,2.999608350415517,1546.2083965663103,108,14.31674441265102,4,14.31674441265102,0,0.0,0.0019399767567404207,0.06984828192618622,9.339731968653762,68.17924542420623,0.06984827704740408,0.05555555555555555,0.6666666666666666,0.08333333333333333,2.9177777777777774,2.51,0.8277777777777777,5.166666666666666,0.43753036276474994,0,0.0,0.0,0.0,0.0,Test
mp-aaafyiyq,Bulk ZnO,1.8112999999999997,3.0927676794632566,1590.402139530631,114,13.950895960795009,4,13.950895960795009,0,0.0,0.0019446450696903694,0.07167998405336927,9.766430582943805,67.64521016396579,0.07167997891534952,0.03508771929824561,0.631578947368421,0.05555555555555555,2.7764912280701752,2.51,0.8859649122807017,4.842105263157895,0.4721454036912034,0,0.0,0.0,0.0,0.0,Training
mp-aaafyizj,Bulk ZnO,2.1629,3.046589176733864,1511.2364179022195,111,13.6147425036236,4,13.6147425036236,0,0.0,0.002015958019965467,0.0734497916309359,9.67265078448068,65.43103019071283,0.07344978623606442,0.09009009009009009,0.6486486486486487,0.13888888888888887,2.8920720720720725,2.51,0.8450450450450451,5.135135135135135,0.4527052158382717,0,0.0,0.0,0.0,0.0,Test
mp-aaafyizx,2D ZnO,3.4208000000000003,2.9402870645791626,1719.650567954673,120,14.330421399622276,4,14.330421399622276,1,0.0,0.001709816586794314,0.06978161856610568,10.016158234921727,70.68371657198443,0.06978161369663173,0.05,0.6,0.08333333333333334,2.7,2.51,0.9425,4.75,0.5058669084588837,0,0.0,0.0,0.0,0.0,Training
mp-aaafyjab,Bulk ZnO,2.6644,3.0497574474810367,1623.3297989994696,120,13.52774832499558,4,13.52774832499558,0,0.0,0.0018787047766638289,0.07392213219640355,10.210468246843467,66.72459251521579,0.07392212673192233,0.075,0.6,0.125,2.7135,2.51,0.925,4.75,0.487835966155948,0,0.0,0.0,0.0,0.0,Training
mp-aaafyjad,Bulk ZnO,1.2711,3.0423551880657898,1556.2857964632385,120,12.96904830386032,4,12.96904830386032,0,0.0,0.0019548820627803332,0.07710666014732503,10.3550323839724,63.96884703911086,0.07710665420188846,0.075,0.6,0.125,2.71875,2.51,0.92125,4.75,0.4848178956437536,0,0.0,0.0,0.0,0.0,Training
mp-aaafyjar,Bulk ZnO,2.7135,3.2797722594236816,1556.6907218787815,120,12.97242268232318,4,12.97242268232318,0,0.0,0.0021068875232103266,0.07708660321118321,10.354134457932629,63.98549090492779,0.07708659726883929,0.075,0.6,0.125,2.72425,2.51,0.9175000000000001,4.8,0.4867479630207635,0,0.0,0.0,0.0,0.0,Training
mp-aaafyjas,2D ZnO,3.8256,2.974978826314944,3523.105466622132,222,15.869844444243839,4,15.869844444243839,1,0.0,0.0008444194630276798,0.06301258991626163,14.58963497991039,96.09268488341378,0.0630125859456754,0.05405405405405406,0.6486486486486487,0.08333333333333333,2.864594594594595,2.51,0.8770270270270271,5.135135135135135,0.5049158746787887,0,0.0,0.0,0.0,0.0,Training
mp-aaafyjaw,Bulk ZnO,3.8971999999999998,3.1450855725772153,1579.8191180864162,120,13.165159317386802,4,13.165159317386802,0,0.0,0.0019907883988559117,0.07595806293656714,10.303358022466997,64.93614973804725,0.07595805716694026,0.075,0.6,0.125,2.7085,2.51,0.92,4.75,0.4889492418013156,0,0.0,0.0,0.0,0.0,Training
mp-aaafyjax,Bulk ZnO,3.5841999999999996,2.9836767549427665,1487.8622098808692,120,12.398851749007243,4,12.398851749007243,0,0.0,0.002005344806211366,0.08065262979534121,10.511394641514793,61.15639578247027,0.08065262329049505,0.05,0.6,0.08333333333333334,2.7195,2.51,0.915,4.8,0.48202173092844297,0,0.0,0.0,0.0,0.0,Training
mp-aaafyjay,Bulk ZnO,4.0962000000000005,3.0644463686082433,1454.4891720726516,120,12.12074310060543,4,12.12074310060543,0,0.0,0.0021068884027795115,0.08250319239503147,10.591181613506892,59.784645969141714,0.08250318558825527,0.05,0.6,0.08333333333333334,2.7145,2.51,0.91,4.8,0.48295421853454035,0,0.0,0.0,0.0,0.0,Training
mp-aaafyjaz,Bulk ZnO,2.2298999999999998,3.120642798121124,1522.980567081643,120,12.691504725680357,4,12.691504725680357,0,0.0,0.0020490365179779966,0.07879286354253733,10.429971589155238,62.59988439179025,0.07879285733422248,0.075,0.6,0.125,2.71375,2.51,0.91625,4.75,0.4858573014616651,0,0.0,0.0,0.0,0.0,Training
mp-aaafyjbb,Bulk ZnO,0.6362000000000001,3.3301147278479246,1549.6860417997793,108,14.348944831479438,4,14.348944831479438,0,0.0,0.0021488963816053896,0.06969153563167584,9.332740315696654,68.33259036037236,0.06969153077476603,0.027777777777777776,0.6666666666666666,0.041666666666666664,2.9463888888888885,2.51,0.8305555555555555,5.333333333333333,0.44130685079351273,0,0.0,0.0,0.0,0.0,Training
mp-aaafyjbg,Bulk ZnO,1.5133,2.965950069246816,2981.123681521099,222,13.428485051896843,4,13.428485051896843,0,0.0,0.000994910103070081,0.07446856411094152,15.425040380038215,81.31013426672811,0.0744685585653749,0.08108108108108109,0.6486486486486487,0.125,2.891351351351352,2.51,0.845945945945946,5.135135135135135,0.4522008431970141,0,0.0,0.0,0.0,0.0,Training
mp-aaafyjbj,Bulk ZnO,2.8053,3.9378834606360638,1525.2054447088294,111,13.740589591971435,4,13.740589591971435,0,0.0,0.0025818708386448415,0.07277708087462968,9.64303026473969,66.03583815053352,0.07277707557812657,0.036036036036036036,0.6486486486486487,0.05555555555555555,2.821621621621622,2.51,0.8531531531531532,4.972972972972974,0.45906362359637715,0,0.0,0.0,0.0,0.0,Training
mp-aaafyjbs,Bulk ZnO,1.7911000000000001,3.2416388367519677,1625.2072093499107,123,13.213066742682201,3,13.213066742682201,0,0.0,0.0019946003304087212,0.07568265713588637,10.461698458786472,65.71108919100647,0.07568265140802222,0.024390243902439025,0.5853658536585366,0.04166666666666667,2.6078048780487806,2.51,0.9585365853658537,4.463414634146341,0.4898598841868002,0,0.0,0.0,0.0,0.0,Test
mp-aaafyjdb,Bulk ZnO,3.1117,2.7877052215617133,1721.4285888004129,126,13.662131657146134,4,13.662131657146134,0,0.0,0.0016194138053117505,0.0731950200082385,10.513343994906823,68.49233642398501,0.07319501465072795,0.047619047619047616,0.5714285714285714,0.08333333333333333,2.6052380952380947,2.51,0.9833333333333334,4.571428571428571,0.508313130139827,0,0.0,0.0,0.0,0.0,Training
mp-aaafyjdi,Bulk ZnO,1.5165000000000002,3.2096621610572664,1330.9335231370987,102,13.048367873893126,3,13.048367873893126,0,0.0,0.00241158713433852,0.07663793737765295,9.272881653479901,60.9662640753387,0.07663793150427996,0.029411764705882353,0.7058823529411765,0.041666666666666664,3.086470588235294,1.79,0.75,5.647058823529411,0.3253956867275504,0,0.0,0.0,0.0,0.0,Training
mp-aaafyjdv,Bulk ZnO,2.4013,3.129764340725305,1565.3111461987262,111,14.101902218006542,4,14.101902218006542,0,0.0,0.0019994518970402587,0.07091241908649122,9.559960243457338,67.77226888626699,0.0709124140579204,0.018018018018018018,0.6486486486486487,0.027777777777777776,2.812252252252253,2.51,0.8603603603603605,4.918918918918919,0.46118373952172514,0,0.0,0.0,0.0,0.0,Training
mp-aaafyjef,Bulk ZnO,1.4618000000000002,3.133152209470116,3203.225611452885,246,13.021242322979207,4,13.021242322979207,0,0.0,0.0009781241128529233,0.07679758775668066,16.6880630159509,81.58884594019302,0.07679758185881164,0.08130081300813008,0.5853658536585366,0.1388888888888889,2.66869918699187,2.51,0.9443089430894309,4.634146341463414,0.4895252234787246,0,0.0,0.0,0.0,0.0,Training
mp-aaafyjem,Bulk ZnO,2.3779999999999997,4.084346194224071,1612.0332725065834,123,13.105961565094175,3,13.105961565094175,0,0.0,0.002533661223923274,0.07630115463357949,10.490119710906708,65.17843481073527,0.07630114881171374,0.024390243902439025,0.5853658536585366,0.04166666666666667,2.600487804878049,2.51,0.9585365853658537,4.463414634146341,0.4898598841868002,0,0.0,0.0,0.0,0.0,Training
mp-aaafyjfe,Bulk ZnO,3.7121,3.2161068016455228,1576.1660418859542,126,12.509254300682176,3,12.509254300682176,0,0.0,0.0020404619286159124,0.07994081629194046,10.826877498505217,62.71261875355682,0.07994080990140687,0.09523809523809523,0.5714285714285714,0.16666666666666666,2.6314285714285712,2.51,0.9571428571428571,4.571428571428571,0.493553903396095,0,0.0,0.0,0.0,0.0,Training
mp-aaafyjfy,Bulk ZnO,3.3033,3.142206244332584,1607.5374318869046,126,12.758233586404005,3,12.758233586404005,0,0.0,0.0019546706546324753,0.07838075649168741,10.755984812598527,63.96082609251501,0.0783807503481449,0.09523809523809523,0.5714285714285714,0.16666666666666666,2.636190476190476,2.51,0.9619047619047618,4.571428571428571,0.4920577918318015,0,0.0,0.0,0.0,0.0,Training
mp-aaafyjgr,Bulk ZnO,1.5634,3.8156256346857678,3136.4193731156497,222,14.128015194214639,4,14.128015194214639,0,0.0,0.0012165546697587859,0.07078135083047588,15.16613550163224,85.54582351802225,0.0707813458204766,0.036036036036036036,0.6486486486486487,0.05555555555555555,2.8283783783783787,2.51,0.8599099099099099,4.972972972972974,0.4593215883550992,0,0.0,0.0,0.0,0.0,Training
mp-aaafyjha,2D ZnO,4.2221,3.771231833805096,1552.2141756520164,102,15.217786035804082,3,15.217786035804082,1,0.0,0.0024295821368987103,0.06571258116306941,8.809466802663763,71.10249887705092,0.06571257684492637,0.029411764705882353,0.7058823529411765,0.041666666666666664,3.023823529411765,2.1399999999999997,0.776470588235294,5.470588235294118,0.3933197340876022,0,0.0,0.0,0.0,0.0,Training
mp-aaafyjhg,Bulk ZnO,1.5099000000000002,3.3019866762334766,1502.2338878424184,102,14.727783214141358,3,14.727783214141358,0,0.0,0.0021980509845746796,0.06789888101013176,8.906101770476933,68.81304461642104,0.06789887639987403,0.029411764705882353,0.7058823529411765,0.041666666666666664,3.0820588235294117,1.79,0.7676470588235293,5.647058823529411,0.3694289351716613,0,0.0,0.0,0.0,0.0,Training
mp-aaafyjhh,Bulk ZnO,3.8850000000000002,2.859829875479017,1684.274885790697,126,13.367260998338866,4,13.367260998338866,0,0.0,0.0016979591037103456,0.07480964126639474,10.590087638581698,67.01406195910488,0.07480963566991272,0.047619047619047616,0.5714285714285714,0.08333333333333333,2.6004761904761904,2.51,0.9785714285714284,4.571428571428571,0.5101140207193664,0,0.0,0.0,0.0,0.0,Training
mp-aaafyjhn,Bulk ZnO,4.1162,3.015014994382171,1545.4614816778462,126,12.265567314903542,4,12.265567314903542,0,0.0,0.0019508832993423355,0.08152904585056808,10.89810906772002,61.49094329097504,0.0815290392035833,0.047619047619047616,0.5714285714285714,0.08333333333333333,2.615238095238095,2.51,0.9642857142857142,4.571428571428571,0.49712479216429983,1,23.0,15.5,23.0,6700.0,Training
mp-aaafyjhx,Bulk ZnO,3.1216999999999997,4.094944092693727,1553.3834816512567,111,13.994445780641952,4,13.994445780641952,0,0.0,0.0026361449964311294,0.07145692052937648,9.584366619171435,67.2558444738686,0.07145691542328536,0.018018018018018018,0.6486486486486487,0.027777777777777776,2.8032432432432435,2.51,0.8603603603603605,4.918918918918919,0.46118373952172514,0,0.0,0.0,0.0,0.0,Training
mp-aaafyjhz,Bulk ZnO,2.724,2.8222818534205203,1608.8506537448052,102,15.77304562494907,3,15.77304562494907,0,0.0,0.0017542223989848275,0.06339929673558076,8.704856069263675,73.69685420710779,0.0633992927161102,0.029411764705882353,0.7058823529411765,0.041666666666666664,3.0294117647058822,2.11,0.7794117647058824,5.470588235294118,0.39518281253336157,0,0.0,0.0,0.0,0.0,Training
mp-aaafyjib,Bulk ZnO,1.0030000000000001,3.0406125678513876,3166.5529031894093,222,14.26375181616851,4,14.26375181616851,0,0.0,0.0009602279389644264,0.07010778180159175,15.11787412825908,86.36771540778702,0.07010777688649103,0.036036036036036036,0.6486486486486487,0.05555555555555555,2.835585585585586,2.51,0.8599099099099099,4.972972972972974,0.4593215883550992,0,0.0,0.0,0.0,0.0,Test
mp-aaafyjie,Bulk ZnO,0.4457,3.140348322192072,1357.4592513485168,102,13.308424032828595,3,13.308424032828595,0,0.0,0.0023134015397312377,0.07514037706743089,9.212084321023884,62.18133193771862,0.07514037142135506,0.029411764705882353,0.7058823529411765,0.041666666666666664,3.0894117647058823,1.79,0.7529411764705882,5.647058823529411,0.32886820593470684,0,0.0,0.0,0.0,0.0,Test
mp-aaafyjif,Bulk ZnO,0.4103999999999999,3.241338147450028,1527.5802681858438,102,14.9762771390769,3,14.9762771390769,0,0.0,0.0021218774652669776,0.06677226861612669,8.856568618437034,69.97408992071912,0.06677226415759112,0.029411764705882353,0.7058823529411765,0.041666666666666664,3.085,1.79,0.7705882352941176,5.647058823529411,0.3717800202097747,0,0.0,0.0,0.0,0.0,Training
mp-aaafyjim,Bulk ZnO,1.7451,2.6896910261646205,1447.2539913917144,102,14.188764621487396,3,14.188764621487396,0,0.0,0.0018584789139729017,0.07047829932181726,9.017481356627675,66.29457256084632,0.07047829435462695,0.029411764705882353,0.7058823529411765,0.041666666666666664,3.047941176470588,1.9,0.7661764705882352,5.470588235294118,0.3604819103369145,0,0.0,0.0,0.0,0.0,Training
mp-aaafyjiv,Bulk ZnO,1.0902,2.9012694379103245,1526.5012773986632,102,14.96569879802611,3,14.96569879802611,0,0.0,0.0019006007272096275,0.06681946586629782,8.85865484996435,69.92466443392918,0.0668194614014571,0.058823529411764705,0.7058823529411765,0.08333333333333333,3.054705882352941,1.8399999999999999,0.7676470588235293,5.470588235294118,0.3646696519054826,0,0.0,0.0,0.0,0.0,Training
mp-aaafyjjl,Bulk ZnO,2.0689,3.137114912609974,1541.7065125219135,111,13.889247860557779,4,13.889247860557779,0,0.0,0.002034832756513626,0.07199813913896422,9.608503288866462,66.75027425958099,0.07199813395523255,0.036036036036036036,0.6486486486486487,0.05555555555555555,2.8288288288288292,2.51,0.8531531531531532,4.972972972972974,0.45906362359637715,0,0.0,0.0,0.0,0.0,Training
mp-aaafyjjp,Bulk ZnO,1.367,3.077973837598131,3174.5733633694826,222,14.29988001517785,4,14.29988001517785,0,0.0,0.0009695708636360442,0.06993065668653184,15.105131779338889,86.58647342113787,0.06993065179623545,0.018018018018018018,0.6486486486486487,0.027777777777777776,2.8163063063063065,2.51,0.8644144144144145,4.918918918918919,0.46123304237375906,0,0.0,0.0,0.0,0.0,Training
mp-aaafyjjr,2D ZnO,3.4156,2.860012119142717,1590.7562279738847,102,15.595649293861616,3,15.595649293861616,1,0.0,0.001797894654660858,0.06412044674495188,8.737736847563957,72.86800023306306,0.06412044263352044,0.029411764705882353,0.7058823529411765,0.041666666666666664,3.026470588235294,2.11,0.776470588235294,5.470588235294118,0.3933197340876022,0,0.0,0.0,0.0,0.0,Test
mp-aaafyjkc,Bulk ZnO,2.6967,3.575528643527801,1486.4715742008761,102,14.57325072745957,3,14.57325072745957,0,0.0,0.002405379763450907,0.06861887019591005,8.937470792814908,68.09101803943355,0.06861886548736104,0.058823529411764705,0.7058823529411765,0.08333333333333333,3.0458823529411765,1.94,0.7647058823529411,5.470588235294118,0.3621516894251678,0,0.0,0.0,0.0,0.0,Training
mp-aaafyjkd,Bulk ZnO,1.5815000000000001,3.501857444218135,1515.1872085559455,102,14.854776554470055,3,14.854776554470055,0,0.0,0.0023111714674225584,0.06731841413656828,8.880649709807908,69.4063992487486,0.0673184096047997,0.058823529411764705,0.7058823529411765,0.08333333333333333,3.0488235294117647,1.94,0.7676470588235293,5.470588235294118,0.3646696519054826,0,0.0,0.0,0.0,0.0,Training
mp-aaafyjkr,Bulk ZnO,1.968,4.023967282559797,3154.89164679234,222,14.21122363419973,4,14.21122363419973,0,0.0,0.001275469249998195,0.07036691742669297,15.1364776877563,86.04965469489481,0.07036691247519025,0.018018018018018018,0.6486486486486487,0.027777777777777776,2.8072972972972976,2.51,0.8644144144144145,4.918918918918919,0.46123304237375906,0,0.0,0.0,0.0,0.0,Training
mp-aaafyjks,Bulk ZnO,2.1127,3.2782125269743987,3306.09999074748,246,13.439430856697074,4,13.439430856697074,0,0.0,0.0009915648456334872,0.07440791285455996,16.513144413398397,84.2091427602015,0.07440790731802288,0.04878048780487805,0.5853658536585366,0.08333333333333334,2.6758536585365853,2.51,0.9524390243902439,4.682926829268292,0.49470399254976927,0,0.0,0.0,0.0,0.0,Training
mp-aaafyjkz,Bulk ZnO,1.9888,2.9635168987320144,1497.458506353019,102,14.680965748559009,3,14.680965748559009,0,0.0,0.00197903106240286,0.06811540992105057,8.915558883754045,68.59429802699185,0.06811540528134183,0.058823529411764705,0.7058823529411765,0.08333333333333333,3.051764705882353,1.8399999999999999,0.7647058823529411,5.470588235294118,0.3621516894251678,0,0.0,0.0,0.0,0.0,Training
mp-aaafyjmh,Bulk ZnO,3.3381999999999996,2.9170522747523053,1591.2246103077493,126,12.6287667484742,4,12.6287667484742,0,0.0,0.0018332121410491102,0.07918429565743776,10.792615773868153,63.311770261275136,0.07918428938728558,0.047619047619047616,0.5714285714285714,0.08333333333333333,2.6199999999999997,2.51,0.9690476190476189,4.571428571428571,0.49553542863651007,1,23.0,15.5,23.0,6700.0,Training
mp-aaafyjml,Bulk ZnO,2.1418000000000004,2.718787747067773,1435.0580191905385,102,14.069196266573908,3,14.069196266573908,0,0.0,0.0018945490082702978,0.07107726561295014,9.04295462749352,65.73590990118184,0.07107726056097281,0.029411764705882353,0.7058823529411765,0.041666666666666664,3.045,1.9,0.763235294117647,5.470588235294118,0.35786836282413476,0,0.0,0.0,0.0,0.0,Training
mp-aaafyjmq,2D ZnO,3.1986,3.72576868814472,1568.7520926946038,102,15.379922477398077,3,15.379922477398077,1,0.0,0.0023749888242348516,0.06501983358300885,8.778400663944536,71.86005363102385,0.06501982935543035,0.029411764705882353,0.7058823529411765,0.041666666666666664,3.026764705882353,2.1399999999999997,0.7794117647058824,5.470588235294118,0.39518281253336157,0,0.0,0.0,0.0,0.0,Training
mp-aaafyjmx,Bulk ZnO,2.1247,3.2270697272451643,1548.3542817504963,114,13.582055103074529,4,13.582055103074529,0,0.0,0.0020841933692312274,0.07362656037035463,9.854049469418053,65.85677181508304,0.07362655494948464,0.08771929824561403,0.631578947368421,0.1388888888888889,2.831052631578947,2.51,0.8728070175438596,5.0,0.4679349928093871,0,0.0,0.0,0.0,0.0,Training
mp-aaafyjnb,Bulk ZnO,3.0721999999999996,3.2125294161733104,1452.0853993439546,114,12.737591222315391,4,12.737591222315391,0,0.0,0.0022123557041650002,0.07850777926112656,10.06717145358145,61.76212894409034,0.07850777309765565,0.05263157894736842,0.631578947368421,0.08333333333333333,2.8394736842105264,2.51,0.8657894736842104,5.052631578947368,0.4643000161955436,0,0.0,0.0,0.0,0.0,Training
mp-aaafyjng,Bulk ZnO,2.6982,3.703704911322757,1531.966405021448,117,13.093729957448273,3,13.093729957448273,0,0.0,0.002417614968045532,0.0763724319387813,10.149300576457842,64.04108291888966,0.07637242610603338,0.05982905982905983,0.6153846153846154,0.09722222222222222,2.735897435897436,2.51,0.8965811965811965,4.794871794871796,0.48076578550880283,0,0.0,0.0,0.0,0.0,Training
mp-aaafyjni,Bulk ZnO,3.7321,2.831983754208619,1556.9138292096939,114,13.657138852716614,4,13.657138852716614,0,0.0,0.0018189727016852076,0.07322177879161598,9.83595785590004,66.22083846992088,0.07322177343018749,0.05263157894736842,0.631578947368421,0.08333333333333333,2.818421052631579,2.51,0.8842105263157894,5.0,0.4807169538117176,0,0.0,0.0,0.0,0.0,Training
mp-aaafyjnl,Bulk ZnO,2.0980999999999996,3.1741377564203623,1539.760155582408,114,13.506668031424631,4,13.506668031424631,0,0.0,0.0020614494698492553,0.0740375048585927,9.872348828492393,65.49123441019276,0.074037499377041,0.07894736842105263,0.631578947368421,0.125,2.839210526315789,2.51,0.8710526315789473,5.052631578947368,0.4688623193223978,0,0.0,0.0,0.0,0.0,Test
mp-aaafyjnz,Bulk ZnO,1.699,3.0311337528962032,1495.974281423467,114,13.122581415995324,4,13.122581415995324,0,0.0,0.0020261937591680946,0.0762045186308453,9.967742470821058,63.628872315679565,0.0762045128237171,0.07894736842105263,0.631578947368421,0.125,2.828157894736842,2.51,0.8697368421052631,5.0,0.4675126911993355,0,0.0,0.0,0.0,0.0,Training
mp-aaafyjob,Bulk ZnO,3.4090000000000003,3.746391457395123,3254.399241427776,234,13.907689065930667,4,13.907689065930667,0,0.0,0.00115117758439235,0.07190267162714158,15.79036785079592,85.70251992448829,0.07190266645714775,0.038461538461538464,0.6153846153846154,0.0625,2.7275641025641026,2.51,0.9128205128205129,4.794871794871796,0.4872036955721439,0,0.0,0.0,0.0,0.0,Training
mp-aaafyjoh,Bulk ZnO,2.3735999999999997,3.088718639288892,1525.942361515741,114,13.385459311541586,4,13.385459311541586,0,0.0,0.002024138471534942,0.0747079331926811,9.902058204768291,64.90351664975391,0.07470792761140624,0.08771929824561403,0.631578947368421,0.1388888888888889,2.8301754385964912,2.51,0.8701754385964913,5.0,0.4680264533716956,0,0.0,0.0,0.0,0.0,Training
mp-aaafyjoi,Bulk ZnO,3.124,3.2704784050823443,1530.540396655145,114,13.425792953115307,4,13.425792953115307,0,0.0,0.002136812861803369,0.07448349631877504,9.89213236821684,65.09908671698112,0.07448349077098425,0.08771929824561403,0.631578947368421,0.1388888888888889,2.8284210526315787,2.51,0.8701754385964913,5.0,0.4680264533716956,0,0.0,0.0,0.0,0.0,Training
mp-aaafyjoj,Bulk ZnO,3.2895000000000003,3.0141989376585387,1573.0660542016913,114,13.798825036856941,4,13.798825036856941,0,0.0,0.0019161299232206763,0.07246993837004091,9.802176800416534,66.9078475143892,0.07246993311814932,0.07894736842105263,0.631578947368421,0.125,2.825263157894737,2.51,0.8763157894736842,5.0,0.4719111967887861,0,0.0,0.0,0.0,0.0,Training
mp-aaafyjoo,Bulk ZnO,2.0022,3.173682006191353,1537.1605442729763,114,13.48386442344716,4,13.48386442344716,0,0.0,0.0020646392584142176,0.07416271542015024,9.877910992168509,65.38066410284708,0.0741627099200423,0.07894736842105263,0.631578947368421,0.125,2.841842105263158,2.51,0.8736842105263157,5.052631578947368,0.4687583163238141,0,0.0,0.0,0.0,0.0,Training
mp-aaafyjpc,Bulk ZnO,1.2545,2.914265717041248,3067.2167410047505,234,13.107763850447652,4,13.107763850447652,0,0.0,0.0009501336107361623,0.07629066341211574,16.105258580590313,80.77318864644205,0.07629065759185086,0.038461538461538464,0.6153846153846154,0.0625,2.7429487179487184,2.51,0.9032051282051281,4.794871794871796,0.4786255657180992,0,0.0,0.0,0.0,0.0,Training
mp-aaafyjpl,Bulk ZnO,1.8239,3.1648891493379505,1471.7443553827934,114,12.910038205112222,4,12.910038205112222,0,0.0,0.002150434032760247,0.07745910462170529,10.022145998150867,62.59829118243082,0.07745909862179287,0.07894736842105263,0.631578947368421,0.125,2.8405263157894733,2.51,0.8657894736842104,5.052631578947368,0.4644890087652625,0,0.0,0.0,0.0,0.0,Training
mp-aaafyjpq,Bulk ZnO,3.6946,3.363333800526597,1541.6881671019623,114,13.523580413175107,4,13.523580413175107,0,0.0,0.002181591499692789,0.07394491469328401,9.868231709191285,65.5732392951191,0.07394490922543402,0.07894736842105263,0.631578947368421,0.125,2.8218421052631575,2.51,0.8736842105263157,5.0,0.47205628018135376,0,0.0,0.0,0.0,0.0,Training
mp-aaafyjpw,Bulk ZnO,3.6881999999999997,2.958057543071817,1430.0167301720223,114,12.54400640501774,4,12.54400640501774,0,0.0,0.0020685475076336907,0.07971934705007716,10.118694371466555,60.82347341347406,0.07971934069490338,0.05263157894736842,0.631578947368421,0.08333333333333333,2.831578947368421,2.51,0.8657894736842104,5.052631578947368,0.4625956085158997,0,0.0,0.0,0.0,0.0,Training
mp-aaafyjpx,Bulk ZnO,2.7217000000000002,3.9153461929678213,1508.4089603239975,108,13.966749632629606,3,13.966749632629606,0,0.0,0.002595679484777674,0.0715986200299435,9.417104454378308,66.51249917823812,0.07159861490358148,0.037037037037037035,0.6666666666666666,0.05555555555555555,2.8822222222222216,2.51,0.824074074074074,5.111111111111111,0.43888739292472423,0,0.0,0.0,0.0,0.0,Test
mp-aaafyjpz,Bulk ZnO,1.9789999999999999,3.196163590664109,1546.5321488912707,117,13.218223494797186,3,13.218223494797186,0,0.0,0.002066664823589656,0.07565313148121676,10.117336876927881,64.64997747942641,0.07565312575782089,0.05982905982905983,0.6153846153846154,0.09722222222222222,2.74017094017094,2.51,0.8965811965811965,4.794871794871796,0.48076578550880283,0,0.0,0.0,0.0,0.0,Test
mp-aaafyjqj,Bulk ZnO,2.4386,2.985106874409318,1513.5780614863763,102,14.83900060280761,3,14.83900060280761,0,0.0,0.00197221864558334,0.06738998311050645,8.883795723133805,69.33268881657902,0.06738997856909694,0.0392156862745098,0.7058823529411765,0.05555555555555555,3.027843137254902,1.8399999999999999,0.7666666666666666,5.411764705882353,0.3670366332349152,0,0.0,0.0,0.0,0.0,Training
mp-aaafyjqq,Bulk ZnO,1.4053999999999998,3.274778392386771,1564.7347634155487,114,13.725743538732884,4,13.725743538732884,0,0.0,0.002092864854129328,0.07285579809779229,9.819542954183722,66.55348939190073,0.07285579278982536,0.05263157894736842,0.631578947368421,0.08333333333333333,2.8321052631578945,2.51,0.8789473684210526,5.052631578947368,0.47102193780043045,0,0.0,0.0,0.0,0.0,Training
mp-aaafyjrn,2D ZnO,4.0585,3.0362122619087915,1727.5004754047989,111,15.563067345989179,4,15.563067345989179,1,0.0,0.001757575355339527,0.06425468564573898,9.250891491739647,74.79447584884471,0.06425468151707463,0.05405405405405406,0.6486486486486487,0.08333333333333333,2.8632432432432435,2.51,0.8756756756756757,5.135135135135135,0.505089551426825,0,0.0,0.0,0.0,0.0,Training
mp-aaafyjro,Bulk ZnO,4.2441,2.8413795802183675,1524.7238594866592,117,13.031827858860336,4,13.031827858860336,0,0.0,0.0018635371661167531,0.07673520636018073,10.16534516268222,63.7383214107933,0.07673520047188928,0.05128205128205128,0.6153846153846154,0.08333333333333333,2.774871794871795,2.51,0.9,4.923076923076923,0.4838316519471215,1,23.0,15.5,23.0,6700.0,Training
mp-aaafyjrq,Bulk ZnO,3.9819999999999998,2.8488688998283047,3038.2887729500526,234,12.984140055342104,4,12.984140055342104,0,0.0,0.0009376557373979205,0.07701703738081345,16.156210679350636,80.01138913302555,0.07701703144918987,0.05128205128205128,0.6153846153846154,0.08333333333333333,2.7761538461538464,2.51,0.9012820512820513,4.923076923076923,0.483631076783693,1,23.0,15.5,23.0,6700.0,Training
mp-aaafyjrr,Bulk ZnO,2.0055,2.9992032317117987,1479.1389599561753,114,12.97490315751031,4,12.97490315751031,0,0.0,0.0020276683346915968,0.07707186619124524,10.005416975179557,62.91280885567381,0.07707186025117314,0.05263157894736842,0.631578947368421,0.08333333333333333,2.804736842105263,2.51,0.8710526315789473,4.947368421052632,0.4686773464833736,0,0.0,0.0,0.0,0.0,Training
mp-aaafyjrw,Bulk ZnO,2.0133,3.3719214722539963,1524.9654556667717,114,13.376889961989226,4,13.376889961989226,0,0.0,0.002211146134310083,0.07475579173047887,9.904172201003364,64.86196552263871,0.07475578614205089,0.05263157894736842,0.631578947368421,0.08333333333333333,2.8268421052631574,2.51,0.8736842105263158,5.052631578947368,0.47132539359838715,0,0.0,0.0,0.0,0.0,Training
mp-aaafyjsa,Bulk ZnO,2.4769999999999994,3.5066824964351038,1538.980700031231,114,13.499830702028342,3,13.499830702028342,0,0.0,0.0022785747062090784,0.07407500301835271,9.874015247125685,65.45808151554914,0.07407499753124705,0.02631578947368421,0.631578947368421,0.041666666666666664,2.814473684210526,2.51,0.8763157894736842,5.052631578947368,0.47372312883314976,0,0.0,0.0,0.0,0.0,Training
mp-aaafyjsg,Bulk ZnO,3.7179,3.076459204917217,1582.408209911359,114,13.880773771152272,4,13.880773771152272,0,0.0,0.0019441628181956596,0.07204209336501476,9.782848820024721,67.30520115889038,0.07204208817495192,0.05263157894736842,0.631578947368421,0.08333333333333333,2.7936842105263153,2.51,0.8789473684210526,4.947368421052632,0.47748624646659493,0,0.0,0.0,0.0,0.0,Training
mp-aaafyjsk,Bulk ZnO,4.5255,3.9769499759284654,1581.6442125457704,114,13.874072039875179,3,13.874072039875179,0,0.0,0.002514440317476506,0.07207689257529593,9.784423735454514,67.27270575343576,0.07207688738021785,0.02631578947368421,0.631578947368421,0.041666666666666664,2.7623684210526314,2.51,0.8842105263157894,4.894736842105263,0.48263863399015344,0,0.0,0.0,0.0,0.0,Training
mp-aaafyjsm,Bulk ZnO,2.8492999999999995,3.9858542293021295,4746.657786984901,360,13.185160519402501,4,13.185160519402501,0,0.0,0.000839718051769214,0.07584283850988839,21.42100586194168,93.79641834017897,0.07584283275775268,0.03333333333333333,0.6,0.05555555555555556,2.658,2.51,0.9316666666666668,4.6,0.48705977396483313,0,0.0,0.0,0.0,0.0,Training
mp-aaafyjta,Bulk ZnO,2.9066,3.219930574324673,1520.6878229561082,111,13.699890296901875,4,13.699890296901875,0,0.0,0.0021174172145768605,0.07299328522551325,9.65256991613985,65.84024159013377,0.07299327989749395,0.09009009009009009,0.6486486486486487,0.13888888888888887,2.8902702702702707,2.51,0.8450450450450451,5.135135135135135,0.4527052158382717,0,0.0,0.0,0.0,0.0,Test
mp-aaafyjtq,Bulk ZnO,2.0623,2.9561058640845137,1467.4638728335624,114,12.87249011257511,3,12.87249011257511,0,0.0,0.0020144317818035925,0.07768504704642205,10.031881155893345,62.416227706503044,0.07768504101145599,0.02631578947368421,0.631578947368421,0.041666666666666664,2.781315789473684,2.51,0.8723684210526315,4.894736842105263,0.46982621909885564,0,0.0,0.0,0.0,0.0,Training
mp-aaafyjtr,Bulk ZnO,0.7746000000000002,3.017205107071227,3048.9411943837686,222,13.73396934407103,4,13.73396934407103,0,0.0,0.0009895911120322688,0.07281216194294923,15.30981554959559,83.15985660823311,0.0728121566413387,0.09009009009009009,0.6486486486486487,0.13888888888888887,2.8934234234234237,2.51,0.8463963963963964,5.135135135135135,0.4528341838956605,0,0.0,0.0,0.0,0.0,Training
mp-aaafyjtt,Bulk ZnO,1.5938,3.2178447937171732,3040.565027779829,222,13.696238863873104,4,13.696238863873104,0,0.0,0.001058304875678581,0.0730127453192806,15.323861183428159,82.9313967038593,0.07301273998842002,0.09009009009009009,0.6486486486486487,0.13888888888888887,2.891621621621622,2.51,0.8463963963963964,5.135135135135135,0.4528341838956605,0,0.0,0.0,0.0,0.0,Training
mp-aaafyjtv,Bulk ZnO,2.049,3.2198329928952125,4786.202774751648,360,13.295007707643466,4,13.295007707643466,0,0.0,0.0006727322565355136,0.07521620310344668,21.361847123130378,94.57784779692166,0.0752161974459699,0.03333333333333333,0.6,0.05555555555555556,2.6646666666666667,2.51,0.9316666666666668,4.6,0.48705977396483313,0,0.0,0.0,0.0,0.0,Training
mp-aaafyjtw,Bulk ZnO,2.978,3.5346359629913446,1521.639218330888,114,13.347712441499018,4,13.347712441499018,0,0.0,0.0023229132900954978,0.07491920464894992,9.911383645876242,64.7204893399498,0.07491919903606313,0.07017543859649122,0.631578947368421,0.1111111111111111,2.8052631578947365,2.51,0.8719298245614034,4.947368421052632,0.46969071792857575,0,0.0,0.0,0.0,0.0,Training
mp-aaafyjud,Bulk ZnO,2.1513999999999998,3.240963604020459,3169.9982860477453,240,13.208326191865606,4,13.208326191865606,0,0.0,0.001022386547742015,0.07570982011451637,16.33772440790124,82.08268098521313,0.07570981438253994,0.03333333333333333,0.6,0.05555555555555556,2.6646666666666667,2.51,0.9316666666666668,4.6,0.48705977396483313,0,0.0,0.0,0.0,0.0,Test
mp-aaafyjui,Bulk ZnO,0.4341999999999999,3.0481655641447727,1590.2179952478957,114,13.949280660069261,4,13.949280660069261,0,0.0,0.001916822456577471,0.07168828446204872,9.766807546552158,67.63737788155336,0.07168827932283897,0.05263157894736842,0.631578947368421,0.08333333333333333,2.7952631578947367,2.51,0.881578947368421,4.894736842105263,0.47083815909985993,0,0.0,0.0,0.0,0.0,Test
mp-aaafyjuo,Bulk ZnO,1.1343999999999999,2.842728837401551,1516.5436273964294,114,13.303014275407275,4,13.303014275407275,0,0.0,0.0018744787726825167,0.07517093339128847,9.922471995323596,64.50375653313102,0.07517092774061968,0.02631578947368421,0.631578947368421,0.041666666666666664,2.7892105263157894,2.51,0.8802631578947367,4.894736842105263,0.46939771135512365,0,0.0,0.0,0.0,0.0,Training
mp-aaafyjvc,Bulk ZnO,1.7612,3.789688424963685,1551.3378314897661,108,14.364239180460798,4,14.364239180460798,0,0.0,0.002442851807026718,0.06961733144629527,9.329426788824339,68.4054251573589,0.06961732659972276,0.037037037037037035,0.6666666666666666,0.05555555555555555,2.8905555555555553,2.51,0.8324074074074073,5.111111111111111,0.4405891393986491,0,0.0,0.0,0.0,0.0,Training
mp-aaafyjvt,Bulk ZnO,3.6203999999999996,3.3298839208085185,1554.4865706158712,114,13.635847110665537,4,13.635847110665537,0,0.0,0.002142111732421885,0.07333611119897575,9.841074657419586,66.11759890954787,0.07333610582079093,0.07894736842105263,0.631578947368421,0.125,2.8244736842105262,2.51,0.8763157894736842,5.0,0.4719111967887861,0,0.0,0.0,0.0,0.0,Training
mp-aaafyjvw,Bulk ZnO,2.5636,3.1921074702612207,1607.2777444095893,117,13.737416618885378,3,13.737416618885378,0,0.0,0.001986033516213339,0.07279389041934273,9.98823805759632,67.18933715911307,0.07279388512039264,0.008547008547008548,0.6153846153846154,0.01388888888888889,2.6929914529914534,2.51,0.9170940170940172,4.641025641025641,0.48183296344923776,0,0.0,0.0,0.0,0.0,Test
mp-aaafyjwh,Bulk ZnO,3.3321,3.060805020095461,1552.0381350435216,114,13.614369605644926,4,13.614369605644926,0,0.0,0.001972119725015411,0.07345180342286065,9.846246905282582,66.01345862027902,0.07345179802769362,0.07894736842105263,0.631578947368421,0.125,2.822631578947368,2.51,0.8736842105263157,5.0,0.47205628018135376,0,0.0,0.0,0.0,0.0,Training
mp-aaafyjwj,2D ZnO,3.4682999999999997,3.055227792411284,1749.5245865797053,114,15.346706899821976,4,15.346706899821976,1,0.0,0.0017463188661922203,0.06516055897383433,9.460879287297667,74.41322883351803,0.06516055472793615,0.05263157894736842,0.631578947368421,0.08333333333333333,2.804736842105263,2.51,0.9026315789473683,5.0,0.5114852718465075,0,0.0,0.0,0.0,0.0,Training
mp-aaafyjwl,Bulk ZnO,2.0209,3.115628752869017,1520.1979608100219,108,14.075907044537239,3,14.075907044537239,0,0.0,0.0020494888384200213,0.07104337907574439,9.392698319219399,67.03232894971502,0.07104337402858305,0.037037037037037035,0.6666666666666666,0.05555555555555555,2.8896296296296295,2.51,0.824074074074074,5.111111111111111,0.43888739292472423,0,0.0,0.0,0.0,0.0,Training
mp-aaafyjxf,Bulk ZnO,1.7114000000000003,3.122356070902474,1488.9255260138546,114,13.060750228191706,4,13.060750228191706,0,0.0,0.002097053221501033,0.07656528013540095,9.983447217790259,63.3290647832159,0.07656527427315929,0.07894736842105263,0.631578947368421,0.125,2.8431578947368417,2.51,0.8684210526315789,5.052631578947368,0.4644575812830028,0,0.0,0.0,0.0,0.0,Training
mp-aaafyjxk,Bulk ZnO,1.4398,3.0305167658303898,1552.2945069488196,114,13.61661848200719,4,13.61661848200719,0,0.0,0.0019522820909719989,0.07343967236222312,9.845704817414365,66.02436298904398,0.07343966696883804,0.08771929824561403,0.631578947368421,0.1388888888888889,2.8328070175438596,2.51,0.8728070175438596,5.0,0.4679349928093871,0,0.0,0.0,0.0,0.0,Training
mp-aaafyjxs,Bulk ZnO,3.1506999999999996,3.237528697970227,1579.6490450485387,114,13.856570570601217,4,13.856570570601217,0,0.0,0.002049524043405949,0.07216792891898154,9.788541390822235,67.18784449645682,0.07216792371077195,0.05263157894736842,0.631578947368421,0.08333333333333333,2.837894736842105,2.51,0.8789473684210526,5.052631578947368,0.47748624646659493,0,0.0,0.0,0.0,0.0,Training
mp-aaafyjyj,Bulk ZnO,1.7349,3.02140317959732,2976.232093036906,234,12.718940568533787,3,12.718940568533787,0,0.0,0.0010151772728565407,0.07862290059550754,16.267728873125694,78.37716620825289,0.07862289441394753,0.038461538461538464,0.6153846153846154,0.0625,2.7352564102564108,2.51,0.8955128205128204,4.794871794871796,0.479734272995088,0,0.0,0.0,0.0,0.0,Training
mp-aaafyjyw,2D ZnO,3.2531,3.7971732989447564,1497.8939942955237,102,14.685235238191408,3,14.685235238191408,1,0.0,0.002535008026873497,0.06809560649047915,8.914694782836534,68.61424648605673,0.06809560185346784,0.0392156862745098,0.7058823529411765,0.05555555555555555,3.02,1.94,0.7666666666666666,5.411764705882353,0.3670366332349152,0,0.0,0.0,0.0,0.0,Training
mp-aaafyjyx,Bulk ZnO,1.7409,2.911463540851019,1545.713364359685,102,15.15405259176162,3,15.15405259176162,0,0.0,0.0018835727295772582,0.06598894876104905,8.821799529767748,70.8047152754943,0.06598894440650797,0.0392156862745098,0.7058823529411765,0.05555555555555555,3.0337254901960784,1.8399999999999999,0.7725490196078431,5.411764705882353,0.37175160780249045,0,0.0,0.0,0.0,0.0,Training
mp-aaafyjzd,Bulk ZnO,2.6209,3.1952345739805548,1597.7565690980207,114,14.01540850085983,4,14.01540850085983,0,0.0,0.0019998256529055337,0.07135004305715749,9.751422661816928,67.9580190576139,0.07135003796632922,0.05263157894736842,0.631578947368421,0.08333333333333333,2.8405263157894733,2.51,0.881578947368421,5.052631578947368,0.4772666662418966,0,0.0,0.0,0.0,0.0,Training
mp-aaafyjzj,2D ZnO,3.4547,2.88720903600237,1678.7971169865361,114,14.726290499881896,4,14.726290499881896,1,0.0,0.0017198081928952497,0.06790576350561738,9.591917758084081,71.4049490871091,0.06790575889442498,0.05263157894736842,0.631578947368421,0.08333333333333333,2.8110526315789475,2.51,0.894736842105263,5.0,0.4969892050091649,0,0.0,0.0,0.0,0.0,Test
mp-aaafyjzn,Bulk ZnO,1.6542000000000001,2.980143360255805,1518.5665604420778,114,13.32075930212349,4,13.32075930212349,0,0.0,0.00196247134494272,0.07507079568959615,9.918064019034347,64.58979875328353,0.07507079005397221,0.07894736842105263,0.631578947368421,0.125,2.8307894736842103,2.51,0.8723684210526315,5.0,0.4674280906469316,0,0.0,0.0,0.0,0.0,Training
mp-aaafyjzs,2D ZnO,3.7691,2.8918523101810663,1679.1971963303924,114,14.72979996781046,4,14.72979996781046,1,0.0,0.001722163612767298,0.06788958452832587,9.591155919235634,71.42196582182339,0.0678895799193305,0.05263157894736842,0.631578947368421,0.08333333333333333,2.8084210526315787,2.51,0.8921052631578946,5.0,0.4974154623317145,0,0.0,0.0,0.0,0.0,Test
mp-aaafykah,Bulk ZnO,4.310700000000001,2.977479537600814,1423.6953797839758,114,12.488555963017332,4,12.488555963017332,0,0.0,0.002091374025567605,0.08007330895271836,10.133648267210432,60.55460488966431,0.08007330254098408,0.05263157894736842,0.631578947368421,0.08333333333333333,2.828947368421052,2.51,0.8631578947368421,5.052631578947368,0.4625915347458711,0,0.0,0.0,0.0,0.0,Test
mp-aaafykas,Bulk ZnO,2.3306,3.700431742166415,1532.2155098341404,102,15.021720684648436,3,15.021720684648436,0,0.0,0.0024150856837149366,0.06657026987740211,8.847628665756641,70.18641710421134,0.06657026544580158,0.0392156862745098,0.7058823529411765,0.05555555555555555,3.0258823529411765,1.94,0.7725490196078431,5.411764705882353,0.37175160780249045,0,0.0,0.0,0.0,0.0,Training
mp-aaafykay,Bulk ZnO,4.0434,2.845228950006585,1552.8123867478996,114,13.621161287262277,4,13.621161287262277,0,0.0,0.001832306963989018,0.07341517943371996,9.844610145873776,66.04639017762584,0.07341517404393179,0.05263157894736842,0.631578947368421,0.08333333333333333,2.81578947368421,2.51,0.881578947368421,5.0,0.4809769518867831,0,0.0,0.0,0.0,0.0,Training
mp-aaafykbb,Bulk ZnO,1.8525,3.5617066639033226,1585.5026182960826,117,13.551304429881048,4,13.551304429881048,0,0.0,0.002246421180767925,0.0737936340500896,10.033756112644001,66.2790674218437,0.07379362860458957,0.05982905982905983,0.6153846153846154,0.09722222222222222,2.7435897435897436,2.51,0.9042735042735042,4.794871794871796,0.4796188048758027,0,0.0,0.0,0.0,0.0,Training
mp-aaafykbc,Bulk ZnO,2.4345999999999997,3.133678738296728,1485.766526609402,114,13.033039707100018,4,13.033039707100018,0,0.0,0.0021091326814637215,0.07672807130751158,9.990517727200272,63.19470179833894,0.07672806542031511,0.05263157894736842,0.631578947368421,0.08333333333333333,2.8421052631578947,2.51,0.8684210526315789,5.052631578947368,0.4642697199027778,0,0.0,0.0,0.0,0.0,Training
mp-aaafykbf,2D ZnO,3.3762,3.020649134669715,1772.5157697568782,114,15.548383945235773,4,15.548383945235773,1,0.0,0.0017041592442836396,0.06431536573332516,9.41979566405052,75.39112202121022,0.06431536159685916,0.05263157894736842,0.631578947368421,0.08333333333333333,2.8021052631578947,2.51,0.9,5.0,0.5120383148426139,0,0.0,0.0,0.0,0.0,Test
mp-aaafykbg,Bulk ZnO,0.8570000000000002,3.233491838217931,2955.236347720888,234,12.629215161200376,4,12.629215161200376,0,0.0,0.0010941567637091486,0.07918148414101074,16.306163182572934,77.82425670090981,0.07918147787130381,0.038461538461538464,0.6153846153846154,0.0625,2.773076923076923,2.51,0.8935897435897436,4.923076923076923,0.473037942724142,0,0.0,0.0,0.0,0.0,Training
mp-aaafykcs,Bulk ZnO,3.3367000000000004,4.233067653376411,1591.9337230858932,117,13.606271137486267,3,13.606271137486267,0,0.0,0.00265907279429372,0.07349552202035187,10.020226398154543,66.5479081181895,0.07349551661876051,0.008547008547008548,0.6153846153846154,0.01388888888888889,2.683589743589744,2.51,0.9170940170940172,4.641025641025641,0.48183296344923776,0,0.0,0.0,0.0,0.0,Test
mp-aaafykcv,Bulk ZnO,2.1612,3.1179860182092756,1537.4203970350743,114,13.486143833641002,4,13.486143833641002,0,0.0,0.002028063387361279,0.07415018053607834,9.877354443661211,65.39171652428622,0.07415017503782949,0.07017543859649122,0.631578947368421,0.1111111111111111,2.8087719298245615,2.51,0.8719298245614034,4.947368421052632,0.46969071792857575,0,0.0,0.0,0.0,0.0,Training
mp-aaafykda,Bulk ZnO,2.1704999999999997,3.393260063196184,1387.517396638883,114,12.171205233674412,3,12.171205233674412,0,0.0,0.0024455621755921798,0.08216113201618458,10.220968245046436,59.01583226585454,0.08216112526573352,0.02631578947368421,0.631578947368421,0.041666666666666664,2.818421052631579,2.51,0.8605263157894736,5.052631578947368,0.4606381728667379,0,0.0,0.0,0.0,0.0,Training
mp-aaafykdf,Bulk ZnO,1.6034000000000002,3.132449318242003,2901.462169822981,222,13.069649413617032,4,13.069649413617032,0,0.0,0.001079610601448274,0.07651314647798571,15.564935916615477,79.13736691319131,0.07651314062372458,0.08108108108108109,0.6486486486486487,0.125,2.9040540540540545,2.51,0.841891891891892,5.1891891891891895,0.4482815890238329,0,0.0,0.0,0.0,0.0,Training
mp-aaafykdk,Bulk ZnO,3.8156,3.0864418270861096,1615.4338137074633,114,14.170472050065467,3,14.170472050065467,0,0.0,0.001910596275066599,0.07056927930607505,9.715723087837773,68.70989237128944,0.07056927432605224,0.02631578947368421,0.631578947368421,0.041666666666666664,2.764736842105263,2.51,0.8842105263157894,4.894736842105263,0.48263863399015344,0,0.0,0.0,0.0,0.0,Training
mp-aaafykea,Bulk ZnO,3.5199,3.058366147721113,3097.9756873392985,234,13.23921233905683,3,13.23921233905683,0,0.0,0.0009872143800934074,0.07553319445220413,16.051779638425828,81.58320580031047,0.07553318874694111,0.10256410256410256,0.6153846153846154,0.16666666666666666,2.793589743589744,2.51,0.8935897435897436,4.923076923076923,0.4772617923362555,0,0.0,0.0,0.0,0.0,Training
mp-aaafykec,Bulk ZnO,2.9766,3.130996827815313,2907.253611174715,222,13.09573698727349,4,13.09573698727349,0,0.0,0.0010769603366491964,0.07636072723297707,15.554593585660612,79.29532844857688,0.07636072140201687,0.05405405405405406,0.6486486486486487,0.08333333333333333,2.9029729729729734,2.51,0.841891891891892,5.1891891891891895,0.4480688839868333,0,0.0,0.0,0.0,0.0,Training
mp-aaafykek,Bulk ZnO,1.5062000000000002,2.918412932875394,1513.9509997783152,114,13.280271927879959,4,13.280271927879959,0,0.0,0.0019276799138827684,0.07529966294595584,9.928132813523916,64.39348326592075,0.07529965727591703,0.05263157894736842,0.631578947368421,0.08333333333333333,2.8099999999999996,2.51,0.8763157894736842,4.947368421052632,0.4684492180531627,0,0.0,0.0,0.0,0.0,Training
mp-aaafykeu,Bulk ZnO,0.8459000000000001,3.175456735634639,1469.1283087774245,114,12.887090427872145,4,12.887090427872145,0,0.0,0.0021614563661067716,0.07759703445839133,10.028091213883654,62.487021826070965,0.07759702843709206,0.05263157894736842,0.631578947368421,0.08333333333333333,2.8347368421052628,2.51,0.868421052631579,5.052631578947368,0.4625755342478923,0,0.0,0.0,0.0,0.0,Training
mp-aaafykex,Bulk ZnO,2.8369,3.1961724566165652,3129.113363483886,222,14.095105240918405,4,14.095105240918405,0,0.0,0.0010214307010782177,0.07094661465151587,15.177929876378101,85.34655213998617,0.07094660961809411,0.05405405405405406,0.6486486486486487,0.08333333333333333,2.9013513513513516,2.51,0.8554054054054054,5.1891891891891895,0.46450064793500745,0,0.0,0.0,0.0,0.0,Training
mp-aaafykff,Bulk ZnO,3.2146999999999997,3.2170091231320757,1555.8143680257144,111,14.01634565788932,4,14.01634565788932,0,0.0,0.0020677332651287774,0.07134527247029859,9.579372310613659,67.36109299612043,0.07134526738015105,0.05405405405405406,0.6486486486486487,0.08333333333333333,2.9000000000000004,2.51,0.8540540540540541,5.1891891891891895,0.46445735834176344,0,0.0,0.0,0.0,0.0,Training
mp-aaafykfk,Bulk ZnO,0.26259999999999994,3.3957822631896772,1581.3323734923272,114,13.871336609581817,4,13.871336609581817,0,0.0,0.0021474184176032453,0.07209110615261374,9.785066856606816,67.25944217827876,0.07209110095548653,0.02631578947368421,0.631578947368421,0.041666666666666664,2.8223684210526314,2.51,0.8842105263157894,5.052631578947368,0.4731300464098853,0,0.0,0.0,0.0,0.0,Training
mp-aaafykft,Bulk ZnO,3.3911999999999995,2.7666719624215226,3242.1576206356067,234,13.855374447160713,4,13.855374447160713,0,0.0,0.0008533428309630215,0.07217415911880484,15.81021645599237,85.38014468038989,0.07217415390969598,0.05128205128205128,0.6153846153846154,0.08333333333333333,2.76025641025641,2.51,0.9166666666666666,4.923076923076923,0.5032380844209364,0,0.0,0.0,0.0,0.0,Training
mp-aaafykgf,2D ZnO,3.7276,2.691243480708406,1668.1765765169034,117,14.25791945740943,4,14.25791945740943,1,0.0,0.001613284539894231,0.07013646016076551,9.865183975522951,69.73510261706606,0.07013645524164282,0.05128205128205128,0.6153846153846154,0.08333333333333333,2.758974358974359,2.51,0.9153846153846154,4.923076923076923,0.5035359750943933,0,0.0,0.0,0.0,0.0,Training
mp-aaafykgg,2D ZnO,4.1456,2.8619346738527316,1658.6333135410555,111,14.942642464333833,4,14.942642464333833,1,0.0,0.0017254776269642865,0.06692256757041945,9.377192916479117,71.81277868109763,0.0669225630917897,0.05405405405405406,0.6486486486486487,0.08333333333333333,2.86972972972973,2.51,0.8675675675675676,5.135135135135135,0.4881481766682334,0,0.0,0.0,0.0,0.0,Test
mp-aaafykgt,Bulk ZnO,2.7537000000000003,3.464679238952474,1547.1956168942213,114,13.5718913762651,4,13.5718913762651,0,0.0,0.0022393284993317995,0.07368169787660014,9.856508691283222,65.80748985942907,0.07368169244760794,0.07017543859649122,0.631578947368421,0.1111111111111111,2.8105263157894735,2.51,0.8771929824561403,4.947368421052632,0.4694358316101335,0,0.0,0.0,0.0,0.0,Training
mp-aaafykgv,Bulk ZnO,1.752,3.118635518962646,1458.5922635281972,111,13.140470842596372,4,13.140470842596372,0,0.0,0.0021381133007102072,0.07610077385951675,9.787648032129034,63.15173013321907,0.07610076806818941,0.08108108108108109,0.6486486486486487,0.125,2.902702702702703,2.51,0.8405405405405406,5.1891891891891895,0.4481120121925319,0,0.0,0.0,0.0,0.0,Training
mp-aaafykhg,Bulk ZnO,2.4387,2.9844296589257238,1661.652912356774,114,14.575902739971703,4,14.575902739971703,0,0.0,0.0017960607999012346,0.06860638533609902,9.624793348292023,70.67574777603909,0.06860638062926323,0.02631578947368421,0.631578947368421,0.041666666666666664,2.7726315789473683,2.51,0.8921052631578947,4.894736842105263,0.4817119079731531,0,0.0,0.0,0.0,0.0,Training
mp-aaafykhh,2D ZnO,3.7978999999999994,2.8541262536653536,3323.2055816033735,222,14.969394511726907,4,14.969394511726907,1,0.0,0.0008588473338710211,0.06680296916596111,14.87649331974932,90.64041646814115,0.06680296470332472,0.05405405405405406,0.6486486486486487,0.08333333333333333,2.8710810810810816,2.51,0.8689189189189189,5.135135135135135,0.48805600638956587,0,0.0,0.0,0.0,0.0,Test
mp-aaafykhj,Bulk ZnO,1.9403000000000001,3.0590115772852884,1561.2072756339883,114,13.694800663456038,4,13.694800663456038,0,0.0,0.0019593884969842067,0.0730204129709208,9.826933017640224,66.40345334353066,0.07302040763894048,0.07017543859649122,0.631578947368421,0.1111111111111111,2.814035087719298,2.51,0.8771929824561403,4.947368421052632,0.4694358316101335,0,0.0,0.0,0.0,0.0,Training
mp-aaafykhr,2D ZnO,3.0848000000000004,2.985255974354251,1624.7551880400601,114,14.252238491579474,4,14.252238491579474,1,0.0,0.0018373574039516447,0.07016441666976182,9.697107434678298,69.1063621131697,0.07016441174671681,0.05263157894736842,0.631578947368421,0.08333333333333333,2.7989473684210524,2.51,0.8842105263157894,4.947368421052632,0.4770267953601232,0,0.0,0.0,0.0,0.0,Test
mp-aaafykhw,Bulk ZnO,2.782,3.7660436220582647,1527.1416556536626,114,13.395979435558443,3,13.395979435558443,0,0.0,0.0024660735355596626,0.07464926359513425,9.899465432763265,64.95452670689082,0.07464925802262212,0.05263157894736842,0.631578947368421,0.08333333333333333,2.782105263157894,2.51,0.8736842105263157,4.894736842105263,0.47132539359838715,0,0.0,0.0,0.0,0.0,Training
mp-aaafykhx,Bulk ZnO,2.9484000000000004,3.860839668250168,1622.254274757773,114,14.230300655769938,4,14.230300655769938,0,0.0,0.0023799226350176513,0.07027258412804732,9.70208798828028,68.9999897684795,0.0702725791898116,0.02631578947368421,0.631578947368421,0.041666666666666664,2.7702631578947368,2.51,0.8921052631578947,4.894736842105263,0.4817119079731531,0,0.0,0.0,0.0,0.0,Training
mp-aaafykic,Bulk ZnO,4.4174,3.688236058586943,1555.6666727690033,114,13.646198883938625,4,13.646198883938625,0,0.0,0.0023708395398238367,0.07328047967826302,9.83858560424214,66.16779266632132,0.07328047430823471,0.05263157894736842,0.631578947368421,0.08333333333333333,2.7921052631578944,2.51,0.8789473684210526,4.947368421052632,0.47748624646659493,0,0.0,0.0,0.0,0.0,Training
mp-aaafykif,Bulk ZnO,1.2947,3.259485214855383,1436.7475985576143,114,12.603049110154512,4,12.603049110154512,0,0.0,0.00226865541179791,0.07934587822833138,10.102868294449145,61.10976013002975,0.07934587193256348,0.05263157894736842,0.631578947368421,0.08333333333333333,2.829473684210526,2.51,0.8631578947368421,5.052631578947368,0.4625915347458711,0,0.0,0.0,0.0,0.0,Test
mp-aaafykih,Bulk ZnO,3.7293000000000003,3.586899946641159,1594.625395572013,114,13.987942066421168,4,13.987942066421168,0,0.0,0.0022493683824435086,0.07149014452959135,9.757801052926032,67.82483960195172,0.07149013941875096,0.05263157894736842,0.631578947368421,0.08333333333333333,2.7973684210526315,2.51,0.8842105263157894,4.947368421052632,0.4770267953601232,0,0.0,0.0,0.0,0.0,Training
mp-aaafykje,Bulk ZnO,1.1923000000000001,3.633437968849752,1575.484674375242,114,13.820041003291598,4,13.820041003291598,0,0.0,0.0023062350449651885,0.07235868545989295,9.797158263365906,67.01071965337849,0.07235868022411396,0.05263157894736842,0.631578947368421,0.08333333333333333,2.79,2.51,0.881578947368421,4.894736842105263,0.47083815909985993,0,0.0,0.0,0.0,0.0,Training
mp-aaafykjj,Bulk ZnO,3.9410999999999996,3.0859683231893427,1536.5835065506335,117,13.133192363680628,3,13.133192363680628,0,0.0,0.0020083310214078845,0.07614294927754688,10.139124892416651,64.23409249201495,0.0761429434797986,0.10256410256410256,0.6153846153846154,0.16666666666666666,2.7923076923076926,2.51,0.8923076923076924,4.923076923076923,0.47741812055120253,0,0.0,0.0,0.0,0.0,Training
mp-aaafykjl,Bulk ZnO,3.9657000000000004,2.786275098838118,1546.5151514556453,111,13.93256893203284,4,13.93256893203284,0,0.0,0.00180164746282347,0.0717742725608101,9.598534253293492,66.95847080349832,0.07177426740926428,0.05405405405405406,0.6486486486486487,0.08333333333333333,2.8772972972972974,2.51,0.8567567567567568,5.135135135135135,0.4686799103886356,0,0.0,0.0,0.0,0.0,Training
mp-aaafykjm,Bulk ZnO,2.0647,3.178240390716889,1533.5856922190342,114,13.45250607209679,3,13.45250607209679,0,0.0,0.0020724243887005156,0.07433559179536084,9.885580309917819,65.22861349093998,0.07433558626958105,0.05263157894736842,0.631578947368421,0.08333333333333333,2.7873684210526313,2.51,0.8736842105263157,4.894736842105263,0.47132539359838715,0,0.0,0.0,0.0,0.0,Training
mp-aaafykjo,Bulk ZnO,3.3657,3.283699273986662,3088.9830986633915,222,13.91433828226753,4,13.91433828226753,0,0.0,0.0010630356881549546,0.07186831164471563,15.24337488248195,84.25199935744315,0.07186830647966179,0.08108108108108109,0.6486486486486487,0.125,2.8848648648648654,2.51,0.8500000000000001,5.135135135135135,0.45779510522153094,0,0.0,0.0,0.0,0.0,Training
mp-aaafykju,Bulk ZnO,2.9392999999999994,3.998265235460227,3154.615798123073,240,13.144232492179471,4,13.144232492179471,0,0.0,0.0012674333393749902,0.0760789951482506,16.364236613258008,81.68437293102993,0.07607898936023755,0.03333333333333333,0.6,0.05555555555555556,2.658,2.51,0.9316666666666668,4.6,0.48705977396483313,0,0.0,0.0,0.0,0.0,Training
mp-aaafykjz,Bulk ZnO,3.1338,2.721609918272667,1686.3575194796263,120,14.052979328996885,4,14.052979328996885,0,0.0,0.0016138985279423414,0.07115928776302989,10.081644089491581,69.31525460297726,0.07115928269938601,0.05,0.6,0.08333333333333334,2.706,2.51,0.9400000000000001,4.8,0.5066053061009791,0,0.0,0.0,0.0,0.0,Training
mp-aaafykko,Bulk ZnO,1.0735999999999999,2.95869879172275,1568.4768169897502,105,14.93787444752143,4,14.93787444752143,0,0.0,0.0018863516245022605,0.06694392856983244,9.037117543702681,70.47232035979603,0.06694392408834318,0.02857142857142857,0.6857142857142857,0.041666666666666664,2.9537142857142857,2.51,0.8057142857142858,5.228571428571428,0.41530258076423204,0,0.0,0.0,0.0,0.0,Test
mp-aaafykkz,Bulk ZnO,2.2227,2.784892662702429,1436.2772402369976,102,14.081149414088213,2,14.081149414088213,0,0.0,0.0019389659493893386,0.07101692983951285,9.040395121225536,65.7917589357072,0.07101692479610888,0.058823529411764705,0.7058823529411765,0.08333333333333333,3.0711764705882354,1.9,0.7617647058823529,5.529411764705882,0.3542037047463988,0,0.0,0.0,0.0,0.0,Training
mp-aaafyklb,Bulk ZnO,1.4510999999999998,3.225818244368126,3112.106855013064,222,14.018499346905694,4,14.018499346905694,0,0.0,0.0010365383949371444,0.07133431155887097,15.205526918518002,84.88269970214795,0.07133430647028734,0.05405405405405406,0.6486486486486487,0.08333333333333333,2.892702702702703,2.51,0.8527027027027028,5.1891891891891895,0.45714691372095406,0,0.0,0.0,0.0,0.0,Training
mp-aaafyklg,Bulk ZnO,3.9251,3.1434757687321597,1543.1765613177226,120,12.85980467764769,3,12.85980467764769,0,0.0,0.00203701627378784,0.07776167873981424,10.384271632890895,63.430011139092386,0.07776167269293603,0.1,0.6,0.16666666666666669,2.7359999999999998,2.51,0.915,4.8,0.4851092703812444,0,0.0,0.0,0.0,0.0,Training
mp-aaafyklj,Bulk ZnO,2.5749,2.9529824586889597,3214.1715306220062,222,14.478250137936964,4,14.478250137936964,0,0.0,0.0009187382908956009,0.06906912026472918,15.042844209331351,87.6665132450395,0.06906911549418614,0.05405405405405406,0.6486486486486487,0.08333333333333333,2.858648648648649,2.51,0.8581081081081081,5.081081081081082,0.46456692913331693,0,0.0,0.0,0.0,0.0,Training
mp-aaafyklq,2D ZnO,3.1665,3.330683385848018,1483.8036914286959,102,14.547095014006823,2,14.547095014006823,1,0.0,0.00224469274816336,0.06874224709724791,8.942824117326273,67.96880994805764,0.0687422423717517,0.0784313725490196,0.7058823529411765,0.1111111111111111,3.071764705882353,1.94,0.7627450980392156,5.529411764705882,0.3571276101369765,0,0.0,0.0,0.0,0.0,Training
mp-aaafyklt,Bulk ZnO,1.2616999999999998,3.170713667159249,2876.6642497347943,222,12.957947070877452,4,12.957947070877452,0,0.0,0.0011022188868414391,0.07717271837353512,15.609533199351393,78.46100376046319,0.07717271241790713,0.05405405405405406,0.6486486486486487,0.08333333333333333,2.8954054054054055,2.51,0.841891891891892,5.1891891891891895,0.44614997529134676,0,0.0,0.0,0.0,0.0,Training
mp-aaafyklv,Bulk ZnO,1.4951,3.881281901702086,1554.576133351238,102,15.240942483835667,3,15.240942483835667,0,0.0,0.002496681776102603,0.06561274022656972,8.805002963195136,71.21069341443557,0.06561273592153834,0.0196078431372549,0.7058823529411765,0.027777777777777776,3.0029411764705882,1.94,0.777450980392157,5.352941176470589,0.3784089824826797,0,0.0,0.0,0.0,0.0,Training
mp-aaafykmw,Bulk ZnO,2.6034,3.2576784745785123,1404.0573649129362,111,12.649165449666093,4,12.649165449666093,0,0.0,0.0023201890150553192,0.07905659894949019,9.91276235794948,60.79056773965009,0.07905659269954485,0.05405405405405406,0.6486486486486487,0.08333333333333333,2.891351351351352,2.51,0.8378378378378379,5.1891891891891895,0.44559352554759124,0,0.0,0.0,0.0,0.0,Test
mp-aaafyknf,Bulk ZnO,2.7931,3.3050315960722587,1522.8216487135603,111,13.719113952374418,4,13.719113952374418,0,0.0,0.0021703339973294065,0.07289100473044226,9.648059313476839,65.93262847011074,0.07289099941734407,0.05405405405405406,0.6486486486486487,0.08333333333333333,2.888648648648649,2.51,0.8486486486486486,5.1891891891891895,0.4568815160456389,0,0.0,0.0,0.0,0.0,Training
mp-aaafyknk,Bulk ZnO,2.3372,2.9356913928945017,1473.979267404444,111,13.279092499139136,4,13.279092499139136,0,0.0,0.0019916775342871764,0.07530635094716213,9.753470778431083,63.81793133327277,0.07530634527611607,0.05405405405405406,0.6486486486486487,0.08333333333333333,2.8659459459459464,2.51,0.845945945945946,5.081081081081082,0.45355598515816997,0,0.0,0.0,0.0,0.0,Training
mp-aaafyknt,Bulk ZnO,2.3561,3.0264837282737487,1519.4666077032011,102,14.8967314480706,2,14.8967314480706,0,0.0,0.00199180667276955,0.06712881973377578,8.872304768603195,69.60242630341352,0.06712881522749765,0.0196078431372549,0.7058823529411765,0.027777777777777776,3.003921568627451,1.8399999999999999,0.7686274509803921,5.352941176470589,0.37178879846206286,0,0.0,0.0,0.0,0.0,Training
mp-aaafykoa,Bulk ZnO,0.9697,3.025679797702035,3087.661210460223,222,13.908383830901906,4,13.908383830901906,0,0.0,0.000979926096636441,0.07189907987570643,15.245549901177577,84.2159448629747,0.07189907470622912,0.07207207207207207,0.6486486486486487,0.1111111111111111,2.8741441441441444,2.51,0.8509009009009009,5.081081081081082,0.45512727602829844,0,0.0,0.0,0.0,0.0,Training
mp-aaafykob,Bulk ZnO,3.4029,2.8652354012227708,1546.978392237298,120,12.891486601977483,4,12.891486601977483,0,0.0,0.0018521495940734894,0.07757057280318667,10.375757911217187,63.58627982773272,0.07757056678599339,0.05,0.6,0.08333333333333334,2.7215,2.51,0.925,4.8,0.4897786503810616,1,23.0,15.5,23.0,6700.0,Training
mp-aaafykod,Bulk ZnO,1.5539999999999998,3.4145553651375,3078.5399052110465,222,13.867296870320029,4,13.867296870320029,0,0.0,0.0011091476707375727,0.0721121073091242,15.260591902270827,83.96716130558805,0.07211210210896855,0.07207207207207207,0.6486486486486487,0.1111111111111111,2.870540540540541,2.51,0.8509009009009009,5.081081081081082,0.45512727602829844,0,0.0,0.0,0.0,0.0,Training
mp-aaafykop,Bulk ZnO,1.0029,3.009879176604634,1564.6861363475562,108,14.487834595810705,4,14.487834595810705,0,0.0,0.0019236312680769253,0.06902342744092065,9.302821272502415,68.99401163439357,0.06902342267668743,0.037037037037037035,0.6666666666666666,0.05555555555555555,2.8979629629629624,2.51,0.8324074074074073,5.111111111111111,0.4405891393986491,0,0.0,0.0,0.0,0.0,Training
mp-aaafykpf,2D ZnO,4.0034,2.875963256720274,1540.9980958739882,102,15.107824469352826,2,15.107824469352826,1,0.0,0.0018662990333477023,0.06619086699270058,8.830788249042724,70.58872229110577,0.06619086261146999,0.058823529411764705,0.7058823529411765,0.08333333333333333,3.0588235294117645,2.11,0.7705882352941176,5.529411764705882,0.3790366524098046,0,0.0,0.0,0.0,0.0,Training
mp-aaafykpj,Bulk ZnO,2.057,3.158122286764116,1490.0320304952716,102,14.60815716171835,2,14.60815716171835,0,0.0,0.0021194995960686753,0.0684549042654447,8.930346370169493,68.25411237502529,0.0684548995793711,0.058823529411764705,0.7058823529411765,0.08333333333333333,3.0958823529411763,1.79,0.7647058823529411,5.647058823529411,0.3621516894251678,0,0.0,0.0,0.0,0.0,Training
mp-aaafykpt,Bulk ZnO,1.4810999999999999,3.0800384521561837,1378.7805639555363,102,13.517456509368003,2,13.517456509368003,0,0.0,0.002233885893575383,0.07397841445296828,9.164352539396017,63.15800038301294,0.07397840898016288,0.058823529411764705,0.7058823529411765,0.08333333333333333,3.0988235294117645,1.79,0.7529411764705882,5.647058823529411,0.3327886581831341,0,0.0,0.0,0.0,0.0,Training
mp-aaafykpw,2D ZnO,4.8209,3.5140041542017553,1508.6224387073846,102,14.790416065758672,2,14.790416065758672,1,0.0,0.00232928005314081,0.06761135018473904,8.893512451449032,69.10568588837143,0.06761134561344469,0.058823529411764705,0.7058823529411765,0.08333333333333333,3.057058823529412,2.1399999999999997,0.7705882352941176,5.529411764705882,0.3790366524098046,0,0.0,0.0,0.0,0.0,Training
mp-aaafykqd,Bulk ZnO,1.2515999999999998,3.064128403695325,1523.2738662915722,105,14.50737015515783,3,14.50737015515783,0,0.0,0.002011541372501178,0.06893048080423234,9.125639365687885,68.44133285121184,0.06893047605282149,0.02857142857142857,0.6857142857142857,0.041666666666666664,2.9451428571428573,2.51,0.7971428571428572,5.228571428571428,0.41170300471080923,0,0.0,0.0,0.0,0.0,Training
mp-aaafykqm,Bulk ZnO,2.9406,3.4729832276896584,1517.2404408899258,111,13.668832800810142,4,13.668832800810142,0,0.0,0.002289013088560048,0.07315913615833611,9.65987504823916,65.69098250837844,0.0731591308060773,0.07207207207207207,0.6486486486486487,0.1111111111111111,2.8664864864864867,2.51,0.8468468468468469,5.081081081081081,0.454813051400544,0,0.0,0.0,0.0,0.0,Training
mp-aaafykqs,Bulk ZnO,2.3846,3.9382136847418647,1599.086224588133,120,13.325718538234442,4,13.325718538234442,0,0.0,0.002462790076098746,0.07504285769887592,10.261809591507866,65.72809591624633,0.07504285206744585,0.03333333333333333,0.6,0.05555555555555556,2.6605,2.51,0.9341666666666667,4.6,0.48644632999506077,0,0.0,0.0,0.0,0.0,Training
mp-aaafykqv,2D ZnO,3.0506,3.53531159938346,3176.6069445655676,222,14.30904029083589,4,14.30904029083589,1,0.0,0.0011129206921339614,0.06988588889783488,15.10190778702359,86.64193933861083,0.06988588401379776,0.05405405405405406,0.6486486486486487,0.08333333333333333,2.8570270270270273,2.51,0.8581081081081081,5.081081081081082,0.46456692913331693,0,0.0,0.0,0.0,0.0,Test
mp-aaafykqw,Bulk ZnO,1.6461000000000001,3.188372234860647,1608.3355617004215,120,13.402796347503513,4,13.402796347503513,0,0.0,0.001982404860519109,0.07461129558879451,10.24210029905824,66.10827636401098,0.0746112900219495,0.03333333333333333,0.6,0.05555555555555556,2.6671666666666667,2.51,0.9341666666666667,4.6,0.48644632999506077,0,0.0,0.0,0.0,0.0,Training
mp-aaafykru,Bulk ZnO,1.4096,2.8821062787063196,2993.4497225004566,222,13.484007759011066,4,13.484007759011066,0,0.0,0.0009628043046932719,0.07416192706739745,15.40383950702929,81.64632697594753,0.07416192156740643,0.05405405405405406,0.6486486486486487,0.08333333333333333,2.87,2.51,0.85,5.081081081081082,0.4538971597484206,0,0.0,0.0,0.0,0.0,Training
mp-aaafykry,Bulk ZnO,3.3966,3.1074056572920714,1558.2085429804606,120,12.985071191503838,3,12.985071191503838,0,0.0,0.0019942168019104725,0.0770115146272207,10.35077144438328,64.04787871705503,0.07701150869644778,0.1,0.6,0.16666666666666669,2.7385,2.51,0.9175000000000001,4.8,0.48460779641482715,0,0.0,0.0,0.0,0.0,Test
mp-aaafyktk,Bulk ZnO,2.3571,2.9240199968309617,1490.1727436469823,102,14.609536702421396,2,14.609536702421396,0,0.0,0.0019622020395265354,0.0684484402461756,8.930065271497302,68.26055804268407,0.06844843556098694,0.0784313725490196,0.7058823529411765,0.1111111111111111,3.075686274509804,1.8399999999999999,0.7627450980392156,5.529411764705882,0.3571276101369765,0,0.0,0.0,0.0,0.0,Training
mp-aaafyktp,Bulk ZnO,1.0886,2.9188712806335277,1566.2851380821019,102,15.355736647863743,3,15.355736647863743,0,0.0,0.001863563159520017,0.06512224212565652,8.783007010475036,71.74704948487147,0.06512223788475038,0.0196078431372549,0.7058823529411765,0.027777777777777776,3.0127450980392156,1.8399999999999999,0.777450980392157,5.352941176470589,0.3784089824826797,0,0.0,0.0,0.0,0.0,Training
mp-aaafyktt,Bulk ZnO,2.1109,3.085008308390043,1518.4935447653963,111,13.68012202491348,4,13.68012202491348,0,0.0,0.0020316242495892,0.07309876316737932,9.657217116155246,65.74523734007566,0.07309875782395053,0.07207207207207207,0.6486486486486487,0.1111111111111111,2.8700900900900903,2.51,0.8468468468468469,5.081081081081081,0.454813051400544,0,0.0,0.0,0.0,0.0,Test
mp-aaafyktv,Bulk ZnO,4.2108,2.893604203615712,1534.9056151130055,120,12.790880125941714,4,12.790880125941714,0,0.0,0.0018852000899108536,0.07818070298163914,10.402890354604246,63.0900460158222,0.0781806968694173,0.05,0.6,0.08333333333333334,2.7190000000000003,2.51,0.9225,4.8,0.4903501797097756,1,23.0,15.5,23.0,6700.0,Training
mp-aaafyktz,Bulk ZnO,1.8746,3.9799027840535848,1503.3718658181988,105,14.317827293506655,3,14.317827293506655,0,0.0,0.0026473175895755856,0.06984299918560372,9.165732104182466,67.54712763378812,0.06984299430755952,0.02857142857142857,0.6857142857142857,0.041666666666666664,2.936571428571429,2.51,0.7971428571428572,5.228571428571428,0.41170300471080923,0,0.0,0.0,0.0,0.0,Test
mp-aaafykub,2D ZnO,3.1569000000000003,4.03469536011094,1502.1219515481841,102,14.726685799492001,2,14.726685799492001,1,0.0,0.0026859972027920382,0.06790394075186253,8.906322988926224,68.80791713442794,0.06790393614091766,0.0196078431372549,0.7058823529411765,0.027777777777777776,2.9941176470588236,1.94,0.7686274509803921,5.352941176470589,0.37178879846206286,0,0.0,0.0,0.0,0.0,Training
mp-aaafykue,Bulk ZnO,4.6276,3.6177886839420688,1555.8055788068582,111,14.016266475737462,4,14.016266475737462,0,0.0,0.0023253475454925016,0.07134567552143983,9.579390349508822,67.36071245497047,0.07134567043123478,0.05405405405405406,0.6486486486486487,0.08333333333333333,2.8529729729729736,2.51,0.8540540540540541,5.081081081081082,0.46445735834176344,0,0.0,0.0,0.0,0.0,Training
mp-aaafykuh,Bulk ZnO,4.083699999999999,3.023789624947605,1573.893952087894,111,14.17922479358463,4,14.17922479358463,0,0.0,0.001921215607275389,0.07052571734756956,9.542551005126507,68.1438731068923,0.07052571237369311,0.05405405405405406,0.6486486486486487,0.08333333333333333,2.854594594594595,2.51,0.8540540540540541,5.081081081081082,0.46445735834176344,0,0.0,0.0,0.0,0.0,Training
mp-aaafykvk,Bulk ZnO,1.6105999999999998,3.8459181197491423,1548.7635024294586,105,14.750128594566272,4,14.750128594566272,0,0.0,0.0024832184602208572,0.06779601910510699,9.075298750404714,69.5865928794801,0.06779601450880711,0.02857142857142857,0.6857142857142857,0.041666666666666664,2.9451428571428573,2.51,0.8057142857142858,5.228571428571428,0.41530258076423204,0,0.0,0.0,0.0,0.0,Training
mp-aaafykvm,Bulk ZnO,1.4221,2.818660907487046,2912.370192829882,210,13.868429489666104,4,13.868429489666104,0,0.0,0.0009678237040148454,0.07210621799282595,14.705183069758945,82.43286249397394,0.07210621279351966,0.05714285714285714,0.6857142857142857,0.08333333333333333,3.0002857142857144,2.51,0.7928571428571429,5.371428571428571,0.4015835871710731,0,0.0,0.0,0.0,0.0,Training
mp-aaafykvp,Bulk ZnO,1.5166999999999997,3.213144438797546,1498.4677954684678,105,14.271121861604454,4,14.271121861604454,0,0.0,0.0021442866163119754,0.07007157599084318,9.17572018411764,67.32678569885503,0.07007157108081777,0.05714285714285714,0.6857142857142857,0.08333333333333333,3.022857142857143,2.51,0.7942857142857143,5.485714285714286,0.40650665183770474,0,0.0,0.0,0.0,0.0,Training
mp-aaafykvq,2D ZnO,3.4949000000000003,2.963851312440452,1777.4240209879706,123,14.450601796650167,4,14.450601796650167,1,0.0,0.0016674981756986795,0.06920127023580518,10.154099850360993,71.86558593971345,0.06920126544698971,0.024390243902439025,0.5853658536585366,0.04166666666666667,2.6297560975609757,2.51,0.9768292682926829,4.609756097560975,0.5148598199756915,0,0.0,0.0,0.0,0.0,Training
mp-aaafykvu,Bulk ZnO,3.0137,3.3019642669174036,1504.2657401221757,108,13.928386482612737,3,13.928386482612737,0,0.0,0.002195067120686548,0.07179582511214296,9.425742416247996,66.32980606415734,0.07179581995750282,0.08333333333333333,0.6666666666666666,0.125,2.9486111111111106,2.51,0.8222222222222222,5.277777777777778,0.4372096761842461,0,0.0,0.0,0.0,0.0,Training
mp-aaafykwd,Bulk ZnO,3.748,2.814899554842218,1638.1384576602932,123,13.318198842766611,4,13.318198842766611,0,0.0,0.0017183526469811711,0.07508522825089976,10.43409795133839,66.23393108229644,0.07508522261310868,0.024390243902439025,0.5853658536585366,0.04166666666666667,2.6399999999999997,2.51,0.9621951219512195,4.609756097560975,0.5001120318613018,0,0.0,0.0,0.0,0.0,Test
mp-aaafykwm,Bulk ZnO,2.9416,3.384490594316208,1492.446281756992,105,14.213774111971352,4,14.213774111971352,0,0.0,0.0022677470108550873,0.07035429099423805,9.1880439294509,67.05623656562625,0.07035428604451213,0.0761904761904762,0.6857142857142857,0.11111111111111112,2.9994285714285716,2.51,0.7923809523809524,5.371428571428571,0.40294191062619344,0,0.0,0.0,0.0,0.0,Training
mp-aaafykwz,Bulk ZnO,1.6086,3.4356527128248775,3186.8613862308403,234,13.619065753123248,4,13.619065753123248,0,0.0,0.0010780678217348785,0.07342647565752966,15.901135292145963,83.9239537587301,0.07342647026608273,0.02564102564102564,0.6153846153846154,0.041666666666666664,2.7651282051282053,2.51,0.9089743589743591,4.923076923076923,0.4818599408206894,0,0.0,0.0,0.0,0.0,Training
mp-aaafykxa,Bulk ZnO,4.7114,2.9195420713526428,1377.2172355667694,108,12.75201144043305,3,12.75201144043305,0,0.0,0.0021198849360545193,0.07841900116473238,9.70710228275322,60.72766912576183,0.07841899501519313,0.05555555555555555,0.6666666666666666,0.08333333333333333,2.956111111111111,2.51,0.8111111111111111,5.333333333333333,0.42138598397953597,0,0.0,0.0,0.0,0.0,Training
mp-aaafykxb,Bulk ZnO,0.9317000000000001,2.937378221367818,1469.4457479237863,108,13.605979147442465,3,13.605979147442465,0,0.0,0.0019989701732902403,0.07349709926521322,9.499612785064992,64.79443683512268,0.07349709386339003,0.08333333333333333,0.6666666666666666,0.125,2.9552777777777774,2.51,0.8180555555555555,5.277777777777778,0.4300580050715815,0,0.0,0.0,0.0,0.0,Training
mp-aaafykxg,Bulk ZnO,3.0736,3.0720365151040894,3326.629893714032,246,13.522885746805008,4,13.522885746805008,0,0.0,0.0009234680782821619,0.073948713220199,16.479104653675723,84.73205662687272,0.07394870775178722,0.06097560975609756,0.5853658536585366,0.10416666666666667,2.649512195121951,2.51,0.9512195121951219,4.609756097560975,0.49288827944603064,0,0.0,0.0,0.0,0.0,Training
mp-aaafykxl,2D ZnO,3.9349,3.244724751723494,1862.1344300984147,123,15.139304309743208,3,15.139304309743208,1,0.0,0.0017424761065998916,0.06605323332832604,9.997730708484706,75.2906342759743,0.0660532289652967,0.024390243902439025,0.5853658536585366,0.04166666666666667,2.613658536585366,2.51,0.9804878048780489,4.609756097560975,0.531494891445441,0,0.0,0.0,0.0,0.0,Training
mp-aaafykxu,Bulk ZnO,1.1335,3.1383533669999175,1387.9212264932864,105,13.218297395174156,4,13.218297395174156,0,0.0,0.002261189833467179,0.07565270852243709,9.413136572852313,62.35988205124684,0.07565270279910523,0.05714285714285714,0.6857142857142857,0.08333333333333333,3.025714285714286,2.51,0.7828571428571429,5.485714285714286,0.38622382401851196,0,0.0,0.0,0.0,0.0,Training
mp-aaafykxx,2D ZnO,3.083,3.514318987120628,3076.5104670003116,210,14.650049842858627,4,14.650049842858627,1,0.0,0.0011423068521353651,0.06825915343130823,14.43886854201037,87.07875287004146,0.06825914877199653,0.05714285714285714,0.6857142857142857,0.08333333333333333,2.9865714285714287,2.51,0.8014285714285714,5.371428571428571,0.4194406123241843,0,0.0,0.0,0.0,0.0,Training
mp-aaafykyc,Bulk ZnO,0.7801000000000002,3.193220460614404,3012.831390890874,210,14.3468161470994,4,14.3468161470994,0,0.0,0.0010598736027077143,0.06970187599442941,14.539886582687098,85.27635544900069,0.06970187113607824,0.05714285714285714,0.6857142857142857,0.08333333333333333,3.0242857142857145,2.51,0.7957142857142857,5.485714285714286,0.4071922523773454,0,0.0,0.0,0.0,0.0,Training
mp-aaafykye,Bulk ZnO,1.6900000000000002,3.015972306244374,1490.4070586898554,108,13.8000653582394,3,13.8000653582394,0,0.0,0.002023589655362723,0.07246342492160335,9.454867692890414,65.71871480069741,0.07246341967065578,0.09259259259259259,0.6666666666666666,0.1388888888888889,2.9574074074074073,2.51,0.8185185185185184,5.277777777777778,0.43086927048509016,0,0.0,0.0,0.0,0.0,Training
mp-aaafykyq,Bulk ZnO,0.8315999999999999,3.1242903627209304,1617.5977310642322,123,13.151201065562864,4,13.151201065562864,0,0.0,0.0019314383933176213,0.07603868232374261,10.478077389220655,65.4034194345283,0.07603867654186185,0.07317073170731707,0.5853658536585366,0.125,2.66,2.51,0.9463414634146341,4.609756097560975,0.48960932584460143,0,0.0,0.0,0.0,0.0,Test
mp-aaafykyy,Bulk ZnO,0.8936999999999999,3.1077879829486634,2800.2625889090828,210,13.334583756709918,4,13.334583756709918,0,0.0,0.0011098201987404994,0.07499296702807115,14.898860093174175,79.25972512246675,0.07499296140412647,0.05714285714285714,0.6857142857142857,0.08333333333333333,3.027142857142857,2.51,0.7842857142857143,5.485714285714286,0.38712203621563007,0,0.0,0.0,0.0,0.0,Training
mp-aaafykzd,Bulk ZnO,0.35860000000000003,2.941450734866339,3033.8151889846463,210,14.446738995164983,4,14.446738995164983,0,0.0,0.000969555016253571,0.06921977342670058,14.506286624934017,85.87028905920032,0.06921976863532388,0.0761904761904762,0.6857142857142857,0.11111111111111112,3.004666666666667,2.51,0.7938095238095237,5.371428571428571,0.4036622055771109,0,0.0,0.0,0.0,0.0,Training
mp-aaafykzf,Bulk ZnO,1.8496000000000001,3.349533096500384,2984.1490169882472,246,12.130687060927833,3,12.130687060927833,0,0.0,0.0011224416332535903,0.08243556156196098,17.08683418657979,76.0087811295941,0.08243555476633974,0.06097560975609756,0.5853658536585366,0.10416666666666667,2.6670731707317072,2.51,0.9329268292682927,4.682926829268292,0.48907584415916233,0,0.0,0.0,0.0,0.0,Training
mp-aaafykzg,Bulk ZnO,0.6378999999999997,3.1217371155739446,1495.7155174653183,108,13.849217754308503,3,13.849217754308503,0,0.0,0.002087119561923198,0.07220624426162259,9.443668979037712,65.95278849637796,0.07220623904788126,0.08333333333333333,0.6666666666666666,0.125,2.966944444444444,2.51,0.8194444444444444,5.333333333333333,0.4322399452797439,0,0.0,0.0,0.0,0.0,Training
mp-aaafykzh,Bulk ZnO,2.6498000000000004,3.3980342209485803,1664.2780462352493,123,13.530715823050807,4,13.530715823050807,0,0.0,0.0020417467073096636,0.07390591991418582,10.37918253933448,67.29081836804274,0.07390591445210125,0.024390243902439025,0.5853658536585366,0.04166666666666667,2.6707317073170733,2.51,0.9585365853658536,4.682926829268292,0.4971218367984108,0,0.0,0.0,0.0,0.0,Training
mp-aaafykzi,Bulk ZnO,3.1888,3.1360858614788065,1417.9097946116083,108,13.128794394551928,3,13.128794394551928,0,0.0,0.0022117668369290295,0.07616845613904741,9.613338202736172,62.52198609895781,0.07616845033741414,0.05555555555555555,0.6666666666666666,0.08333333333333333,2.967222222222222,2.51,0.8138888888888889,5.333333333333333,0.42454100378032755,0,0.0,0.0,0.0,0.0,Training
mp-aaafykzn,Bulk ZnO,1.8701,3.671816163319008,3175.0172848166117,234,13.568449935113724,4,13.568449935113724,0,0.0,0.001156471235882135,0.0737003861739656,15.920883316388705,83.61204693288065,0.07370038074221909,0.05128205128205128,0.6153846153846154,0.08333333333333333,2.733589743589744,2.51,0.9064102564102564,4.769230769230769,0.4800329054760458,0,0.0,0.0,0.0,0.0,Training
mp-aaafykzu,Bulk ZnO,1.9560000000000002,3.2566079386564093,1560.1206392248341,123,12.683907635974261,3,12.683907635974261,0,0.0,0.002087407766283059,0.07884005692092769,10.605204579413092,63.07948050134505,0.0788400507051736,0.07317073170731707,0.5853658536585366,0.125,2.652682926829268,2.51,0.9390243902439025,4.609756097560975,0.4916163392959328,0,0.0,0.0,0.0,0.0,Training
mp-aaafykzw,2D ZnO,4.1296,2.8246809088266893,1641.888142660907,108,15.202667987600991,3,15.202667987600991,1,0.0,0.0017203857165622152,0.0657779279805085,9.154667319202476,72.39819346872326,0.06577792365377297,0.05555555555555555,0.6666666666666666,0.08333333333333333,2.934444444444444,2.51,0.8416666666666666,5.277777777777778,0.4745250283686148,0,0.0,0.0,0.0,0.0,Training
mp-aaafylag,Bulk ZnO,2.5652,3.4308611982581807,3114.0913590038867,246,12.658907963430433,3,12.658907963430433,0,0.0,0.0011017214341956943,0.07899575562827699,16.84578773052045,79.31852168795996,0.07899574938794808,0.06097560975609756,0.5853658536585366,0.10416666666666667,2.665243902439024,2.51,0.9402439024390244,4.682926829268292,0.4922704431534053,0,0.0,0.0,0.0,0.0,Training
mp-aaafylal,Bulk ZnO,4.271000000000001,2.768635130186993,1516.9664324695048,108,14.045985485828748,3,14.045985485828748,0,0.0,0.0018251129826781123,0.07119471973033992,9.399363209219002,66.88983640840387,0.07119471466165216,0.05555555555555555,0.6666666666666666,0.08333333333333333,2.942222222222222,2.51,0.8305555555555555,5.277777777777778,0.4510092657991307,0,0.0,0.0,0.0,0.0,Training
mp-aaafylar,Bulk ZnO,1.8910000000000002,3.149471915213188,3056.1558722299283,246,12.423397854593205,3,12.423397854593205,0,0.0,0.001030533796993532,0.08049327661435861,16.9515705016726,77.84285619378747,0.08049327013519154,0.06097560975609756,0.5853658536585366,0.10416666666666667,2.649878048780488,2.51,0.9384146341463415,4.609756097560975,0.49118036630019596,0,0.0,0.0,0.0,0.0,Training
mp-aaafylas,Bulk ZnO,1.6577000000000002,3.2882073525226683,3232.856556082429,246,13.141693317408247,4,13.141693317408247,0,0.0,0.001017121327680345,0.07609369476575306,16.636921294395986,82.34357097979014,0.07609368897550313,0.06097560975609756,0.5853658536585366,0.10416666666666667,2.6725609756097564,2.51,0.9475609756097562,4.682926829268292,0.49023600512093546,0,0.0,0.0,0.0,0.0,Training
mp-aaafylaw,Bulk ZnO,3.6796999999999995,3.4059725310067006,1470.4146559931617,123,11.954590699131396,3,11.954590699131396,0,0.0,0.0023163347271632066,0.08364987352286839,10.816626586550196,59.45244892580752,0.08364986652556763,0.024390243902439025,0.5853658536585366,0.04166666666666667,2.665609756097561,2.51,0.9329268292682927,4.682926829268292,0.48886092681508136,0,0.0,0.0,0.0,0.0,Test
mp-aaafylbb,Bulk ZnO,1.4039000000000001,3.303708215884883,2897.3292171156345,234,12.381748791092456,4,12.381748791092456,0,0.0,0.0011402598629001537,0.08076403558755846,16.41408112056925,76.29930949981306,0.08076402906472954,0.02564102564102564,0.6153846153846154,0.041666666666666664,2.768974358974359,2.51,0.8935897435897436,4.923076923076923,0.4721886388120996,0,0.0,0.0,0.0,0.0,Training
mp-aaafylbg,Bulk ZnO,4.402,2.905341682075057,1596.3876128205902,123,12.978761079842197,3,12.978761079842197,0,0.0,0.0018199475232344923,0.07704895666452614,10.524278408681448,64.5458426506933,0.07704895072798489,0.024390243902439025,0.5853658536585366,0.04166666666666667,2.6326829268292684,2.51,0.9548780487804879,4.609756097560975,0.5024857106739565,0,0.0,0.0,0.0,0.0,Training
mp-aaafylbh,Bulk ZnO,2.5040999999999998,2.893707709273407,3135.4016476917195,210,14.930484036627236,4,14.930484036627236,0,0.0,0.0009229145208250282,0.06697706501321828,14.34789646040169,88.74563183068811,0.06697706052729134,0.05714285714285714,0.6857142857142857,0.08333333333333333,2.9882857142857144,2.51,0.8014285714285714,5.371428571428571,0.4194406123241843,0,0.0,0.0,0.0,0.0,Training
mp-aaafylbs,Bulk ZnO,2.9391999999999996,3.9564411658642977,1568.6717086644435,117,13.4074505014055,4,13.4074505014055,0,0.0,0.0025221600823239075,0.07458539562724249,10.069513930799282,65.57548170626461,0.07458539006426168,0.03418803418803419,0.6153846153846154,0.05555555555555556,2.70974358974359,2.51,0.906837606837607,4.717948717948718,0.4814753796232125,0,0.0,0.0,0.0,0.0,Training
mp-aaafylbt,Bulk ZnO,3.6710999999999996,2.94840515621928,1472.8541844553745,123,11.974424263864833,4,11.974424263864833,0,0.0,0.002001830994090924,0.08351132196123162,10.810651328695288,59.55108500829733,0.08351131498709131,0.024390243902439025,0.5853658536585366,0.04166666666666667,2.658292682926829,2.51,0.9365853658536585,4.682926829268292,0.4860103442180996,0,0.0,0.0,0.0,0.0,Training
mp-aaafylcd,Bulk ZnO,3.5006,3.190733103819189,1534.4369949812358,108,14.20774995352996,3,14.20774995352996,0,0.0,0.0020794161730037066,0.07038412157243426,9.36355434119756,67.6601916670038,0.07038411661851005,0.05555555555555555,0.6666666666666666,0.08333333333333333,2.965555555555555,2.51,0.8277777777777777,5.333333333333333,0.44579119209115586,0,0.0,0.0,0.0,0.0,Training
mp-aaafylce,Bulk ZnO,3.2800000000000002,3.541352473494048,3254.0409387298073,246,13.227808694023606,4,13.227808694023606,0,0.0,0.001088293767710369,0.07559831134024528,16.60073956286303,82.88315499347162,0.07559830562514104,0.06097560975609756,0.5853658536585366,0.10416666666666667,2.6484146341463415,2.51,0.9512195121951219,4.609756097560975,0.49288827944603064,0,0.0,0.0,0.0,0.0,Training
mp-aaafylcf,2D ZnO,3.9809,3.541664428003715,1527.6420809908752,105,14.548972199913097,4,14.548972199913097,1,0.0,0.0023183862712831812,0.06873337760628707,9.116932961625158,68.63759856732263,0.0687333728820102,0.05714285714285714,0.6857142857142857,0.08333333333333333,2.9851428571428573,2.51,0.8,5.371428571428571,0.4188632576044239,0,0.0,0.0,0.0,0.0,Training
mp-aaafylcg,Bulk ZnO,1.6435,3.046992569460058,3141.315364520888,246,12.769574652523936,4,12.769574652523936,0,0.0,0.000969973471582591,0.07831114404443751,16.79698215940291,80.01193996735306,0.07831113791180272,0.06097560975609756,0.5853658536585366,0.10416666666666667,2.6571951219512195,2.51,0.9457317073170731,4.609756097560975,0.48918838019984057,0,0.0,0.0,0.0,0.0,Training
mp-aaafylcx,Bulk ZnO,2.4688,3.1741288011527407,1508.26239728323,108,13.965392567437314,3,13.965392567437314,0,0.0,0.002104493758427026,0.07160557751392323,9.417409475300111,66.50603655809661,0.07160557238656487,0.09259259259259259,0.6666666666666666,0.1388888888888889,2.9555555555555553,2.51,0.8185185185185184,5.277777777777778,0.43086927048509016,0,0.0,0.0,0.0,0.0,Training
mp-aaafylde,Bulk ZnO,1.9532000000000003,3.8985612809787695,3177.03314070408,234,13.57706470386359,4,13.57706470386359,0,0.0,0.0012271075271549695,0.07365362262105392,15.91751528974673,83.66513320673462,0.0736536171961982,0.03418803418803419,0.6153846153846154,0.05555555555555556,2.713589743589744,2.51,0.9106837606837607,4.717948717948718,0.4808061801672232,0,0.0,0.0,0.0,0.0,Test
mp-aaafyldt,2D ZnO,3.6309,2.934975371584019,1749.9186110301816,108,16.20295010213131,3,16.20295010213131,1,0.0,0.0016772067872666326,0.061717156054715096,8.962265501472535,77.16174011133448,0.06171715224570797,0.05555555555555555,0.6666666666666666,0.08333333333333333,2.927777777777777,2.51,0.8499999999999999,5.277777777777778,0.4944909887413199,0,0.0,0.0,0.0,0.0,Training
mp-aaafyldu,Bulk ZnO,2.8420000000000005,3.2469100239304423,1534.1773051149407,123,12.472986220446673,4,12.472986220446673,0,0.0,0.002116385122570421,0.08017326262741505,10.664649666129815,62.030528262024625,0.08017325619966352,0.024390243902439025,0.5853658536585366,0.04166666666666667,2.6729268292682926,2.51,0.9402439024390243,4.682926829268292,0.4869879485492725,0,0.0,0.0,0.0,0.0,Training
mp-aaafyldy,Bulk ZnO,1.5091,3.209936317319136,3097.193339809997,246,12.590216828495922,4,12.590216828495922,0,0.0,0.001036401659547691,0.07942674964395065,16.87636856962751,78.88811495052151,0.0794267433353426,0.06097560975609756,0.5853658536585366,0.10416666666666667,2.674390243902439,2.51,0.9402439024390244,4.682926829268292,0.4872003480284448,0,0.0,0.0,0.0,0.0,Training
mp-aaafyleg,Bulk ZnO,2.7898999999999994,3.5539621073849808,1552.9963864278177,123,12.625986881526973,3,12.625986881526973,0,0.0,0.0022884548466720897,0.07920172968523322,10.621396701002146,62.79142959419255,0.07920172341231974,0.07317073170731707,0.5853658536585366,0.125,2.6502439024390245,2.51,0.9390243902439025,4.609756097560975,0.4916163392959328,0,0.0,0.0,0.0,0.0,Training
mp-aaafylei,Bulk ZnO,1.7855000000000003,2.8359074734843337,1448.907655340832,105,13.799120527055543,4,13.799120527055543,0,0.0,0.0019572727516697624,0.07246838652067199,9.27916854835847,65.10002784415225,0.07246838126900533,0.05714285714285714,0.6857142857142857,0.08333333333333333,2.998857142857143,2.51,0.7914285714285714,5.371428571428571,0.4008439662238927,0,0.0,0.0,0.0,0.0,Training
mp-aaafylet,Bulk ZnO,1.0181000000000002,3.3679254237583898,2996.915742069649,210,14.271027343188804,4,14.271027343188804,0,0.0,0.0011237971680286628,0.0700720400817727,14.56558002911454,84.82587271366283,0.07007203517168224,0.0761904761904762,0.6857142857142857,0.11111111111111112,3.000857142857143,2.51,0.7938095238095237,5.371428571428571,0.4036622055771109,0,0.0,0.0,0.0,0.0,Training
mp-aaafylex,Bulk ZnO,3.8025,3.2140747229672315,3196.3292410072704,246,12.993208296777523,3,12.993208296777523,0,0.0,0.0010055518316862656,0.0769632855226382,16.700056398016685,81.41318959434527,0.07696327959929133,0.06097560975609756,0.5853658536585366,0.10416666666666667,2.6421951219512194,2.51,0.9439024390243903,4.609756097560975,0.4950124821962351,0,0.0,0.0,0.0,0.0,Training
mp-aaafyley,Bulk ZnO,4.4860999999999995,3.0778553881072117,1419.6336662628314,123,11.54173712408806,3,11.54173712408806,0,0.0,0.0021680631146270496,0.08664207036157154,10.944090644673222,57.399249723773416,0.08664206285472384,0.024390243902439025,0.5853658536585366,0.04166666666666667,2.6509756097560975,2.51,0.9292682926829269,4.682926829268292,0.4878078268257283,0,0.0,0.0,0.0,0.0,Test
mp-aaafylfg,Bulk ZnO,2.109,2.982004268211226,1497.7795467954325,105,14.264567112337453,4,14.264567112337453,0,0.0,0.0019909500530911643,0.0701037747675566,9.177125422113651,67.2958623976956,0.07010376985301771,0.0761904761904762,0.6857142857142857,0.11111111111111112,3.0032380952380953,2.51,0.7923809523809524,5.371428571428571,0.40294191062619344,0,0.0,0.0,0.0,0.0,Training
mp-aaafylfm,Bulk ZnO,1.5454000000000003,3.4188079421364614,1606.5348350044737,123,13.061258821174583,4,13.061258821174583,0,0.0,0.002128063374440892,0.07656229875629027,10.5020737185647,64.95611957915514,0.07656229289450513,0.07317073170731707,0.5853658536585366,0.125,2.657560975609756,2.51,0.9463414634146341,4.609756097560975,0.48960932584460143,0,0.0,0.0,0.0,0.0,Training
mp-aaafylfo,Bulk ZnO,2.0837000000000003,3.18278188682566,1582.5107404452262,117,13.525732824318172,4,13.525732824318172,0,0.0,0.002011222929160159,0.07393314750399926,10.040075369210902,66.1539973831654,0.07393314203788937,0.03418803418803419,0.6153846153846154,0.05555555555555556,2.716581196581197,2.51,0.906837606837607,4.717948717948718,0.4814753796232125,0,0.0,0.0,0.0,0.0,Training
mp-aaafylfw,Bulk ZnO,4.2018,3.067737597837358,1725.9875088857527,123,14.032418771428883,3,14.032418771428883,0,0.0,0.0017773811119976182,0.07126355165768565,10.253982265537118,69.78588237023746,0.07126354657919222,0.024390243902439025,0.5853658536585366,0.04166666666666667,2.622439024390244,2.51,0.9695121951219513,4.609756097560975,0.5175913398260579,0,0.0,0.0,0.0,0.0,Training
mp-aaafylgf,Bulk ZnO,3.3449,3.493461130754897,1626.5044317499132,123,13.223613266259457,3,13.223613266259457,0,0.0,0.002147833760893215,0.07562229625631425,10.458916468399002,65.76353905483721,0.075622290537583,0.024390243902439025,0.5853658536585366,0.04166666666666667,2.6634146341463416,2.51,0.951219512195122,4.682926829268292,0.4994079334803806,0,0.0,0.0,0.0,0.0,Training
mp-aaafylgg,Bulk ZnO,0.1694,3.0498262477956923,1455.731303940616,108,13.478993555005705,3,13.478993555005705,0,0.0,0.002095047512916645,0.07418951540551996,9.529351539378158,64.18970564606592,0.07418950990143618,0.08333333333333333,0.6666666666666666,0.125,2.968333333333333,2.51,0.8138888888888889,5.333333333333333,0.4247878698347237,0,0.0,0.0,0.0,0.0,Training
mp-aaafylgh,Bulk ZnO,2.3977,2.9725216240562453,1524.7343797222477,108,14.117910923354145,3,14.117910923354145,0,0.0,0.0019495340720248814,0.07083200945444265,9.38337395380966,67.23235995397712,0.07083200443726945,0.08333333333333333,0.6666666666666666,0.125,2.949444444444444,2.51,0.8222222222222222,5.277777777777778,0.4372096761842461,0,0.0,0.0,0.0,0.0,Training
mp-aaafylgi,Bulk ZnO,4.0904,3.6614774871180047,3161.952649450971,246,12.853466054678744,3,12.853466054678744,0,0.0,0.0011579798602467273,0.07780002652560736,16.76035911394919,80.53758894279963,0.0778000204727637,0.06097560975609756,0.5853658536585366,0.10416666666666667,2.6410975609756098,2.51,0.9439024390243903,4.609756097560975,0.4950124821962351,0,0.0,0.0,0.0,0.0,Training
mp-aaafylgl,Bulk ZnO,1.4336999999999998,3.123042272863805,3216.964711317025,234,13.747712441525747,4,13.747712441525747,0,0.0,0.0009708040196639994,0.07273937422341212,15.851380528350965,84.71670554687893,0.07273936893239594,0.03418803418803419,0.6153846153846154,0.05555555555555556,2.7204273504273506,2.51,0.9106837606837607,4.717948717948718,0.4808061801672232,0,0.0,0.0,0.0,0.0,Test
mp-aaafylgu,2D ZnO,3.3324000000000007,3.1526843346209934,1907.9796074991134,123,15.512029329261084,4,15.512029329261084,1,0.0,0.00165236794053233,0.0644660978118222,9.917005069068306,77.14426655364544,0.06446609365594472,0.024390243902439025,0.5853658536585366,0.04166666666666667,2.6209756097560977,2.51,0.9878048780487805,4.609756097560975,0.5284931257791122,0,0.0,0.0,0.0,0.0,Training
mp-aaafylhd,Bulk ZnO,1.761,3.2404299971264554,1616.1628407760588,123,13.139535290862266,4,13.139535290862266,0,0.0,0.002005014541461952,0.0761061923320407,10.481177415980383,65.3454033223901,0.07610618653988864,0.032520325203252036,0.5853658536585366,0.055555555555555566,2.6152845528455284,2.51,0.9552845528455285,4.48780487804878,0.4902164597964447,0,0.0,0.0,0.0,0.0,Test
mp-aaafylie,Bulk ZnO,1.9495,2.9380867013480607,1538.5354065550289,120,12.821128387958574,4,12.821128387958574,0,0.0,0.0019096646647390459,0.0779962550674702,10.394702902094803,63.23924327384919,0.07799624898405488,0.025,0.6,0.04166666666666667,2.67925,2.51,0.9287500000000001,4.6499999999999995,0.48510321079565705,0,0.0,0.0,0.0,0.0,Test
mp-aaafylij,Bulk ZnO,1.6211000000000002,3.1410098508897177,1545.5840028729663,126,12.266539705341001,4,12.266539705341001,0,0.0,0.0020322479043850985,0.08152258289797797,10.897821089275384,61.49581817394714,0.081522576252047,0.047619047619047616,0.5714285714285714,0.08333333333333333,2.5938095238095236,2.51,0.9642857142857142,4.476190476190476,0.4929869395245592,0,0.0,0.0,0.0,0.0,Training
mp-aaafylin,Bulk ZnO,3.6114999999999995,3.2297512749021537,1636.866149399909,126,12.991001185713564,4,12.991001185713564,0,0.0,0.001973130958866864,0.07697636122916514,10.691356780742842,65.1277594174603,0.07697635530380541,0.047619047619047616,0.5714285714285714,0.08333333333333333,2.5838095238095233,2.51,0.9714285714285713,4.476190476190476,0.497144382936259,0,0.0,0.0,0.0,0.0,Test
mp-aaafylir,Bulk ZnO,1.7861999999999998,3.176956900732343,1634.9631180263098,126,12.97589776211357,4,12.97589776211357,0,0.0,0.0019431367385017793,0.07706595862058609,10.695503275605816,65.05204145511554,0.07706595268142458,0.06349206349206349,0.5714285714285714,0.1111111111111111,2.602222222222222,2.51,0.9698412698412697,4.476190476190476,0.49189089636287786,0,0.0,0.0,0.0,0.0,Training
mp-aaafylit,Bulk ZnO,1.9478999999999997,3.4961171734498935,1590.4844483434588,126,12.622892447170308,4,12.622892447170308,0,0.0,0.002198146091331615,0.07922114556431727,10.794289696731383,63.28232063867897,0.07922113928832787,0.047619047619047616,0.5714285714285714,0.08333333333333333,2.6138095238095236,2.51,0.9666666666666666,4.571428571428571,0.4941478484659637,0,0.0,0.0,0.0,0.0,Training
mp-aaafyljj,Bulk ZnO,0.7411000000000001,3.231607942036888,1520.8934890711698,108,14.08234712102935,4,14.08234712102935,0,0.0,0.002124808847732312,0.07101088983289491,9.391266291863298,67.06299790231002,0.0710108847903488,0.05555555555555555,0.6666666666666666,0.08333333333333333,2.956666666666666,2.51,0.825,5.333333333333334,0.4369197728051708,0,0.0,0.0,0.0,0.0,Training
mp-aaafylkb,Bulk ZnO,3.1554,3.452772565034207,1494.5266177139104,108,13.838209423276949,4,13.838209423276949,0,0.0,0.002310278401274452,0.07226368451383038,9.446172469595675,65.90036458759825,0.07226367929179066,0.07407407407407407,0.6666666666666666,0.1111111111111111,2.931111111111111,2.51,0.8203703703703703,5.222222222222222,0.433596648434432,0,0.0,0.0,0.0,0.0,Training
mp-aaafylkg,Bulk ZnO,2.7493,3.9661156334944,3228.426955621574,246,13.123686811469813,4,13.123686811469813,0,0.0,0.001228497868470683,0.07619809999778583,16.64452677701038,82.23074533669927,0.07619809419163584,0.032520325203252036,0.5853658536585366,0.055555555555555566,2.6100000000000003,2.51,0.9565040650406504,4.48780487804878,0.48984759154392304,0,0.0,0.0,0.0,0.0,Training
mp-aaafylkr,Bulk ZnO,1.334,3.3964239064907096,1502.0250489871044,126,11.920833722119875,4,11.920833722119875,0,0.0,0.002261229870155028,0.08388675014772125,11.002164988039556,59.76269108215977,0.083886743110735,0.047619047619047616,0.5714285714285714,0.08333333333333333,2.616190476190476,2.51,0.9571428571428571,4.571428571428571,0.49091395375042357,0,0.0,0.0,0.0,0.0,Training
mp-aaafyllc,Bulk ZnO,2.5366999999999997,2.734930336056304,3432.7904782583414,246,13.954432838448541,4,13.954432838448541,0,0.0,0.0007967076212131352,0.0716618161108424,16.307448217317198,87.4360558538825,0.07166181097542688,0.04878048780487805,0.5853658536585366,0.08333333333333334,2.654390243902439,2.51,0.9621951219512196,4.682926829268292,0.5081466087137281,0,0.0,0.0,0.0,0.0,Training
mp-aaafyllj,Bulk ZnO,3.2025000000000006,3.163495031483929,1665.489058485528,126,13.218167130837523,4,13.218167130837523,0,0.0,0.0018994390959017025,0.0756534540758707,10.629755710128393,66.26660998104451,0.07565344835242602,0.047619047619047616,0.5714285714285714,0.08333333333333333,2.588571428571428,2.51,0.976190476190476,4.476190476190476,0.49548827011087015,0,0.0,0.0,0.0,0.0,Test
mp-aaafyllv,Bulk ZnO,2.5225,3.5612578450332504,1622.7392156009068,126,12.87888266349926,4,12.87888266349926,0,0.0,0.0021945965259208347,0.07764648736447877,10.722292108793178,64.56567586157205,0.07764648133550224,0.06349206349206349,0.5714285714285714,0.1111111111111111,2.599047619047619,2.51,0.9698412698412697,4.476190476190476,0.49189089636287786,0,0.0,0.0,0.0,0.0,Training
mp-aaafylmk,Bulk ZnO,3.1727999999999996,3.7243926783125607,1648.1124591355226,126,13.080257612186687,4,13.080257612186687,0,0.0,0.0022597928058053153,0.07645109367481527,10.666982868870448,65.57522847598032,0.076451087830046,0.047619047619047616,0.5714285714285714,0.08333333333333333,2.5871428571428567,2.51,0.976190476190476,4.476190476190476,0.49548827011087015,0,0.0,0.0,0.0,0.0,Training
mp-aaafylml,Bulk ZnO,3.8057,2.832713637646403,1661.886847336759,123,13.511275181599666,4,13.511275181599666,0,0.0,0.001704516551283826,0.07401225913612137,10.384158168086127,67.1941363676257,0.07401225365830728,0.04878048780487805,0.5853658536585366,0.08333333333333334,2.6507317073170733,2.51,0.9585365853658536,4.682926829268292,0.5093859058965453,0,0.0,0.0,0.0,0.0,Training
mp-aaafylmq,Bulk ZnO,2.2546,3.707547379456009,1600.4256568291214,120,13.336880473576011,4,13.336880473576011,0,0.0,0.002316600814061972,0.07498005264284044,10.258946012717127,65.78315131567089,0.07498004702083257,0.05,0.6,0.08333333333333334,2.68,2.51,0.93,4.6499999999999995,0.48607621730251843,0,0.0,0.0,0.0,0.0,Training
mp-aaafylnm,Bulk ZnO,2.2008,3.277309940369926,1590.3627140699903,126,12.62192630214278,4,12.62192630214278,0,0.0,0.0020607311221367674,0.07922720954488806,10.794565105914469,63.27747706580759,0.07922720326793782,0.06349206349206349,0.5714285714285714,0.1111111111111111,2.5974603174603175,2.51,0.965079365079365,4.476190476190476,0.4934635398369239,0,0.0,0.0,0.0,0.0,Test
mp-aaafylnz,Bulk ZnO,1.7826,3.2725694450877296,1504.5925370185537,108,13.931412379801422,4,13.931412379801422,0,0.0,0.0021750536205453574,0.0717802310876863,9.425059944342287,66.34421600129875,0.07178022593528512,0.05555555555555555,0.6666666666666666,0.08333333333333333,2.953888888888889,2.51,0.8222222222222222,5.333333333333333,0.43626887722535934,0,0.0,0.0,0.0,0.0,Training
mp-aaafylof,Bulk ZnO,1.8167000000000002,3.222256989496151,3247.777271464846,246,13.202346631970919,4,13.202346631970919,0,0.0,0.0009921422314907746,0.07574411033705108,16.61140477843762,82.72361412888988,0.07574410459988128,0.032520325203252036,0.5853658536585366,0.055555555555555566,2.6165040650406506,2.51,0.9565040650406504,4.48780487804878,0.48984759154392304,0,0.0,0.0,0.0,0.0,Training
mp-aaafyloi,Bulk ZnO,2.4389,3.9889897801974468,1606.0791593868896,123,13.057554141356826,4,13.057554141356826,0,0.0,0.0024836819261886307,0.07658402095632351,10.503066838234998,64.93769550314997,0.0765840150912117,0.032520325203252036,0.5853658536585366,0.055555555555555566,2.608780487804878,2.51,0.9552845528455285,4.48780487804878,0.4902164597964447,0,0.0,0.0,0.0,0.0,Training
mp-aaafyloj,Bulk ZnO,1.534,3.121395693755589,1619.9406750924356,120,13.499505625770297,4,13.499505625770297,0,0.0,0.0019268580274258986,0.07407678678921539,10.217583823810184,66.58528754353364,0.07407678130184546,0.05,0.6,0.08333333333333334,2.685,2.51,0.93,4.6499999999999995,0.48607621730251843,0,0.0,0.0,0.0,0.0,Training
mp-aaafylom,Bulk ZnO,1.2574,3.329844459833554,1468.711012101184,120,12.239258434176532,4,12.239258434176532,0,0.0,0.0022671883252715413,0.08170429649623465,10.556885121939985,60.36921386243443,0.08170428982064314,0.025,0.6,0.04166666666666667,2.7145,2.51,0.9175000000000001,4.8,0.47998959319668305,0,0.0,0.0,0.0,0.0,Test
mp-aaafylpa,Bulk ZnO,1.1576999999999997,3.2733755382314444,1553.0175361167253,126,12.325536000926391,4,12.325536000926391,0,0.0,0.0021077518199932397,0.08113237427766547,10.88040576526153,61.791584180775935,0.08113236769520385,0.047619047619047616,0.5714285714285714,0.08333333333333333,2.6209523809523807,2.51,0.9619047619047618,4.571428571428571,0.48943599517475284,0,0.0,0.0,0.0,0.0,Training
mp-aaafylpg,Bulk ZnO,1.7369999999999997,3.4709176653873905,1607.3814128533277,120,13.394845107111063,4,13.394845107111063,0,0.0,0.0021593615787966745,0.07465558518994142,10.244126483817944,66.06905747388745,0.07465557961648545,0.025,0.6,0.04166666666666667,2.71075,2.51,0.9325000000000001,4.8,0.48754514025212115,0,0.0,0.0,0.0,0.0,Training
mp-aaafylph,Bulk ZnO,3.2893000000000003,3.0740303240625555,1681.2828125984904,120,14.01069010498742,4,14.01069010498742,0,0.0,0.0018283838394276557,0.07137407169144563,10.091777225134102,69.10666621324485,0.07137406659718788,0.025,0.6,0.04166666666666667,2.6635,2.51,0.9400000000000001,4.6499999999999995,0.493449623119012,0,0.0,0.0,0.0,0.0,Training
mp-aaafylpy,Bulk ZnO,2.9391,2.8937984386752698,3135.72033982403,246,12.746830649691178,4,12.746830649691178,0,0.0,0.0009228496565601459,0.0784508735921919,16.806966435177575,79.86942999041251,0.07845086743765282,0.04878048780487805,0.5853658536585366,0.08333333333333334,2.6695121951219516,2.51,0.9475609756097562,4.682926829268292,0.4935494721184545,1,23.0,15.5,23.0,6700.0,Training
mp-aaafylqb,Bulk ZnO,0.1943999999999999,3.1239723152823706,1426.3651592062702,108,13.207084807465465,4,13.207084807465465,0,0.0,0.0021901630834987363,0.07571693636999574,9.594304875189115,62.89482095041172,0.07571693063694172,0.05555555555555555,0.6666666666666666,0.08333333333333333,2.9594444444444443,2.51,0.8138888888888889,5.333333333333334,0.4223127155078111,0,0.0,0.0,0.0,0.0,Training
mp-aaafylqf,Bulk ZnO,3.9527,2.7699924211218496,1660.1343026730676,120,13.834452522275564,4,13.834452522275564,0,0.0,0.0016685351399954463,0.07228330852918455,10.134449702452049,68.23738770437525,0.07228330330430824,0.05,0.6,0.08333333333333334,2.7035,2.51,0.9375,4.8,0.5073328953124542,0,0.0,0.0,0.0,0.0,Training
mp-aaafylqo,Bulk ZnO,1.3491,3.4124482086929944,1624.2344157723371,126,12.890749331526486,4,12.890749331526486,0,0.0,0.002100957950130829,0.0775750093560762,10.719000938748465,64.62516700388784,0.07757500333819459,0.047619047619047616,0.5714285714285714,0.08333333333333333,2.6185714285714283,2.51,0.9714285714285713,4.571428571428571,0.49255559584044273,0,0.0,0.0,0.0,0.0,Training
mp-aaafylrd,Bulk ZnO,1.7425000000000002,2.8943531407451637,1457.3405328525298,108,13.493893822708609,4,13.493893822708609,0,0.0,0.001986051355533146,0.07410759363743619,9.525842737897142,64.26066374794452,0.07410758814550117,0.05555555555555555,0.6666666666666666,0.08333333333333333,2.9305555555555554,2.51,0.8194444444444444,5.222222222222222,0.4320006171056532,0,0.0,0.0,0.0,0.0,Training
mp-aaafylre,Bulk ZnO,4.207999999999999,3.593541660198773,1535.9459383278356,108,14.221721651183664,4,14.221721651183664,0,0.0,0.0023396276981669127,0.07031497483406102,9.360487023507408,67.72672772966361,0.07031496988986569,0.05555555555555555,0.6666666666666666,0.08333333333333333,2.9172222222222217,2.51,0.8277777777777777,5.222222222222222,0.44579119209115586,0,0.0,0.0,0.0,0.0,Training
mp-aaafylrl,Bulk ZnO,2.8293,3.1211493003138124,3169.729880328703,246,12.885080814344322,3,12.885080814344322,0,0.0,0.0009846735899117522,0.07760913683108216,16.746640180906077,80.73568154347561,0.0776091308079045,0.0975609756097561,0.5853658536585366,0.16666666666666669,2.68609756097561,2.51,0.9402439024390244,4.682926829268292,0.48931927203731324,0,0.0,0.0,0.0,0.0,Training
mp-aaafylrp,Bulk ZnO,1.8464,3.054109285907922,1583.6991915647682,126,12.569041202894985,4,12.569041202894985,0,0.0,0.0019284655205830603,0.07956056343976924,10.809683545038576,63.01234830695822,0.0795605571098865,0.047619047619047616,0.5714285714285714,0.08333333333333333,2.5985714285714283,2.51,0.9690476190476189,4.476190476190476,0.49142506081033444,0,0.0,0.0,0.0,0.0,Training
mp-aaafylrt,Bulk ZnO,3.6201999999999996,3.8011386216737604,1619.5468673773435,126,12.853546566486854,4,12.853546566486854,0,0.0,0.002347038358839986,0.07779953920323496,10.729332519344258,64.43865845873968,0.07779953315046713,0.047619047619047616,0.5714285714285714,0.08333333333333333,2.582380952380952,2.51,0.9714285714285713,4.476190476190476,0.497144382936259,0,0.0,0.0,0.0,0.0,Training
mp-aaafylrx,Bulk ZnO,0.4715999999999998,2.9959398983710037,1524.2371912781998,108,14.113307326649998,4,14.113307326649998,0,0.0,0.0019655339178928305,0.07085511403211006,9.384394092048538,67.21043669122413,0.07085510901166324,0.07407407407407407,0.6666666666666666,0.1111111111111111,2.9375925925925923,2.51,0.8231481481481481,5.222222222222222,0.43429333836885126,0,0.0,0.0,0.0,0.0,Training
mp-aaafylry,Bulk ZnO,3.8121,3.1885573610848166,1555.5712712401669,123,12.646920904391601,3,12.646920904391601,0,0.0,0.002049766166318284,0.07907062972559221,10.615533050920858,62.89553846387233,0.07907062347342822,0.0975609756097561,0.5853658536585366,0.16666666666666669,2.682439024390244,2.51,0.9365853658536585,4.682926829268292,0.49028235779402674,0,0.0,0.0,0.0,0.0,Test
mp-aaafylsc,Bulk ZnO,3.9821999999999997,2.954926937113851,1539.9702047171957,123,12.520082965180453,4,12.520082965180453,0,0.0,0.0019188208499504715,0.07987167519425355,10.651260473744596,62.26474931411471,0.07987166881476956,0.04878048780487805,0.5853658536585366,0.08333333333333334,2.6658536585365855,2.51,0.9439024390243902,4.682926829268292,0.4945975385666847,1,23.0,15.5,23.0,6700.0,Training
mp-aaafylsd,Bulk ZnO,2.9313999999999996,3.6502435299967786,1588.0849827478964,126,12.60384906942775,4,12.60384906942775,0,0.0,0.0022985190148204072,0.07934084218967903,10.799723388558288,63.18685051236745,0.0793408358947103,0.06349206349206349,0.5714285714285714,0.1111111111111111,2.594285714285714,2.51,0.965079365079365,4.476190476190476,0.4934635398369239,0,0.0,0.0,0.0,0.0,Training
mp-aaafylse,Bulk ZnO,1.2535,2.8621618595636367,1470.6037845669937,108,13.616701708953645,4,13.616701708953645,0,0.0,0.0019462494858235218,0.07343922348996242,9.49711861936748,64.8454998513906,0.07343921809664328,0.05555555555555555,0.6666666666666666,0.08333333333333333,2.9333333333333327,2.51,0.8222222222222222,5.222222222222222,0.43272266442752877,0,0.0,0.0,0.0,0.0,Training
mp-aaafylsf,Bulk ZnO,3.8946000000000005,3.947181427810458,1639.775594084778,120,13.66479661737315,4,13.66479661737315,0,0.0,0.0024071473206756272,0.07318074523909268,10.176218888019841,67.40057282207167,0.0731807398836716,0.025,0.6,0.04166666666666667,2.66125,2.51,0.9400000000000001,4.6499999999999995,0.493449623119012,0,0.0,0.0,0.0,0.0,Training
mp-aaafylsh,Bulk ZnO,2.4994,2.918850865020867,1590.0373920444874,108,14.722568444856366,4,14.722568444856366,0,0.0,0.001835712090561453,0.06792293095770058,9.253115353629415,70.11186191111645,0.06792292634417633,0.05555555555555555,0.6666666666666666,0.08333333333333333,2.9216666666666664,2.51,0.8305555555555555,5.222222222222222,0.4462972296708281,0,0.0,0.0,0.0,0.0,Training
mp-aaafylst,Bulk ZnO,3.9451,4.02125946127721,1638.9228350268222,123,13.32457589452701,4,13.32457589452701,0,0.0,0.00245359901963377,0.07504929296929773,10.432433122852482,66.26564537127747,0.07504928733690179,0.024390243902439025,0.5853658536585366,0.04166666666666667,2.607073170731707,2.51,0.9585365853658536,4.536585365853658,0.4971218367984108,0,0.0,0.0,0.0,0.0,Training
mp-aaafyltg,Bulk ZnO,1.3551000000000002,3.2484599524107063,1497.5556972148538,105,14.262435211570036,3,14.262435211570036,0,0.0,0.0021691747148050488,0.07011425364363973,9.177582654596463,67.28580474227854,0.07011424872763151,0.08571428571428572,0.6857142857142857,0.125,3.012,2.51,0.7914285714285714,5.3999999999999995,0.40112835937193647,0,0.0,0.0,0.0,0.0,Training
mp-aaafylto,Bulk ZnO,1.7146,2.77260062679594,2995.6729201431062,222,13.494022162806784,4,13.494022162806784,0,0.0,0.0009255351637866695,0.07410688880860693,15.400027981119939,81.70696468110074,0.07410688331677638,0.013513513513513514,0.6486486486486487,0.020833333333333332,2.837972972972973,2.51,0.8560810810810812,5.0,0.45625922985661127,0,0.0,0.0,0.0,0.0,Training
mp-aaafylts,Bulk ZnO,4.626099999999999,2.8078527278928416,1504.0778662060538,114,13.19366549303556,3,13.19366549303556,0,0.0,0.0018668267055717545,0.07579394827979097,9.949809014100229,63.97354532766469,0.07579394253506881,0.05263157894736842,0.631578947368421,0.08333333333333333,2.8336842105263154,2.51,0.8763157894736842,5.052631578947368,0.4742653585626115,1,23.0,15.5,23.0,6700.0,Training
mp-aaafylty,Bulk ZnO,1.63,3.198382845031251,1490.4400355270861,117,12.738803722453728,4,12.738803722453728,0,0.0,0.002145931918623053,0.07850030676250828,10.242697791003666,62.305148199047245,0.0785003006002106,0.07692307692307693,0.6153846153846154,0.125,2.781538461538462,2.51,0.8897435897435897,4.923076923076923,0.47601928276502053,0,0.0,0.0,0.0,0.0,Test
mp-aaafylub,Bulk ZnO,0.7598,2.953253007999669,1498.74075997165,105,14.273721523539525,3,14.273721523539525,0,0.0,0.0019704895515456136,0.07005881390854157,9.175163094672934,67.33905010831697,0.0700588090003045,0.08571428571428572,0.6857142857142857,0.125,3.014857142857143,2.51,0.7914285714285714,5.3999999999999995,0.40112835937193647,0,0.0,0.0,0.0,0.0,Training
mp-aaafylue,Bulk ZnO,1.2942,3.012389110286965,3074.0783743932843,234,13.13708707005677,4,13.13708707005677,0,0.0,0.0009799324361342951,0.07612037544299222,16.093266834299218,80.95388536757862,0.0761203696486811,0.07692307692307693,0.6153846153846154,0.125,2.7733333333333334,2.51,0.8974358974358975,4.871794871794872,0.4778502028104851,0,0.0,0.0,0.0,0.0,Test
mp-aaafyluh,Bulk ZnO,2.948,2.986013216069169,3650.2251018077714,234,15.599252571828083,4,15.599252571828083,0,0.0,0.0008180353629671628,0.06410563553576783,15.197633777837922,96.12634047299646,0.06410563142623558,0.05128205128205128,0.6153846153846154,0.08333333333333333,2.7479487179487183,2.51,0.926923076923077,4.871794871794872,0.5152751827628554,0,0.0,0.0,0.0,0.0,Test
mp-aaafyluj,Bulk ZnO,3.1595999999999993,3.3144136519279046,1543.1656856165073,117,13.189450304414592,4,13.189450304414592,0,0.0,0.002147801550294173,0.07581817110795691,10.12468862706507,64.50924857504845,0.07581816535956229,0.08547008547008547,0.6153846153846154,0.1388888888888889,2.76974358974359,2.51,0.8940170940170941,4.871794871794872,0.4787747252548484,0,0.0,0.0,0.0,0.0,Training
mp-aaafylul,Bulk ZnO,1.4506000000000001,3.0432784991753685,1570.1428500385389,111,14.145431081428278,4,14.145431081428278,0,0.0,0.0019382175953612576,0.07069420466887807,9.550144075475032,67.98146405657278,0.07069419967120785,0.04504504504504504,0.6486486486486487,0.06944444444444443,2.8452252252252253,2.51,0.8576576576576578,5.0,0.4583203600455122,0,0.0,0.0,0.0,0.0,Training
mp-aaafyluu,Bulk ZnO,2.2998000000000003,3.1791835305273204,2994.8123385671856,234,12.798343327210196,4,12.798343327210196,0,0.0,0.001061563520887704,0.07813511283713793,16.234016616649583,78.86646507561068,0.07813510673204256,0.05128205128205128,0.6153846153846154,0.08333333333333333,2.7843589743589745,2.51,0.8935897435897436,4.923076923076923,0.47540792192641407,0,0.0,0.0,0.0,0.0,Training
mp-aaafyluw,Bulk ZnO,1.5127000000000002,3.070529368384706,1512.3086872011772,117,12.925715275223737,4,12.925715275223737,0,0.0,0.002030358877371339,0.07736515764948185,10.193086571998892,63.21932760310877,0.07736515166411469,0.07692307692307693,0.6153846153846154,0.125,2.7694871794871796,2.51,0.8935897435897436,4.871794871794872,0.47835388411459556,0,0.0,0.0,0.0,0.0,Training
mp-aaafylvb,Bulk ZnO,1.4862,2.866407147637085,2901.261215536257,210,13.8155295977917,3,13.8155295977917,0,0.0,0.0009879865805558876,0.07238231389695274,14.723927961832665,82.11842966536288,0.07238230865775375,0.07142857142857142,0.6857142857142857,0.10416666666666666,3.0115714285714286,2.51,0.7907142857142857,5.3999999999999995,0.3995398630829514,0,0.0,0.0,0.0,0.0,Training
mp-aaafylvc,Bulk ZnO,1.3114000000000003,3.435996995144214,3136.263968141683,222,14.127315171809384,4,14.127315171809384,0,0.0,0.0010955700891402105,0.07078485811624483,15.166385996487374,85.54158484809477,0.07078485310574903,0.013513513513513514,0.6486486486486487,0.020833333333333332,2.8777027027027033,2.51,0.8608108108108108,5.1891891891891895,0.4616532498564741,0,0.0,0.0,0.0,0.0,Training
mp-aaafylvd,Bulk ZnO,3.4415999999999998,3.132410020624165,1389.8727489294474,105,13.236883323137594,3,13.236883323137594,0,0.0,0.0022537387131569496,0.07554648443958376,9.408728842791973,62.447564771718554,0.07554647873231289,0.02857142857142857,0.6857142857142857,0.041666666666666664,3.0300000000000002,2.51,0.7842857142857143,5.485714285714286,0.3881705056864568,0,0.0,0.0,0.0,0.0,Training
mp-aaafylvi,Bulk ZnO,4.2245,3.040834559938743,1523.5152835860183,114,13.364169154263319,2,13.364169154263319,0,0.0,0.0019959330849515936,0.07482694872063848,9.907313663703746,64.80028477363932,0.07482694312156665,0.10526315789473684,0.631578947368421,0.16666666666666666,2.851578947368421,2.51,0.868421052631579,5.052631578947368,0.4663320327168092,0,0.0,0.0,0.0,0.0,Test
mp-aaafylvp,Bulk ZnO,3.8073999999999995,3.39634321559105,1558.8242078154644,117,13.323283827482602,4,13.323283827482602,0,0.0,0.0021787852655628715,0.07505657110878702,10.090673355666935,65.16382475586009,0.07505656547529858,0.07692307692307693,0.6153846153846154,0.125,2.7633333333333336,2.51,0.8974358974358975,4.871794871794872,0.4820788317272208,0,0.0,0.0,0.0,0.0,Training
mp-aaafylvr,2D ZnO,4.235,2.880095669740723,1870.6229559028977,105,17.81545672288474,3,17.81545672288474,1,0.0,0.0015396452078449883,0.056131033604962584,8.52171906090189,84.04787293814307,0.05613103045426983,0.02857142857142857,0.6857142857142857,0.041666666666666664,2.9691428571428573,2.51,0.8400000000000001,5.3999999999999995,0.5096255223032504,0,0.0,0.0,0.0,0.0,Training
mp-aaafylvu,Bulk ZnO,2.1462000000000003,2.8845299432071934,2898.051777838698,222,13.054287287561703,3,13.054287287561703,0,0.0,0.000995334163890754,0.07660318621552119,15.571039065450574,79.04434848800382,0.0766031803474735,0.013513513513513514,0.6486486486486487,0.020833333333333332,2.829864864864865,2.51,0.847972972972973,5.0,0.45574972754922205,0,0.0,0.0,0.0,0.0,Test
mp-aaafylvv,Bulk ZnO,5.081099999999999,2.811795785841202,1321.1793495773916,105,12.582660472165633,3,12.582660472165633,0,0.0,0.0021282468475915983,0.07947444836583813,9.569047420053344,59.361141565902614,0.07947444204965069,0.02857142857142857,0.6857142857142857,0.041666666666666664,3.012857142857143,2.51,0.78,5.485714285714286,0.38130443017308197,0,0.0,0.0,0.0,0.0,Test
mp-aaafylwf,Bulk ZnO,1.7186999999999997,2.9761994348874086,3107.9667718000005,246,12.634011267479677,4,12.634011267479677,0,0.0,0.0009576033636819489,0.07915142537303492,16.856845956696706,79.1625233093136,0.07915141910808729,0.024390243902439025,0.5853658536585366,0.04166666666666667,2.6282926829268294,2.51,0.951219512195122,4.536585365853658,0.48897610691688403,0,0.0,0.0,0.0,0.0,Test
mp-aaafylwp,2D ZnO,3.6929,3.981386060612771,3230.232112902733,222,14.550595103165465,4,14.550595103165465,1,0.0,0.001232538691170103,0.06872571141660393,15.01787197394385,88.10456555053172,0.06872570669338085,0.013513513513513514,0.6486486486486487,0.020833333333333332,2.8152702702702705,2.51,0.8702702702702703,5.0,0.47367120975694865,0,0.0,0.0,0.0,0.0,Training
mp-aaafylwr,Bulk ZnO,2.529,3.5566987214739068,3044.9320936866166,222,13.715910331921696,3,13.715910331921696,0,0.0,0.0011680716062103292,0.07290802985731483,15.316531810365163,83.05050840574326,0.07290802454173441,0.013513513513513514,0.6486486486486487,0.020833333333333332,2.869594594594595,2.51,0.8527027027027028,5.1891891891891895,0.46139597365888596,0,0.0,0.0,0.0,0.0,Training
mp-aaafylxa,Bulk ZnO,2.1744000000000003,3.719795600537571,1559.6976426263884,111,14.051330113751247,4,14.051330113751247,0,0.0,0.0023849466068780966,0.07116763978246844,9.571415587159606,67.52922463629638,0.07116763471763585,0.04504504504504504,0.6486486486486487,0.06944444444444443,2.8389189189189192,2.51,0.8576576576576578,5.0,0.4583203600455122,0,0.0,0.0,0.0,0.0,Training
mp-aaafylxb,Bulk ZnO,1.3415000000000001,3.1707481999647777,3255.4397758976397,246,13.233495023974145,4,13.233495023974145,0,0.0,0.0009739845975465759,0.07556582733347267,16.598361485964784,82.9187845506822,0.07556582162327885,0.04878048780487805,0.5853658536585366,0.08333333333333334,2.63390243902439,2.51,0.952439024390244,4.536585365853658,0.4897881037366218,0,0.0,0.0,0.0,0.0,Training
mp-aaafylxg,Bulk ZnO,2.9343000000000004,2.929801773577693,3059.6472081895786,210,14.569748610426565,3,14.569748610426565,0,0.0,0.0009575619586910752,0.06863536405043866,14.465346585598214,86.60144861175458,0.06863535933962578,0.07142857142857142,0.6857142857142857,0.10416666666666666,3.0025714285714287,2.51,0.7971428571428572,5.3999999999999995,0.41333795811905855,0,0.0,0.0,0.0,0.0,Training
mp-aaafylxs,Bulk ZnO,2.5137,3.264012763410894,3125.760624627078,234,13.357951387295206,4,13.357951387295206,0,0.0,0.0010442299188538502,0.07486177865200974,16.004076502791282,82.31490433047048,0.07486177304772425,0.08547008547008547,0.6153846153846154,0.1388888888888889,2.773589743589744,2.51,0.8978632478632479,4.871794871794872,0.4782631278116274,0,0.0,0.0,0.0,0.0,Training
mp-aaafylxu,Bulk ZnO,3.1086,3.249894807016803,1468.9574413633507,117,12.555191806524364,4,12.555191806524364,0,0.0,0.002212381867238135,0.07964832520362973,10.292387386308285,61.40710723049652,0.07964831885977453,0.05128205128205128,0.6153846153846154,0.08333333333333333,2.7805128205128207,2.51,0.8897435897435897,4.923076923076923,0.47584914577729787,0,0.0,0.0,0.0,0.0,Training
mp-aaafylxv,Bulk ZnO,3.2649000000000004,3.2918019063465227,1586.744696338749,117,13.56192048152777,4,13.56192048152777,0,0.0,0.0020745630434070577,0.07373586958882895,10.031137341969396,66.33099024643137,0.07373586415185089,0.05128205128205128,0.6153846153846154,0.08333333333333333,2.7789743589743594,2.51,0.9025641025641026,4.923076923076923,0.4865093107025825,0,0.0,0.0,0.0,0.0,Training
mp-aaafylxw,Bulk ZnO,3.0940000000000003,3.3316993227511156,3170.078318852302,234,13.547343242958554,4,13.547343242958554,0,0.0,0.0010509832842102548,0.07381521100233182,15.92914724467649,83.48198242709587,0.07381520555364686,0.07692307692307693,0.6153846153846154,0.125,2.7671794871794875,2.51,0.9012820512820513,4.871794871794872,0.4815051971742471,0,0.0,0.0,0.0,0.0,Training
mp-aaafylyj,Bulk ZnO,2.1195000000000004,3.7589364331643496,3212.7534555275115,246,13.059973396453298,4,13.059973396453298,0,0.0,0.0011700046347151649,0.07656983438201875,16.671549797228238,81.83152812891163,0.07656982851907967,0.04878048780487805,0.5853658536585366,0.08333333333333334,2.6290243902439023,2.51,0.952439024390244,4.536585365853658,0.4897881037366218,0,0.0,0.0,0.0,0.0,Training
mp-aaafylzj,Bulk ZnO,3.5194,3.9886990298237834,3297.8701972539684,246,13.405976411601497,4,13.405976411601497,0,0.0,0.0012094772660079364,0.07459359686285906,16.526869117667786,83.99952300970345,0.07459359129865478,0.024390243902439025,0.5853658536585366,0.04166666666666667,2.6107317073170733,2.51,0.9621951219512196,4.536585365853658,0.4959463547572888,0,0.0,0.0,0.0,0.0,Training
mp-aaafylzs,Bulk ZnO,3.2155,2.8246850124942346,3195.9448281466302,234,13.657883880968505,4,13.657883880968505,0,0.0,0.0008838340973903189,0.07321778459351554,15.886056382086412,84.16316038459858,0.07321777923267195,0.05128205128205128,0.6153846153846154,0.08333333333333333,2.7612820512820515,2.51,0.908974358974359,4.871794871794872,0.48873431034161713,0,0.0,0.0,0.0,0.0,Training
mp-aaafylzx,Bulk ZnO,2.4288,3.124357204602287,1543.4524284284737,117,13.191901097679262,4,13.191901097679262,0,0.0,0.0020242653074727243,0.07580408559733073,10.12406159953536,64.52123533933867,0.07580407985107178,0.08547008547008547,0.6153846153846154,0.1388888888888889,2.7714529914529917,2.51,0.8940170940170941,4.871794871794872,0.4787747252548484,0,0.0,0.0,0.0,0.0,Training
mp-aaafymaa,Bulk ZnO,3.1391,3.09519117029355,1570.0407335056925,117,13.419151568424722,4,13.419151568424722,0,0.0,0.0019714081961315737,0.07452035956975112,10.066586315999094,65.63271131201124,0.07452035401646755,0.07692307692307693,0.6153846153846154,0.125,2.764102564102564,2.51,0.8974358974358975,4.871794871794872,0.4820788317272208,0,0.0,0.0,0.0,0.0,Training
mp-aaafymab,Bulk ZnO,3.3529000000000004,2.959360234043259,2929.474947272284,234,12.519123706291813,4,12.519123706291813,0,0.0,0.0010102015846897075,0.07987779524036685,16.353821806608515,77.14584671754817,0.0798777888599052,0.05128205128205128,0.6153846153846154,0.08333333333333333,2.7741025641025643,2.51,0.891025641025641,4.923076923076923,0.4741765858879258,0,0.0,0.0,0.0,0.0,Test
mp-aaafymah,2D ZnO,3.8925999999999994,3.0568133730334477,3229.321442342108,222,14.54649298352301,3,14.54649298352301,1,0.0,0.0009465807066937422,0.06874509210795428,15.019283524198533,88.0797270153122,0.06874508738206693,0.013513513513513514,0.6486486486486487,0.020833333333333332,2.8100000000000005,2.51,0.8621621621621622,5.0,0.4739144269703485,0,0.0,0.0,0.0,0.0,Training
mp-aaafymai,Bulk ZnO,2.6875,3.0289396212823276,3199.8974510936787,234,13.674775432024267,4,13.674775432024267,0,0.0,0.0009465739660647812,0.07312734347784244,15.879512686669203,84.26725017867216,0.07312733813023448,0.07692307692307693,0.6153846153846154,0.125,2.767948717948718,2.51,0.9012820512820513,4.871794871794872,0.4815051971742471,0,0.0,0.0,0.0,0.0,Training
mp-aaafymak,Bulk ZnO,4.0581000000000005,2.901755533823045,1560.1579127400205,117,13.33468301487197,4,13.33468301487197,0,0.0,0.0018599114295596204,0.07499240880977187,10.08779719009382,65.21957787641344,0.07499240318591091,0.05128205128205128,0.6153846153846154,0.08333333333333333,2.7574358974358977,2.51,0.9051282051282051,4.871794871794872,0.48944184822424963,0,0.0,0.0,0.0,0.0,Training
mp-aaafymap,Bulk ZnO,2.1525999999999996,3.240679949735792,1541.8063565025575,117,13.177832106859466,4,13.177832106859466,0,0.0,0.0021018722202488316,0.07588501597918137,10.127663220535203,64.45242428163367,0.07588501022064617,0.07692307692307693,0.6153846153846154,0.125,2.7802564102564107,2.51,0.8948717948717948,4.923076923076923,0.47944420933197945,0,0.0,0.0,0.0,0.0,Test
mp-aaafymat,2D ZnO,3.3019,2.930234269524102,3379.69718985642,234,14.443150384001795,4,14.443150384001795,1,0.0,0.0008670108903006743,0.06923697208800562,15.59276955587958,89.00216115627282,0.06923696729424765,0.05128205128205128,0.6153846153846154,0.08333333333333333,2.7541025641025643,2.51,0.9192307692307692,4.871794871794872,0.502632205960168,0,0.0,0.0,0.0,0.0,Training
mp-aaafymaw,Bulk ZnO,1.2105000000000001,3.205240843116337,1568.5527721740382,105,14.938597830228936,3,14.938597830228936,0,0.0,0.0020434383209650157,0.06694068689475356,9.036971671018735,70.47573305804069,0.0669406824136983,0.02857142857142857,0.6857142857142857,0.041666666666666664,3.0274285714285716,2.51,0.8057142857142857,5.485714285714286,0.42937098022522385,0,0.0,0.0,0.0,0.0,Training
mp-aaafymaz,2D ZnO,3.5370999999999997,3.3882213003674053,3030.598160001462,210,14.431419809530771,3,14.431419809530771,1,0.0,0.0011180041435667509,0.06929325133619783,14.511417695780539,85.77923301541068,0.06929324653464349,0.07142857142857142,0.6857142857142857,0.10416666666666666,3.0012857142857143,2.51,0.7971428571428572,5.3999999999999995,0.41333795811905855,0,0.0,0.0,0.0,0.0,Test
mp-aaafymba,Bulk ZnO,2.2241999999999997,3.031424481448967,1530.103300228668,123,12.439864229501367,4,12.439864229501367,0,0.0,0.0019811894275346847,0.08038672943298542,10.674106398198463,61.86580631339782,0.08038672297095967,0.024390243902439025,0.5853658536585366,0.04166666666666667,2.6246341463414633,2.51,0.947560975609756,4.536585365853658,0.49002816951933176,0,0.0,0.0,0.0,0.0,Test
mp-aaafymbc,Bulk ZnO,3.2115,3.1046670646269274,3396.7754331649116,246,13.808030216117528,4,13.808030216117528,0,0.0,0.000914004215384408,0.0724216259921522,16.364880128785817,86.51872241500425,0.07242162074726066,0.024390243902439025,0.5853658536585366,0.04166666666666667,2.6129268292682926,2.51,0.9621951219512196,4.536585365853658,0.4959463547572888,0,0.0,0.0,0.0,0.0,Training
mp-aaafymbf,Bulk ZnO,1.1925000000000001,3.089123387367292,2811.9384062439776,210,13.390182886876083,3,13.390182886876083,0,0.0,0.0010985743430609355,0.07468157891854597,14.878210317144783,79.59020201281595,0.07468157334120817,0.07142857142857142,0.6857142857142857,0.10416666666666666,3.031714285714286,2.51,0.7842857142857143,5.485714285714286,0.38861898381642757,0,0.0,0.0,0.0,0.0,Training
mp-aaafymbm,Bulk ZnO,1.7030999999999998,3.0716841511863344,3131.0957439065423,234,13.380751042335651,4,13.380751042335651,0,0.0,0.0009810253030953047,0.07473422058568148,15.994981476052091,82.45540128011555,0.07473421500047818,0.08547008547008547,0.6153846153846154,0.1388888888888889,2.7752991452991456,2.51,0.8978632478632479,4.871794871794872,0.4782631278116274,0,0.0,0.0,0.0,0.0,Training
mp-aaafymbs,Bulk ZnO,1.8193000000000001,3.374952779321963,2960.1559552087992,246,12.033154289466664,4,12.033154289466664,0,0.0,0.0011401266792660947,0.083103729574494,17.132874868128738,75.39765770008674,0.0831037226682647,0.024390243902439025,0.5853658536585366,0.04166666666666667,2.662682926829268,2.51,0.9402439024390244,4.682926829268292,0.485072168085275,0,0.0,0.0,0.0,0.0,Training
mp-aaafymby,Bulk ZnO,1.6365,3.1751140333512033,3138.8307727105866,234,13.413806720985413,4,13.413806720985413,0,0.0,0.0010115594828991954,0.07455005285230004,15.981831843810358,82.65909831020221,0.07455004729459008,0.07692307692307693,0.6153846153846154,0.125,2.7841025641025645,2.51,0.8987179487179487,4.923076923076923,0.47891813247069875,0,0.0,0.0,0.0,0.0,Training
mp-aaafymce,2D ZnO,3.3195,3.037668893373678,1798.496978472268,117,15.37176904677152,4,15.37176904677152,1,0.0,0.0016890041683328397,0.06505432113618871,9.620905692688359,75.1829111592708,0.06505431690412429,0.05128205128205128,0.6153846153846154,0.08333333333333333,2.7441025641025645,2.51,0.9230769230769231,4.871794871794872,0.5163305358214296,0,0.0,0.0,0.0,0.0,Training
mp-aaafymcn,Bulk ZnO,2.5456999999999996,3.238295095911776,3217.632077046522,234,13.750564431822745,4,13.750564431822745,0,0.0,0.0010064218090727825,0.07272428742530114,15.850284546447607,84.73428019598808,0.07272428213647955,0.05128205128205128,0.6153846153846154,0.08333333333333333,2.7828205128205132,2.51,0.9064102564102564,4.923076923076923,0.48584903713408584,0,0.0,0.0,0.0,0.0,Training
mp-aaafymco,2D ZnO,4.3783,2.668680524049059,1641.4026319449538,114,14.398268701271524,3,14.398268701271524,1,0.0,0.0016258536888580767,0.06945279468993998,9.664212619797135,69.81443450168629,0.06945278986624963,0.05263157894736842,0.631578947368421,0.08333333333333333,2.817368421052631,2.51,0.8921052631578946,5.052631578947368,0.4974154623317145,0,0.0,0.0,0.0,0.0,Training
mp-aaafymcr,2D ZnO,3.9473000000000003,2.590039660077103,1538.0115340759116,105,14.647728895961063,3,14.647728895961063,1,0.0,0.0016840183592207486,0.06826996916059377,9.096397599977418,69.10350243778406,0.06826996449980541,0.02857142857142857,0.6857142857142857,0.041666666666666664,2.9914285714285715,2.51,0.81,5.3999999999999995,0.43867507572801145,0,0.0,0.0,0.0,0.0,Training
mp-aaafymcv,2D ZnO,4.670599999999999,2.7075552695772136,1713.847257407135,105,16.322354832448905,3,16.322354832448905,1,0.0,0.0015798113034141976,0.061265669706677135,8.774019483425697,77.0038751376347,0.061265665953195075,0.02857142857142857,0.6857142857142857,0.041666666666666664,2.9794285714285715,2.51,0.8271428571428572,5.3999999999999995,0.4782395582454609,0,0.0,0.0,0.0,0.0,Training
mp-aaafymcy,Bulk ZnO,1.5447000000000002,3.1401311201383497,2985.523103983579,210,14.21677668563609,3,14.21677668563609,0,0.0,0.0010517859051060357,0.07033943221534522,14.584083738333128,84.50341103928342,0.07033942726770985,0.07142857142857142,0.6857142857142857,0.10416666666666666,3.029571428571429,2.51,0.7928571428571429,5.485714285714286,0.40384082475110045,0,0.0,0.0,0.0,0.0,Training
mp-aaafymdg,Bulk ZnO,4.2959,3.021167440227222,1439.2164775163224,117,12.30099553432754,4,12.30099553432754,0,0.0,0.002099175132736735,0.0812942332357872,10.362800901517648,60.1638400638196,0.08129422662703539,0.05128205128205128,0.6153846153846154,0.08333333333333333,2.7702564102564105,2.51,0.8871794871794871,4.923076923076923,0.47457844288641865,0,0.0,0.0,0.0,0.0,Training
mp-aaafymdj,Bulk ZnO,1.7777,3.1515155377724655,3016.68810176227,234,12.891829494710555,4,12.891829494710555,0,0.0,0.0010446938601081871,0.07756850960604889,16.194680608847115,79.44254929024059,0.07756850358917568,0.07692307692307693,0.6153846153846154,0.125,2.785384615384616,2.51,0.8935897435897436,4.923076923076923,0.4755767542227905,0,0.0,0.0,0.0,0.0,Training
mp-aaafymdn,2D ZnO,3.815,2.957807171330532,1678.6355918703646,117,14.347312751028758,4,14.347312751028758,1,0.0,0.0017620305357846562,0.06969946340148585,9.844652390310157,70.17232282457549,0.06969945854347098,0.05128205128205128,0.6153846153846154,0.08333333333333333,2.7502564102564104,2.51,0.9153846153846154,4.871794871794872,0.5035359750943933,0,0.0,0.0,0.0,0.0,Training
mp-aaafymdy,Bulk ZnO,1.8577,3.511464563754627,3237.226231437864,246,13.159456225357172,4,13.159456225357172,0,0.0,0.001084713984352881,0.07599098191254162,16.629432302889573,82.45487028012931,0.07599097613791272,0.024390243902439025,0.5853658536585366,0.04166666666666667,2.6590243902439026,2.51,0.9548780487804879,4.682926829268292,0.49097490323032383,0,0.0,0.0,0.0,0.0,Training
mp-aaafymee,Bulk ZnO,1.2147000000000001,3.3223643049238336,3147.6220971240396,234,13.451376483436066,4,13.451376483436066,0,0.0,0.001055515624940953,0.07434183417818936,15.966938857446626,82.89061220871702,0.07434182865148146,0.05128205128205128,0.6153846153846154,0.08333333333333333,2.7746153846153847,2.51,0.9038461538461539,4.923076923076923,0.4804492138715554,0,0.0,0.0,0.0,0.0,Training
mp-aaafymem,Bulk ZnO,3.4181999999999997,3.3843822930757663,1507.284644389582,126,11.96257654277446,3,11.96257654277446,0,0.0,0.00224535047555425,0.08359403147175781,10.989352903445297,59.97196027874699,0.0835940244837963,0.047619047619047616,0.5714285714285714,0.08333333333333333,2.6204761904761904,2.51,0.9547619047619047,4.571428571428571,0.4928326913525263,0,0.0,0.0,0.0,0.0,Test
mp-aaafymeq,Bulk ZnO,3.1413999999999995,3.241648591910708,1600.0644020986963,126,12.69892382618013,3,12.69892382618013,0,0.0,0.002025948822846666,0.07874683033678789,10.77270392751461,63.66348859406141,0.0787468241357251,0.07142857142857142,0.5714285714285714,0.125,2.605238095238095,2.51,0.9619047619047618,4.523809523809524,0.49622385463607954,0,0.0,0.0,0.0,0.0,Training
mp-aaafymev,Bulk ZnO,3.0553,3.5735064934430034,1535.615176327968,117,13.124916036991179,4,13.124916036991179,0,0.0,0.0023270846423829525,0.07619096359790847,10.141255625483078,64.1936131995975,0.07619095779284599,0.06837606837606838,0.6153846153846154,0.11111111111111112,2.7471794871794875,2.51,0.8957264957264958,4.820512820512821,0.4801078799840414,0,0.0,0.0,0.0,0.0,Test
mp-aaafymex,Bulk ZnO,2.2854,3.1220895127467894,1598.3657470444375,114,14.02075216705647,4,14.02075216705647,0,0.0,0.0019533010629888014,0.07132284973623787,9.750183665782854,67.98392946680436,0.07132284464928934,0.017543859649122806,0.631578947368421,0.027777777777777776,2.7577192982456142,2.51,0.8903508771929826,4.7894736842105265,0.47336082436387616,0,0.0,0.0,0.0,0.0,Training
mp-aaafymfd,Bulk ZnO,3.4170000000000003,3.1179978221820797,1528.021728358068,111,13.76596151673935,3,13.76596151673935,0,0.0,0.0020405454741357094,0.07264294606548219,9.637102292718922,66.15777297045715,0.07264294078848496,0.08108108108108109,0.6486486486486487,0.125,2.907027027027027,2.51,0.8486486486486488,5.1891891891891895,0.4577021490569186,0,0.0,0.0,0.0,0.0,Test
mp-aaafymff,Bulk ZnO,3.5581000000000005,3.5297404893091167,1592.6304894712323,126,12.639924519612954,3,12.639924519612954,0,0.0,0.0022162959409881837,0.07911439648617624,10.789439146569924,63.367707492283856,0.07911439022708901,0.07142857142857142,0.5714285714285714,0.125,2.6045238095238092,2.51,0.9619047619047618,4.523809523809524,0.49622385463607954,0,0.0,0.0,0.0,0.0,Training
mp-aaafymfi,Bulk ZnO,3.8736,3.179858949099142,1662.4500079342058,123,13.515853723042325,4,13.515853723042325,0,0.0,0.001912754629566575,0.0739871872314779,10.38298547935327,67.21690632337952,0.07398718175737443,0.024390243902439025,0.5853658536585366,0.04166666666666667,2.609268292682927,2.51,0.9585365853658536,4.536585365853658,0.4971218367984108,0,0.0,0.0,0.0,0.0,Training
mp-aaafymfj,Bulk ZnO,1.8147,3.211573751772992,1577.859416126952,126,12.522693778785333,4,12.522693778785333,0,0.0,0.00203539917368316,0.07985502302181162,10.823002941638416,62.77999486137838,0.07985501664498744,0.07142857142857142,0.5714285714285714,0.125,2.6285714285714286,2.51,0.9619047619047619,4.571428571428572,0.49074864435629834,0,0.0,0.0,0.0,0.0,Training
mp-aaafymfq,Bulk ZnO,3.6102,3.120299414106739,1595.1367939382415,117,13.633647811437962,4,13.633647811437962,0,0.0,0.00195613280689427,0.07334794134560592,10.013514956632848,66.68180669806563,0.07334793596568581,0.05128205128205128,0.6153846153846154,0.08333333333333333,2.735897435897436,2.51,0.9025641025641026,4.820512820512821,0.4865093107025825,0,0.0,0.0,0.0,0.0,Training
mp-aaafymfu,Bulk ZnO,3.0004000000000004,3.46587476469002,1570.1547475742143,126,12.461545615668367,3,12.461545615668367,0,0.0,0.002207345976595344,0.0802468675107735,10.840676704511331,62.47344090149721,0.08024686107121429,0.07936507936507936,0.5714285714285714,0.1388888888888889,2.61047619047619,2.51,0.9587301587301587,4.523809523809524,0.4942836360638539,0,0.0,0.0,0.0,0.0,Test
mp-aaafymfx,Bulk ZnO,2.4675000000000002,3.167196531196152,1578.4284217349932,114,13.845863348552571,4,13.845863348552571,0,0.0,0.002006550621861459,0.07222373750384721,9.791063951257584,67.13592723696408,0.07222373228757935,0.017543859649122806,0.631578947368421,0.027777777777777776,2.7550877192982455,2.51,0.887719298245614,4.789473684210526,0.4736305269386416,0,0.0,0.0,0.0,0.0,Training
mp-aaafymfz,Bulk ZnO,1.9552,3.0119526433692987,2971.18744016682,222,13.38372720795865,3,13.38372720795865,0,0.0,0.0010137201721612656,0.07471760179072903,15.442216048266275,81.03912333094205,0.07471759620800943,0.0945945945945946,0.6486486486486487,0.14583333333333334,2.902027027027027,2.51,0.843918918918919,5.162162162162162,0.45131488546510995,0,0.0,0.0,0.0,0.0,Test
mp-aaafymgd,Bulk ZnO,1.7887,3.0444627681152157,1492.9821105654578,117,12.760530859533826,4,12.760530859533826,0,0.0,0.0020391823495876614,0.0783666456362876,10.236881133149112,62.41141504522924,0.07836663949495695,0.05128205128205128,0.6153846153846154,0.08333333333333333,2.7466666666666666,2.51,0.8948717948717949,4.820512820512821,0.4792772190019328,0,0.0,0.0,0.0,0.0,Test
mp-aaafymgk,Bulk ZnO,3.2378000000000005,4.102840502574944,1574.8008050443746,114,13.814042149512057,4,13.814042149512057,0,0.0,0.002605307597908762,0.07239010777416241,9.79857622184458,66.98163236566592,0.0723901025338351,0.017543859649122806,0.631578947368421,0.027777777777777776,2.746315789473684,2.51,0.887719298245614,4.789473684210526,0.4736305269386416,0,0.0,0.0,0.0,0.0,Training
mp-aaafymgl,Bulk ZnO,1.5525999999999998,3.3223713303201645,1533.3229297305384,126,12.169229601036019,3,12.169229601036019,0,0.0,0.002166778612580996,0.08217447059383823,10.926791807160315,61.00797362898378,0.08217446384119517,0.07142857142857142,0.5714285714285714,0.125,2.621428571428571,2.51,0.9547619047619047,4.571428571428571,0.49296516902164006,0,0.0,0.0,0.0,0.0,Training
mp-aaafymgm,Bulk ZnO,2.2704,3.481994027760395,3139.09245464983,234,13.414925019871069,4,13.414925019871069,0,0.0,0.0011092358947894755,0.07454383818908673,15.981387737429639,82.66598953649257,0.07454383263230334,0.06837606837606838,0.6153846153846154,0.11111111111111112,2.753589743589744,2.51,0.9021367521367522,4.820512820512821,0.47918600850880133,0,0.0,0.0,0.0,0.0,Training
mp-aaafymgo,Bulk ZnO,3.4158999999999997,3.4539925303398964,1606.98654331733,126,12.753861454899445,3,12.753861454899445,0,0.0,0.0021493599586775384,0.07840762607750033,10.757213753013897,63.93890729467181,0.07840761992974499,0.047619047619047616,0.5714285714285714,0.08333333333333333,2.6190476190476186,2.51,0.9666666666666666,4.571428571428571,0.4987669524997515,0,0.0,0.0,0.0,0.0,Training
mp-aaafymgq,Bulk ZnO,2.1439999999999997,3.4457926255438114,1453.5469649331508,123,11.81745499945651,4,11.81745499945651,0,0.0,0.0023706097626520688,0.08462058878548642,10.858306303342903,58.770447058406205,0.08462058162484298,0.024390243902439025,0.5853658536585366,0.04166666666666667,2.6590243902439026,2.51,0.9365853658536586,4.682926829268292,0.4860103442180996,0,0.0,0.0,0.0,0.0,Test
mp-aaafymgy,Bulk ZnO,1.7850000000000001,3.220622064631861,1606.6827865663006,123,13.062461679400817,4,13.062461679400817,0,0.0,0.0020045164431709435,0.07655524850855452,10.501751347129922,64.96210162145672,0.0765552426478489,0.04878048780487805,0.5853658536585366,0.08333333333333334,2.6302439024390245,2.51,0.948780487804878,4.536585365853658,0.49085449792142294,0,0.0,0.0,0.0,0.0,Training
mp-aaafymhk,Bulk ZnO,1.6577,3.3263045914777574,1440.6821514429507,117,12.313522661905562,4,12.313522661905562,0,0.0,0.0023088400089820056,0.08121152877670884,10.359285520362754,60.2251099096593,0.08121152218139698,0.05128205128205128,0.6153846153846154,0.08333333333333333,2.770769230769231,2.51,0.8871794871794871,4.923076923076923,0.47457844288641865,0,0.0,0.0,0.0,0.0,Training
mp-aaafymhp,Bulk ZnO,4.0748,3.17392814379167,1473.0592660510365,126,11.690946555960608,3,11.690946555960608,0,0.0,0.0021546506762761194,0.08553627332169711,11.07381179922564,58.61019822677864,0.08553626600524368,0.047619047619047616,0.5714285714285714,0.08333333333333333,2.610952380952381,2.51,0.9523809523809523,4.571428571428571,0.49235403928422383,0,0.0,0.0,0.0,0.0,Training
mp-aaafymhr,Bulk ZnO,2.5652999999999997,2.947104409061847,1638.086145075369,126,13.000683691074356,4,13.000683691074356,0,0.0,0.001799114422597262,0.07691903162650991,10.688701924744047,65.17630070159083,0.07691902570997294,0.047619047619047616,0.5714285714285714,0.08333333333333333,2.6061904761904766,2.51,0.9761904761904762,4.523809523809525,0.4981285619666508,0,0.0,0.0,0.0,0.0,Training
mp-aaafymht,Bulk ZnO,4.151,3.0006246983643514,1441.966666519393,111,12.9906906893639,3,12.9906906893639,0,0.0,0.0020809251476022216,0.07697820107584794,9.825120943998781,62.43190236376143,0.07697819515020496,0.08108108108108109,0.6486486486486487,0.125,2.9024324324324327,2.51,0.8405405405405406,5.1891891891891895,0.4481120121925319,0,0.0,0.0,0.0,0.0,Training
mp-aaafymhv,Bulk ZnO,4.1625,3.0756443051141944,1578.3577930454433,126,12.526649151154311,3,12.526649151154311,0,0.0,0.0019486356760590607,0.07982980826982382,10.821863676785247,62.79982432150779,0.07982980189702604,0.047619047619047616,0.5714285714285714,0.08333333333333333,2.599047619047619,2.51,0.9690476190476189,4.523809523809524,0.5006259325443309,0,0.0,0.0,0.0,0.0,Test
mp-aaafymij,Bulk ZnO,3.1681999999999997,3.410223616656251,1640.5716149612451,126,13.020409642549565,4,13.020409642549565,0,0.0,0.0020786801292650733,0.07680249911124817,10.683301393634327,65.2751927733867,0.07680249321262475,0.07142857142857142,0.5714285714285714,0.125,2.611666666666667,2.51,0.969047619047619,4.523809523809525,0.4938697175985268,0,0.0,0.0,0.0,0.0,Test
mp-aaafymin,Bulk ZnO,2.5298,3.331697965297708,1625.32844082514,126,12.899432070040794,4,12.899432070040794,0,0.0,0.0020498613582410983,0.07752279283074186,10.716595376194077,64.66869615895146,0.07752278682095892,0.07936507936507936,0.5714285714285714,0.1388888888888889,2.6176190476190477,2.51,0.9658730158730159,4.523809523809525,0.4919949720210369,0,0.0,0.0,0.0,0.0,Test
mp-aaafymiu,Bulk ZnO,2.3817999999999997,3.562688227549948,1599.1100997104206,123,13.000895119596915,4,13.000895119596915,0,0.0,0.002227919283478422,0.07691778072208649,10.518302483793512,64.65591943217063,0.07691777480574197,0.024390243902439025,0.5853658536585366,0.04166666666666667,2.6553658536585365,2.51,0.951219512195122,4.682926829268292,0.49206724897546655,0,0.0,0.0,0.0,0.0,Training
mp-aaafymiv,Bulk ZnO,2.9584,3.0071451589953626,3295.4339929520083,234,14.083051251931659,4,14.083051251931659,0,0.0,0.0009125187047978466,0.07100733939762081,15.724553350665557,86.78314382746065,0.07100733435557893,0.05128205128205128,0.6153846153846154,0.08333333333333333,2.7423076923076923,2.51,0.908974358974359,4.820512820512821,0.48538922354233194,0,0.0,0.0,0.0,0.0,Training
mp-aaafymiz,Bulk ZnO,3.5686999999999998,3.6019825384235733,3233.983364187268,234,13.820441727296016,4,13.820441727296016,0,0.0,0.001113791300942201,0.07235658741825549,15.82352594825036,85.1648808715696,0.07235658218278013,0.05128205128205128,0.6153846153846154,0.08333333333333333,2.740769230769231,2.51,0.908974358974359,4.820512820512821,0.48538922354233194,0,0.0,0.0,0.0,0.0,Test
mp-aaafymja,Bulk ZnO,1.8354,3.2677231866592518,1620.9803239031085,126,12.864923205580226,4,12.864923205580226,0,0.0,0.002015893184188073,0.07773073993681089,10.726168884903604,64.49569294001333,0.07773073389474343,0.07142857142857142,0.5714285714285714,0.125,2.627380952380953,2.51,0.9666666666666667,4.571428571428572,0.49233982692892686,0,0.0,0.0,0.0,0.0,Training
mp-aaafymje,Bulk ZnO,2.1003999999999996,3.266455572573907,1576.4999403758284,126,12.51190428869705,3,12.51190428869705,0,0.0,0.002071966822780344,0.07992388503989561,10.82611307659278,62.725903932999465,0.07992387865206874,0.07936507936507936,0.5714285714285714,0.1388888888888889,2.6120634920634918,2.51,0.9587301587301587,4.523809523809524,0.4942836360638539,0,0.0,0.0,0.0,0.0,Training
mp-aaafymjj,Bulk ZnO,4.0267,3.7101926011654722,1575.8632088369773,117,13.46891631484596,4,13.46891631484596,0,0.0,0.002354387474978668,0.07424502288263246,10.05417305882832,65.8761093553768,0.07424501737030946,0.05128205128205128,0.6153846153846154,0.08333333333333333,2.7343589743589742,2.51,0.9025641025641026,4.820512820512821,0.4865093107025825,0,0.0,0.0,0.0,0.0,Training
mp-aaafymjm,Bulk ZnO,3.0984,4.0759443211079045,1582.9962169332382,114,13.885931727484545,4,13.885931727484545,0,0.0,0.002574828845140446,0.07201533318939565,9.781637383945395,67.33021109668174,0.07201532800318783,0.017543859649122806,0.631578947368421,0.027777777777777776,2.7489473684210526,2.51,0.8903508771929826,4.7894736842105265,0.47336082436387616,0,0.0,0.0,0.0,0.0,Training
mp-aaafymjn,Bulk ZnO,2.0535999999999994,3.402583410090218,1564.6262280557983,126,12.41766847663332,3,12.41766847663332,0,0.0,0.0021746940892830757,0.08053041534179532,10.853430004112994,62.25347173098065,0.08053040885664804,0.07142857142857142,0.5714285714285714,0.125,2.6202380952380953,2.51,0.9595238095238094,4.571428571428571,0.49464371133122104,0,0.0,0.0,0.0,0.0,Training
mp-aaafymjp,Bulk ZnO,2.6841999999999997,3.084386879650768,3015.8306772423557,222,13.584822870461062,3,13.584822870461062,0,0.0,0.001022732112557161,0.07361155971892776,15.365640082435617,82.25676741032524,0.07361155430026643,0.0945945945945946,0.6486486486486487,0.14583333333333334,2.907702702702703,2.51,0.8445945945945947,5.1891891891891895,0.4521720026710144,0,0.0,0.0,0.0,0.0,Test
mp-aaafymjq,Bulk ZnO,1.4658000000000002,3.142962975369309,1629.8985379434953,126,12.935702682091232,4,12.935702682091232,0,0.0,0.0019283181757650415,0.07730542550150328,10.70656985892365,64.85053154344382,0.07730541952537494,0.07936507936507936,0.5714285714285714,0.1388888888888889,2.6192063492063493,2.51,0.9658730158730159,4.523809523809525,0.4919949720210369,0,0.0,0.0,0.0,0.0,Training
mp-aaafymjr,Bulk ZnO,3.8575999999999997,2.9346549770897288,1579.498798035869,111,14.229718901224045,3,14.229718901224045,0,0.0,0.0018579659451080414,0.07027545708678615,9.53125039157459,68.386542513275,0.07027545214814662,0.08108108108108109,0.6486486486486487,0.125,2.891891891891892,2.51,0.8554054054054054,5.162162162162162,0.47052486590861914,0,0.0,0.0,0.0,0.0,Training
mp-aaafymka,Bulk ZnO,1.3997,2.9544726522416913,3061.7634801584263,234,13.084459316916352,4,13.084459316916352,0,0.0,0.0009649578327614048,0.07642654356432915,16.114814520729503,80.62958051429091,0.07642653772331304,0.05128205128205128,0.6153846153846154,0.08333333333333333,2.7530769230769234,2.51,0.9012820512820513,4.820512820512821,0.4783811488759055,0,0.0,0.0,0.0,0.0,Test
mp-aaafymkl,Bulk ZnO,0.47999999999999976,3.203863054565328,2977.510186778854,234,12.72440250760194,4,12.72440250760194,0,0.0,0.0010760208541994438,0.0785891517815921,16.265400903691386,78.41082398846322,0.0785891456053378,0.05128205128205128,0.6153846153846154,0.08333333333333333,2.7771794871794873,2.51,0.8935897435897436,4.923076923076923,0.4738857245055542,0,0.0,0.0,0.0,0.0,Training
mp-aaafymkt,Bulk ZnO,2.9637000000000002,3.0131470248106513,1542.7484841190326,126,12.244035588246291,4,12.244035588246291,0,0.0,0.001953103215350927,0.0816724186068157,10.904493610008442,61.38299833018802,0.0816724119364323,0.047619047619047616,0.5714285714285714,0.08333333333333333,2.6180952380952385,2.51,0.9595238095238096,4.571428571428572,0.490179653875147,0,0.0,0.0,0.0,0.0,Training
mp-aaafymld,Bulk ZnO,1.3958,3.0309265117902235,1505.7746048041972,111,13.565536980217994,3,13.565536980217994,0,0.0,0.002012868660502047,0.07371621200533783,9.684331696739333,65.1945535855442,0.07371620657125832,0.0990990990990991,0.6486486486486487,0.15277777777777776,2.9030630630630636,2.51,0.8441441441441442,5.162162162162162,0.4516362598382791,0,0.0,0.0,0.0,0.0,Training
mp-aaafymle,Bulk ZnO,1.5138999999999998,3.0680974782401416,3181.362536690527,234,13.595566396113364,4,13.595566396113364,0,0.0,0.0009643973117982927,0.07355339019092837,15.910291496991457,83.77914507751748,0.07355338478082755,0.06837606837606838,0.6153846153846154,0.11111111111111112,2.7570085470085473,2.51,0.9021367521367522,4.820512820512821,0.47918600850880133,0,0.0,0.0,0.0,0.0,Training
mp-aaafymlh,Bulk ZnO,1.7888,3.0866581251516356,1601.733033364436,126,12.712166931463779,4,12.712166931463779,0,0.0,0.0019270740259805458,0.0786647945540196,10.768961748266868,63.729880226432456,0.0786647883658702,0.07142857142857142,0.5714285714285714,0.125,2.6173809523809526,2.51,0.9654761904761905,4.523809523809525,0.49175646512536564,0,0.0,0.0,0.0,0.0,Training
mp-aaafymlp,Bulk ZnO,2.6365,3.807809788655064,1589.2853035694936,123,12.921018728207265,4,12.921018728207265,0,0.0,0.002395925879452117,0.07739327842757067,10.539932323673723,64.25867897459344,0.0773932724378516,0.04878048780487805,0.5853658536585366,0.08333333333333334,2.6253658536585367,2.51,0.948780487804878,4.536585365853658,0.49085449792142294,0,0.0,0.0,0.0,0.0,Training
mp-aaafymlv,Bulk ZnO,2.4438,3.0746607998637714,2950.7272697596927,222,13.291564278196814,3,13.291564278196814,0,0.0,0.001042001011538478,0.07523568927401403,15.477825677428505,80.48107228018027,0.07523568361360551,0.0945945945945946,0.6486486486486487,0.14583333333333334,2.9083783783783788,2.51,0.841891891891892,5.1891891891891895,0.44934360389390693,0,0.0,0.0,0.0,0.0,Training
mp-aaafymmd,2D ZnO,3.7299,3.0030922450466186,1626.4445370744331,111,14.652653487157055,3,14.652653487157055,1,0.0,0.00184641540279537,0.06824702439571732,9.438650232163003,70.41912195085997,0.0682470197380613,0.08108108108108109,0.6486486486486487,0.125,2.888648648648649,2.51,0.8594594594594596,5.162162162162162,0.48008271309759876,0,0.0,0.0,0.0,0.0,Training
mp-aaafymmj,Bulk ZnO,3.8856,3.1238767108007783,1694.161192107306,126,13.445723746883381,3,13.445723746883381,0,0.0,0.00184390760770237,0.0743730883383494,10.569447893274473,67.40741909435475,0.07437308280699355,0.047619047619047616,0.5714285714285714,0.08333333333333333,2.5923809523809522,2.51,0.9785714285714284,4.523809523809524,0.5101140207193664,0,0.0,0.0,0.0,0.0,Training
mp-aaafymmr,Bulk ZnO,3.4511000000000003,3.0979645931171587,1465.3887276228234,111,13.201700248854264,3,13.201700248854264,0,0.0,0.002114090640060215,0.07574781892861013,9.772492893899617,63.445992263285305,0.07574781319087849,0.08108108108108109,0.6486486486486487,0.125,2.907837837837838,2.51,0.841891891891892,5.1891891891891895,0.4492375153859049,0,0.0,0.0,0.0,0.0,Training
mp-aaafymms,Bulk ZnO,2.1997,3.4015876642661973,1543.7361558542707,117,13.19432611841257,4,13.19432611841257,0,0.0,0.002203477356779165,0.07579015336027722,10.123441318683343,64.53309605086751,0.07579014761613032,0.05128205128205128,0.6153846153846154,0.08333333333333333,2.7682051282051283,2.51,0.8974358974358975,4.923076923076923,0.48141797360049404,0,0.0,0.0,0.0,0.0,Training
mp-aaafymmt,Bulk ZnO,3.4643,3.0289326629580393,3025.8394165286772,222,13.629907281660708,3,13.629907281660708,0,0.0,0.001001022277128279,0.07336807062110529,15.348679437358376,82.52975572686373,0.0733680652382319,0.0945945945945946,0.6486486486486487,0.14583333333333334,2.8991891891891894,2.51,0.845945945945946,5.162162162162162,0.45418007156215207,0,0.0,0.0,0.0,0.0,Training
mp-aaafymmu,Bulk ZnO,2.1967,3.1336345097135614,1503.075264941586,111,13.541218603077352,3,13.541218603077352,0,0.0,0.00208481543326797,0.07384859733176022,9.690125522666687,65.07768200545702,0.0738485918781453,0.0990990990990991,0.6486486486486487,0.15277777777777776,2.9021621621621625,2.51,0.8441441441441442,5.162162162162162,0.4516362598382791,0,0.0,0.0,0.0,0.0,Training
mp-aaafymnb,Bulk ZnO,2.1257,3.164922250649638,1549.0887339447243,117,13.240074649100208,4,13.240074649100208,0,0.0,0.002043086481295507,0.07552827506663339,10.111767995426069,64.75685089052783,0.07552826936211349,0.06837606837606838,0.6153846153846154,0.11111111111111112,2.750598290598291,2.51,0.8957264957264958,4.820512820512821,0.4801078799840414,0,0.0,0.0,0.0,0.0,Test
mp-aaafymnj,Bulk ZnO,2.0592,3.2007383382267496,1585.3752065438402,126,12.582342909078097,4,12.582342909078097,0,0.0,0.002018915348881003,0.07947645420460644,10.805872968726238,63.079033723097524,0.07947644788810018,0.047619047619047616,0.5714285714285714,0.08333333333333333,2.627619047619048,2.51,0.9619047619047619,4.571428571428572,0.490617537478085,0,0.0,0.0,0.0,0.0,Training
mp-aaafymns,Bulk ZnO,3.5667000000000004,3.2613109407082295,1775.51565376221,126,14.091394077477856,3,14.091394077477856,0,0.0,0.0018368246620623758,0.0709652994233048,10.405486176089951,70.64435682939192,0.07096529438723144,0.047619047619047616,0.5714285714285714,0.08333333333333333,2.5866666666666664,2.51,0.9857142857142855,4.523809523809524,0.5192169309465128,0,0.0,0.0,0.0,0.0,Training
mp-aaafymof,Bulk ZnO,2.7255,2.995868140533044,1757.585510553059,126,13.949091353595707,4,13.949091353595707,0,0.0,0.0017045362075102308,0.07168925736099839,10.440750650236119,69.93095087761371,0.07168925222164914,0.047619047619047616,0.5714285714285714,0.08333333333333333,2.59952380952381,2.51,0.9857142857142857,4.523809523809525,0.5074016325541871,0,0.0,0.0,0.0,0.0,Training
mp-aaafymog,Bulk ZnO,2.8977,3.1174273583367174,1848.8489730360534,126,14.673404547905186,4,14.673404547905186,0,0.0,0.0016861449495344616,0.06815050976991993,10.266050579807517,73.56214871891302,0.06815050512542828,0.047619047619047616,0.5714285714285714,0.08333333333333333,2.593809523809524,2.51,0.9928571428571428,4.523809523809525,0.5163342983015841,0,0.0,0.0,0.0,0.0,Training
mp-aaafymou,Bulk ZnO,1.6831,3.2179661370545483,1544.7205865708997,126,12.25968719500714,3,12.25968719500714,0,0.0,0.0020832027261305937,0.08156814966757539,10.899851144398239,61.461464498041074,0.0815681430142129,0.07142857142857142,0.5714285714285714,0.125,2.610238095238095,2.51,0.9583333333333333,4.523809523809524,0.494036814165203,0,0.0,0.0,0.0,0.0,Training
mp-aaafympf,Bulk ZnO,3.0568999999999997,3.110848898935819,1658.708097573229,126,13.164349980739912,4,13.164349980739912,0,0.0,0.0018754649497926385,0.07596273279448273,10.644221176204569,65.99680857359449,0.07596272702414641,0.07142857142857142,0.5714285714285714,0.125,2.6123809523809527,2.51,0.969047619047619,4.523809523809525,0.4938697175985268,0,0.0,0.0,0.0,0.0,Training
mp-aaafympj,Bulk ZnO,3.9585999999999997,2.906346856537226,1519.5509894673182,111,13.689648553759623,3,13.689648553759623,0,0.0,0.0019126352960067842,0.07304789425915302,9.654976466806655,65.79102084250906,0.07304788892315855,0.08108108108108109,0.6486486486486487,0.125,2.895675675675676,2.51,0.8500000000000001,5.162162162162162,0.45993506061472283,0,0.0,0.0,0.0,0.0,Training
mp-aaafympl,Bulk ZnO,4.1530000000000005,3.158669862264383,3039.1874008234713,222,13.690033337042664,3,13.690033337042664,0,0.0,0.0010393139499750947,0.07304584111524312,15.326176207428519,82.89382193516211,0.07304583577954861,0.0945945945945946,0.6486486486486487,0.14583333333333334,2.8987837837837844,2.51,0.845945945945946,5.162162162162162,0.45418007156215207,0,0.0,0.0,0.0,0.0,Training
mp-aaafympx,Bulk ZnO,2.3289999999999997,3.4842739484971768,1025.607064598501,80,12.820088307481262,3,12.820088307481262,0,0.0,0.0033972795905624744,0.07800258282280648,7.932857489325445,55.240085957819545,0.07800257673840402,0.05,0.6,0.08333333333333334,2.7125000000000004,2.51,0.92,4.8,0.48834477965675754,0,0.0,0.0,0.0,0.0,Training
mp-aaafymqa,Bulk ZnO,1.9983000000000002,3.0913337557664318,1505.6344338826862,120,12.546953615689052,3,12.546953615689052,0,0.0,0.002053176844391497,0.07970062141216278,10.469872666696077,61.88689700615338,0.07970061505997424,0.05,0.6,0.08333333333333334,2.6915,2.51,0.9175,4.699999999999999,0.48659540614275437,0,0.0,0.0,0.0,0.0,Training
mp-aaafymqh,Bulk ZnO,2.3574,3.4315129156033466,953.6091939274826,80,11.920114924093532,4,11.920114924093532,0,0.0,0.003598447810124927,0.08389180862499489,8.127678392147093,51.362218203267766,0.08389180158715992,0.025,0.6,0.04166666666666667,2.7095000000000002,2.51,0.9125,4.8,0.480937034964213,0,0.0,0.0,0.0,0.0,Training
mp-aaafymqy,Bulk ZnO,3.914,3.181499448931428,1598.7412807760147,120,13.32284400646679,3,13.32284400646679,0,0.0,0.001990002689732986,0.07505904891737897,10.262547566483262,65.71391750633947,0.07505904328351858,0.05,0.6,0.08333333333333334,2.681,2.51,0.925,4.699999999999999,0.49260417689132807,0,0.0,0.0,0.0,0.0,Training
mp-aaafymrt,Bulk ZnO,3.7194000000000003,3.158364316354462,1642.0583571555321,120,13.683819642962767,4,13.683819642962767,0,0.0,0.001923417826529358,0.07307901054617261,10.171501095965935,67.49440245287049,0.07307900520563122,0.025,0.6,0.04166666666666667,2.6585,2.51,0.9349999999999999,4.6499999999999995,0.4947896904444081,0,0.0,0.0,0.0,0.0,Test
mp-aaafymtd,Bulk ZnO,1.9569999999999999,3.246575216388112,3087.459965332536,240,12.8644165222189,3,12.8644165222189,0,0.0,0.0010515359722367893,0.07773380147267779,16.482033660916134,79.94546637593693,0.07773379543013438,0.06666666666666667,0.6,0.11111111111111112,2.695333333333333,2.51,0.9183333333333333,4.699999999999999,0.48728484172408304,0,0.0,0.0,0.0,0.0,Training
mp-aaafymtf,Bulk ZnO,1.8865,3.2177849922847077,4672.626214495171,360,12.979517262486585,3,12.979517262486585,0,0.0,0.0006886459229935122,0.07704446781624161,21.533542759126668,92.33351609290347,0.07704446188039205,0.06666666666666667,0.6,0.11111111111111112,2.695333333333333,2.51,0.9183333333333333,4.699999999999999,0.48728484172408304,0,0.0,0.0,0.0,0.0,Training
mp-aaafymtk,Bulk ZnO,4.101500000000001,4.024097304850098,1612.8824554725302,120,13.440687128937752,4,13.440687128937752,0,0.0,0.0024949724582819326,0.07440095810630125,10.23246670335485,66.29516976936885,0.0744009525707991,0.025,0.6,0.04166666666666667,2.65625,2.51,0.9349999999999999,4.6499999999999995,0.4947896904444081,0,0.0,0.0,0.0,0.0,Training
mp-aaafymtp,Bulk ZnO,2.1294999999999997,3.007124074432499,1509.1677219097248,120,12.57639768258104,4,12.57639768258104,0,0.0,0.0019925711574504366,0.07951402502045968,10.461695536479198,62.032127632726215,0.07951401869798001,0.025,0.6,0.04166666666666667,2.67425,2.51,0.92375,4.6499999999999995,0.48623995051753216,0,0.0,0.0,0.0,0.0,Training
mp-aaafymty,Bulk ZnO,3.8941,3.2177756370732187,1053.811717048785,80,13.172646463109814,3,13.172646463109814,0,0.0,0.0030534635220081305,0.0759148894491714,7.861443773886405,56.759212999299166,0.07591488368610139,0.05,0.6,0.08333333333333334,2.681,2.51,0.925,4.699999999999999,0.49260417689132807,0,0.0,0.0,0.0,0.0,Training
mp-aaafymuq,Bulk ZnO,1.7086,3.3866520650298977,964.8147415833797,80,12.060184269792247,3,12.060184269792247,0,0.0,0.0035101578770158352,0.08291747270435582,8.096090300889015,51.96575871803452,0.08291746582904912,0.05,0.6,0.08333333333333334,2.715,2.51,0.91,4.8,0.48295421853454035,0,0.0,0.0,0.0,0.0,Training
mp-aaafymvl,Bulk ZnO,2.0017,3.218954468862285,4845.799250767829,360,13.46055347435508,3,13.46055347435508,0,0.0,0.0006642773054109152,0.07429115020457298,21.273912139295277,95.7555050553281,0.0742911446853984,0.016666666666666666,0.6,0.02777777777777778,2.6493333333333333,2.51,0.9383333333333334,4.55,0.48675953222103324,0,0.0,0.0,0.0,0.0,Training
mp-aaafymwf,Bulk ZnO,3.2198,4.191329606230786,3178.6727274402815,240,13.24446969766784,3,13.24446969766784,0,0.0,0.0013185785280908663,0.07550321174248945,16.322849253285774,82.3072935374288,0.07550320604175488,0.016666666666666666,0.6,0.02777777777777778,2.641,2.51,0.9383333333333334,4.55,0.48675953222103324,0,0.0,0.0,0.0,0.0,Training
mp-aaafymwh,Bulk ZnO,4.418100000000001,3.8262368674306564,1037.7204068397439,80,12.971505085496798,3,12.971505085496798,0,0.0,0.0036871558487348373,0.0770920562732602,7.901869771329735,55.8925210762386,0.07709205033007552,0.05,0.6,0.08333333333333334,2.6795,2.51,0.925,4.699999999999999,0.49260417689132807,0,0.0,0.0,0.0,0.0,Test
mp-aaafymwm,Bulk ZnO,2.4174999999999995,3.559581389413193,1572.3738552215993,120,13.103115460179994,4,13.103115460179994,0,0.0,0.0022638263652072304,0.07631772787463961,10.319594714327241,64.63012311848432,0.07631772205024447,0.025,0.6,0.04166666666666667,2.70575,2.51,0.9275,4.8,0.48874844705564735,0,0.0,0.0,0.0,0.0,Training
mp-aaafymxa,Bulk ZnO,2.5393999999999997,3.838512666871079,1033.6569808605998,80,12.920712260757497,4,12.920712260757497,0,0.0,0.003713526574043179,0.07739511412518472,7.912210622907107,55.67366142899248,0.0773951081351815,0.05,0.6,0.08333333333333334,2.675,2.51,0.925,4.6499999999999995,0.48723665884595824,0,0.0,0.0,0.0,0.0,Training
mp-aaafymxg,Bulk ZnO,2.5120999999999998,3.5644022562170075,1046.8314759713107,80,13.085393449641384,4,13.085393449641384,0,0.0,0.0034049437163797057,0.07642108766912208,7.878878370907562,56.38325116124676,0.07642108182893989,0.025,0.6,0.04166666666666667,2.70575,2.51,0.9275,4.8,0.48874844705564735,0,0.0,0.0,0.0,0.0,Training
mp-aaafymxk,Bulk ZnO,4.1312,3.179910506098671,1087.2881507545876,80,13.591101884432344,4,13.591101884432344,0,0.0,0.002924625366230456,0.07357755158508744,7.779919475778974,58.562282751157504,0.07357754617143175,0.025,0.6,0.04166666666666667,2.6585,2.51,0.9349999999999999,4.6499999999999995,0.4947896904444081,0,0.0,0.0,0.0,0.0,Training
mp-aaafymxm,Bulk ZnO,2.4943999999999997,3.0225554772852408,1000.9751953309157,80,12.512189941636446,4,12.512189941636446,0,0.0,0.003019610766964115,0.07992206037988038,7.997401168513462,53.913392117059146,0.07992205399234516,0.025,0.6,0.04166666666666667,2.67425,2.51,0.92375,4.6499999999999995,0.48623995051753216,0,0.0,0.0,0.0,0.0,Training
mp-aaafymxo,Bulk ZnO,2.1174,3.1228720725016927,993.6192157405571,80,12.420240196756964,3,12.420240196756964,0,0.0,0.0031429264078535117,0.0805137408100295,8.017088166997496,53.51719267684327,0.08051373432756756,0.05,0.6,0.08333333333333334,2.6915,2.51,0.9175,4.699999999999999,0.48659540614275437,0,0.0,0.0,0.0,0.0,Test
mp-aaafymxp,Bulk ZnO,1.4964,3.3631946803737427,1457.3161000859159,120,12.144300834049298,3,12.144300834049298,0,0.0,0.0023078004011452737,0.08234315121676444,10.584328858958596,59.90084270246797,0.08234314443637046,0.05,0.6,0.08333333333333334,2.715,2.51,0.91,4.8,0.48295421853454035,0,0.0,0.0,0.0,0.0,Training
mp-aaafymyb,Bulk ZnO,1.7483,3.2466344431964638,1041.9774913609322,80,13.024718642011653,4,13.024718642011653,0,0.0,0.0031158393248552976,0.07677709035298987,7.891093836926323,56.12181134050975,0.07677708445826871,0.05,0.6,0.08333333333333334,2.68,2.51,0.925,4.6499999999999995,0.48723665884595824,0,0.0,0.0,0.0,0.0,Training
mp-aaafymyd,Bulk ZnO,4.3508000000000004,3.7744837244293246,1577.9233805024646,120,13.149361504187205,3,13.149361504187205,0,0.0,0.0023920576696362787,0.07604931993706052,10.307482567067286,64.85822822272553,0.07604931415356189,0.05,0.6,0.08333333333333334,2.6795,2.51,0.925,4.699999999999999,0.49260417689132807,0,0.0,0.0,0.0,0.0,Test
mp-aaafymyh,Bulk ZnO,2.5969999999999995,3.796552678840646,1567.6216359434582,120,13.06351363286215,4,13.06351363286215,0,0.0,0.0024218552435044233,0.07654908381497244,10.33001208874822,64.4347901090907,0.07654907795521067,0.05,0.6,0.08333333333333334,2.675,2.51,0.925,4.6499999999999995,0.48723665884595824,0,0.0,0.0,0.0,0.0,Test
mp-aaafymyo,Bulk ZnO,1.8371000000000002,3.223999230129198,1573.9395876122533,120,13.11616323010211,4,13.11616323010211,0,0.0,0.0020483627551551513,0.07624180810017374,10.316171651033002,64.69448025393434,0.07624180228736088,0.05,0.6,0.08333333333333334,2.68,2.51,0.925,4.6499999999999995,0.48723665884595824,0,0.0,0.0,0.0,0.0,Training
mp-aaafymyq,Bulk ZnO,2.7614,3.649508491714742,3067.0546003498857,240,12.779394168124524,3,12.779394168124524,0,0.0,0.0011899065935436592,0.07825097080848221,16.518505003601444,79.41709793118741,0.07825096468526826,0.06666666666666667,0.6,0.11111111111111112,2.692,2.51,0.9183333333333333,4.699999999999999,0.48728484172408304,0,0.0,0.0,0.0,0.0,Training
mp-aaafymzh,Bulk ZnO,2.6294,3.6061829914732546,4655.854334761656,360,12.932928707671266,3,12.932928707671266,0,0.0,0.0007745480704902388,0.07732200668568151,21.559368680667273,92.00209505552652,0.07732200070698926,0.06666666666666667,0.6,0.11111111111111112,2.692,2.51,0.9183333333333333,4.699999999999999,0.48728484172408304,0,0.0,0.0,0.0,0.0,Training
mp-aaafymzw,Bulk ZnO,2.4046,3.2441171789647956,3205.47548952308,240,13.356147873012834,3,13.356147873012834,0,0.0,0.0010120549009243758,0.07487188742650717,16.277227053697484,83.00131365070396,0.07487188182070806,0.016666666666666666,0.6,0.02777777777777778,2.6493333333333333,2.51,0.9383333333333334,4.55,0.48675953222103324,0,0.0,0.0,0.0,0.0,Training
mp-aaafynaa,Bulk ZnO,2.3868,3.465842097754239,1546.5920874860697,120,12.888267395717246,3,12.888267395717246,0,0.0,0.0022409542411327356,0.07758994822937167,10.376621718150492,63.57040133703521,0.07758994220917208,0.05,0.6,0.08333333333333334,2.7125000000000004,2.51,0.92,4.8,0.48834477965675754,0,0.0,0.0,0.0,0.0,Test
mp-aaafynao,Bulk ZnO,4.495,4.065683582566733,1064.2566102843853,80,13.303207628554816,4,13.303207628554816,0,0.0,0.0038202098472099894,0.07516984083248758,7.8356410877412745,57.321784007310576,0.07516983518198303,0.025,0.6,0.04166666666666667,2.65625,2.51,0.9349999999999999,4.6499999999999995,0.4947896904444081,0,0.0,0.0,0.0,0.0,Training
mp-aaafynap,Bulk ZnO,2.9490000000000007,4.176942515109644,4784.4320562869025,360,13.290089045241396,3,13.290089045241396,0,0.0,0.0008730278674604655,0.07524404062274184,21.364482138196664,94.54285748219172,0.07524403496107662,0.016666666666666666,0.6,0.02777777777777778,2.641,2.51,0.9383333333333334,4.55,0.48675953222103324,0,0.0,0.0,0.0,0.0,Training
mp-aaafynat,Bulk ZnO,2.3499,3.4356263840421875,1428.7011593866334,120,11.905842994888612,4,11.905842994888612,0,0.0,0.0024047200924209805,0.08399237252072933,10.654525512608089,58.72466749815429,0.08399236546601128,0.025,0.6,0.04166666666666667,2.7095000000000002,2.51,0.9125,4.8,0.480937034964213,0,0.0,0.0,0.0,0.0,Training
mp-aaafynby,Bulk ZnO,2.6805000000000003,3.8257305865700757,1608.015517883287,126,12.762027919708627,4,12.762027919708627,0,0.0,0.0023791627282341654,0.07835745277250822,10.754918737599413,63.979848215835645,0.07835744663261829,0.047619047619047616,0.5714285714285714,0.08333333333333333,2.578095238095238,2.51,0.9714285714285713,4.428571428571429,0.49255559584044273,0,0.0,0.0,0.0,0.0,Training
mp-aaafyncf,Bulk ZnO,1.9872999999999994,3.4771267325765343,1469.247404569155,126,11.660693687056785,4,11.660693687056785,0,0.0,0.002366603964562506,0.08575819130811975,11.083380277121854,58.45853158157636,0.085758183953653,0.023809523809523808,0.5714285714285714,0.041666666666666664,2.610952380952381,2.51,0.9595238095238094,4.571428571428571,0.48885893802103236,0,0.0,0.0,0.0,0.0,Training
mp-aaafyncg,Bulk ZnO,3.7019,4.054832318654732,1650.0489897995326,126,13.095626903170894,4,13.095626903170894,0,0.0,0.002457401170341834,0.07636136913444488,10.662808240126692,65.6522793107333,0.07636136330338664,0.023809523809523808,0.5714285714285714,0.041666666666666664,2.5602380952380948,2.51,0.9809523809523808,4.428571428571429,0.49779180594089206,0,0.0,0.0,0.0,0.0,Test
mp-aaafynch,Bulk ZnO,1.305,2.965737909987404,3153.6156640614063,210,15.017217447911458,4,15.017217447911458,0,0.0,0.0009404246509125837,0.06659023240947187,14.32022054940031,89.26116845805844,0.06659022797521312,0.01904761904761905,0.6857142857142857,0.02777777777777778,2.9435238095238097,2.51,0.808095238095238,5.199999999999999,0.4174385694559584,0,0.0,0.0,0.0,0.0,Training
mp-aaafyncu,2D ZnO,3.5023,2.9822440564610004,1559.2399598516045,108,14.437407035663004,4,14.437407035663004,1,0.0,0.0019126267497305712,0.0692645152643975,9.313639776823377,68.75386534831362,0.06926451046682476,0.05555555555555555,0.6666666666666666,0.08333333333333333,2.9188888888888886,2.51,0.8277777777777777,5.222222222222222,0.44579119209115586,0,0.0,0.0,0.0,0.0,Training
mp-aaafyncz,2D ZnO,3.0217,3.5574779945826855,1549.0000612530089,108,14.342593159750082,4,14.342593159750082,1,0.0,0.002296628698455305,0.06972239879231329,9.334117792180924,68.30234240921756,0.06972239393110075,0.05555555555555555,0.6666666666666666,0.08333333333333333,2.92,2.51,0.8305555555555555,5.222222222222222,0.4462972296708281,0,0.0,0.0,0.0,0.0,Training
mp-aaafyndg,Bulk ZnO,3.1346999999999996,3.6792917933179345,3279.7637466048814,246,13.33237295367838,4,13.33237295367838,0,0.0,0.0011218161055431609,0.07500540252469473,16.55722638050098,83.53833650843106,0.07500539689888475,0.04878048780487805,0.5853658536585366,0.08333333333333334,2.6358536585365853,2.51,0.9548780487804879,4.585365853658536,0.4939623792789752,0,0.0,0.0,0.0,0.0,Training
mp-aaafynds,Bulk ZnO,3.274,4.094006313638638,1529.2796389860657,108,14.159996657278386,4,14.159996657278386,0,0.0,0.0026770815547855083,0.07062148559802021,9.37406844154011,67.43278076888971,0.07062148061062636,0.018518518518518517,0.6666666666666666,0.027777777777777776,2.863333333333333,2.51,0.8314814814814815,5.055555555555555,0.442540712847857,0,0.0,0.0,0.0,0.0,Training
mp-aaafyndw,Bulk ZnO,1.3211999999999997,3.3816666533609663,1478.9677051725541,123,12.024127684329708,4,12.024127684329708,0,0.0,0.0022865047299774678,0.08316611618348309,10.795734974986557,59.79826955363192,0.0831661092668808,0.04878048780487805,0.5853658536585366,0.08333333333333334,2.664390243902439,2.51,0.9341463414634147,4.682926829268292,0.48805514020130736,0,0.0,0.0,0.0,0.0,Training
mp-aaafyneg,Bulk ZnO,2.8098,4.07364622813779,1512.3410668865095,105,14.403248256061994,4,14.403248256061994,0,0.0,0.0026936028633569387,0.06942878316209838,9.147576510313723,67.9501175946283,0.0694287783417428,0.01904761904761905,0.6857142857142857,0.02777777777777778,2.926857142857143,2.51,0.8009523809523809,5.199999999999999,0.41462085944637994,0,0.0,0.0,0.0,0.0,Training
mp-aaafynet,Bulk ZnO,2.3769,3.1129057883923785,1541.6197338381735,108,14.274256794797903,4,14.274256794797903,0,0.0,0.0020192436046742677,0.07005618676864768,9.348989424248533,67.97691075637924,0.07005618186077872,0.018518518518518517,0.6666666666666666,0.027777777777777776,2.8725925925925924,2.51,0.8314814814814815,5.055555555555555,0.442540712847857,0,0.0,0.0,0.0,0.0,Training
mp-aaafynfd,Bulk ZnO,1.7569999999999997,3.3627332422979594,3234.2748433391457,246,13.147458712760756,4,13.147458712760756,0,0.0,0.0010397178363562294,0.07606032632218215,16.634489076508327,82.37969594709605,0.07606032053700935,0.04878048780487805,0.5853658536585366,0.08333333333333334,2.668048780487805,2.51,0.9500000000000001,4.682926829268292,0.490501632924287,0,0.0,0.0,0.0,0.0,Test
mp-aaafynfi,Bulk ZnO,1.6666,3.1211655417794586,1523.3272635526382,123,12.384774500427953,4,12.384774500427953,0,0.0,0.0020489133336328604,0.08074430422333852,10.689909777967102,61.5918346328524,0.08074429770369639,0.04878048780487805,0.5853658536585366,0.08333333333333334,2.6414634146341465,2.51,0.9414634146341464,4.585365853658536,0.4908181336640456,0,0.0,0.0,0.0,0.0,Training
mp-aaafynfo,Bulk ZnO,2.1155,3.0673140204615423,1531.8871648198176,105,14.589401569712548,4,14.589401569712548,0,0.0,0.002002310673333648,0.06854290734419087,9.10850371816526,68.8283319618535,0.06854290264606105,0.01904761904761905,0.6857142857142857,0.02777777777777778,2.9363809523809525,2.51,0.8009523809523809,5.199999999999999,0.41462085944637994,0,0.0,0.0,0.0,0.0,Training
mp-aaafynfr,Bulk ZnO,3.5263,4.0232120611280076,1660.7923678897478,126,13.180891808648791,4,13.180891808648791,0,0.0,0.002422465408026905,0.07586740066736901,10.639766531151885,66.07973768529061,0.07586739491150696,0.023809523809523808,0.5714285714285714,0.041666666666666664,2.562619047619047,2.51,0.9833333333333334,4.428571428571429,0.49692285770193656,0,0.0,0.0,0.0,0.0,Training
mp-aaafyngi,Bulk ZnO,1.6362,3.4193040731223343,1491.475233689835,126,11.837105029284405,4,11.837105029284405,0,0.0,0.002292565103252266,0.0844801154949669,11.028045003599418,59.34293419927042,0.08448010835807758,0.023809523809523808,0.5714285714285714,0.041666666666666664,2.6133333333333333,2.51,0.9619047619047618,4.571428571428571,0.4881198160368587,0,0.0,0.0,0.0,0.0,Training
mp-aaafyngm,Bulk ZnO,1.9567,3.483971435117826,1567.286667270284,123,12.742168026587674,4,12.742168026587674,0,0.0,0.0022229318400224757,0.07847958039113992,10.589016663437247,63.36922048362593,0.07847957423209587,0.04878048780487805,0.5853658536585366,0.08333333333333334,2.6619512195121953,2.51,0.9439024390243903,4.682926829268292,0.4922395843195115,0,0.0,0.0,0.0,0.0,Training
mp-aaafyngn,Bulk ZnO,2.9175,3.1168195253998383,3313.732002792042,246,13.470455295902608,4,13.470455295902608,0,0.0,0.0009405768247926231,0.07423654049051899,16.50045726841014,84.40353651526236,0.07423653497945547,0.04878048780487805,0.5853658536585366,0.08333333333333334,2.637317073170732,2.51,0.9548780487804879,4.585365853658536,0.4939623792789752,0,0.0,0.0,0.0,0.0,Training
mp-aaafyngy,Bulk ZnO,1.5309999999999997,3.2540217993259843,3060.2103260726362,246,12.439879374279009,4,12.439879374279009,0,0.0,0.0010633327296500168,0.0803866315671536,16.94408084919443,77.94612653751898,0.08038662510514359,0.04878048780487805,0.5853658536585366,0.08333333333333334,2.6704878048780487,2.51,0.9402439024390244,4.682926829268292,0.4864919891389184,0,0.0,0.0,0.0,0.0,Training
mp-aaafynhc,Bulk ZnO,2.3996999999999997,3.7922572541141135,1619.8484578285957,126,12.855940141496792,4,12.855940141496792,0,0.0,0.0023411185384573743,0.07778505414568397,10.728666600038922,64.45065816339418,0.0777850480951698,0.047619047619047616,0.5714285714285714,0.08333333333333333,2.5804761904761904,2.51,0.9738095238095237,4.428571428571429,0.4917465517131227,0,0.0,0.0,0.0,0.0,Test
mp-aaafynia,Bulk ZnO,2.0905,3.064407794896859,1546.3120234513015,126,12.2723176464389,4,12.2723176464389,0,0.0,0.001981752549564501,0.08148420117614649,10.896110549761591,61.52478471412158,0.081484194536472,0.023809523809523808,0.5714285714285714,0.041666666666666664,2.577380952380952,2.51,0.9702380952380951,4.428571428571429,0.4918654027177651,0,0.0,0.0,0.0,0.0,Training
mp-aaafynic,Bulk ZnO,1.2550000000000001,3.417917871450855,1507.1480975901686,108,13.955074977686747,4,13.955074977686747,0,0.0,0.00226780492037636,0.07165851861053665,9.419729802764722,66.45690209962513,0.07165851347559372,0.07407407407407407,0.6666666666666666,0.1111111111111111,2.9338888888888883,2.51,0.8231481481481481,5.222222222222222,0.43429333836885126,0,0.0,0.0,0.0,0.0,Training
mp-aaafynid,Bulk ZnO,1.8297,3.039236735283847,1573.096549571525,108,14.565708792328936,4,14.565708792328936,0,0.0,0.0019320090277431888,0.06865440015707662,9.286212751344838,69.36486437881622,0.06865439544365029,0.018518518518518517,0.6666666666666666,0.027777777777777776,2.878148148148148,2.51,0.837037037037037,5.055555555555555,0.44347785235403325,0,0.0,0.0,0.0,0.0,Training
mp-aaafynil,Bulk ZnO,2.5272,4.0090821399556775,1557.2083853682948,108,14.418596160817545,4,14.418596160817545,0,0.0,0.0025745315640639138,0.06935487954905724,9.317688288811103,68.66428414075925,0.06935487473895827,0.018518518518518517,0.6666666666666666,0.027777777777777776,2.8688888888888884,2.51,0.837037037037037,5.055555555555555,0.44347785235403325,0,0.0,0.0,0.0,0.0,Training
mp-aaafynjf,Bulk ZnO,3.5313,3.1936272598465774,1624.0256286420345,123,13.203460395463695,4,13.203460395463695,0,0.0,0.0019664882151625897,0.07573772102528284,10.464235024749383,65.66331500268454,0.0757377152890809,0.04878048780487805,0.5853658536585366,0.08333333333333334,2.631219512195122,2.51,0.9487804878048781,4.585365853658536,0.49579752679985056,0,0.0,0.0,0.0,0.0,Training
mp-aaafynjl,Bulk ZnO,1.9467,3.9423711037242044,3114.045891206455,210,14.828789958125977,4,14.828789958125977,0,0.0,0.0012659964693702175,0.06743638576200976,14.380620490867313,88.14117016501847,0.06743638121434395,0.01904761904761905,0.6857142857142857,0.02777777777777778,2.934,2.51,0.808095238095238,5.199999999999999,0.4174385694559584,0,0.0,0.0,0.0,0.0,Training
mp-aaafynjp,Bulk ZnO,3.8561999999999994,3.7903089873923874,1597.754735245803,123,12.98987589630734,4,12.98987589630734,0,0.0,0.0023722721039592326,0.07698302955182752,10.521275844654635,64.6011187429364,0.07698302362544114,0.04878048780487805,0.5853658536585366,0.08333333333333334,2.6297560975609757,2.51,0.9487804878048781,4.585365853658536,0.49579752679985056,0,0.0,0.0,0.0,0.0,Training
mp-aaafynjs,Bulk ZnO,2.6296,3.634693340505912,1567.3286258641465,123,12.742509153367045,4,12.742509153367045,0,0.0,0.0023190371696949798,0.07847747943235833,10.588922170551484,63.37091697185696,0.07847747327364403,0.06504065040650407,0.5853658536585366,0.11111111111111113,2.6419512195121952,2.51,0.9422764227642277,4.585365853658536,0.49138910553084836,0,0.0,0.0,0.0,0.0,Training
mp-aaafynjv,Bulk ZnO,1.5248999999999997,3.5139865210510637,3229.596169832227,246,13.12843971476515,4,13.12843971476515,0,0.0,0.001088057557745249,0.07617051391684655,16.642517922529926,82.26052620438557,0.07617050811489982,0.06504065040650407,0.5853658536585366,0.11111111111111113,2.6480487804878052,2.51,0.9483739837398374,4.585365853658536,0.489681066256203,0,0.0,0.0,0.0,0.0,Test
mp-aaafynkb,Bulk ZnO,1.5577999999999999,3.5486248774907065,1631.1435712404902,126,12.94558389873405,4,12.94558389873405,0,0.0,0.002175544164265053,0.07724641915130534,10.703845097964567,64.9000690264342,0.07724641318429654,0.023809523809523808,0.5714285714285714,0.041666666666666664,2.6097619047619043,2.51,0.976190476190476,4.571428571428571,0.49270707499330846,0,0.0,0.0,0.0,0.0,Training
mp-aaafynkc,Bulk ZnO,1.7691999999999999,3.266250228868132,1614.896495439463,126,12.816638852694151,4,12.816638852694151,0,0.0,0.0020225755880281878,0.0780235763442607,10.739621634748401,64.25362909339846,0.07802357025658271,0.047619047619047616,0.5714285714285714,0.08333333333333333,2.5828571428571427,2.51,0.9714285714285713,4.428571428571429,0.49255559584044273,0,0.0,0.0,0.0,0.0,Training
mp-aaafynkh,Bulk ZnO,1.5274,3.0146455996991683,3139.457818940649,246,12.76202365423028,4,12.76202365423028,0,0.0,0.0009602440209616844,0.07835747896208654,16.80029430331661,79.96462672171992,0.07835747282219252,0.04878048780487805,0.5853658536585366,0.08333333333333334,2.647560975609756,2.51,0.9475609756097562,4.585365853658536,0.4891265280883636,0,0.0,0.0,0.0,0.0,Training
mp-aaafynkt,Bulk ZnO,3.3378,3.155435918276001,1704.2153931511589,126,13.525518993263166,4,13.525518993263166,0,0.0,0.001851547598359313,0.07393431634660994,10.548621687726325,67.80745643825051,0.0739343108803272,0.023809523809523808,0.5714285714285714,0.041666666666666664,2.5647619047619044,2.51,0.9833333333333334,4.428571428571429,0.49692285770193656,0,0.0,0.0,0.0,0.0,Training
mp-aaafynkx,Bulk ZnO,1.8048000000000002,3.2398217112108285,1577.856429376449,123,12.828101051841047,4,12.828101051841047,0,0.0,0.0020533057703425966,0.07795386050973485,10.565319061822851,63.79658173115802,0.07795385443293097,0.06504065040650407,0.5853658536585366,0.11111111111111113,2.6452032520325206,2.51,0.9422764227642277,4.585365853658536,0.49138910553084836,0,0.0,0.0,0.0,0.0,Training
mp-aaafynkz,Bulk ZnO,2.3169000000000004,3.0341626870160696,1507.9860816924092,108,13.96283408974453,4,13.96283408974453,0,0.0,0.002012062792788403,0.07161869815057699,9.417984639349354,66.49385256755373,0.07161869302133944,0.07407407407407407,0.6666666666666666,0.1111111111111111,2.9348148148148145,2.51,0.8203703703703703,5.222222222222222,0.433596648434432,0,0.0,0.0,0.0,0.0,Training
mp-aaafynlu,Bulk ZnO,0.9252000000000002,3.1373878103091073,3244.4782797620205,246,13.18893609659358,4,13.18893609659358,0,0.0,0.0009669930077446016,0.07582112709290317,16.617033040612686,82.63958604019159,0.0758211213440603,0.06504065040650407,0.5853658536585366,0.11111111111111113,2.65130081300813,2.51,0.9483739837398374,4.585365853658536,0.489681066256203,0,0.0,0.0,0.0,0.0,Training
mp-aaafynmp,Bulk ZnO,1.2208,3.1972497742820685,1396.4743669504687,108,12.93031821250434,4,12.93031821250434,0,0.0,0.0022895155471159973,0.07733761718508553,9.662275863598165,61.576802198438884,0.07733761120397896,0.05555555555555555,0.6666666666666666,0.08333333333333333,2.956666666666666,2.51,0.8111111111111111,5.333333333333333,0.42138598397953597,0,0.0,0.0,0.0,0.0,Test
mp-aaafynmz,2D ZnO,3.1342,3.807834532548437,3234.725430395175,222,14.570835272050338,4,14.570835272050338,1,0.0,0.0011771739563327473,0.06863024537228776,15.01091503765233,88.22712076381526,0.0686302406621775,0.02702702702702703,0.6486486486486487,0.041666666666666664,2.8291891891891896,2.51,0.8662162162162163,5.027027027027027,0.4707693481390033,0,0.0,0.0,0.0,0.0,Test
mp-aaafynnd,Bulk ZnO,4.2732,3.9899128128524235,1601.6034001982882,117,13.68891795041272,4,13.68891795041272,0,0.0,0.002491199014911212,0.07305179296292372,10.000019979524959,66.952131469122,0.07305178762635965,0.02564102564102564,0.6153846153846154,0.041666666666666664,2.7079487179487183,2.51,0.9102564102564102,4.769230769230769,0.49022987697080866,0,0.0,0.0,0.0,0.0,Training
mp-aaafynnp,Bulk ZnO,4.297,3.1246765499446294,1461.3653889539971,123,11.88101942239022,4,11.88101942239022,0,0.0,0.002138189787142271,0.08416786173377203,10.838907392071594,59.08656500029772,0.08416785464954367,0.04878048780487805,0.5853658536585366,0.08333333333333334,2.6614634146341465,2.51,0.9317073170731708,4.682926829268292,0.4886600909836989,0,0.0,0.0,0.0,0.0,Training
mp-aaafynns,Bulk ZnO,3.3082999999999996,3.020630992530791,3008.5859271143972,246,12.230024093960964,4,12.230024093960964,0,0.0,0.0010040035637034128,0.08176598772963888,17.040446385082813,76.63120974917312,0.08176598104396268,0.04878048780487805,0.5853658536585366,0.08333333333333334,2.6675609756097565,2.51,0.9378048780487804,4.682926829268292,0.4871258601279686,0,0.0,0.0,0.0,0.0,Training
mp-aaafynoe,Bulk ZnO,3.92,3.493465079655594,1577.9411264391508,123,12.828789645846754,4,12.828789645846754,0,0.0,0.0022139387972852295,0.07794967628327619,10.565130024879476,63.800006239866455,0.07794967020712465,0.07317073170731707,0.5853658536585366,0.125,2.654878048780488,2.51,0.9414634146341464,4.634146341463414,0.49347401600498275,0,0.0,0.0,0.0,0.0,Test
mp-aaafynoh,Bulk ZnO,3.4372,3.3950874366268198,1602.736164625523,123,13.030375322158724,4,13.030375322158724,0,0.0,0.002118307124753797,0.07674376027369344,10.510364215972109,64.80253007583372,0.07674375438408915,0.04878048780487805,0.5853658536585366,0.08333333333333334,2.6697560975609758,2.51,0.9463414634146342,4.682926829268292,0.49651377887948434,0,0.0,0.0,0.0,0.0,Training
mp-aaafynoo,Bulk ZnO,1.8101999999999998,3.191269178942596,1558.7033638547819,117,13.322250973117793,4,13.322250973117793,0,0.0,0.002047387112227926,0.07506239013345738,10.090934120576028,65.15877309279428,0.0750623844990954,0.05128205128205128,0.6153846153846154,0.08333333333333333,2.7323076923076925,2.51,0.9,4.769230769230769,0.4810429736654922,0,0.0,0.0,0.0,0.0,Training
mp-aaafynpd,Bulk ZnO,2.7835,3.741046508834684,1508.185471285217,111,13.587256498065019,4,13.587256498065019,0,0.0,0.0024804949922019267,0.0735983750761172,9.679168741487391,65.29893531935944,0.0735983696593968,0.05405405405405406,0.6486486486486487,0.08333333333333333,2.842702702702703,2.51,0.8486486486486486,5.027027027027027,0.4568815160456389,0,0.0,0.0,0.0,0.0,Training
mp-aaafynph,Bulk ZnO,3.1737,2.9685667726559317,3477.0182200237405,246,14.134220406600571,4,14.134220406600571,0,0.0,0.0008537679657702981,0.07075027636706499,16.238009268251485,88.56257357285861,0.07075027136146374,0.04878048780487805,0.5853658536585366,0.08333333333333334,2.6485365853658536,2.51,0.9646341463414634,4.634146341463414,0.5073093509064103,0,0.0,0.0,0.0,0.0,Training
mp-aaafynpk,Bulk ZnO,2.425,3.5234826642112065,1560.0629324876747,117,13.333871217843374,4,13.333871217843374,0,0.0,0.0022585516204738387,0.07499697452168287,10.0880019087751,65.21560739886498,0.07499696889713711,0.02564102564102564,0.6153846153846154,0.041666666666666664,2.758717948717949,2.51,0.9025641025641026,4.923076923076923,0.4829378339349322,0,0.0,0.0,0.0,0.0,Training
mp-aaafynpr,Bulk ZnO,3.673,3.896356450079796,3268.63201298246,234,13.968512875993419,4,13.968512875993419,0,0.0,0.0011920450006620872,0.07158958214647324,15.767415568937473,86.07733084879604,0.07158957702140534,0.02564102564102564,0.6153846153846154,0.041666666666666664,2.7143589743589747,2.51,0.9166666666666666,4.769230769230769,0.48893672667837584,0,0.0,0.0,0.0,0.0,Training
mp-aaafynpv,Bulk ZnO,1.8842,3.343489010533044,1375.5443054512136,111,12.392291040101023,4,12.392291040101023,0,0.0,0.002430666171407903,0.08069532879465426,9.980786929697247,59.556056161998136,0.08069532228291869,0.02702702702702703,0.6486486486486487,0.041666666666666664,2.8800000000000003,2.51,0.8351351351351353,5.1891891891891895,0.44299939986548253,0,0.0,0.0,0.0,0.0,Training
mp-aaafynqc,2D ZnO,3.8939999999999997,3.239128033398922,1753.9962817784954,123,14.26013237218289,4,14.26013237218289,1,0.0,0.0018467131698332627,0.0701255762499576,10.199108736316731,70.91834533440426,0.07012557133236151,0.04878048780487805,0.5853658536585366,0.08333333333333334,2.6365853658536587,2.51,0.9658536585365854,4.634146341463414,0.5194966778385885,0,0.0,0.0,0.0,0.0,Training
mp-aaafynqf,2D ZnO,3.6401,3.0370923234251888,1605.7636291374513,111,14.4663390012383,4,14.4663390012383,1,0.0,0.0018913694819807242,0.06912598964495449,9.47899817912915,69.52371399511843,0.06912598486655239,0.02702702702702703,0.6486486486486487,0.041666666666666664,2.824864864864865,2.51,0.8594594594594596,5.027027027027027,0.470848291073708,0,0.0,0.0,0.0,0.0,Training
mp-aaafynqh,Bulk ZnO,2.0237999999999996,2.9180602126251225,1449.2121996975125,111,13.055965763040653,4,13.055965763040653,0,0.0,0.0020135493016372593,0.07659333810684765,9.808719571159344,62.745607548806824,0.07659333224030866,0.02702702702702703,0.6486486486486487,0.041666666666666664,2.8418918918918923,2.51,0.8472972972972974,5.027027027027027,0.4550236718834339,0,0.0,0.0,0.0,0.0,Training
mp-aaafynqw,2D ZnO,3.09,3.0398775819310297,3331.515928117589,234,14.237247556058072,4,14.237247556058072,1,0.0,0.000912460767866914,0.07023829543333966,15.66757898354999,87.73333848338294,0.07023829049992186,0.02564102564102564,0.6153846153846154,0.041666666666666664,2.716666666666667,2.51,0.9166666666666666,4.769230769230769,0.48893672667837584,0,0.0,0.0,0.0,0.0,Training
mp-aaafynqy,Bulk ZnO,2.7018999999999997,3.366325054516571,3261.7777070596067,246,13.25925897178702,4,13.25925897178702,0,0.0,0.001032052260100585,0.07541899604855706,16.58760380586324,83.08021697907701,0.07541899036053253,0.07317073170731707,0.5853658536585366,0.125,2.6609756097560977,2.51,0.947560975609756,4.634146341463414,0.49175744889429474,0,0.0,0.0,0.0,0.0,Test
mp-aaafynrb,Bulk ZnO,3.1829,2.89239616418449,3265.8021758363457,246,13.275618600960755,4,13.275618600960755,0,0.0,0.0008856617787768394,0.07532605674040908,16.580787335239073,83.18272357800107,0.07532605106639469,0.04878048780487805,0.5853658536585366,0.08333333333333334,2.6553658536585365,2.51,0.9548780487804878,4.634146341463414,0.49679730247877574,0,0.0,0.0,0.0,0.0,Training
mp-aaafynrh,2D ZnO,3.258,3.1612644969321773,3580.237160212038,246,14.553809594357878,4,14.553809594357878,1,0.0,0.0008829762821480107,0.06871053200996069,16.08043681095755,91.19164664814326,0.0687105272888238,0.04878048780487805,0.5853658536585366,0.08333333333333334,2.642682926829268,2.51,0.9719512195121951,4.634146341463414,0.5172505788428707,0,0.0,0.0,0.0,0.0,Training
mp-aaafynrl,Bulk ZnO,1.2808000000000002,3.108138882911222,3186.3838628390863,234,13.61702505486789,4,13.61702505486789,0,0.0,0.0009754439567559989,0.07343747962353307,15.901929586985354,83.91137848601147,0.07343747423047006,0.05128205128205128,0.6153846153846154,0.08333333333333333,2.738717948717949,2.51,0.9064102564102564,4.769230769230769,0.4800329054760458,0,0.0,0.0,0.0,0.0,Training
mp-aaafynrr,Bulk ZnO,2.1892,3.2314311749229394,1559.8280273742912,123,12.681528677839767,4,12.681528677839767,0,0.0,0.0020716586176249903,0.07885484671476885,10.605867689802409,63.06764949093681,0.07885484049668248,0.08130081300813008,0.5853658536585366,0.1388888888888889,2.66260162601626,2.51,0.9382113821138212,4.634146341463414,0.491175518895227,0,0.0,0.0,0.0,0.0,Training
mp-aaafynru,Bulk ZnO,3.6747,3.1096463120753763,1635.5816693086738,117,13.979330506911742,4,13.979330506911742,0,0.0,0.001901247959932052,0.07153418395148281,9.930286614102162,68.37253151340892,0.07153417883434371,0.02564102564102564,0.6153846153846154,0.041666666666666664,2.7102564102564104,2.51,0.9102564102564102,4.769230769230769,0.49022987697080866,0,0.0,0.0,0.0,0.0,Training
mp-aaafynsd,Bulk ZnO,2.8776,3.2103894527878603,3096.0462708696045,246,12.585553946624408,4,12.585553946624408,0,0.0,0.0010369320003367195,0.0794561768390188,16.87845251436303,78.85889814146321,0.07945617052573527,0.04878048780487805,0.5853658536585366,0.08333333333333334,2.677317073170732,2.51,0.9402439024390243,4.682926829268292,0.48776629446610453,0,0.0,0.0,0.0,0.0,Training
mp-aaafynsp,Bulk ZnO,2.2504999999999997,3.176588152017992,1530.500085596692,123,12.443090126802375,4,12.443090126802375,0,0.0,0.0020755230149363526,0.08036588900421153,10.673183890290941,61.88184931305836,0.08036588254553594,0.07317073170731707,0.5853658536585366,0.125,2.6607317073170735,2.51,0.9378048780487805,4.634146341463414,0.4908830594136877,0,0.0,0.0,0.0,0.0,Training
mp-aaafynsq,Bulk ZnO,1.1241,3.0169296674918744,3144.0134162313584,222,14.16222259563675,4,14.16222259563675,0,0.0,0.0009595791328105032,0.07061038571079166,15.153914906993691,85.75295100796609,0.07061038072496545,0.05405405405405406,0.6486486486486487,0.08333333333333333,2.854864864864865,2.51,0.8554054054054054,5.027027027027027,0.45728798809478277,0,0.0,0.0,0.0,0.0,Training
mp-aaafynsr,Bulk ZnO,3.9103000000000003,3.215278431217093,1579.258693898047,123,12.839501576406887,4,12.839501576406887,0,0.0,0.0020359415741324155,0.07788464326664683,10.562191062742222,63.853278704022784,0.07788463720062964,0.07317073170731707,0.5853658536585366,0.125,2.655609756097561,2.51,0.9414634146341464,4.634146341463414,0.49347401600498275,0,0.0,0.0,0.0,0.0,Test
mp-aaafynsy,Bulk ZnO,0.4514999999999998,3.1878691672795774,3113.55175950883,246,12.656714469548088,4,12.656714469548088,0,0.0,0.0010238690131114028,0.07900944612489984,16.846760837140334,79.30477763574142,0.07900943988240776,0.07317073170731707,0.5853658536585366,0.125,2.678292682926829,2.51,0.9402439024390243,4.682926829268292,0.4879076785025358,0,0.0,0.0,0.0,0.0,Training
mp-aaafyntf,Bulk ZnO,3.9926999999999997,3.0472345904909854,1700.9719594001206,123,13.829040320326184,4,13.829040320326184,0,0.0,0.0017914666809473153,0.07231159768405485,10.304004982139299,68.7744427249076,0.07231159245508807,0.04878048780487805,0.5853658536585366,0.08333333333333334,2.642439024390244,2.51,0.9585365853658537,4.634146341463414,0.5093859058965453,0,0.0,0.0,0.0,0.0,Test
mp-aaafyntk,Bulk ZnO,1.2427000000000001,3.059067660258689,3163.962855245465,246,12.861637622949045,4,12.861637622949045,0,0.0,0.000966846894294959,0.07775059672150132,16.756808829031012,80.58879057227233,0.0777505906763465,0.07317073170731707,0.5853658536585366,0.125,2.666829268292683,2.51,0.9439024390243902,4.634146341463414,0.48924119105517444,0,0.0,0.0,0.0,0.0,Training
mp-aaafyntl,Bulk ZnO,2.0946000000000007,3.4084474320790457,1410.7142560856753,117,12.05738680415107,4,12.05738680415107,0,0.0,0.0024161146861423964,0.08293671060264267,10.432126468350914,58.972356281910514,0.08293670372414529,0.02564102564102564,0.6153846153846154,0.041666666666666664,2.762564102564103,2.51,0.8871794871794871,4.923076923076923,0.4728592216461159,0,0.0,0.0,0.0,0.0,Training
mp-aaafyntw,Bulk ZnO,2.8657000000000004,3.4318567757548815,1553.9312869125906,123,12.633587698476347,4,12.633587698476347,0,0.0,0.002208499696645805,0.07915407909984298,10.619266203324402,62.82922989976971,0.07915407283447524,0.08130081300813008,0.5853658536585366,0.1388888888888889,2.6609756097560977,2.51,0.9382113821138212,4.634146341463414,0.491175518895227,0,0.0,0.0,0.0,0.0,Training
mp-aaafynty,Bulk ZnO,2.7558000000000002,3.349065277877996,1557.055689774895,123,12.658989347763374,4,12.658989347763374,0,0.0,0.0021508962716434207,0.0789952477664959,10.612158540005032,62.95555712375221,0.07899524152624722,0.07317073170731707,0.5853658536585366,0.125,2.6709756097560975,2.51,0.9390243902439025,4.682926829268292,0.4916163392959328,0,0.0,0.0,0.0,0.0,Training
mp-aaafyntz,Bulk ZnO,1.0886,2.7973779019400222,3007.4651283064536,222,13.547140217596638,4,13.547140217596638,0,0.0,0.0009301447506775466,0.07381631724023059,15.379873887148596,82.02859710279677,0.07381631179138232,0.02702702702702703,0.6486486486486487,0.041666666666666664,2.848648648648649,2.51,0.8540540540540541,5.027027027027027,0.45549562656769704,0,0.0,0.0,0.0,0.0,Training
mp-aaafynub,Bulk ZnO,1.1160999999999999,3.211829075882302,2849.9256631966264,222,12.837502987372192,4,12.837502987372192,0,0.0,0.0011269869657862394,0.07789676863044671,15.65819859859454,77.73170893952117,0.07789676256254062,0.02702702702702703,0.6486486486486487,0.041666666666666664,2.886756756756757,2.51,0.841891891891892,5.1891891891891895,0.4440081281319138,0,0.0,0.0,0.0,0.0,Training
mp-aaafynud,Bulk ZnO,2.1416,3.297642313026593,3220.7795132129304,246,13.092599647207035,4,13.092599647207035,0,0.0,0.0010238646574527502,0.07637902532315834,16.6576899928863,82.035958557309,0.07637901948940327,0.08130081300813008,0.5853658536585366,0.1388888888888889,2.6670731707317072,2.51,0.9443089430894309,4.634146341463414,0.4895252234787246,0,0.0,0.0,0.0,0.0,Training
mp-aaafynuh,Bulk ZnO,1.7805000000000002,2.891111105136051,3054.6984875955677,234,13.0542670410067,4,13.0542670410067,0,0.0,0.000946447289929331,0.07660330502346484,16.127228553863052,80.44352845952854,0.07660329915539896,0.02564102564102564,0.6153846153846154,0.041666666666666664,2.732820512820513,2.51,0.9051282051282051,4.769230769230769,0.4788562003343462,0,0.0,0.0,0.0,0.0,Training
mp-aaafynui,Bulk ZnO,1.2306999999999997,3.2398472445678608,3205.2751504595294,246,13.029573782355811,4,13.029573782355811,0,0.0,0.0010107859988567206,0.0767484813167231,16.684505325669296,81.64104941960566,0.07674847542639417,0.07317073170731707,0.5853658536585366,0.125,2.6770731707317075,2.51,0.9451219512195121,4.682926829268292,0.48995062292308383,0,0.0,0.0,0.0,0.0,Training
mp-aaafynva,Bulk ZnO,0.9625999999999997,3.3493701354993766,3144.0218045297124,222,14.16226038076447,4,14.16226038076447,0,0.0,0.0010653139016637261,0.07061019732120054,15.153901430022641,85.75317979876388,0.07061019233540093,0.02702702702702703,0.6486486486486487,0.041666666666666664,2.8827027027027032,2.51,0.8581081081081082,5.1891891891891895,0.46020102517212363,0,0.0,0.0,0.0,0.0,Training
mp-aaafynvd,Bulk ZnO,2.2982000000000005,3.4924091831763886,1514.0340966904055,111,13.63994681703068,4,13.63994681703068,0,0.0,0.00230669123688205,0.07331406884603182,9.666689303792,65.55215948794603,0.07331406347107954,0.02702702702702703,0.6486486486486487,0.041666666666666664,2.875945945945946,2.51,0.8513513513513514,5.1891891891891895,0.45991224638611256,0,0.0,0.0,0.0,0.0,Training
mp-aaafynvf,Bulk ZnO,3.6277999999999997,3.3125541943561876,1507.0356794087506,123,12.252322596819111,4,12.252322596819111,0,0.0,0.0021980595679432016,0.08161717846538052,10.728292356457006,60.93312617242783,0.08161717180401726,0.04878048780487805,0.5853658536585366,0.08333333333333334,2.671219512195122,2.51,0.9341463414634147,4.682926829268292,0.48934198971615334,0,0.0,0.0,0.0,0.0,Training
mp-aaafynvq,Bulk ZnO,2.4076,2.933124594076596,3310.102944071221,222,14.910373621942437,4,14.910373621942437,0,0.0,0.0008861128018178901,0.0670674005464476,14.896096403238568,90.28304209162954,0.06706739604841168,0.02702702702702703,0.6486486486486487,0.041666666666666664,2.831621621621622,2.51,0.8662162162162163,5.027027027027027,0.4707693481390033,0,0.0,0.0,0.0,0.0,Training
mp-aaafynvs,Bulk ZnO,2.2888,3.2826847190678423,1518.6283387725523,123,12.34657185993945,4,12.34657185993945,0,0.0,0.0021616116565565395,0.08099414245055908,10.700923963460209,61.40184564957095,0.08099413589050851,0.07317073170731707,0.5853658536585366,0.125,2.6721951219512197,2.51,0.9341463414634147,4.682926829268292,0.4894847641615645,0,0.0,0.0,0.0,0.0,Training
mp-aaafynwd,Bulk ZnO,1.6033,3.5933177889520973,3127.923611491781,222,14.089745997710724,4,14.089745997710724,0,0.0,0.0011487869383224353,0.07097360024534709,15.179854015785352,85.3141016600474,0.07097359520809551,0.05405405405405406,0.6486486486486487,0.08333333333333333,2.8494594594594598,2.51,0.8554054054054054,5.027027027027027,0.45728798809478277,0,0.0,0.0,0.0,0.0,Training
mp-aaafynwg,Bulk ZnO,2.5731,3.772727040267994,1550.9789190543136,117,13.256230077387295,4,13.256230077387295,0,0.0,0.0024324811858618674,0.07543622841201415,10.107658572932573,64.83586665806587,0.07543622272139003,0.05128205128205128,0.6153846153846154,0.08333333333333333,2.7271794871794874,2.51,0.9,4.769230769230769,0.4810429736654922,0,0.0,0.0,0.0,0.0,Training
mp-aaafynwo,Bulk ZnO,4.3915999999999995,3.9409834618077633,1568.3978054423978,111,14.129709958940522,4,14.129709958940522,0,0.0,0.0025127448203079643,0.07077286107824554,9.55368468450921,67.90590998422402,0.07077285606944803,0.02702702702702703,0.6486486486486487,0.041666666666666664,2.822432432432433,2.51,0.8594594594594596,5.027027027027027,0.470848291073708,0,0.0,0.0,0.0,0.0,Test
mp-aaafynxb,Bulk ZnO,2.4916,3.083315967034782,3279.181410957249,246,13.330005735598574,4,13.330005735598574,0,0.0,0.0009402700188321418,0.07501872240980666,16.558206431235497,83.52350393052264,0.07501871678199837,0.07317073170731707,0.5853658536585366,0.125,2.6617073170731707,2.51,0.947560975609756,4.634146341463414,0.49175744889429474,0,0.0,0.0,0.0,0.0,Test
mp-aaafynxi,Bulk ZnO,1.951,2.979382077066233,1489.6097444250893,117,12.731707217308456,4,12.731707217308456,0,0.0,0.002000109148195803,0.07854406191814745,10.244600490971203,62.27043938223801,0.07854405574897827,0.02564102564102564,0.6153846153846154,0.041666666666666664,2.7264102564102566,2.51,0.8987179487179487,4.769230769230769,0.4798287107975618,0,0.0,0.0,0.0,0.0,Training
mp-aaafynxq,Bulk ZnO,2.0004,3.133782551927044,1520.531118688724,111,13.698478546745262,4,13.698478546745262,0,0.0,0.002060978899681814,0.07300080783333406,9.652901499167912,65.83345686636139,0.0730008025042165,0.05405405405405406,0.6486486486486487,0.08333333333333333,2.848108108108108,2.51,0.8486486486486486,5.027027027027027,0.4568815160456389,0,0.0,0.0,0.0,0.0,Test
mp-aaafynxu,Bulk ZnO,4.325699999999999,3.0111386254926544,1575.9410799657924,123,12.812529105412946,4,12.812529105412946,0,0.0,0.0019106923880415725,0.07804860318932093,10.569597581548265,63.719139485497585,0.07804859709773694,0.04878048780487805,0.5853658536585366,0.08333333333333334,2.649268292682927,2.51,0.9487804878048781,4.634146341463414,0.49865833302374796,0,0.0,0.0,0.0,0.0,Test
mp-aaafynye,Bulk ZnO,0.5407000000000002,3.3411286718378324,1596.2832418815656,120,13.302360349013046,4,13.302360349013046,0,0.0,0.002093067561054884,0.0751746286946883,10.267812464239615,65.61288341966173,0.07517462304346392,0.05,0.6,0.08333333333333334,2.72,2.51,0.9275,4.8,0.48666288837565563,0,0.0,0.0,0.0,0.0,Test
mp-aaafynyi,Bulk ZnO,2.7382,3.859981522392608,1501.7826241879818,105,14.30269165893316,4,14.30269165893316,0,0.0,0.0025702664688104985,0.06991690961717832,9.168964136019072,67.47572234167248,0.06991690472880442,0.0380952380952381,0.6857142857142857,0.05555555555555556,2.9491428571428573,2.51,0.7961904761904761,5.257142857142856,0.4099905466538717,0,0.0,0.0,0.0,0.0,Training
mp-aaafynzn,Bulk ZnO,2.1359999999999997,3.592276301174759,1613.814822497522,126,12.80805414680573,4,12.80805414680573,0,0.0,0.0022259532203424627,0.07807587230175751,10.74202053940652,64.21059140509577,0.07807586620591615,0.023809523809523808,0.5714285714285714,0.041666666666666664,2.607380952380952,2.51,0.9738095238095237,4.571428571428571,0.49353033634872084,0,0.0,0.0,0.0,0.0,Training
mp-aaafynzz,Bulk ZnO,2.0555,3.0154075781800445,1568.4707322988454,126,12.448180415070201,4,12.448180415070201,0,0.0,0.0019225144059656638,0.08033302592476609,10.844555075783198,62.40643716893804,0.08033301947137156,0.023809523809523808,0.5714285714285714,0.041666666666666664,2.5797619047619045,2.51,0.9726190476190475,4.428571428571429,0.49106420029899345,0,0.0,0.0,0.0,0.0,Training
mp-aaafyoae,Bulk ZnO,1.7098999999999998,3.2212812743450563,1634.6613392892061,126,12.973502692771477,4,12.973502692771477,0,0.0,0.001970610790700999,0.07708018595141433,10.696161409249166,65.04003425892874,0.07708018001005973,0.047619047619047616,0.5714285714285714,0.08333333333333333,2.585238095238095,2.51,0.9738095238095237,4.428571428571429,0.4917465517131227,0,0.0,0.0,0.0,0.0,Training
mp-aaafyoai,Bulk ZnO,3.5845,3.2125015573139715,1676.7290080977034,126,13.307373080140502,4,13.307373080140502,0,0.0,0.0019159336671574886,0.07514631129507957,10.605950255173688,66.7138259824717,0.0751463056481119,0.023809523809523808,0.5714285714285714,0.041666666666666664,2.562380952380952,2.51,0.9809523809523808,4.428571428571429,0.49779180594089206,0,0.0,0.0,0.0,0.0,Test
mp-aaafyobm,Bulk ZnO,1.9444,3.04727759057883,1518.4971631174496,105,14.46187774397571,4,14.46187774397571,0,0.0,0.002006772001024236,0.06914731390372619,9.13519812419753,68.22671357682788,0.0691473091223755,0.0380952380952381,0.6857142857142857,0.05555555555555556,2.9567619047619047,2.51,0.7961904761904761,5.257142857142856,0.4099905466538717,0,0.0,0.0,0.0,0.0,Training
mp-aaafyobn,Bulk ZnO,2.1271,3.741613952720239,3086.621462708261,210,14.69819744146791,4,14.69819744146791,0,0.0,0.001212203698420886,0.0680355536100439,14.42308526130853,87.364938438388,0.06803554898120766,0.0380952380952381,0.6857142857142857,0.05555555555555556,2.9562857142857144,2.51,0.8033333333333332,5.257142857142857,0.4131050218466911,0,0.0,0.0,0.0,0.0,Training
mp-aaafyobp,Bulk ZnO,0.54,3.1123054457872907,1601.6998756433013,120,13.347498963694177,4,13.347498963694177,0,0.0,0.0019431264827546265,0.07492040289495784,10.256224818351026,65.83552621275204,0.0749203972818915,0.06666666666666667,0.6,0.11111111111111112,2.7028333333333334,2.51,0.9258333333333334,4.699999999999999,0.4856475659906323,0,0.0,0.0,0.0,0.0,Training
mp-aaafyobz,Bulk ZnO,0.17649999999999988,3.2137634361276004,1516.7206906390184,120,12.639339088658486,4,12.639339088658486,0,0.0,0.002118889427672798,0.07911806091960287,10.44430090638888,62.34258134401329,0.07911805465993581,0.05,0.6,0.08333333333333334,2.7225,2.51,0.9175,4.8,0.4815339155588349,0,0.0,0.0,0.0,0.0,Training
mp-aaafyode,Bulk ZnO,0.2898999999999998,2.988552643895066,1548.4292377184008,120,12.903576980986674,4,12.903576980986674,0,0.0,0.0019300543874376053,0.07749789081535241,10.37251627657601,63.645914705124106,0.0774978848094298,0.05,0.6,0.08333333333333334,2.699,2.51,0.925,4.699999999999999,0.4849826606731611,0,0.0,0.0,0.0,0.0,Training
mp-aaafyodf,Bulk ZnO,2.5000999999999998,3.635557766697993,1630.833627614173,120,13.59028023011811,4,13.59028023011811,0,0.0,0.0022292634301492972,0.07358200000790634,10.194783953983732,67.03302639410393,0.073581994593596,0.05,0.6,0.08333333333333334,2.6870000000000003,2.51,0.9325,4.699999999999999,0.4907777464362777,0,0.0,0.0,0.0,0.0,Training
mp-aaafyodh,Bulk ZnO,1.4487,2.954321427767752,3117.400915855209,210,14.844766265977185,4,14.844766265977185,0,0.0,0.0009476873547903227,0.06736380904102926,14.375459711508787,88.23613209197937,0.0673638045031468,0.0380952380952381,0.6857142857142857,0.05555555555555556,2.963904761904762,2.51,0.8033333333333332,5.257142857142857,0.4131050218466911,0,0.0,0.0,0.0,0.0,Training
mp-aaafyodi,Bulk ZnO,1.1212999999999997,3.478279629056698,1601.2986997072637,120,13.344155830893865,4,13.344155830893865,0,0.0,0.002172161652096869,0.07493917282386942,10.257081249661429,65.8190364637956,0.07493916720799021,0.06666666666666667,0.6,0.11111111111111112,2.6995,2.51,0.9258333333333334,4.699999999999999,0.4856475659906323,0,0.0,0.0,0.0,0.0,Training
mp-aaafyoec,Bulk ZnO,1.8169,3.041554929141578,1663.4709431871725,120,13.862257859893104,4,13.862257859893104,0,0.0,0.0018284388684986755,0.07213832047470738,10.127669171279443,68.37453542310168,0.07213831527077048,0.05,0.6,0.08333333333333334,2.6885000000000003,2.51,0.9325,4.699999999999999,0.4907777464362777,0,0.0,0.0,0.0,0.0,Test
mp-aaafyoeh,Bulk ZnO,2.2683,3.497063604352614,3075.9979986137955,234,13.145290592366647,3,13.145290592366647,0,0.0,0.0011368874771467902,0.07607287134304136,16.089918386796022,81.0044374421095,0.07607286555596006,0.038461538461538464,0.6153846153846154,0.0625,2.7621794871794876,2.51,0.8987179487179487,4.923076923076923,0.4823856384255457,0,0.0,0.0,0.0,0.0,Training
mp-aaafyoes,Bulk ZnO,3.5336,3.1431767576264757,3204.5086140477633,234,13.694481256614374,3,13.694481256614374,0,0.0,0.000980860760943995,0.07302211608176136,15.87189236384205,84.3886822021058,0.07302211074953231,0.038461538461538464,0.6153846153846154,0.0625,2.721794871794872,2.51,0.9051282051282051,4.794871794871796,0.48864186813800997,0,0.0,0.0,0.0,0.0,Training
mp-aaafyoex,Bulk ZnO,2.9229,2.954674897324187,3322.7751945197015,222,14.967455831169826,4,14.967455831169826,0,0.0,0.0008892190185473194,0.06681162191355818,14.877135591523448,90.62867766247638,0.06681161744976566,0.013513513513513514,0.6486486486486487,0.020833333333333332,2.8181081081081087,2.51,0.8702702702702703,5.0,0.47367120975694865,0,0.0,0.0,0.0,0.0,Training
mp-aaafyofh,Bulk ZnO,2.2952,3.3597643540523974,1508.8696254410702,105,14.370186908962573,4,14.370186908962573,0,0.0,0.002226676379061098,0.0695885172778308,9.15458638352186,67.7941442764362,0.06958851243526941,0.02857142857142857,0.6857142857142857,0.041666666666666664,3.009428571428572,2.51,0.7971428571428572,5.485714285714286,0.41170300471080934,0,0.0,0.0,0.0,0.0,Test
mp-aaafyofq,Bulk ZnO,2.3246,3.2633537656557032,1342.4646492295763,105,12.785377611710251,4,12.785377611710251,0,0.0,0.0024308675595506378,0.07821435004657902,9.518204094709388,60.317498994839234,0.07821434392909495,0.02857142857142857,0.6857142857142857,0.041666666666666664,3.013714285714286,2.51,0.78,5.485714285714286,0.38130443017308197,0,0.0,0.0,0.0,0.0,Training
mp-aaafyofw,Bulk ZnO,0.9095,2.9430724895646554,3080.7297995612344,210,14.670141902672544,4,14.670141902672544,0,0.0,0.0009553166558079243,0.0681656664696491,14.432273760232476,87.19817850544563,0.06816566182309133,0.05714285714285714,0.6857142857142857,0.08333333333333333,2.9842857142857144,2.51,0.7985714285714285,5.314285714285714,0.4085179882525898,0,0.0,0.0,0.0,0.0,Training
mp-aaafyogt,Bulk ZnO,1.5777999999999999,3.37927442538999,2843.6415380285757,234,12.152314265079383,3,12.152314265079383,0,0.0,0.0011883616061301296,0.08228885282152203,16.516736522685267,74.88547885233554,0.0822888460500673,0.038461538461538464,0.6153846153846154,0.0625,2.7653846153846153,2.51,0.8858974358974359,4.923076923076923,0.47384196892388986,0,0.0,0.0,0.0,0.0,Training
mp-aaafyohn,Bulk ZnO,2.4879000000000002,2.8613591602946324,3246.879403868283,210,15.461330494610872,4,15.461330494610872,0,0.0,0.0008812643786170969,0.06467748686625353,14.181774493242443,91.9009417458436,0.0646774826830765,0.02857142857142857,0.6857142857142857,0.041666666666666664,2.959714285714286,2.51,0.81,5.314285714285714,0.430786619456291,0,0.0,0.0,0.0,0.0,Training
mp-aaafyohr,Bulk ZnO,1.3847999999999998,3.353746075806781,3191.4306843766744,234,13.638592668276386,4,13.638592668276386,0,0.0,0.0010508597577333278,0.07332134805418876,15.893542905102686,84.04428329924845,0.07332134267816909,0.038461538461538464,0.6153846153846154,0.0625,2.7698717948717952,2.51,0.9064102564102565,4.923076923076923,0.48116932593775835,0,0.0,0.0,0.0,0.0,Training
mp-aaafyohv,Bulk ZnO,0.7343999999999999,3.2967362799483797,3067.287052775375,210,14.60612882273988,4,14.60612882273988,0,0.0,0.0010748052670731918,0.06846441053177126,14.453326747602839,86.81768975436988,0.06846440584439607,0.02857142857142857,0.6857142857142857,0.041666666666666664,3.013714285714286,2.51,0.8014285714285714,5.485714285714286,0.4135664449403462,0,0.0,0.0,0.0,0.0,Test
mp-aaafyoil,Bulk ZnO,3.2902,4.131294046756934,1588.1935458266794,117,13.57430381048444,4,13.57430381048444,0,0.0,0.002601253516999108,0.07366860311669361,10.028086070296727,66.39155677706117,0.07366859768963094,0.017094017094017096,0.6153846153846154,0.02777777777777778,2.6923076923076925,2.51,0.9136752136752136,4.666666666666667,0.4817513872315951,0,0.0,0.0,0.0,0.0,Training
mp-aaafyoit,Bulk ZnO,2.8017000000000003,4.118665842980825,3183.9526429687066,234,13.606635226361995,4,13.606635226361995,0,0.0,0.0012935700699180609,0.07349355541350615,15.905976051170803,83.84735386766421,0.07349355001220385,0.017094017094017096,0.6153846153846154,0.02777777777777778,2.693589743589744,2.51,0.9149572649572649,4.666666666666667,0.48150809077502443,0,0.0,0.0,0.0,0.0,Training
mp-aaafyojn,Bulk ZnO,2.3047000000000004,3.8452684485047555,1515.78823801366,111,13.655749892014954,3,13.655749892014954,0,0.0,0.002536811113895253,0.07322922636308231,9.662958948853023,65.62810741543177,0.07322922100056312,0.04504504504504504,0.6486486486486487,0.06944444444444443,2.830810810810811,2.51,0.8495495495495495,5.0,0.45790125136336074,0,0.0,0.0,0.0,0.0,Test
mp-aaafyojw,2D ZnO,3.129,3.7565117036005744,3167.5245297961637,210,15.083450141886495,4,15.083450141886495,1,0.0,0.0011859455761948946,0.06629782911689523,14.29922936505153,89.65485042176729,0.06629782472149338,0.02857142857142857,0.6857142857142857,0.041666666666666664,2.9571428571428573,2.51,0.81,5.314285714285714,0.430786619456291,0,0.0,0.0,0.0,0.0,Training
mp-aaafyoka,Bulk ZnO,1.3854,3.0113878203366427,1509.8798162921782,105,14.379807774211221,4,14.379807774211221,0,0.0,0.00199445531216632,0.06954195881487388,9.152544291049676,67.83953257450518,0.06954195397879019,0.05714285714285714,0.6857142857142857,0.08333333333333333,2.9800000000000004,2.51,0.7942857142857143,5.314285714285714,0.40650665183770474,0,0.0,0.0,0.0,0.0,Test
mp-aaafyoks,Bulk ZnO,2.19,2.7906408648669507,1437.199716246907,105,13.687616345208637,4,13.687616345208637,0,0.0,0.001941720996267944,0.0730587397235203,9.304297568446069,64.573985236673,0.07305873438594124,0.02857142857142857,0.6857142857142857,0.041666666666666664,2.9734285714285713,2.51,0.7928571428571429,5.314285714285714,0.40341855474641636,0,0.0,0.0,0.0,0.0,Training
mp-aaafyokx,Bulk ZnO,1.4446999999999999,3.5613725510168153,3038.4822624122744,210,14.468963154344165,4,14.468963154344165,0,0.0,0.0011720893009885187,0.06911345265951277,14.49885565647531,86.00238772682715,0.06911344788284376,0.05714285714285714,0.6857142857142857,0.08333333333333333,2.9785714285714286,2.51,0.7985714285714285,5.314285714285714,0.4085179882525898,0,0.0,0.0,0.0,0.0,Training
mp-aaafyold,Bulk ZnO,1.984,3.174199899289696,3210.1664390505225,234,13.718659995942405,4,13.718659995942405,0,0.0,0.0009887960514061494,0.07289341672552363,15.86256229744837,84.53767740031495,0.07289341141207382,0.017094017094017096,0.6153846153846154,0.02777777777777778,2.7021367521367523,2.51,0.9149572649572649,4.666666666666667,0.48150809077502443,0,0.0,0.0,0.0,0.0,Training
mp-aaafyole,Bulk ZnO,4.7273,4.101710139626972,3148.5680804605445,222,14.182739101173624,3,14.182739101173624,0,0.0,0.001302722391515514,0.0705082419458206,15.146604250139175,85.87717945320323,0.07050823697440876,0.013513513513513514,0.6486486486486487,0.020833333333333332,2.8071621621621627,2.51,0.8621621621621622,5.0,0.4739144269703485,0,0.0,0.0,0.0,0.0,Test
mp-aaafyoll,Bulk ZnO,1.6968999999999999,3.1423897390972733,1529.1668545782363,111,13.7762779691733,3,13.7762779691733,0,0.0,0.00205496851418741,0.07258854693827065,9.634696090423681,66.20735276313314,0.07258854166917389,0.04504504504504504,0.6486486486486487,0.06944444444444443,2.8371171171171174,2.51,0.8495495495495495,5.0,0.45790125136336074,0,0.0,0.0,0.0,0.0,Test
mp-aaafyoln,Bulk ZnO,2.0073,3.631202517044184,1493.723295826388,105,14.225936150727506,4,14.225936150727506,0,0.0,0.002430974014524729,0.0702941436967479,9.185424835125348,67.11361334265452,0.07029413875548161,0.05714285714285714,0.6857142857142857,0.08333333333333333,2.974285714285714,2.51,0.7942857142857143,5.314285714285714,0.40650665183770474,0,0.0,0.0,0.0,0.0,Training
mp-aaafyolu,Bulk ZnO,1.3557,3.270104297926104,2804.0915524686025,222,12.63104302913785,4,12.63104302913785,0,0.0,0.0011661902747245338,0.07917002560225278,15.743051328726166,76.48158378691758,0.07917001933436033,0.013513513513513514,0.6486486486486487,0.020833333333333332,2.8824324324324326,2.51,0.841891891891892,5.1891891891891895,0.4429333206528658,0,0.0,0.0,0.0,0.0,Training
mp-aaafyomp,Bulk ZnO,1.1582999999999999,3.0880414127399614,1591.984313668173,117,13.60670353562541,4,13.60670353562541,0,0.0,0.0019397436182173467,0.07349318645635036,10.02012025505301,66.55002296591988,0.0734931810551023,0.05982905982905983,0.6153846153846154,0.09722222222222222,2.747863247863248,2.51,0.9042735042735042,4.794871794871796,0.4796188048758027,0,0.0,0.0,0.0,0.0,Training
mp-aaafyomz,Bulk ZnO,2.7812,4.010060382218687,1622.6118181118761,126,12.877871572316478,3,12.877871572316478,0,0.0,0.0024713615033846626,0.07765258368857297,10.722572717568044,64.56060696023333,0.07765257765864969,0.031746031746031744,0.5714285714285714,0.05555555555555555,2.5619047619047617,2.51,0.9777777777777776,4.3809523809523805,0.49156289134822556,0,0.0,0.0,0.0,0.0,Training
mp-aaafyono,2D ZnO,4.4543,3.8323647930945217,1555.9191085029288,105,14.818277223837416,4,14.818277223837416,1,0.0,0.0024630874266863005,0.06748422808498618,9.061365063533842,69.90809725755939,0.06748422353086544,0.02857142857142857,0.6857142857142857,0.041666666666666664,2.952857142857143,2.51,0.8057142857142858,5.314285714285714,0.4293709802252238,0,0.0,0.0,0.0,0.0,Training
mp-aaafyonq,Bulk ZnO,2.5820000000000007,3.4364087685989544,2684.018396141637,222,12.090172955592958,3,12.090172955592958,0,0.0,0.0012803223605094894,0.08271180269074614,15.974397182798901,73.20658901790021,0.08271179584950442,0.013513513513513514,0.6486486486486487,0.020833333333333332,2.8743243243243244,2.51,0.8337837837837838,5.1891891891891895,0.4416732334510957,0,0.0,0.0,0.0,0.0,Training
mp-aaafyonr,Bulk ZnO,2.7121000000000004,3.031413735785102,3304.934711796405,234,14.123652614514551,4,14.123652614514551,0,0.0,0.0009172386144164918,0.0708032141042837,15.709471061337663,87.03333917402225,0.07080320909118892,0.038461538461538464,0.6153846153846154,0.0625,2.7294871794871796,2.51,0.9128205128205129,4.794871794871796,0.4872036955721439,0,0.0,0.0,0.0,0.0,Test
mp-aaafyonv,Bulk ZnO,2.5488,3.1979907243087475,1594.5421598152311,117,13.628565468506249,4,13.628565468506249,0,0.0,0.0020055855560942443,0.07337529414308962,10.014759543286445,66.65694909475704,0.07337528875915622,0.017094017094017096,0.6153846153846154,0.02777777777777778,2.700854700854701,2.51,0.9136752136752136,4.666666666666667,0.4817513872315951,0,0.0,0.0,0.0,0.0,Training
mp-aaafyoog,Bulk ZnO,0.7518999999999998,3.1721390397651468,2753.6680360185687,210,13.112704933421757,4,13.112704933421757,0,0.0,0.001151968573652629,0.07626191583486279,14.982424582901533,77.94089471387099,0.07626191001898343,0.02857142857142857,0.6857142857142857,0.041666666666666664,3.018,2.51,0.7842857142857143,5.485714285714286,0.38411063979819826,0,0.0,0.0,0.0,0.0,Test
mp-aaafyooi,Bulk ZnO,4.1445,3.8766555858954774,3158.89966487328,234,13.49957121740718,3,13.49957121740718,0,0.0,0.0012272170683366704,0.07407642686536135,15.947915044654284,83.1875997333039,0.07407642137804474,0.038461538461538464,0.6153846153846154,0.0625,2.719871794871795,2.51,0.9051282051282051,4.794871794871796,0.48864186813800997,0,0.0,0.0,0.0,0.0,Training
mp-aaafyooq,2D ZnO,3.7254,2.913302570286309,1599.1034499298325,105,15.229556665998405,4,15.229556665998405,1,0.0,0.0018218349603423985,0.06566179317830083,8.979051151933763,71.84838780607022,0.06566178886683004,0.02857142857142857,0.6857142857142857,0.041666666666666664,2.9554285714285715,2.51,0.8057142857142858,5.314285714285714,0.4293709802252238,0,0.0,0.0,0.0,0.0,Test
mp-aaafyopa,Bulk ZnO,1.4079,2.7316746740358715,2926.6150677518585,210,13.936262227389802,4,13.936262227389802,0,0.0,0.0009333904906511212,0.07175525142133432,14.681285806047498,82.83605499284586,0.0717552462725186,0.02857142857142857,0.6857142857142857,0.041666666666666664,2.9777142857142858,2.51,0.7971428571428572,5.314285714285714,0.40551322522815964,0,0.0,0.0,0.0,0.0,Training
mp-aaafyopf,Bulk ZnO,2.003,3.265273928262072,1634.5337883735863,126,12.972490383917352,3,12.972490383917352,0,0.0,0.0019976790638944974,0.07708620090709416,10.696439627153405,65.0349592530408,0.07708619496481225,0.031746031746031744,0.5714285714285714,0.05555555555555555,2.568253968253968,2.51,0.9777777777777776,4.3809523809523805,0.49156289134822556,0,0.0,0.0,0.0,0.0,Training
mp-aaagivgx,Bulk ZnO,0.8568999999999996,7.951888891274114,301.72165876243315,26,11.604679183170505,2,11.604679183170505,0,0.0,0.026355048304752958,0.08617213661970367,3.876482720378844,34.37881645527148,0.08617212919406719,0.15384615384615385,0.6153846153846154,0.25,2.9000000000000004,1.79,0.8961538461538462,4.461538461538462,0.4189333679621911,0,0.0,0.0,0.0,0.0,Training
mp-aaagixse,Bulk ZnO,2.3845,4.210765593192993,373.71837673193795,27,13.841421360442146,4,13.841421360442146,0,0.0,0.011267215784289103,0.07224691554134266,3.748426040020157,41.52426408132645,0.07224691032172624,0.07407407407407407,0.5925925925925926,0.125,2.749259259259259,2.49,0.9148148148148147,4.962962962962963,0.4826651303145752,1,15.333333333333332,10.333333333333332,15.333333333333332,4466.666666666666,Test
mp-aaagjdjc,Bulk ZnO,0.14539999999999953,5.910923430634006,515.6938082529624,40,12.89234520632406,2,12.89234520632406,0,0.0,0.011462079505392337,0.07756540675853697,4.988033393764015,44.09120039813353,0.07756540074214512,0.05,0.65,0.07692307692307693,3.0010000000000003,1.79,0.81,5.050000000000001,0.3752761519395531,0,0.0,0.0,0.0,0.0,Training
mp-aaabrtdm,Bulk ZnO,2.9471,7.460968405295869,341.6466705049437,30,11.38822235016479,1,11.38822235016479,0,0.0,0.02183825879019625,0.08781001716088989,4.291365681896671,35.38585467146229,0.08781000945029145,0.26666666666666666,0.6,0.4444444444444445,2.7039999999999997,1.94,0.9133333333333333,4.3999999999999995,0.4214340896097124,0,0.0,0.0,0.0,0.0,Training
mp-aaabrtmx,Bulk ZnO,3.1107,3.667724423937469,367.71271586884876,33,11.142809571783296,2,11.142809571783296,0,0.0,0.009974429128106702,0.08974397287846318,4.60621696354103,35.74094423410102,0.08974396482448324,0.09090909090909091,0.48484848484848486,0.1875,2.3584848484848484,2.46,1.0045454545454544,3.878787878787879,0.39523101833927426,0,0.0,0.0,0.0,0.0,Training
mp-aaabrubh,Bulk ZnO,1.7134999999999998,4.656972835739083,297.18951959754264,24,12.38289664989761,1,12.38289664989761,0,0.0,0.01567004395728896,0.08075654899439613,3.5963896990143827,35.71845474495175,0.08075654247277646,0.16666666666666666,0.6666666666666666,0.25,2.993333333333333,1.79,0.8166666666666667,5.333333333333333,0.38180177416013883,0,0.0,0.0,0.0,0.0,Training
mp-aaabrucz,Bulk ZnO,2.0865,4.674877142050278,148.02565690797132,12,12.335471408997611,1,12.335471408997611,0,0.0,0.03158153282141274,0.08106702750497159,2.2684832681899354,28.241179620977963,0.08106702093310918,0.16666666666666666,0.6666666666666666,0.25,2.993333333333333,1.79,0.8166666666666667,5.333333333333333,0.38180177416013883,0,0.0,0.0,0.0,0.0,Training
mp-aaabrukb,Bulk ZnO,2.2921,2.9649366433568813,450.68715827265646,35,12.876775950647328,3,12.876775950647328,0,0.0,0.0065787022970003415,0.07765919076581658,4.565023138349167,42.12078799600913,0.07765918473486715,0.02857142857142857,0.6857142857142857,0.041666666666666664,3.0185714285714287,2.46,0.7828571428571429,5.3999999999999995,0.3736467047647127,0,0.0,0.0,0.0,0.0,Training
mp-aaabrumg,Bulk ZnO,1.4142000000000001,4.860419655054675,470.97417725757043,42,11.21367088708501,2,11.21367088708501,0,0.0,0.010319928118684448,0.08917686367554431,5.398216003320791,38.979018790494976,0.08917685572303201,0.09523809523809523,0.5714285714285714,0.16666666666666666,2.7126190476190475,2.46,0.9392857142857143,4.261904761904762,0.417460943036838,0,0.0,0.0,0.0,0.0,Training
mp-aaabrvju,Bulk ZnO,0.6364999999999998,6.335912957995504,376.3967520761127,28,13.442741145575454,1,13.442741145575454,0,0.0,0.016833070219251768,0.07438958982923957,3.8780143244613243,40.82007951443364,0.07438958429542891,0.14285714285714285,0.5714285714285714,0.25,2.71,1.79,0.9785714285714284,4.571428571428571,0.4511397705210703,0,0.0,0.0,0.0,0.0,Training
mp-aaabrvmu,Bulk ZnO,1.7738000000000005,6.495587778455964,916.057575643052,64,14.313399619422688,1,14.313399619422688,0,0.0,0.007090807336969192,0.0698646042581695,6.589802272941117,57.25359847769076,0.06986459937710691,0.1875,0.5625,0.3333333333333333,2.519375,2.34,1.078125,4.25,0.5348356283362615,0,0.0,0.0,0.0,0.0,Training
mp-aaabrwdr,Bulk ZnO,2.2854,3.9331346465582175,306.34727526673333,24,12.764469802780555,1,12.764469802780555,0,0.0,0.012838810605165915,0.07834246274625245,3.560190478746926,36.81910217652429,0.07834245660871146,0.16666666666666666,0.6666666666666666,0.25,2.8449999999999998,1.79,0.8583333333333333,4.666666666666667,0.42596914501853883,0,0.0,0.0,0.0,0.0,Test
mp-aaabrwuk,Bulk ZnO,1.2897999999999996,4.6555737243813455,615.1536582186748,56,10.984886753904906,2,10.984886753904906,0,0.0,0.00756814766876731,0.09103416561345251,6.584560969108732,42.02666482153613,0.09103415732623396,0.03571428571428571,0.5714285714285714,0.0625,2.698035714285714,2.46,0.9437499999999999,4.232142857142857,0.42088163828924013,0,0.0,0.0,0.0,0.0,Training
mp-aaabrwya,Bulk ZnO,3.775,3.046812853015965,315.40579177385956,26,12.130991991302292,3,12.130991991302292,0,0.0,0.0096599775035218,0.08243348942254537,3.819590401557319,35.938016080114345,0.08243348262726576,0.07692307692307693,0.5384615384615384,0.14285714285714288,2.5584615384615383,2.51,0.9730769230769232,4.307692307692308,0.5132864215250986,0,0.0,0.0,0.0,0.0,Training
mp-aaabrwyd,Bulk ZnO,1.3962000000000003,4.6610145314165345,466.88598363321864,42,11.116332943648063,2,11.116332943648063,0,0.0,0.009983196529365475,0.08995772302514615,5.413926369756251,38.640669505549695,0.08995771493275495,0.047619047619047616,0.5714285714285714,0.08333333333333333,2.7009523809523808,2.46,0.9428571428571428,4.238095238095238,0.42020991154161674,0,0.0,0.0,0.0,0.0,Training
mp-aaabrxbg,Bulk ZnO,1.3452000000000002,4.9662842193664565,622.1618938933024,56,11.110033819523256,2,11.110033819523256,0,0.0,0.007982302143721694,0.09000872690798983,6.559744000763219,42.50546027004374,0.09000871880641965,0.10714285714285714,0.5714285714285714,0.1875,2.715535714285714,2.46,0.938392857142857,4.267857142857142,0.41675790380320055,0,0.0,0.0,0.0,0.0,Test
mp-aaabrxrw,Bulk ZnO,0.9998000000000005,4.6801146457517335,608.5346252340187,56,10.866689736321762,2,10.866689736321762,0,0.0,0.007690794330646253,0.09202434451197347,6.608348361218512,41.574459300245145,0.09202433604349428,0.017857142857142856,0.5714285714285714,0.03125,2.70125,2.46,0.9446428571428571,4.232142857142857,0.4215077076517984,0,0.0,0.0,0.0,0.0,Training
mp-aaabryab,Bulk ZnO,1.3699,4.769021164285788,624.2083855466611,56,11.146578313333235,2,11.146578313333235,0,0.0,0.007640110698143275,0.08971362976957935,6.5525673594837235,42.64527447357922,0.0897136217210447,0.07142857142857142,0.5714285714285714,0.125,2.706785714285714,2.46,0.9410714285714286,4.25,0.4188479511002358,0,0.0,0.0,0.0,0.0,Training
mp-aaabryls,Bulk ZnO,2.1911,4.083392969306654,295.0744861655783,24,12.294770256899097,1,12.294770256899097,0,0.0,0.013838515902778854,0.08133539538397305,3.604961978131357,35.464254240082056,0.08133538876852706,0.16666666666666666,0.6666666666666666,0.25,2.8449999999999998,1.79,0.8583333333333333,4.666666666666667,0.42596914501853883,0,0.0,0.0,0.0,0.0,Training
mp-aaabryuq,Bulk ZnO,0.1149,5.731355852340831,195.097888591396,20,9.7548944295698,1,9.7548944295698,0,0.0,0.029376821521345714,0.10251264195835083,3.448358997867916,26.47885728764779,0.10251263144951016,0.2,0.6,0.33333333333333337,2.704,1.89,0.91,4.3999999999999995,0.4175824175819587,0,0.0,0.0,0.0,0.0,Training
mp-aaabryxt,Bulk ZnO,1.5065,6.352314087841562,510.9208721343043,36,14.19224644817512,1,14.19224644817512,0,0.0,0.012433068277883444,0.07046100866777034,4.503165956993701,46.86176527025742,0.07046100370301696,0.2222222222222222,0.5555555555555556,0.39999999999999997,2.522222222222222,2.34,1.0666666666666667,4.222222222222222,0.5238454566945154,0,0.0,0.0,0.0,0.0,Training
mp-aaabryyb,Bulk ZnO,3.406,3.001792353337714,419.1326790984824,36,11.642574419402289,1,11.642574419402289,0,0.0,0.007161914360374634,0.08589165625890312,4.810445806100816,38.44293372270796,0.08589164888152714,0.1111111111111111,0.6666666666666666,0.16666666666666666,3.152222222222222,1.79,0.6944444444444444,5.333333333333334,0.33504626546146843,0,0.0,0.0,0.0,0.0,Training
mp-aaabrzdh,Bulk ZnO,4.3436,2.874126972200062,278.7228183220891,26,10.720108397003427,3,10.720108397003427,0,0.0,0.010311774936484575,0.09328263884715272,3.9803003035250084,31.758278979023498,0.09328263014550284,0.07692307692307693,0.5384615384615384,0.14285714285714288,2.57,2.46,0.8923076923076924,4.307692307692308,0.41576398454393043,0,0.0,0.0,0.0,0.0,Training
mp-aaabrzgp,Bulk ZnO,0.7164000000000001,2.8892545860930032,466.48179721431126,36,12.957827700397536,3,12.957827700397536,0,0.0,0.006193713459660722,0.07717342930631196,4.641848196998299,42.78580437042423,0.07717342335057423,0.027777777777777776,0.6666666666666666,0.041666666666666664,2.961944444444444,2.46,0.8013888888888889,5.277777777777778,0.38502574065569173,0,0.0,0.0,0.0,0.0,Training
mp-aaabrzgy,2D ZnO,3.8609,2.9466127671397686,380.5981907156465,26,14.63839195060179,3,14.63839195060179,1,0.0,0.007742056686079334,0.06831351444711724,3.587713665575514,43.36617860146391,0.0683135097803813,0.07692307692307693,0.5384615384615384,0.14285714285714288,2.533076923076923,2.62,1.0653846153846154,4.307692307692308,0.6158806674979381,0,0.0,0.0,0.0,0.0,Test
mp-aaabrzlz,Bulk ZnO,0.38129999999999953,5.091777206018149,592.8112531678818,56,10.585915235140746,2,10.585915235140746,0,0.0,0.008589204706908925,0.09446514333313613,6.666264591390616,40.500254702972086,0.09446513440947367,0.10714285714285714,0.5714285714285714,0.1875,2.6782142857142857,2.46,0.9107142857142856,4.607142857142857,0.3984398640437061,0,0.0,0.0,0.0,0.0,Test
mp-aaabrzmb,Bulk ZnO,2.5146000000000006,5.204721117557737,575.5181027647631,54,10.657742643791908,2,10.657742643791908,0,0.0,0.00904354023366857,0.09382849946958477,6.491934014245543,40.28374290382699,0.09382849066579829,0.1111111111111111,0.5925925925925926,0.1875,2.7411111111111106,2.46,0.8907407407407407,4.7407407407407405,0.39751911526665135,0,0.0,0.0,0.0,0.0,Training
mp-aaabrzoh,Bulk ZnO,2.849,4.131544838827319,605.5296283446261,54,11.213511636011594,2,11.213511636011594,0,0.0,0.006823026728059499,0.08917813013976401,6.382859633084637,42.38441806035632,0.08917812218702584,0.1111111111111111,0.5925925925925926,0.1875,2.6366666666666663,2.46,0.9240740740740739,4.296296296296296,0.42359060220539246,0,0.0,0.0,0.0,0.0,Test
mp-aaabsaiy,Bulk ZnO,1.5082,4.765831203488389,312.3130965504769,28,11.154039162517034,2,11.154039162517034,0,0.0,0.015259786592773005,0.08965362102730316,4.126938204145946,33.87023231276848,0.08965361298953212,0.07142857142857142,0.5714285714285714,0.125,2.706785714285714,2.46,0.9410714285714286,4.25,0.4188479511002358,0,0.0,0.0,0.0,0.0,Training
mp-aaabsawc,Bulk ZnO,0.9178000000000006,8.837312136690986,1684.837676012535,99,17.018562383965,1,17.018562383965,0,0.0,0.005245200924997143,0.0587593697656981,8.31985657128395,78.72897595105412,0.05875936631303476,0.010101010101010102,0.6060606060606061,0.016666666666666666,2.8768686868686872,1.79,0.9914141414141414,5.575757575757576,0.4903325150297688,0,0.0,0.0,0.0,0.0,Training
mp-aaabscdx,Bulk ZnO,3.1267999999999994,3.867060881097473,602.6922485053673,56,10.762361580452987,2,10.762361580452987,0,0.0,0.006416310962497861,0.09291640989057999,6.629633062832467,41.17531413504011,0.09291640125712157,0.07142857142857142,0.5714285714285714,0.125,2.553571428571429,2.46,0.9464285714285715,4.142857142857143,0.42333164677459284,0,0.0,0.0,0.0,0.0,Training
mp-aaabscgq,Bulk ZnO,4.627,3.0952891903587787,783.8888670825116,64,12.248263548164244,1,12.248263548164244,0,0.0,0.003948632670188146,0.08164422622583745,6.941102778170493,48.993054192656984,0.08164421956005832,0.0625,0.6875,0.09090909090909091,3.015625,1.79,0.746875,5.5,0.30993425538339636,0,0.0,0.0,0.0,0.0,Test
mp-aaabsibr,Bulk ZnO,2.9448000000000003,7.690484164899555,662.9010501174878,60,11.048350835291464,1,11.048350835291464,0,0.0,0.011601255064442196,0.09051124596855901,6.8812660306408455,43.25283117336354,0.09051123777627411,0.26666666666666666,0.6,0.4444444444444445,2.7039999999999997,1.94,0.9133333333333333,4.3999999999999995,0.4214340896097124,0,0.0,0.0,0.0,0.0,Training
mp-aaabsigq,Bulk ZnO,2.0896,4.626070941839747,299.1747288859557,24,12.465613703581488,1,12.465613703581488,0,0.0,0.015462773072665466,0.0802206793647625,3.588417282590872,35.95705201521708,0.08022067292940561,0.16666666666666666,0.6666666666666666,0.25,2.993333333333333,1.79,0.8166666666666667,5.333333333333333,0.38180177416013883,0,0.0,0.0,0.0,0.0,Test
mp-aaabsiin,Bulk ZnO,3.3595,2.9785887130984294,844.7955675243292,72,11.733271771171239,1,11.733271771171239,0,0.0,0.003525810062932947,0.08522771989795801,7.61638029774488,48.81237760536972,0.08522771263419439,0.1111111111111111,0.6666666666666666,0.16666666666666666,3.152222222222222,1.79,0.6944444444444444,5.333333333333334,0.33504626546146843,0,0.0,0.0,0.0,0.0,Training
mp-aaabsjeu,Bulk ZnO,2.6398,5.460574977066493,974.5814930297074,64,15.227835828589178,1,15.227835828589178,0,0.0,0.005602994737865438,0.06566921335746023,6.455163606743435,60.91134331435672,0.06566920904501494,0.125,0.625,0.2,2.8812499999999996,1.79,0.89375,5.5,0.42462008344736446,0,0.0,0.0,0.0,0.0,Training
mp-aaabsjgk,Bulk ZnO,2.1404,4.11838754770997,1266.5583928301792,88,14.392709009433855,1,14.392709009433855,0,0.0,0.0032516365380574805,0.0694796232831873,8.133439985058798,64.01819657267703,0.06947961845576958,0.18181818181818182,0.6363636363636364,0.28571428571428575,2.8854545454545453,1.79,0.8363636363636364,5.090909090909092,0.3807452149590446,0,0.0,0.0,0.0,0.0,Training
mp-aaabsjkk,2D ZnO,3.0117999999999996,5.301934680277574,1003.7421497753174,64,15.683471090239335,1,15.683471090239335,1,0.0,0.005282168016421732,0.06376139530887098,6.392036605710335,62.73388436095735,0.06376139124335571,0.125,0.625,0.2,2.8812499999999996,1.79,0.89375,5.5,0.42462008344736446,0,0.0,0.0,0.0,0.0,Training
mp-aaabskpm,Bulk ZnO,3.1432,7.412403569633795,687.7701653629325,60,11.46283608938221,1,11.46283608938221,0,0.0,0.010777442731500733,0.08723844537271885,6.797305761817977,44.875486082345056,0.08723843776217316,0.26666666666666666,0.6,0.4444444444444445,2.7039999999999997,1.94,0.9133333333333333,4.3999999999999995,0.4214340896097124,0,0.0,0.0,0.0,0.0,Test
mp-aaabslal,Bulk ZnO,4.097099999999999,3.587918728956749,893.8532282982287,84,10.641109860693199,3,10.641109860693199,0,0.0,0.0040139909051821,0.09397515983683835,8.72014851808078,46.60294430455562,0.09397515100550852,0.047619047619047616,0.5714285714285714,0.08333333333333333,2.6714285714285713,2.46,0.8904761904761904,4.571428571428571,0.404017684866372,0,0.0,0.0,0.0,0.0,Training
mp-aaabsmgm,Bulk ZnO,1.8592,4.599196172235177,850.6124958806122,66,12.888068119403215,1,12.888068119403215,0,0.0,0.005406922887341051,0.0775911479312002,6.965730738816444,52.08377667263725,0.07759114191081444,0.18181818181818182,0.6363636363636364,0.28571428571428575,2.8854545454545453,1.79,0.8363636363636364,5.090909090909092,0.3807452149590446,0,0.0,0.0,0.0,0.0,Test
mp-aaabwjte,Bulk ZnO,1.0069,4.999289143002546,561.588339910424,49,11.460986528784163,3,11.460986528784163,0,0.0,0.008902052958934219,0.08725252381097466,5.939137582492696,41.93925344727625,0.08725251619797242,0.12244897959183673,0.5714285714285714,0.2142857142857143,2.691224489795918,1.89,0.9142857142857141,4.571428571428571,0.4056485933041554,0,0.0,0.0,0.0,0.0,Training
mp-aaabxamn,Bulk ZnO,0.661,4.915828016542266,312.7023008683537,28,11.167939316726917,1,11.167939316726917,0,0.0,0.01572047280397789,0.08954203382017288,4.125225298059065,33.91244136774959,0.08954202580239778,0.03571428571428571,0.5714285714285714,0.0625,2.6335714285714285,1.89,0.9410714285714286,4.285714285714286,0.41860717950566556,0,0.0,0.0,0.0,0.0,Training
mp-aaabxdgw,Bulk ZnO,0.6580000000000004,5.968948418257499,580.7173133093517,44,13.19812075703072,1,13.19812075703072,0,0.0,0.010278578374462556,0.07576836266385076,5.273890216640352,46.593963644015766,0.0757683569230064,0.2727272727272727,0.5454545454545454,0.5,2.65,1.79,0.9772727272727273,4.363636363636363,0.42826072334531456,0,0.0,0.0,0.0,0.0,Training
mp-aaabxdqk,Bulk ZnO,1.6514000000000002,5.454615101258432,261.2016218398333,20,13.060081091991666,2,13.060081091991666,0,0.0,0.020882776541882107,0.0765692029747956,3.128753673988688,35.45051419026022,0.0765691971119532,0.2,0.6,0.33333333333333337,2.7424999999999997,2.62,0.9575,4.8,0.49104907258924907,0,0.0,0.0,0.0,0.0,Training
mp-aaacdinn,Bulk ZnO,2.9952000000000005,4.242996431459501,302.26276373061995,26,11.625490912716153,1,11.625490912716153,0,0.0,0.014037443379035957,0.08601787292321425,3.874168137128644,34.44047112222722,0.08601786552414042,0.23076923076923078,0.6153846153846154,0.375,2.8346153846153848,1.79,0.8346153846153848,4.923076923076923,0.377711550547864,0,0.0,0.0,0.0,0.0,Training
mp-aaacdngw,2D ZnO,0.12080000000000002,6.669451305432853,171.33395163684756,8,21.416743954605945,2,21.416743954605945,1,0.0,0.038926618114599666,0.046692438501368796,1.4403747841490027,42.8334879092119,0.04669243632118508,0.25,0.25,1.0,2.0675,2.31,1.3125,3.75,0.3443090949049799,0,0.0,0.0,0.0,0.0,Training
mp-aaacdzax,2D ZnO,1.1517000000000008,7.818351963035674,137.45407710300134,8,17.181759637875167,2,17.181759637875167,1,0.0,0.056879738512063086,0.05820125651133064,1.5501394833512154,34.36351927575034,0.05820125312394457,0.25,0.25,1.0,2.1275,2.2,1.2125,3.75,0.3417646279224146,0,0.0,0.0,0.0,0.0,Test
mp-aaacetuk,Bulk ZnO,0.5251999999999999,6.597744983676687,245.86914906117198,24,10.244547877548833,0,10.244547877548833,0,0.0,0.026834375149828886,0.0976128973140458,3.8309800965484464,29.550389548776952,0.09761288778576901,0.5,0.5,1.0,2.545,1.79,0.9750000000000001,4.0,0.3846153846149902,0,0.0,0.0,0.0,0.0,Training
mp-aaacfhay,Bulk ZnO,1.2857999999999996,5.971797452670151,580.4402637907178,44,13.191824177061768,1,13.191824177061768,0,0.0,0.010288392837653537,0.07580452760572884,5.2747291754035,46.57173452340414,0.07580452185940288,0.2727272727272727,0.5454545454545454,0.5,2.65,1.79,0.9772727272727273,4.363636363636363,0.42826072334531456,0,0.0,0.0,0.0,0.0,Training
mp-aaacfhcb,Bulk ZnO,0.1502,2.457717951616946,385.5998326107763,26,14.830762792722165,2,14.830762792722165,0,0.0,0.006373752641375656,0.06742741516240322,3.572133948208454,43.93607646492173,0.06742741061594722,0.07692307692307693,0.6923076923076923,0.11111111111111112,3.079230769230769,1.79,0.7230769230769231,5.461538461538461,0.31817226444079794,0,0.0,0.0,0.0,0.0,Training
mp-aaacfxgd,Bulk ZnO,0.4516000000000001,5.5081445778223985,49.08434295009371,4,12.271085737523428,0,12.271085737523428,0,0.0,0.11221795478494598,0.08149238147217296,1.0924770709610219,19.47913440853666,0.08149237483116525,0.5,0.5,1.0,2.545,1.79,0.9750000000000001,4.0,0.3846153846149902,0,0.0,0.0,0.0,0.0,Training
mp-aaacgaen,Bulk ZnO,4.8405000000000005,4.163878583891173,627.2349704703347,48,13.067395218131972,3,13.067395218131972,0,0.0,0.006638466890276975,0.07652634540450926,5.607438030954191,47.49006589108768,0.07652633954822817,0.041666666666666664,0.5833333333333334,0.07142857142857142,2.702916666666667,2.55,0.89375,4.666666666666666,0.567382439287314,0,0.0,0.0,0.0,0.0,Test
mp-aaacgagc,Bulk ZnO,2.4947000000000004,4.38594048735307,292.5990561918568,23,12.721698095298121,2,12.721698095298121,0,0.0,0.01498959205280968,0.07860585847180222,3.4644704578060863,36.17881714085888,0.07860585229292172,0.043478260869565216,0.6086956521739131,0.07142857142857142,2.7330434782608695,2.44,0.9304347826086957,4.869565217391305,0.4745349535413101,0,0.0,0.0,0.0,0.0,Training
mp-aaacgahw,Bulk ZnO,1.6802,5.026767190549975,852.3138845340536,32,26.634808891689175,1,26.634808891689175,0,0.0,0.005897788692364232,0.03754485358113565,3.3750752266237853,84.56024730727871,0.03754485217151967,0.125,0.375,0.3333333333333333,1.89125,2.65,1.69375,3.0,0.5519658782894007,0,0.0,0.0,0.0,0.0,Training
mp-aaacgamd,Bulk ZnO,2.8259999999999996,4.057895415610743,467.29465435543386,34,13.743960422218644,2,13.743960422218644,0,0.0,0.008683804485647347,0.07275923163918521,4.381424301615612,44.525096380110185,0.0727592263452798,0.23529411764705882,0.5294117647058824,0.4444444444444444,2.6158823529411768,2.65,0.9382352941176471,4.235294117647059,0.5479171878661413,0,0.0,0.0,0.0,0.0,Test
mp-aaacgaoo,Bulk ZnO,4.2633,2.4928887301129743,1057.1249060562006,76,13.909538237581588,2,13.909538237581588,0,0.0,0.0023581780315943507,0.07189311269141507,7.460561085155039,58.91835011284334,0.07189310752279579,0.05263157894736842,0.5263157894736842,0.1,2.563684210526316,2.62,0.9578947368421052,4.2105263157894735,0.5925538235566525,0,0.0,0.0,0.0,0.0,Training
mp-aaacgaop,Bulk ZnO,4.2332,2.4740628034010466,1021.9220719618766,76,13.446343052129954,3,13.446343052129954,0,0.0,0.0024209896931293045,0.0743696628981659,7.545262135130772,56.95633702219399,0.07436965736731957,0.05263157894736842,0.5263157894736842,0.1,2.569473684210526,2.62,0.9368421052631578,4.2105263157894735,0.5626538421103073,0,0.0,0.0,0.0,0.0,Training
mp-aaacgaot,2D ZnO,4.8504,2.798685090139348,545.2609334326855,38,14.348971932439094,2,14.348971932439094,1,0.0,0.005132744560517567,0.06969140400499872,4.6513833689339315,48.24089074970884,0.06969139914810726,0.05263157894736842,0.631578947368421,0.08333333333333333,2.806842105263158,2.62,0.8921052631578946,5.052631578947368,0.5575923540532995,0,0.0,0.0,0.0,0.0,Training
mp-aaacgavo,Bulk ZnO,4.7136,4.250737256742948,653.7302542912272,68,9.613680210165105,2,9.613680210165105,0,0.0,0.006502280151240035,0.10401843811516026,7.8350670599015695,39.23972687802225,0.10401842729532594,0.058823529411764705,0.5882352941176471,0.09999999999999999,2.7852941176470587,2.34,0.7970588235294118,4.647058823529411,0.43432847270827946,0,0.0,0.0,0.0,0.0,Training
mp-aaacgbcy,Bulk ZnO,4.222099999999999,2.566219436552622,1803.671655216447,152,11.86626088958189,2,11.86626088958189,0,0.0,0.001422775275716503,0.08427254459557355,12.486989920441316,63.3279002438501,0.08427253749371237,0.05263157894736842,0.5263157894736842,0.1,2.581052631578947,2.51,0.8947368421052632,4.2105263157894735,0.48272940832352323,0,0.0,0.0,0.0,0.0,Training
mp-aaacgbdt,Bulk ZnO,4.7511,2.664546420598573,439.04017539616586,40,10.976004384904147,2,10.976004384904147,0,0.0,0.006069026412433058,0.0911078353226016,5.262901440073145,37.5374069776081,0.0911078270219647,0.05,0.55,0.09090909090909091,2.6795,2.51,0.8325,4.4,0.44431253622375777,0,0.0,0.0,0.0,0.0,Test
mp-aaacgbtq,Bulk ZnO,2.677,4.264196514934157,347.2034966108582,28,12.400124878959222,1,12.400124878959222,0,0.0,0.012281548303971778,0.0806443491304527,3.983792117301528,37.65408245732861,0.08064434262694219,0.2857142857142857,0.5714285714285714,0.5,2.708571428571428,1.79,0.8857142857142857,4.571428571428571,0.38253358792316244,0,0.0,0.0,0.0,0.0,Training
mp-aaacgbuf,Bulk ZnO,2.5427999999999997,4.7954524349234715,308.73915658900745,28,11.02639844960741,1,11.02639844960741,0,0.0,0.01553237525134255,0.09069144422543561,4.1428015195266905,33.482639931584764,0.0906914360004983,0.2857142857142857,0.5714285714285714,0.5,2.708571428571428,1.79,0.8857142857142857,4.571428571428571,0.38253358792316244,0,0.0,0.0,0.0,0.0,Test
mp-aaacgbug,Bulk ZnO,2.2492,5.557724578078479,266.3939026523075,28,9.514067951868125,1,9.514067951868125,0,0.0,0.020862807004003843,0.10510751079969385,4.351609717668503,28.890313820318422,0.10510749975210619,0.2857142857142857,0.5714285714285714,0.5,2.708571428571428,1.79,0.8857142857142857,4.571428571428571,0.38253358792316244,0,0.0,0.0,0.0,0.0,Test
mp-aaacgbut,2D ZnO,3.5938,5.027982526581156,93.45862085830957,10,9.345862085830957,1,9.345862085830957,1,0.0,0.053799023358197876,0.10699922498493494,2.2035701329465587,20.135049485967954,0.10699921353610203,0.2,0.6,0.33333333333333337,2.774,1.79,0.8500000000000001,4.8,0.3720326659017246,0,0.0,0.0,0.0,0.0,Training
mp-aaacgbvb,Bulk ZnO,1.3848999999999996,6.219859995492636,99.33942065803808,10,9.933942065803809,1,9.933942065803809,0,0.0,0.06261220323504428,0.10066497200968774,2.159199606352823,21.40202939533472,0.10066496187625218,0.2,0.6,0.33333333333333337,2.7960000000000003,1.79,0.88,4.8,0.39134489449325,0,0.0,0.0,0.0,0.0,Training
mp-aaacgbvg,Bulk ZnO,2.6045,4.406155427189805,672.0343685947768,56,12.000613724906728,1,12.000613724906728,0,0.0,0.006556443588447823,0.08332907157277678,6.393286975199142,45.912696413560795,0.08332906462904319,0.2857142857142857,0.5714285714285714,0.5,2.708571428571428,1.79,0.8857142857142857,4.571428571428571,0.38253358792316244,0,0.0,0.0,0.0,0.0,Test
mp-aaacgbvn,2D ZnO,4.1752,3.065201914572702,1161.1878303948022,76,15.27878724203687,2,15.27878724203687,1,0.0,0.0026397123999573244,0.06545022089506407,7.230684859116066,64.71824733863257,0.06545021661133295,0.05263157894736842,0.5263157894736842,0.1,2.563684210526316,2.62,0.981578947368421,4.2105263157894735,0.6313089458072184,0,0.0,0.0,0.0,0.0,Training
mp-aaacgbyj,Bulk ZnO,2.1159000000000003,5.131536469114348,288.51864332097443,28,10.304237261463372,1,10.304237261463372,0,0.0,0.017785805485732716,0.09704745481161246,4.23740593840671,31.28973323174996,0.0970474453934049,0.2857142857142857,0.5714285714285714,0.5,2.708571428571428,1.79,0.8857142857142857,4.571428571428571,0.38253358792316244,0,0.0,0.0,0.0,0.0,Training
mp-aaacgbyn,Bulk ZnO,2.2529000000000003,4.264646547274418,347.1668575130117,28,12.398816339750416,1,12.398816339750416,0,0.0,0.012284140766848922,0.08065286012778616,3.9839322587651993,37.65010896159789,0.08065285362290285,0.2857142857142857,0.5714285714285714,0.5,2.708571428571428,1.79,0.8857142857142857,4.571428571428571,0.38253358792316244,0,0.0,0.0,0.0,0.0,Training
mp-aaachfqg,Bulk ZnO,0.1557000000000004,8.913847864781777,185.20211079613617,14,13.228722199724013,1,13.228722199724013,0,0.0,0.0481303794350045,0.07559309092006353,2.4561000745886283,31.883102474587965,0.07559308520574856,0.14285714285714285,0.5714285714285714,0.25,2.8757142857142854,1.79,0.9214285714285715,4.285714285714286,0.4028025133876739,0,0.0,0.0,0.0,0.0,Training
mp-aaachfsf,Bulk ZnO,1.9589000000000003,3.6991630520190393,645.2320339384142,52,12.408308344969505,2,12.408308344969505,0,0.0,0.005733074084124154,0.08059116296907737,6.017711597222907,46.31414933482725,0.08059115647414235,0.07692307692307693,0.6153846153846154,0.125,2.8361538461538465,1.79,0.8423076923076924,4.923076923076923,0.389495307983759,0,0.0,0.0,0.0,0.0,Training
mp-aaachfst,Bulk ZnO,1.5387999999999997,3.944406334603039,856.7416811284124,56,15.298958591578794,2,15.298958591578794,0,0.0,0.004603962222787936,0.06536392617929192,5.8961889828731,58.53170990754926,0.06536392190684935,0.07142857142857142,0.6428571428571429,0.11111111111111109,2.922142857142857,1.79,0.8321428571428571,5.2857142857142865,0.40281662274122626,0,0.0,0.0,0.0,0.0,Test
mp-aaachfua,Bulk ZnO,2.4822999999999995,3.792571484123971,639.6452188094578,52,12.300869592489573,2,12.300869592489573,0,0.0,0.005929179758715167,0.08129506556272742,6.035180881836946,45.913132992521376,0.08129505895384029,0.07692307692307693,0.6153846153846154,0.125,2.8192307692307694,1.89,0.8423076923076924,4.923076923076923,0.389495307983759,0,0.0,0.0,0.0,0.0,Training
mp-aaachfui,Bulk ZnO,2.7184,3.6597073169534013,363.77933849344834,28,12.99211923190887,1,12.99211923190887,0,0.0,0.01006023962798347,0.07696973697285527,3.922341067135373,39.45172598090818,0.07696973104851532,0.07142857142857142,0.6428571428571429,0.11111111111111109,2.7692857142857146,1.9,0.8821428571428571,4.571428571428572,0.42932163697298065,0,0.0,0.0,0.0,0.0,Training
mp-aaachfuj,Bulk ZnO,2.0124999999999997,3.800926837674561,655.9160756081492,56,11.712787064431236,2,11.712787064431236,0,0.0,0.005794837143075713,0.08537677621039884,6.4452327026365035,44.81151122544717,0.08537676892120555,0.07142857142857142,0.6428571428571429,0.11111111111111109,2.8792857142857144,1.79,0.825,5.0,0.39059519596340636,0,0.0,0.0,0.0,0.0,Training
mp-aaachfuo,Bulk ZnO,1.4825,5.359871358127521,597.8181082200701,44,13.586775186819777,2,13.586775186819777,0,0.0,0.008965722657826272,0.07360098229711473,5.223115799660842,47.966049163238665,0.07360097688001054,0.045454545454545456,0.6363636363636364,0.07142857142857144,2.984090909090909,1.79,0.8090909090909091,5.090909090909091,0.36590246040255414,0,0.0,0.0,0.0,0.0,Training
mp-aaachfur,Bulk ZnO,0.3166,4.248228370935972,650.7809358771426,52,12.515017997637358,2,12.515017997637358,0,0.0,0.006527893084652332,0.07990400015315875,6.000559359093329,46.71244430395011,0.07990399376851003,0.07692307692307693,0.6153846153846154,0.125,2.773076923076923,1.9,0.8961538461538462,4.461538461538462,0.41836138494236025,0,0.0,0.0,0.0,0.0,Test
mp-aaachfvt,Bulk ZnO,0.9653,5.023265091270134,462.92738168956396,42,11.022080516418189,1,11.022080516418189,0,0.0,0.010851086563375295,0.09072697287144903,5.429314513429136,38.31304555715344,0.09072696464006619,0.14285714285714285,0.5714285714285714,0.25,2.6757142857142853,1.79,0.9357142857142857,4.285714285714286,0.4146099424117789,0,0.0,0.0,0.0,0.0,Training
mp-aaachfwj,Bulk ZnO,0.7511000000000001,6.393727964429293,708.9063008003894,52,13.632813476930567,2,13.632813476930567,0,0.0,0.009019143936526542,0.07335243027363347,5.831859665624395,50.88462840145189,0.07335242489305484,0.07692307692307693,0.6153846153846154,0.125,2.766923076923077,1.94,0.9038461538461539,4.461538461538462,0.4265519688894572,0,0.0,0.0,0.0,0.0,Test
mp-aaachfxc,Bulk ZnO,0.21879999999999988,6.434443276732379,762.2954443637145,52,14.659527776225278,2,14.659527776225278,0,0.0,0.008440878565269648,0.06821502133389269,5.6924020823909105,54.71685097843321,0.06821501668060388,0.07692307692307693,0.6153846153846154,0.125,2.846923076923077,1.79,0.926923076923077,4.923076923076923,0.45359359147410505,0,0.0,0.0,0.0,0.0,Training
mp-aaachfxm,Bulk ZnO,1.1181999999999999,7.046763525976955,244.23054527552236,20,12.211527263776118,2,12.211527263776118,0,0.0,0.028852916485230508,0.08188983887104505,3.1996072287595654,33.14718473032289,0.0818898321650999,0.1,0.6,0.16666666666666669,2.7840000000000003,2.21,0.9600000000000001,4.3999999999999995,0.469790511823664,0,0.0,0.0,0.0,0.0,Training
mp-aaachfxp,Bulk ZnO,0.14509999999999978,5.255938060939848,712.7716687257322,52,13.70714747549485,2,13.70714747549485,0,0.0,0.0073739435664386425,0.0729546393068116,5.8212984735387705,51.162080880423915,0.0729546339844326,0.07692307692307693,0.6153846153846154,0.125,2.851538461538462,1.79,0.9038461538461539,4.923076923076923,0.4265519688894572,0,0.0,0.0,0.0,0.0,Training
mp-aaachfxv,Bulk ZnO,1.3081,4.8567086666975845,474.4761648995908,42,11.297051545228353,1,11.297051545228353,0,0.0,0.010235938127103533,0.0885186719735186,5.384902242084366,39.2688521798694,0.08851866413796401,0.14285714285714285,0.5714285714285714,0.25,2.667142857142857,1.81,0.9214285714285715,4.285714285714286,0.4028025133876739,0,0.0,0.0,0.0,0.0,Training
mp-aaachfzv,Bulk ZnO,1.3584999999999994,3.8379988447789692,618.2411615718092,52,11.889253107150179,2,11.889253107150179,0,0.0,0.006207931602323736,0.0841095728207352,6.10404000855311,44.37676986866218,0.08410956574631555,0.07692307692307693,0.6153846153846154,0.125,2.831538461538462,1.81,0.8346153846153846,4.923076923076923,0.37771155054786404,0,0.0,0.0,0.0,0.0,Training
mp-aaachfzw,Bulk ZnO,1.1934,4.143187679608114,742.6295295553508,56,13.261241599202693,2,13.261241599202693,0,0.0,0.00557907747364806,0.07540772050032804,6.1839213241654605,50.735685154786445,0.07540771481400417,0.07142857142857142,0.6428571428571429,0.11111111111111109,2.950714285714286,1.79,0.8321428571428571,5.0,0.40281662274122626,0,0.0,0.0,0.0,0.0,Training
mp-aaachgae,Bulk ZnO,0.7317,5.763244236352705,736.4852878970859,56,13.151522998162248,2,13.151522998162248,0,0.0,0.007825335184642606,0.07603682099325963,6.201070493573056,50.315916888265576,0.07603681521166192,0.07142857142857142,0.6428571428571429,0.11111111111111109,2.9792857142857145,1.79,0.8178571428571428,5.0,0.37870610996938536,0,0.0,0.0,0.0,0.0,Training
mp-aaachgai,Bulk ZnO,1.6501000000000001,3.6865622957609405,672.4637155528717,56,12.008280634872708,2,12.008280634872708,0,0.0,0.005482172807985636,0.08327586857821634,6.391926047888388,45.94202895585966,0.08327586164334665,0.07142857142857142,0.6428571428571429,0.11111111111111109,2.875,1.81,0.8178571428571428,5.0,0.37870610996938536,0,0.0,0.0,0.0,0.0,Training
mp-aaachgaz,Bulk ZnO,1.0957999999999997,5.906550680547569,541.9497576250508,42,12.903565657739303,1,12.903565657739303,0,0.0,0.010898705271926757,0.07749795882196482,5.151451494746678,44.85313804034358,0.07749795281603167,0.14285714285714285,0.5714285714285714,0.25,2.8185714285714285,1.79,0.95,4.285714285714286,0.42665446493522335,0,0.0,0.0,0.0,0.0,Test
mp-aaachgdc,Bulk ZnO,0.22599999999999998,6.693536723693178,213.5123337943862,20,10.675616689719309,2,10.675616689719309,0,0.0,0.03134964900968718,0.09367140363544588,3.3462291111842033,28.978082010588697,0.09367139486111485,0.1,0.6,0.16666666666666669,2.684,2.21,0.9500000000000001,4.3999999999999995,0.4636361167478328,0,0.0,0.0,0.0,0.0,Training
mp-aaachgdm,Bulk ZnO,1.0043999999999995,6.507769687270241,218.53075593435207,20,10.926537796717604,2,10.926537796717604,0,0.0,0.029779651195757605,0.09152029843345308,3.3204158093594565,29.65918668380036,0.09152029005748884,0.1,0.6,0.16666666666666669,2.678,2.21,0.9400000000000001,4.3999999999999995,0.45806489662953365,0,0.0,0.0,0.0,0.0,Training
mp-aaachgfs,Bulk ZnO,2.3749,5.0505637853620655,653.1362542624528,40,16.32840635656132,2,16.32840635656132,0,0.0,0.00773278738150183,0.06124296383634312,4.610259742254117,55.84236423456549,0.06124296008564272,0.05,0.65,0.07692307692307693,2.95,1.79,0.8475,5.5,0.4428611909004688,0,0.0,0.0,0.0,0.0,Training
mp-aaachgiy,Bulk ZnO,1.0811000000000002,5.894125808737034,543.0921927349801,42,12.930766493690003,1,12.930766493690003,0,0.0,0.010852901013094232,0.07733493606028562,5.147836804266723,44.94768887087139,0.07733493007959374,0.14285714285714285,0.5714285714285714,0.25,2.8185714285714285,1.79,0.95,4.285714285714286,0.42665446493522335,0,0.0,0.0,0.0,0.0,Training
mp-aaachgkh,Bulk ZnO,0.9379,9.105869037437731,253.12031455021327,20,12.656015727510663,2,12.656015727510663,0,0.0,0.035974469507192935,0.07901380825770292,3.161702445590449,34.35371204665715,0.07901380201452152,0.1,0.6,0.16666666666666669,2.824,2.21,0.9400000000000001,4.3999999999999995,0.45806489662953365,0,0.0,0.0,0.0,0.0,Test
mp-aaachgkl,Bulk ZnO,0.32250000000000023,5.590634502073402,662.8525953108144,52,12.747165294438739,2,12.747165294438739,0,0.0,0.00843420474117919,0.07844881406192122,5.96390920757374,47.57893667928622,0.07844880790770528,0.07692307692307693,0.6153846153846154,0.125,2.8376923076923077,1.79,0.9038461538461539,4.76923076923077,0.4265519688894572,0,0.0,0.0,0.0,0.0,Test
mp-aaachgnd,Bulk ZnO,0.6021999999999998,3.9922319690413994,347.2188421279552,28,12.400672933141257,1,12.400672933141257,0,0.0,0.011497739997560973,0.0806407850115507,3.983733427849557,37.65574667261377,0.08064077850861504,0.07142857142857142,0.6428571428571429,0.11111111111111109,2.803571428571429,1.79,0.8821428571428571,4.571428571428572,0.42932163697298065,0,0.0,0.0,0.0,0.0,Test
mp-aaachgng,Bulk ZnO,2.1239,3.9560535925912523,346.8528657826685,28,12.387602349381018,1,12.387602349381018,0,0.0,0.011405566979141066,0.08072587186736487,3.985134059900615,37.616056682111456,0.080725865350699,0.07142857142857142,0.6428571428571429,0.11111111111111109,2.7950000000000004,1.81,0.8678571428571429,4.571428571428572,0.414086662499484,0,0.0,0.0,0.0,0.0,Training
mp-aaachgno,Bulk ZnO,0.3001999999999998,4.3229103705616705,648.9860796332405,52,12.480501531408471,2,12.480501531408471,0,0.0,0.006661021717144786,0.08012498516052394,6.006086045643534,46.583611208656876,0.08012497874051121,0.07692307692307693,0.6153846153846154,0.125,2.786923076923077,1.81,0.8884615384615385,4.461538461538462,0.41068541041101564,0,0.0,0.0,0.0,0.0,Training
mp-aaachgod,Bulk ZnO,0.38509999999999955,6.688341200351596,339.7593503150646,28,12.134262511252306,1,12.134262511252306,0,0.0,0.019685525046328773,0.08241127131316658,4.012677211082847,36.84676772351304,0.08241126452154952,0.07142857142857142,0.6428571428571429,0.11111111111111109,2.8892857142857147,1.79,0.8964285714285714,5.142857142857143,0.44445083759454795,0,0.0,0.0,0.0,0.0,Test
mp-aaachgol,Bulk ZnO,0.9746000000000001,4.690463443001868,725.5749530287329,52,13.953364481321787,2,13.953364481321787,0,0.0,0.0064644781678621765,0.07166730298908318,5.786854764988106,52.0810886016711,0.07166729785288124,0.07692307692307693,0.6153846153846154,0.125,2.868461538461539,1.79,0.9038461538461539,4.461538461538462,0.4265519688894572,0,0.0,0.0,0.0,0.0,Training
mp-aaachgou,Bulk ZnO,1.0380000000000003,8.314908228705823,417.5159332087498,28,14.911283328883922,1,14.911283328883922,0,0.0,0.019915187822421455,0.06706330890131694,3.7462809749253085,45.27943851300234,0.06706330440382985,0.07142857142857142,0.6428571428571429,0.11111111111111109,2.9064285714285716,1.79,0.9392857142857143,5.428571428571429,0.4887817540748577,0,0.0,0.0,0.0,0.0,Training
mp-aaachgoy,Bulk ZnO,0.4083000000000001,3.95185131276572,549.7317933671203,40,13.743294834178007,2,13.743294834178007,0,0.0,0.0071886897582556335,0.07276275537021254,4.882883617099145,47.001407189061005,0.07276275007579436,0.05,0.65,0.07692307692307693,2.971,1.79,0.8250000000000001,5.050000000000001,0.40178664348962745,0,0.0,0.0,0.0,0.0,Training
mp-aaachgpc,Bulk ZnO,1.1993999999999998,6.13439604621111,745.1383691515745,52,14.329584022145664,2,14.329584022145664,0,0.0,0.008232559616002359,0.06978569639248072,5.735760841153766,53.48533223520887,0.06978569152243765,0.07692307692307693,0.6153846153846154,0.125,2.8992307692307695,1.79,0.8884615384615385,4.461538461538462,0.41068541041101564,0,0.0,0.0,0.0,0.0,Training
mp-aaachgqm,Bulk ZnO,1.2612999999999999,3.655540889795504,474.52209805254404,40,11.863052451313601,2,11.863052451313601,0,0.0,0.007703626247961849,0.08429533664324898,5.128312843665982,40.57106869182058,0.0842953295375458,0.05,0.65,0.07692307692307693,2.896,1.79,0.8175,5.050000000000001,0.38840328370493216,0,0.0,0.0,0.0,0.0,Training
mp-aaachgqv,Bulk ZnO,0.6234000000000002,5.4736161489750605,290.36618165902985,28,10.370220773536781,1,10.370220773536781,0,0.0,0.018850735707929646,0.09642996247021542,4.228399571467715,31.490098036837693,0.09642995317147865,0.14285714285714285,0.5714285714285714,0.25,2.644285714285714,1.89,0.9357142857142857,4.285714285714286,0.4146099424117789,0,0.0,0.0,0.0,0.0,Training
mp-aaachgra,Bulk ZnO,3.0589000000000004,4.5049104877574635,991.6586925560645,80,12.395733656950807,2,12.395733656950807,0,0.0,0.004542803407637929,0.08067291760816901,8.02236798779119,53.4115971978612,0.08067291110004991,0.1,0.6,0.16666666666666669,2.805,1.79,0.86,5.0,0.3872285071006361,0,0.0,0.0,0.0,0.0,Test
mp-aaachgrw,Bulk ZnO,0.4857999999999998,4.189455198749012,891.4089421229727,80,11.142611776537159,2,11.142611776537159,0,0.0,0.004699812847705384,0.08974556594583022,8.312487237729822,48.012058697858905,0.08974555789156434,0.1,0.6,0.16666666666666669,2.799,1.79,0.8500000000000001,4.8,0.3720326659017246,0,0.0,0.0,0.0,0.0,Training
mp-aaachgry,2D ZnO,1.2281999999999993,6.04117280565554,201.6594858034329,14,14.404248985959493,1,14.404248985959493,1,0.0,0.029957295495358742,0.06942395962293818,2.3873814616458877,34.71628926476417,0.06942395480325235,0.14285714285714285,0.5714285714285714,0.25,2.761428571428571,1.79,0.95,4.857142857142857,0.42665446493522335,0,0.0,0.0,0.0,0.0,Training
mp-aaachgsr,Bulk ZnO,1.3164,4.332639493206418,702.6875643053373,52,13.513222390487256,2,13.513222390487256,0,0.0,0.0061658121095249175,0.07400159422403632,5.849013014698897,50.43825333704634,0.07400158874780079,0.11538461538461539,0.6153846153846154,0.1875,2.821538461538462,1.89,0.8634615384615385,4.923076923076923,0.3942345190961606,0,0.0,0.0,0.0,0.0,Training
mp-aaachgsw,2D ZnO,0.9554,5.972078365168502,207.38481690101824,14,14.813201207215588,1,14.813201207215588,1,0.0,0.028797085796396022,0.06750735280048006,2.365206423638256,35.701922297241836,0.0675073482432377,0.14285714285714285,0.5714285714285714,0.25,2.787142857142857,1.79,0.95,5.142857142857142,0.42665446493522335,0,0.0,0.0,0.0,0.0,Training
mp-aaachgti,2D ZnO,1.5583999999999998,8.21519257038896,221.27903757954795,14,15.805645541396283,1,15.805645541396283,1,0.0,0.037125941346503134,0.06326853258735418,2.314628401069626,38.09385433189197,0.06326852858444722,0.14285714285714285,0.5714285714285714,0.25,2.7785714285714285,1.79,0.9928571428571429,5.142857142857142,0.4634567887306529,0,0.0,0.0,0.0,0.0,Training
mp-aaachgwi,Bulk ZnO,2.0665,4.679117971885455,658.6513512125568,52,12.666372138703016,2,12.666372138703016,0,0.0,0.007104089232142838,0.07894920416434219,5.976562716873154,47.277375324108164,0.07894919793136584,0.11538461538461539,0.6153846153846154,0.1875,2.8630769230769233,1.79,0.8576923076923078,4.923076923076923,0.3865876603090077,0,0.0,0.0,0.0,0.0,Training
mp-aaachgws,Bulk ZnO,1.4293000000000005,5.26405476154287,291.8399860432389,28,10.42285664440139,1,10.42285664440139,0,0.0,0.018037469206714358,0.09594298704445363,4.22126968979928,31.64993154183024,0.09594297783939776,0.14285714285714285,0.5714285714285714,0.25,2.667142857142857,1.81,0.9214285714285715,4.285714285714286,0.4028025133876739,0,0.0,0.0,0.0,0.0,Training
mp-aaachgxx,Bulk ZnO,1.8064999999999998,6.952704529841937,220.99291785173492,20,11.049645892586746,2,11.049645892586746,0,0.0,0.031461209695898655,0.09050063773273533,3.308038410616345,29.993353467973016,0.09050062954237065,0.2,0.6,0.33333333333333337,2.7960000000000003,1.79,0.905,4.3999999999999995,0.41303654566950315,0,0.0,0.0,0.0,0.0,Training
mp-aaachgym,2D ZnO,0.13779999999999948,5.402253913657354,225.50954122284304,14,16.107824373060218,1,16.107824373060218,1,0.0,0.0239557665026642,0.06208163044492002,2.3000629829762307,38.822148305424314,0.06208162659079142,0.14285714285714285,0.5714285714285714,0.25,2.761428571428571,1.79,0.95,4.857142857142857,0.42665446493522335,0,0.0,0.0,0.0,0.0,Training
mp-aaachgzi,Bulk ZnO,0.19669999999999987,4.028215530476164,249.7257145786006,22,11.351168844481846,2,11.351168844481846,0,0.0,0.01613055963128816,0.08809665451202683,3.4935604254583716,31.806421551148198,0.08809664675100698,0.09090909090909091,0.6363636363636364,0.14285714285714288,2.91,1.79,0.8090909090909091,5.090909090909092,0.36590246040255414,0,0.0,0.0,0.0,0.0,Training
mp-aaachgzq,Bulk ZnO,1.6552,4.4218302823358835,690.557507365204,52,13.279952064715461,2,13.279952064715461,0,0.0,0.006403275954825558,0.07530147662633346,5.88306156603246,49.56756924354872,0.07530147095602151,0.11538461538461539,0.6153846153846154,0.1875,2.8538461538461544,1.79,0.8634615384615385,4.923076923076923,0.3942345190961606,0,0.0,0.0,0.0,0.0,Training
mp-aaachgzu,Bulk ZnO,0.21839999999999993,4.346709227722906,691.2524441827445,52,13.293316234283548,2,13.293316234283548,0,0.0,0.006288164713633589,0.07522577379307306,5.881089432247751,49.6174511555632,0.07522576813415645,0.11538461538461539,0.6153846153846154,0.1875,2.830769230769231,1.81,0.8576923076923078,4.923076923076923,0.3865876603090077,0,0.0,0.0,0.0,0.0,Training
mp-aaachgzy,Bulk ZnO,2.8288,4.070871446750485,292.11262791651325,22,13.277846723477875,2,13.277846723477875,0,0.0,0.013935965301417759,0.07531341646170693,3.3156796990583515,37.20504874559877,0.07531341078959666,0.09090909090909091,0.6363636363636364,0.14285714285714288,2.915454545454545,1.79,0.8181818181818181,5.272727272727273,0.3832125413546547,0,0.0,0.0,0.0,0.0,Training
mp-aaachhai,Bulk ZnO,0.3812000000000002,5.383583484417142,804.0689438642546,52,15.462864305081819,2,15.462864305081819,0,0.0,0.00669542521881807,0.06467107130154102,5.592065472213168,57.715313535069086,0.06467106711919383,0.11538461538461539,0.6153846153846154,0.1875,2.915,1.79,0.8576923076923078,4.923076923076923,0.3865876603090077,0,0.0,0.0,0.0,0.0,Training
mp-aaachhat,Bulk ZnO,0.22089999999999999,3.71366758059551,919.7736308240326,66,13.935964103394433,2,13.935964103394433,0,0.0,0.004037588658927312,0.07175678643980049,6.786569235087836,56.318575860591835,0.07175678129076446,0.09090909090909091,0.6363636363636364,0.14285714285714288,2.808181818181818,1.81,0.8727272727272728,4.545454545454546,0.41339864235336865,0,0.0,0.0,0.0,0.0,Training
mp-aaachhav,2D ZnO,2.023,6.754367643240665,152.3351775043093,10,15.23351775043093,2,15.23351775043093,1,0.0,0.04433885694622042,0.06564471951803198,1.8724056043155293,32.819619092744865,0.06564471520880306,0.2,0.6,0.33333333333333337,2.832,1.79,0.925,4.699999999999999,0.43663498436178505,0,0.0,0.0,0.0,0.0,Test
mp-aaachhbg,2D ZnO,2.6285000000000003,5.441567508745089,143.22534041140386,10,14.322534041140386,2,14.322534041140386,1,0.0,0.03799304992478706,0.06982004700617755,1.9112905489668597,30.856964187395395,0.06982004213133894,0.2,0.6,0.33333333333333337,2.821,1.79,0.9,4.3999999999999995,0.4082482904634095,0,0.0,0.0,0.0,0.0,Training
mp-aaachhbh,Bulk ZnO,1.4453999999999994,6.279795900539759,339.82566317138827,28,12.136630827549581,1,12.136630827549581,0,0.0,0.018479463387003223,0.08239518975316008,4.012416185674525,36.85395932666326,0.08239518296419335,0.14285714285714285,0.5714285714285714,0.25,2.8185714285714285,1.79,0.95,4.285714285714286,0.42665446493522335,0,0.0,0.0,0.0,0.0,Training
mp-aaachhbu,Bulk ZnO,0.46340000000000003,6.81611157570499,115.52456000047911,10,11.552456000047911,2,11.552456000047911,0,0.0,0.05900140693612442,0.08656168004412679,2.053250287464489,24.8890119615702,0.08656167255120298,0.2,0.6,0.33333333333333337,2.8200000000000003,1.79,0.9,4.3999999999999995,0.4082482904634095,0,0.0,0.0,0.0,0.0,Test
mp-aaachhcg,Bulk ZnO,1.1900000000000004,6.358625422832214,383.183383397209,28,13.685120835614608,1,13.685120835614608,0,0.0,0.01659420971352728,0.07307206213317219,3.85498307281616,41.556087008213176,0.07307205679364633,0.14285714285714285,0.5714285714285714,0.25,2.761428571428571,1.79,0.95,4.857142857142857,0.42665446493522335,0,0.0,0.0,0.0,0.0,Training
mp-aaachhcv,Bulk ZnO,1.7480000000000002,5.4789203221331775,282.9519710103384,28,10.105427536083514,1,10.105427536083514,0,0.0,0.019363428721028385,0.09895672364472395,4.26501395822886,30.686029812159855,0.09895671385229178,0.14285714285714285,0.5714285714285714,0.25,2.6757142857142853,1.79,0.9357142857142857,4.285714285714286,0.4146099424117789,0,0.0,0.0,0.0,0.0,Training
mp-aaachhdg,Bulk ZnO,0.6846000000000001,9.504540066103313,347.384182378441,28,12.406577942087178,1,12.406577942087178,0,0.0,0.02736031330220168,0.08060240339180656,3.983101297733626,37.673677757657785,0.08060239689505966,0.14285714285714285,0.5714285714285714,0.25,2.8757142857142854,1.79,0.9214285714285715,4.285714285714286,0.4028025133876739,0,0.0,0.0,0.0,0.0,Training
mp-aaachhdv,Bulk ZnO,2.0424,4.994235061991118,487.8664245941513,28,17.423800878362545,1,17.423800878362545,0,0.0,0.01023689028435549,0.05739275873164008,3.556785878999951,52.908921595393196,0.05739275543771151,0.14285714285714285,0.5714285714285714,0.25,2.761428571428571,1.79,0.95,4.857142857142857,0.42665446493522335,0,0.0,0.0,0.0,0.0,Training
mp-aaachhdx,Bulk ZnO,0.3509000000000002,3.9312638535948996,874.2094390739338,66,13.245597561726271,2,13.245597561726271,0,0.0,0.004496935949078015,0.07549678263588074,6.902484473664822,53.528638963503916,0.07549677693611698,0.09090909090909091,0.6363636363636364,0.14285714285714288,2.8136363636363635,1.79,0.8818181818181818,4.545454545454546,0.4231202137362446,0,0.0,0.0,0.0,0.0,Training
mp-aaachhec,Bulk ZnO,0.1462,5.99994094417768,382.08605131049643,28,13.6459304039463,1,13.6459304039463,0,0.0,0.01570311432097247,0.07328192145189363,3.8586699852416784,41.437081775606146,0.07328191608165402,0.14285714285714285,0.5714285714285714,0.25,2.7528571428571427,1.79,0.9928571428571429,4.285714285714286,0.4634567887306529,0,0.0,0.0,0.0,0.0,Training
mp-aaachhfe,Bulk ZnO,2.9414999999999996,4.115592061039051,892.517972858223,80,11.156474660727786,2,11.156474660727786,0,0.0,0.0046112147723582205,0.08963404932206116,8.30904281601564,48.07179205506728,0.08963404128779909,0.1,0.6,0.16666666666666669,2.797,1.79,0.8500000000000001,4.8,0.3720326659017246,0,0.0,0.0,0.0,0.0,Training
mp-aaachhfg,Bulk ZnO,3.4739,4.1192498957902615,890.9521064629732,80,11.136901330787165,2,11.136901330787165,0,0.0,0.004623424610491621,0.0897915829814862,8.313907737479445,47.987453133020246,0.08979157491895857,0.1,0.6,0.16666666666666669,2.8,1.79,0.8500000000000001,4.8,0.3720326659017246,0,0.0,0.0,0.0,0.0,Test
mp-aaachhfk,Bulk ZnO,1.9762999999999997,3.906645386109164,916.665064606257,80,11.458313307578212,2,11.458313307578212,0,0.0,0.004261802415026277,0.08727287979973698,8.23543278489907,49.372375358200955,0.08727287218318211,0.1,0.6,0.16666666666666669,2.7750000000000004,1.79,0.855,4.8,0.3793965282640848,0,0.0,0.0,0.0,0.0,Test
mp-aaachhfr,Bulk ZnO,2.6174000000000004,3.9228582133686762,922.8391303573669,80,11.535489129467086,2,11.535489129467086,0,0.0,0.004250858122855671,0.08668899851377154,8.217025850263202,49.70491589401918,0.08668899099878974,0.1,0.6,0.16666666666666669,2.7640000000000002,1.89,0.855,4.8,0.3793965282640848,0,0.0,0.0,0.0,0.0,Training
mp-aaachhfw,Bulk ZnO,3.0196,4.010862678077169,905.594538472638,80,11.319931730907975,2,11.319931730907975,0,0.0,0.004428982847933059,0.08833975537764041,8.268855236461201,48.77610721972162,0.08833974757372871,0.1,0.6,0.16666666666666669,2.792,1.79,0.855,4.8,0.3793965282640848,0,0.0,0.0,0.0,0.0,Test
mp-aaachhgc,Bulk ZnO,1.7731000000000003,3.9764283306357737,897.0551994494276,80,11.213189993117846,2,11.213189993117846,0,0.0,0.004432757686568594,0.08918068815508837,8.295010327506102,48.316171014182935,0.08918068020189393,0.1,0.6,0.16666666666666669,2.7720000000000002,1.81,0.8500000000000001,4.8,0.3720326659017246,0,0.0,0.0,0.0,0.0,Training
mp-aaachhgf,Bulk ZnO,0.5735999999999999,5.463818319785365,975.9733228192738,80,12.199666535240922,2,12.199666535240922,0,0.0,0.005598327528053889,0.08196945360033578,8.065116987511256,52.566769580688245,0.08196944688134501,0.1,0.6,0.16666666666666669,2.845,1.79,0.8500000000000001,4.8,0.3720326659017246,0,0.0,0.0,0.0,0.0,Test
mp-aaachhgw,Bulk ZnO,0.22230000000000016,4.422005416632565,975.2124467263442,66,14.775946162520366,2,14.775946162520366,0,0.0,0.004534402151527739,0.06767756115249866,6.655451510918603,59.71314497453619,0.0676775565722467,0.09090909090909091,0.6363636363636364,0.14285714285714288,2.9045454545454543,1.79,0.8909090909090909,4.545454545454546,0.4332831376640473,0,0.0,0.0,0.0,0.0,Test
mp-aaachhhb,Bulk ZnO,1.0635,4.810031617673499,159.69351038097446,14,11.406679312926746,1,11.406679312926746,0,0.0,0.03012039503795989,0.08766793319653853,2.5804707845551316,27.49171990597803,0.0876679255108727,0.14285714285714285,0.5714285714285714,0.25,2.667142857142857,1.81,0.9214285714285715,4.285714285714286,0.4028025133876739,0,0.0,0.0,0.0,0.0,Training
mp-aaachhhl,Bulk ZnO,0.5131999999999999,4.990373052200767,155.32619384762302,14,11.094728131973072,1,11.094728131973072,0,0.0,0.032128341837155856,0.09013289808500799,2.6044326764460495,26.739873180402203,0.09013288996106941,0.14285714285714285,0.5714285714285714,0.25,2.6757142857142853,1.79,0.9357142857142857,4.285714285714286,0.4146099424117789,0,0.0,0.0,0.0,0.0,Test
mp-aaachhik,Bulk ZnO,0.8945999999999996,5.970922114529429,178.70236502407244,14,12.764454644576603,1,12.764454644576603,0,0.0,0.03341266420131096,0.07834255578046828,2.4855238547042937,30.764151618041886,0.07834254964291272,0.14285714285714285,0.5714285714285714,0.25,2.8185714285714285,1.79,0.95,4.285714285714286,0.42665446493522335,0,0.0,0.0,0.0,0.0,Training
mp-aaachhjr,Bulk ZnO,0.1982999999999997,5.490870508757974,149.55969547223685,14,10.682835390874061,1,10.682835390874061,0,0.0,0.03671357106886633,0.09360810715610782,2.637484068220751,25.74715307677249,0.09360809839363092,0.14285714285714285,0.5714285714285714,0.25,2.7385714285714284,1.79,0.9214285714285715,4.285714285714286,0.4028025133876739,0,0.0,0.0,0.0,0.0,Training
mp-aaachhmn,Bulk ZnO,3.0374,3.8080948861545005,513.3072257292033,44,11.666073312027349,2,11.666073312027349,0,0.0,0.007418743971010203,0.08571864527621578,5.495327130220845,41.18530249690757,0.08571863792853027,0.09090909090909091,0.6363636363636364,0.14285714285714288,2.878181818181818,1.89,0.8136363636363636,5.090909090909092,0.3743433646420194,0,0.0,0.0,0.0,0.0,Test
mp-aaachhna,Bulk ZnO,3.3544,3.840088922750748,510.5993110091866,44,11.604529795663332,2,11.604529795663332,0,0.0,0.007520748344060453,0.08617324593140385,5.505024654746852,40.96803244636175,0.08617323850557618,0.09090909090909091,0.6363636363636364,0.14285714285714288,2.9036363636363633,1.79,0.8136363636363636,5.090909090909092,0.3743433646420194,0,0.0,0.0,0.0,0.0,Training
mp-aaachhni,Bulk ZnO,2.8958000000000004,3.7756015274468195,256.27462919659695,22,11.648846781663497,2,11.648846781663497,0,0.0,0.014732638729331367,0.08584540759640727,3.463544800502314,32.64052683899955,0.0858454002269739,0.09090909090909091,0.6363636363636364,0.14285714285714288,2.888181818181818,1.79,0.8136363636363636,5.090909090909092,0.3743433646420194,0,0.0,0.0,0.0,0.0,Training
mp-aaachhnl,Bulk ZnO,1.6703999999999999,3.781599760706608,509.88392925867356,44,11.588271119515309,2,11.588271119515309,0,0.0,0.0074165894308626705,0.08629414946254951,5.507598020685512,40.91063365608797,0.08629414201586993,0.09090909090909091,0.6363636363636364,0.14285714285714288,2.8854545454545453,1.81,0.8090909090909091,5.090909090909092,0.36590246040255414,0,0.0,0.0,0.0,0.0,Training
mp-aaachhoo,Bulk ZnO,1.4878999999999998,5.017272283703161,280.12328131028994,22,12.732876423194996,2,12.732876423194996,0,0.0,0.01791094356825549,0.07853684955100468,3.362324402088341,35.678020530167075,0.07853684338296843,0.09090909090909091,0.6363636363636364,0.14285714285714288,2.9518181818181817,1.79,0.8090909090909091,5.090909090909092,0.36590246040255414,0,0.0,0.0,0.0,0.0,Test
mp-aaachhoy,Bulk ZnO,3.5472,3.9697140061554936,498.69241790126205,44,11.333918588665046,2,11.333918588665046,0,0.0,0.007960245360982152,0.0882307378667861,5.54849358255314,40.01268062221477,0.08823073008212369,0.09090909090909091,0.6363636363636364,0.14285714285714288,2.9109090909090907,1.79,0.8090909090909091,5.090909090909092,0.36590246040255414,0,0.0,0.0,0.0,0.0,Training
mp-aaachhqj,Bulk ZnO,1.2123999999999997,5.536844499528341,289.2263445129309,28,10.329512304033246,1,10.329512304033246,0,0.0,0.019143638207828596,0.0968099916594844,4.233946979091437,31.366483147281325,0.09680998228731083,0.14285714285714285,0.5714285714285714,0.25,2.724285714285714,1.79,0.9357142857142857,4.285714285714286,0.4146099424117789,0,0.0,0.0,0.0,0.0,Training
mp-aaachhqm,Bulk ZnO,0.7949000000000002,5.730808402378496,372.37954170587625,28,13.299269346638438,1,13.299269346638438,0,0.0,0.015389697232360234,0.07519210070384529,3.8919097455709863,40.38441463200633,0.0751920950499937,0.14285714285714285,0.5714285714285714,0.25,2.8185714285714285,1.79,0.95,4.285714285714286,0.42665446493522335,0,0.0,0.0,0.0,0.0,Training
mp-aaachhqw,Bulk ZnO,0.6427999999999998,8.644086765645367,381.963643963947,28,13.641558712998107,1,13.641558712998107,0,0.0,0.02263065321070523,0.07330540600519268,3.8590821353812306,41.42380674708441,0.07330540063151053,0.14285714285714285,0.5714285714285714,0.25,2.8757142857142854,1.79,0.9214285714285715,4.285714285714286,0.4028025133876739,0,0.0,0.0,0.0,0.0,Training
mp-aaachhqx,2D ZnO,1.2982,3.940838028344807,364.57076725076166,20,18.22853836253808,1,18.22853836253808,1,0.0,0.01080952830656933,0.054859033681774756,2.7996433845445905,49.47986565604945,0.05485903067226135,0.1,0.7,0.14285714285714288,2.993,1.79,0.835,5.6,0.4301802408536599,0,0.0,0.0,0.0,0.0,Training
mp-aaachhse,Bulk ZnO,0.15399999999999991,6.683657469420548,128.8257274340281,10,12.88257274340281,2,12.88257274340281,0,0.0,0.05188138737926601,0.07762424633015187,1.9800027746292437,27.754661615246228,0.07762424030462872,0.2,0.6,0.33333333333333337,2.823,1.79,0.925,4.3999999999999995,0.43663498436178505,0,0.0,0.0,0.0,0.0,Training
mp-aaachhue,2D ZnO,2.1881999999999997,5.423388219369888,228.36616671762042,14,16.3118690512586,1,16.3118690512586,1,0.0,0.02374865023712563,0.06130505320129709,2.2904322409206643,39.31392500813027,0.06130504944298777,0.14285714285714285,0.5714285714285714,0.25,2.787142857142857,1.79,0.95,5.142857142857142,0.42665446493522335,0,0.0,0.0,0.0,0.0,Test
mp-aaachhvi,2D ZnO,1.7048999999999999,8.159347140865252,222.79354881247878,14,15.913824915177056,1,15.913824915177056,1,0.0,0.036622905754478664,0.06283844426655075,2.3093716597295377,38.35458201275302,0.06283844031788091,0.14285714285714285,0.5714285714285714,0.25,2.7785714285714285,1.79,0.9928571428571429,5.142857142857142,0.4634567887306529,0,0.0,0.0,0.0,0.0,Training
mp-aaachhvs,Bulk ZnO,0.3771,5.7894595099009205,197.98858075926455,14,14.142041482804611,1,14.142041482804611,0,0.0,0.02924138093065255,0.07071114882641985,2.402046008167683,34.084331879426735,0.07071114382635363,0.14285714285714285,0.5714285714285714,0.25,2.7528571428571427,1.79,0.9928571428571429,4.285714285714286,0.4634567887306529,0,0.0,0.0,0.0,0.0,Training
mp-aaachhwh,Bulk ZnO,0.1607000000000003,5.942922328779274,276.36670167823405,28,9.870239345651216,1,9.870239345651216,0,0.0,0.021503756757564996,0.10131466573205193,4.298624004184823,29.971859946777744,0.10131465546739149,0.14285714285714285,0.5714285714285714,0.25,2.7385714285714284,1.79,0.9214285714285715,4.285714285714286,0.4028025133876739,0,0.0,0.0,0.0,0.0,Training
mp-aaachhwo,2D ZnO,4.209,5.118410645623788,353.677994573698,20,17.6838997286849,1,17.6838997286849,1,0.0,0.014471951108502551,0.05654861288191477,2.828094925514046,48.001488953640184,0.056548609684169325,0.1,0.7,0.14285714285714288,3.045,1.79,0.825,4.799999999999999,0.41659779045002604,0,0.0,0.0,0.0,0.0,Training
mp-aaachhxg,2D ZnO,3.6986999999999997,3.170408482082519,386.8345933490016,20,19.34172966745008,1,19.34172966745008,1,0.0,0.008195772913262133,0.051701684244035616,2.7448686104980435,52.50153174474284,0.0517016815709716,0.1,0.7,0.14285714285714288,3.005,1.79,0.845,4.799999999999999,0.44394474513326626,0,0.0,0.0,0.0,0.0,Test
mp-aaachhyk,Bulk ZnO,1.3321999999999998,6.935272217392806,912.0446032301172,64,14.250696925470582,2,14.250696925470582,0,0.0,0.007604093256876576,0.07017200669061162,6.599453118175163,57.00278770188233,0.07017200176650144,0.125,0.625,0.2,2.8649999999999998,1.79,0.925,5.25,0.45866385806645393,0,0.0,0.0,0.0,0.0,Training
mp-aaachhyw,Bulk ZnO,0.23450000000000015,7.9081777622586085,946.3546315279176,64,14.786791117623713,1,14.786791117623713,0,0.0,0.008356463315967103,0.06762792495311203,6.518715140445372,59.14716447049486,0.06762792037957611,0.125,0.625,0.2,2.86125,1.79,0.9437500000000001,5.25,0.4764071049643349,0,0.0,0.0,0.0,0.0,Training
mp-aaachiav,Bulk ZnO,2.9202000000000004,7.705431920445279,922.926575486025,64,14.42072774196914,2,14.42072774196914,0,0.0,0.008348911089040317,0.06934462794756645,6.5734130619387905,57.682910967876566,0.06934462313888937,0.125,0.625,0.2,2.7962499999999997,1.94,0.925,4.875,0.45866385806645393,0,0.0,0.0,0.0,0.0,Training
mp-aaachibh,Bulk ZnO,0.10970000000000013,4.645684805233445,558.736747846942,44,12.698562451066863,2,12.698562451066863,0,0.0,0.008314621909397062,0.0787490713105077,5.342160493087032,44.83034881015796,0.07874906510909198,0.09090909090909091,0.6363636363636364,0.14285714285714288,2.908181818181818,1.79,0.8363636363636364,5.090909090909092,0.3807452149590446,0,0.0,0.0,0.0,0.0,Test
mp-aaachibu,Bulk ZnO,1.4058000000000002,4.75849801065295,622.4911141621438,44,14.147525321866906,2,14.147525321866906,0,0.0,0.007644282628929988,0.07068373989438036,5.153175788863936,49.94569246903616,0.07068373489818962,0.09090909090909091,0.6363636363636364,0.14285714285714288,2.9136363636363636,1.79,0.8454545454545455,5.272727272727273,0.39507899077101305,0,0.0,0.0,0.0,0.0,Training
mp-aaachidz,Bulk ZnO,2.2935,4.537115596544535,294.55916948517074,26,11.329198826352721,1,11.329198826352721,0,0.0,0.015403070304939025,0.08826749493299661,3.907651569853924,33.56270698127534,0.08826748714184665,0.15384615384615385,0.6153846153846154,0.25,2.7261538461538466,1.9,0.9,4.461538461538462,0.42197473628439225,0,0.0,0.0,0.0,0.0,Test
mp-aaachies,Bulk ZnO,1.2476000000000003,6.181576216656759,330.3808520600774,26,12.706955848464515,1,12.706955848464515,0,0.0,0.01871045545803206,0.07869705474115093,3.7609860710942664,37.64430674250218,0.078697048547925,0.15384615384615385,0.6153846153846154,0.25,2.8230769230769233,1.79,0.9115384615384616,4.923076923076923,0.4335943486464485,0,0.0,0.0,0.0,0.0,Test
mp-aaachifs,Bulk ZnO,2.7883999999999998,3.818077158444611,652.5725772306569,44,14.831194937060383,2,14.831194937060383,0,0.0,0.005850808464320562,0.06742545049429477,5.072745449194752,52.35928435694747,0.0674254459481037,0.09090909090909091,0.6363636363636364,0.14285714285714288,2.8754545454545455,1.9,0.8409090909090908,5.090909090909092,0.3876847800436711,0,0.0,0.0,0.0,0.0,Training
mp-aaachigz,Bulk ZnO,0.2768999999999999,5.158952994573364,159.1820902479926,14,11.370149303428041,1,11.370149303428041,0,0.0,0.03240912961085095,0.08794959268463652,2.583231342001079,27.40367738617448,0.08794958494950636,0.14285714285714285,0.5714285714285714,0.25,2.7385714285714284,1.79,0.9214285714285715,4.285714285714286,0.4028025133876739,0,0.0,0.0,0.0,0.0,Test
mp-aaachihc,Bulk ZnO,0.5268999999999999,5.191561456523865,1227.8740489219208,88,13.953114192294555,2,13.953114192294555,0,0.0,0.004228089567559539,0.0716685885472247,8.21797341379569,62.0628963302065,0.0716685834108385,0.09090909090909091,0.6363636363636364,0.14285714285714288,2.882727272727273,1.79,0.8909090909090909,5.090909090909092,0.4332831376640473,0,0.0,0.0,0.0,0.0,Training
mp-aaachihe,Bulk ZnO,0.1429999999999998,8.745291323782073,188.77169195997328,14,13.483692282855234,1,13.483692282855234,0,0.0,0.046327345127766324,0.07416366222414603,2.44052023507759,32.49761664804279,0.07416365672389764,0.14285714285714285,0.5714285714285714,0.25,2.8757142857142854,1.79,0.9214285714285715,4.285714285714286,0.4028025133876739,0,0.0,0.0,0.0,0.0,Training
mp-aaachihv,Bulk ZnO,0.2864,4.098694652316212,1076.2812420390378,88,12.230468659534521,2,12.230468659534521,0,0.0,0.003808200396163318,0.08176301561595752,8.586985872780138,54.40063759427352,0.08176300893076734,0.09090909090909091,0.6363636363636364,0.14285714285714288,2.79,1.9,0.8818181818181818,4.545454545454546,0.4231202137362446,0,0.0,0.0,0.0,0.0,Training
mp-aaachihx,Bulk ZnO,0.3429000000000002,5.795027914768158,184.12644752266613,14,13.151889108761866,1,13.151889108761866,0,0.0,0.03147308815619649,0.0760347043478183,2.4608736212453852,31.697923794772876,0.07603469856654248,0.14285714285714285,0.5714285714285714,0.25,2.8185714285714285,1.79,0.95,4.285714285714286,0.42665446493522335,0,0.0,0.0,0.0,0.0,Training
mp-aaachijc,Bulk ZnO,2.6746000000000003,6.405316077438384,1240.7075754131931,88,14.098949720604468,2,14.098949720604468,0,0.0,0.005162631553454665,0.07092726903895412,8.189540359118775,62.711566953124304,0.07092726400827698,0.09090909090909091,0.6363636363636364,0.14285714285714288,2.7827272727272727,1.94,0.8909090909090909,4.545454545454546,0.4332831376640473,0,0.0,0.0,0.0,0.0,Training
mp-aaachijy,Bulk ZnO,1.1320000000000001,4.733319940621242,1201.8164326644044,88,13.65700491664096,2,13.65700491664096,0,0.0,0.0039384716434002825,0.07322249688740373,8.276942906945067,60.7458140628335,0.07322249152587007,0.09090909090909091,0.6363636363636364,0.14285714285714288,2.9027272727272724,1.79,0.8909090909090909,4.545454545454546,0.4332831376640473,0,0.0,0.0,0.0,0.0,Training
mp-aaachika,Bulk ZnO,0.8815,6.224624887182983,873.5616942136419,64,13.649401472088154,2,13.649401472088154,0,0.0,0.007125569869207958,0.07326328572318087,6.69497223102532,54.597605888352625,0.07326328035567223,0.125,0.625,0.2,2.8025,1.89,0.91875,4.875,0.4536451059785324,0,0.0,0.0,0.0,0.0,Test
mp-aaachikz,Bulk ZnO,1.4031,4.815384385301987,529.0377934856044,37,14.298318742854173,2,14.298318742854173,0,0.0,0.009102155733667858,0.06993829260518947,4.574807502052222,47.64517015673758,0.06993828771382504,0.08108108108108109,0.6486486486486487,0.125,2.8954054054054055,1.79,0.8851351351351352,5.081081081081082,0.4385162325596595,0,0.0,0.0,0.0,0.0,Training
mp-aaachils,Bulk ZnO,0.7590000000000003,6.205338595933306,869.9786582058538,64,13.593416534466465,2,13.593416534466465,0,0.0,0.007132748070775091,0.07356502299951405,6.704150796979818,54.37366613786587,0.07356501758770184,0.125,0.625,0.2,2.81625,1.79,0.91875,4.875,0.4536451059785324,0,0.0,0.0,0.0,0.0,Training
mp-aaachilu,Bulk ZnO,1.5412,6.691664082345808,893.9893835244096,64,13.9685841175689,2,13.9685841175689,0,0.0,0.007485171754462001,0.07158921703039725,6.643585371916683,55.87433647027561,0.07158921190538162,0.125,0.625,0.2,2.87875,1.79,0.925,4.875,0.45866385806645393,0,0.0,0.0,0.0,0.0,Training
mp-aaaching,Bulk ZnO,1.7176,7.2970338405875355,979.8457670874132,64,15.31009011074083,2,15.31009011074083,0,0.0,0.007447124930975549,0.06531640197848657,6.443582604232351,61.24036044296333,0.06531639771225448,0.125,0.625,0.2,2.9037499999999996,1.79,0.9125000000000001,4.875,0.4491396249516997,0,0.0,0.0,0.0,0.0,Training
mp-aaachiot,Bulk ZnO,1.4092,4.51623305544278,567.9679982031765,44,12.908363595526739,2,12.908363595526739,0,0.0,0.00795156253473846,0.07746915343681052,5.313060007850956,45.571019931251385,0.07746914743534125,0.09090909090909091,0.6363636363636364,0.14285714285714288,2.9063636363636363,1.79,0.8363636363636364,5.090909090909092,0.3807452149590446,0,0.0,0.0,0.0,0.0,Training
mp-aaachipf,Bulk ZnO,0.6116000000000001,4.382081286806755,574.8406781986512,44,13.064560868151164,2,13.064560868151164,0,0.0,0.007623123159165873,0.0765429477570734,5.2918010986032185,46.12245071264349,0.076542941898251,0.09090909090909091,0.6363636363636364,0.14285714285714288,2.8863636363636362,1.79,0.8409090909090908,5.090909090909092,0.3876847800436711,0,0.0,0.0,0.0,0.0,Test
mp-aaachipn,Bulk ZnO,2.0656999999999996,4.82160554392514,531.6658670439186,44,12.08331516008906,2,12.08331516008906,0,0.0,0.009068864192342157,0.08275874515819792,5.431332825570112,42.658311560640605,0.08275873830918859,0.09090909090909091,0.6363636363636364,0.14285714285714288,2.909090909090909,1.79,0.8363636363636364,5.090909090909092,0.3807452149590446,0,0.0,0.0,0.0,0.0,Training
mp-aaachipq,Bulk ZnO,0.8693,5.327015377963308,264.1065176346131,26,10.157942985946658,1,10.157942985946658,0,0.0,0.020169950464203022,0.09844512824924131,4.0524124568425215,30.092866158973205,0.098445118557799,0.15384615384615385,0.6153846153846154,0.25,2.7284615384615387,1.89,0.9,4.461538461538462,0.42197473628439225,0,0.0,0.0,0.0,0.0,Training
mp-aaachipy,Bulk ZnO,0.9525999999999999,4.348969377063695,583.7105799507883,44,13.266149544336098,2,13.266149544336098,0,0.0,0.007450557736045062,0.07537982265750531,5.264859930550634,46.83412896003356,0.07537981697538808,0.09090909090909091,0.6363636363636364,0.14285714285714288,2.876363636363636,1.89,0.8409090909090908,5.090909090909092,0.3876847800436711,0,0.0,0.0,0.0,0.0,Training
mp-aaachiqd,Bulk ZnO,1.9989999999999997,5.446016800492619,343.5323116972165,26,13.212781219123713,2,13.212781219123713,0,0.0,0.015852997272910518,0.07568429261150826,3.7123662637583266,39.14281241438075,0.07568428688339655,0.15384615384615385,0.6153846153846154,0.25,2.767692307692308,1.8399999999999999,0.9115384615384616,4.615384615384616,0.4335943486464485,0,0.0,0.0,0.0,0.0,Training
mp-aaachiqm,Bulk ZnO,1.1908,4.692559486809562,542.2549423766832,44,12.323975963106436,2,12.323975963106436,0,0.0,0.008653788320014656,0.08114264446747067,5.395746074676899,43.50792802595123,0.08114263788334246,0.09090909090909091,0.6363636363636364,0.14285714285714288,2.901818181818182,1.79,0.8409090909090908,5.090909090909092,0.3876847800436711,0,0.0,0.0,0.0,0.0,Training
mp-aaachiqy,Bulk ZnO,0.6479000000000001,4.833557276405962,285.00504171485835,26,10.961732373648399,1,10.961732373648399,0,0.0,0.016959550074352146,0.09122645635866491,3.9508374979703316,32.47408905986718,0.09122644803639934,0.15384615384615385,0.6153846153846154,0.25,2.753846153846154,1.79,0.9,4.461538461538462,0.42197473628439225,0,0.0,0.0,0.0,0.0,Test
mp-aaachira,Bulk ZnO,1.3676,4.732197217562692,288.8892629214749,26,11.111125496979803,1,11.111125496979803,0,0.0,0.0163806614676745,0.08999988347461446,3.9330507259517287,32.91666560038357,0.08999987537463618,0.15384615384615385,0.6153846153846154,0.25,2.746923076923077,1.81,0.8884615384615385,4.461538461538462,0.41068541041101564,0,0.0,0.0,0.0,0.0,Training
mp-aaachisu,Bulk ZnO,0.38859999999999983,5.4829062279974545,263.42142341515466,26,10.131593208275179,1,10.131593208275179,0,0.0,0.020814200139509315,0.09870115977250549,4.055922524442004,30.014805046218044,0.09870115003058752,0.15384615384615385,0.6153846153846154,0.25,2.8115384615384618,1.79,0.8884615384615385,4.461538461538462,0.41068541041101564,0,0.0,0.0,0.0,0.0,Training
mp-aaachisw,Bulk ZnO,2.5905,5.875564612949341,533.944098912684,37,14.430921592234704,2,14.430921592234704,0,0.0,0.01100408193463371,0.0692956436363774,4.56075203269288,48.0870322690339,0.06929563883449151,0.08108108108108109,0.6486486486486487,0.125,2.8062162162162165,1.94,0.8851351351351352,4.594594594594595,0.4385162325596595,0,0.0,0.0,0.0,0.0,Test
mp-aaachisx,Bulk ZnO,0.45109999999999983,4.164685358425693,1085.5688466113354,88,12.336009620583356,2,12.336009620583356,0,0.0,0.0038364083230888525,0.08106349060651195,8.562426994986414,54.87007958649785,0.08106348403522298,0.09090909090909091,0.6363636363636364,0.14285714285714288,2.8118181818181816,1.79,0.8818181818181818,4.545454545454546,0.4231202137362446,0,0.0,0.0,0.0,0.0,Test
mp-aaachivd,Bulk ZnO,2.8317,3.6315351409906067,220.5251363588027,16,13.78282102242517,1,13.78282102242517,0,0.0,0.016467669858196855,0.07255408732167111,2.648300624213827,34.7305326661741,0.07255408205757591,0.125,0.625,0.2,2.74125,1.9,0.89375,4.5,0.42462008344736446,0,0.0,0.0,0.0,0.0,Training
mp-aaachive,Bulk ZnO,1.7124999999999995,5.044687243346401,233.41312703017218,20,11.670656351508608,2,11.670656351508608,0,0.0,0.021612697227154237,0.08568498376449367,3.2482908095559395,31.679035197760207,0.08568497642257786,0.1,0.6,0.16666666666666669,2.785,1.9,0.885,4.8,0.397131339452432,0,0.0,0.0,0.0,0.0,Training
mp-aaachivr,2D ZnO,2.0364,4.702544944219627,300.4269772294854,20,15.02134886147427,2,15.02134886147427,1,0.0,0.015652871748023888,0.06657191769007721,2.9861871316097486,40.7742139746036,0.06657191325825727,0.1,0.6,0.16666666666666669,2.827,1.79,0.89,5.0,0.40340051844934993,0,0.0,0.0,0.0,0.0,Test
mp-aaachiwf,Bulk ZnO,2.0269,4.327343447958404,544.2120499653122,40,13.605301249132804,2,13.605301249132804,0,0.0,0.007951575949548024,0.07350076133475836,4.899336549569044,46.529475766615036,0.07350075593239684,0.1,0.6,0.16666666666666669,2.785,1.9,0.885,4.8,0.397131339452432,0,0.0,0.0,0.0,0.0,Training
mp-aaachiwk,Bulk ZnO,2.0538999999999996,4.137478898759398,607.1314977762157,44,13.79844313127763,2,13.79844313127763,0,0.0,0.006814798629150423,0.07247194415239856,5.1962705492306265,48.713310738597336,0.07247193890021626,0.09090909090909091,0.6363636363636364,0.14285714285714288,2.8836363636363638,1.81,0.8363636363636364,5.090909090909092,0.3807452149590446,0,0.0,0.0,0.0,0.0,Training
mp-aaachixk,Bulk ZnO,0.8464,5.810785100007526,218.79918759946725,16,13.674949224966703,1,13.674949224966703,0,0.0,0.026557617346572245,0.07312641411306117,2.655245904281981,34.45871276955826,0.07312640876558912,0.125,0.625,0.2,2.84625,1.79,0.90625,5.0,0.43742843817605476,0,0.0,0.0,0.0,0.0,Training
mp-aaachixu,Bulk ZnO,0.12290000000000001,5.043337151433368,487.60071816037123,40,12.190017954009281,2,12.190017954009281,0,0.0,0.010343170064352984,0.08203433364682629,5.082045462410836,41.68927498182591,0.08203432691719494,0.1,0.6,0.16666666666666669,2.8209999999999997,1.79,0.88,4.8,0.39134489449325,0,0.0,0.0,0.0,0.0,Training
mp-aaachizm,Bulk ZnO,3.0155,3.7953245342993758,661.3788565651001,56,11.810336724376787,3,11.810336724376787,0,0.0,0.005738502972427269,0.08467159094083902,6.427438423542679,45.184722798204554,0.08467158377156132,0.07142857142857142,0.6428571428571429,0.11111111111111109,2.888571428571429,1.9,0.8214285714285714,5.0,0.3847764676488809,0,0.0,0.0,0.0,0.0,Test
mp-aaachizw,Bulk ZnO,1.5262000000000002,5.613977419515039,563.9562979663739,37,15.242062107199294,2,15.242062107199294,0,0.0,0.009954632016273316,0.06560792056657933,4.47836933198429,50.78993241775426,0.06560791626218038,0.08108108108108109,0.6486486486486487,0.125,2.945675675675676,1.79,0.868918918918919,4.594594594594595,0.4208042937766513,0,0.0,0.0,0.0,0.0,Test
mp-aaachizx,Bulk ZnO,0.14639999999999986,6.151679103930507,224.52992785942382,20,11.22649639297119,2,11.22649639297119,0,0.0,0.027398036255469778,0.08907498519538928,3.2905759309971914,30.473399581720177,0.08907497726103701,0.05,0.6,0.08333333333333334,2.8635,1.79,0.92,4.3999999999999995,0.42738267937643765,0,0.0,0.0,0.0,0.0,Test
mp-aaachjac,Bulk ZnO,2.7645,5.015619045492237,676.8309825435672,44,15.382522330535618,2,15.382522330535618,0,0.0,0.007410445406389747,0.06500884435674861,5.011402280164506,54.30566210272242,0.06500884013059904,0.09090909090909091,0.6363636363636364,0.14285714285714288,2.95,1.79,0.8363636363636363,5.090909090909092,0.3807452149590447,0,0.0,0.0,0.0,0.0,Training
mp-aaachjbn,Bulk ZnO,1.4364999999999997,4.023254356970995,703.2753906117389,56,12.558489118066765,3,12.558489118066765,0,0.0,0.00572073814991791,0.07962741302704879,6.297181633904166,48.04705088491528,0.07962740668652439,0.07142857142857142,0.6428571428571429,0.11111111111111109,2.9328571428571433,1.79,0.825,5.0,0.39126632222457586,0,0.0,0.0,0.0,0.0,Training
mp-aaachjbp,Bulk ZnO,0.20510000000000006,3.9188592249734944,654.0522066273262,56,11.679503689773682,3,11.679503689773682,0,0.0,0.005991661193502294,0.0856200765513331,6.45134927656539,44.68417361494651,0.08562006922053622,0.07142857142857142,0.6428571428571429,0.11111111111111109,2.9092857142857147,1.79,0.8214285714285714,5.0,0.3847764676488809,0,0.0,0.0,0.0,0.0,Training
mp-aaachjcg,Bulk ZnO,0.4082000000000001,4.045239121953431,638.6892639631908,56,11.405165427914122,3,11.405165427914122,0,0.0,0.006333657617558713,0.08767956995630259,6.5026666090992,43.63459318346905,0.08767956226859627,0.07142857142857142,0.6428571428571429,0.11111111111111109,2.9128571428571433,1.79,0.8178571428571428,5.0,0.37870610996938536,0,0.0,0.0,0.0,0.0,Training
mp-aaachjdu,Bulk ZnO,2.2656,5.284645627270066,229.6183377838064,20,11.48091688919032,2,11.48091688919032,0,0.0,0.023014911083651092,0.08710105731551236,3.2660874291212134,31.164003058680198,0.08710104972891884,0.1,0.6,0.16666666666666669,2.822,1.79,0.88,4.8,0.39134489449325,0,0.0,0.0,0.0,0.0,Test
mp-aaachjey,Bulk ZnO,1.6158,5.00235664485778,485.47035281479765,40,12.136758820369941,2,12.136758820369941,0,0.0,0.010304144456718518,0.08239432082325246,5.0894683773505385,41.50713130689769,0.08239431403442891,0.1,0.6,0.16666666666666669,2.819,1.79,0.88,4.8,0.39134489449325,0,0.0,0.0,0.0,0.0,Training
mp-aaachjhb,2D ZnO,0.49849999999999994,7.17212298451507,237.58637451013905,16,14.84914840688369,1,14.84914840688369,1,0.0,0.03018743393556434,0.06734392926778382,2.5833275321389846,37.41750930169137,0.06734392473257932,0.125,0.625,0.2,2.94625,1.79,0.8812500000000001,4.5,0.41201950491521516,0,0.0,0.0,0.0,0.0,Training
mp-aaachjil,Bulk ZnO,1.9815,3.818460423989511,215.07780635061818,16,13.442362896913636,1,13.442362896913636,0,0.0,0.017753856098777047,0.07439168304477183,2.6704725399790936,33.87263194829464,0.07439167751064973,0.125,0.625,0.2,2.76375,1.81,0.8812500000000001,4.5,0.41201950491521516,0,0.0,0.0,0.0,0.0,Training
mp-aaachjja,Bulk ZnO,1.8991999999999998,5.468222553201735,595.8328016628992,40,14.895820041572481,2,14.895820041572481,0,0.0,0.009177444642088467,0.06713292703651881,4.753554986120812,50.94298795422724,0.06713292252968922,0.1,0.6,0.16666666666666669,2.867,1.79,0.88,4.8,0.39134489449325,0,0.0,0.0,0.0,0.0,Training
mp-aaachjjd,Bulk ZnO,2.1605999999999996,5.120840115997782,473.9267453085775,40,11.848168632714437,2,11.848168632714437,0,0.0,0.010805130047394904,0.08440122950637799,5.1304593621412975,40.52016674822204,0.08440122238281106,0.1,0.6,0.16666666666666669,2.822,1.79,0.88,4.8,0.39134489449325,0,0.0,0.0,0.0,0.0,Test
mp-aaachjjp,Bulk ZnO,1.5351,5.019341211812306,483.8276066128826,40,12.095690165322065,2,12.095690165322065,0,0.0,0.01037423483738569,0.08267407533858351,5.095221983344005,41.36667848230923,0.08267406850358135,0.1,0.6,0.16666666666666669,2.819,1.79,0.88,4.8,0.39134489449325,0,0.0,0.0,0.0,0.0,Test
mp-aaachjks,Bulk ZnO,2.7112000000000003,4.150768173624029,718.1074811084782,56,12.82334787693711,3,12.82334787693711,0,0.0,0.005780148909209051,0.07798275533010438,6.253524801852907,49.06036404266223,0.07798274924879472,0.07142857142857142,0.6428571428571429,0.11111111111111109,2.918571428571429,1.79,0.825,5.142857142857143,0.39126632222457586,0,0.0,0.0,0.0,0.0,Test
mp-aaachjkt,2D ZnO,2.2638000000000003,5.421700637433432,300.472728196665,20,15.02363640983325,2,15.02363640983325,1,0.0,0.0180439025863433,0.06656178123064009,2.986035561687496,40.780423336168035,0.06656177680016967,0.1,0.6,0.16666666666666669,2.867,1.79,0.88,4.8,0.39134489449325,0,0.0,0.0,0.0,0.0,Training
mp-aaachjlp,Bulk ZnO,0.6206,3.3841956052342854,787.6133193664425,64,12.306458115100664,2,12.306458115100664,0,0.0,0.0042967729493916355,0.0812581484166389,6.930144497822746,49.225832460402664,0.08125814181375277,0.0625,0.625,0.1,2.846875,1.79,0.8187500000000001,5.0,0.3560068340869246,0,0.0,0.0,0.0,0.0,Training
mp-aaachjmz,Bulk ZnO,2.4243000000000006,3.4520483192152467,878.2743352516984,64,13.723036488307788,2,13.723036488307788,0,0.0,0.003930489803309519,0.0728701698674352,6.68297613044354,54.89214595323116,0.07287016455737394,0.0625,0.625,0.1,2.850625,1.79,0.825,5.125,0.36802902428716366,0,0.0,0.0,0.0,0.0,Training
mp-aaachjon,Bulk ZnO,1.2945,4.67037481115985,514.296931565384,40,12.857423289134601,2,12.857423289134601,0,0.0,0.009081086284035299,0.07777608137433478,4.992545293646817,43.97176912132191,0.07777607532521642,0.1,0.6,0.16666666666666669,2.786,1.89,0.885,4.8,0.397131339452432,0,0.0,0.0,0.0,0.0,Training
mp-aaachjot,Bulk ZnO,2.4001,3.7391423170001485,340.25279856744,30,11.341759952248,2,11.341759952248,0,0.0,0.010989306576589494,0.08816973769593796,4.297217668726246,35.241485198350674,0.088169729922036,0.06666666666666667,0.6666666666666666,0.1,2.900666666666666,1.9,0.81,5.066666666666666,0.3905347626042355,0,0.0,0.0,0.0,0.0,Training
mp-aaachjpy,Bulk ZnO,0.4255,3.8767108788083684,654.5686814401561,56,11.688726454288501,3,11.688726454288501,0,0.0,0.005922542566929696,0.08555251967874634,6.44965205913126,44.71945864261004,0.08555251235951336,0.07142857142857142,0.6428571428571429,0.11111111111111109,2.8971428571428577,1.79,0.8214285714285714,5.0,0.3847764676488809,0,0.0,0.0,0.0,0.0,Training
mp-aaachjqg,Bulk ZnO,1.9081000000000001,5.242619212386615,446.79842720086634,30,14.893280906695544,2,14.893280906695544,0,0.0,0.011733745897967766,0.06714437243646106,3.9241961693643805,46.276886553586365,0.06714436792809461,0.06666666666666667,0.6666666666666666,0.1,2.964666666666666,1.79,0.8366666666666667,5.466666666666667,0.4410270389997806,0,0.0,0.0,0.0,0.0,Test
mp-aaachjqi,Bulk ZnO,1.8704999999999994,4.7704462985854095,365.33351505414447,30,12.177783835138149,2,12.177783835138149,0,0.0,0.013057784468195869,0.0821167474753961,4.196540475596495,37.83920578302071,0.08211674073223645,0.06666666666666667,0.6666666666666666,0.1,2.956666666666666,1.79,0.8166666666666667,5.333333333333333,0.4028221972721705,0,0.0,0.0,0.0,0.0,Training
mp-aaachjqz,Bulk ZnO,2.5827000000000004,3.303746014466924,797.51849894242,64,12.461226545975313,2,12.461226545975313,0,0.0,0.0041425321404431155,0.08024892223173463,6.90133409379557,49.84490618390126,0.08024891579184563,0.0625,0.625,0.1,2.845625,1.79,0.8187500000000001,5.0,0.3560068340869246,0,0.0,0.0,0.0,0.0,Training
mp-aaachjri,Bulk ZnO,1.6839999999999997,3.180633980413425,811.6987025685733,64,12.682792227633957,2,12.682792227633957,0,0.0,0.003918490901055396,0.07884699063516515,6.86090948936885,50.731168910535835,0.07884698441831771,0.0625,0.625,0.1,2.83,1.81,0.8187500000000001,5.0,0.3560068340869246,0,0.0,0.0,0.0,0.0,Training
mp-aaachjrn,Bulk ZnO,2.8729000000000005,3.2077502895533168,813.1125917731847,64,12.704884246456011,2,12.704884246456011,0,0.0,0.003945025968123378,0.07870988673343851,6.85693046110964,50.81953698582405,0.07870988053819274,0.0625,0.625,0.1,2.825,1.89,0.821875,5.0,0.3618165921669069,0,0.0,0.0,0.0,0.0,Training
mp-aaachjsb,Bulk ZnO,3.3825000000000003,3.4023137700290795,768.3848302217424,64,12.006012972214725,2,12.006012972214725,0,0.0,0.004427877329446017,0.0832915974948786,6.9874768154411875,48.02405188885891,0.08329159055738897,0.0625,0.625,0.1,2.8425,1.79,0.821875,5.0,0.3618165921669069,0,0.0,0.0,0.0,0.0,Training
mp-aaachjsc,Bulk ZnO,3.2561999999999998,3.2109727224544757,806.2109264125422,64,12.597045725195972,2,12.597045725195972,0,0.0,0.003982794845937631,0.07938369216203214,6.876441416572144,50.388182900783896,0.07938368586026207,0.0625,0.625,0.1,2.831875,1.79,0.821875,5.0,0.3618165921669069,0,0.0,0.0,0.0,0.0,Training
mp-aaachjsh,Bulk ZnO,2.8891999999999998,3.3368490846084384,789.1294271072885,64,12.330147298551383,2,12.330147298551383,0,0.0,0.004228519391097003,0.0811020319374032,6.92570349348065,49.32058919420554,0.08110202535986415,0.0625,0.625,0.1,2.8475,1.79,0.81875,5.0,0.35600683408692463,0,0.0,0.0,0.0,0.0,Training
mp-aaachjua,Bulk ZnO,1.2894,4.913642521891478,490.06079721034337,40,12.251519930258585,2,12.251519930258585,0,0.0,0.01002659782186668,0.0816225256696696,5.0735273272695265,41.89960878194469,0.08162251900743345,0.1,0.6,0.16666666666666669,2.814,1.79,0.885,4.8,0.397131339452432,0,0.0,0.0,0.0,0.0,Training
mp-aaachjub,Bulk ZnO,2.3091000000000004,6.211734539454274,509.1394004065553,32,15.910606262704853,2,15.910606262704853,0,0.0,0.012200459313292417,0.06285115623431918,4.007477346611062,50.51302623773902,0.0628511522840516,0.125,0.625,0.2,2.8649999999999998,1.79,0.925,5.25,0.45866385806645393,0,0.0,0.0,0.0,0.0,Test
mp-aaachjux,Bulk ZnO,0.6253000000000002,5.514616216162318,231.7300659934819,22,10.533184817885541,1,10.533184817885541,0,0.0,0.02379758618079983,0.09493804744619895,3.5817495834246738,29.51439813677749,0.09493803843296697,0.09090909090909091,0.5454545454545454,0.16666666666666669,2.691818181818182,1.79,0.959090909090909,4.181818181818182,0.41038385119936865,0,0.0,0.0,0.0,0.0,Test
mp-aaachjvb,Bulk ZnO,2.6424000000000003,3.7212694716308596,515.9389225181004,44,11.7258846026841,2,11.7258846026841,0,0.0,0.007212616279207561,0.08528141235255685,5.485967692942237,41.396457187311334,0.08528140507963818,0.045454545454545456,0.6363636363636364,0.07142857142857144,2.8736363636363635,1.89,0.8159090909090909,5.090909090909092,0.37838947012710333,0,0.0,0.0,0.0,0.0,Training
mp-aaachjvo,2D ZnO,0.4380999999999995,5.660833367787298,196.02159780812048,13,15.078584446778498,1,15.078584446778498,1,0.0,0.028878620677954648,0.06631922270486389,2.2379070478365763,35.454798651436995,0.06631921830662488,0.07692307692307693,0.6153846153846154,0.125,2.846923076923077,1.79,0.9192307692307693,5.076923076923077,0.4401069051812687,0,0.0,0.0,0.0,0.0,Training
mp-aaachjvp,Bulk ZnO,2.0197,4.149079865016521,834.9921413327041,64,13.046752208323502,2,13.046752208323502,0,0.0,0.004969004688348692,0.07664742796004242,6.796508190853474,52.187008833294016,0.07664742208521466,0.0625,0.625,0.1,2.875625,1.79,0.81875,5.0,0.35600683408692463,0,0.0,0.0,0.0,0.0,Training
mp-aaachjxo,2D ZnO,3.6399999999999997,6.996537613301991,508.21908549856255,32,15.88184642183008,2,15.88184642183008,1,0.0,0.013766774631138446,0.06296497103922814,4.0098948848006515,50.421719434420915,0.06296496707464082,0.125,0.625,0.2,2.7962499999999997,1.94,0.925,4.875,0.45866385806645393,0,0.0,0.0,0.0,0.0,Training
mp-aaachjyv,Bulk ZnO,3.1799999999999997,4.1157921377601125,475.57388183090853,44,10.80849731433883,2,10.80849731433883,0,0.0,0.008654369583785286,0.09251979909116269,5.6369823889103055,38.15776050105232,0.09251979053125026,0.045454545454545456,0.6363636363636364,0.07142857142857144,2.922727272727273,1.79,0.8090909090909091,5.090909090909092,0.36590246040255414,0,0.0,0.0,0.0,0.0,Training
mp-aaachjzb,Bulk ZnO,0.16310000000000002,3.269062920369259,453.1544582127178,36,12.587623839242163,2,12.587623839242163,0,0.0,0.007214014694377584,0.07944311116785048,4.686915047055656,41.5634181536293,0.07944310485664308,0.05555555555555555,0.6666666666666666,0.08333333333333333,2.9211111111111108,1.9,0.797222222222222,5.166666666666666,0.37658074929358043,0,0.0,0.0,0.0,0.0,Training
mp-aaachjzw,Bulk ZnO,2.2743,4.014844089708489,488.1266454613919,44,11.093787396849816,2,11.093787396849816,0,0.0,0.008225004979831696,0.09014054120813234,5.588241567008228,39.164933868930014,0.0901405330828159,0.045454545454545456,0.6363636363636364,0.07142857142857144,2.9186363636363635,1.79,0.8090909090909091,5.090909090909092,0.36590246040255414,0,0.0,0.0,0.0,0.0,Training
mp-aaachkbb,Bulk ZnO,0.27190000000000003,3.615364369467258,464.86576133266345,36,12.912937814796207,3,12.912937814796207,0,0.0,0.007777222308441986,0.07744171112279008,4.647220871669458,42.63758123395744,0.07744170512557193,0.05555555555555555,0.6666666666666666,0.08333333333333333,2.9427777777777777,1.9,0.8083333333333333,5.166666666666666,0.4020618556696057,0,0.0,0.0,0.0,0.0,Training
mp-aaachkcp,Bulk ZnO,1.089,4.925771445757665,488.8541009263966,40,12.221352523159915,2,12.221352523159915,0,0.0,0.010076158584786638,0.08182400418488568,5.077698425946327,41.79643770092004,0.08182399748971857,0.1,0.6,0.16666666666666669,2.814,1.79,0.885,4.8,0.397131339452432,0,0.0,0.0,0.0,0.0,Test
mp-aaachkcr,Bulk ZnO,0.33450000000000024,6.970333266783556,536.842383700899,32,16.776324490653092,1,16.776324490653092,0,0.0,0.012983947390165581,0.05960781222115421,3.9373230227756073,53.26151028924518,0.05960780866806314,0.125,0.625,0.2,2.86125,1.79,0.9437500000000001,5.25,0.4764071049643349,0,0.0,0.0,0.0,0.0,Test
mp-aaachkcw,Bulk ZnO,1.8916999999999997,4.342674452100194,464.3361249474022,36,12.898225692983395,3,12.898225692983395,0,0.0,0.009352437208266128,0.07753004357366748,4.648987122378899,42.58900287805466,0.07753003756276029,0.05555555555555555,0.6666666666666666,0.08333333333333333,2.9477777777777776,1.9,0.8083333333333333,5.333333333333333,0.4020618556696057,0,0.0,0.0,0.0,0.0,Training
mp-aaachkdf,Bulk ZnO,0.45130000000000026,3.850650003525402,499.4903291430851,36,13.874731365085697,3,13.874731365085697,0,0.0,0.00770915827365766,0.07207346749187482,4.537257975855686,45.81335356546941,0.07207346229729049,0.05555555555555555,0.6666666666666666,0.08333333333333333,2.9188888888888886,1.94,0.8,5.166666666666666,0.38244916147214314,0,0.0,0.0,0.0,0.0,Training
mp-aaachkdj,Bulk ZnO,1.6636000000000002,3.91269022946025,330.3800892127214,30,11.012669640424045,2,11.012669640424045,0,0.0,0.011842996467444475,0.09080450359913772,4.339602652842261,34.21892508405679,0.09080449535368061,0.06666666666666667,0.6666666666666666,0.1,2.9126666666666665,1.81,0.8033333333333332,5.066666666666666,0.37857243910183735,0,0.0,0.0,0.0,0.0,Training
mp-aaachker,Bulk ZnO,1.3254000000000001,6.098545185620935,223.86896745876075,20,11.193448372938038,3,11.193448372938038,0,0.0,0.02724158356939024,0.08933797402574,3.2938111619328,30.383693453948606,0.0893379660444671,0.1,0.6,0.16666666666666669,2.677,2.34,0.97,4.3999999999999995,0.4939855072453027,0,0.0,0.0,0.0,0.0,Training
mp-aaachkfg,Bulk ZnO,1.2415000000000003,3.7873752715318267,455.93445053154585,36,12.664845848098496,3,12.664845848098496,0,0.0,0.008306841624089515,0.07895871864481796,4.677369698394252,41.81839960888641,0.07895871241033921,0.05555555555555555,0.6666666666666666,0.08333333333333333,2.949444444444444,1.9,0.7999999999999999,5.333333333333333,0.3824491614721432,0,0.0,0.0,0.0,0.0,Training
mp-aaachkgb,Bulk ZnO,0.1976,6.383069898642929,434.8961170016623,32,13.590503656301946,2,13.590503656301946,0,0.0,0.01467722899585818,0.0735807903290102,4.223652066708063,43.14715960158275,0.07358078491487789,0.125,0.625,0.2,2.84625,1.79,0.9125000000000001,4.875,0.4491396249516997,0,0.0,0.0,0.0,0.0,Training
mp-aaachkgs,Bulk ZnO,2.9147,3.6281985236209504,587.6664893385622,44,13.356056575876414,1,13.356056575876414,0,0.0,0.006173907461874517,0.07487239922344974,5.253019758074379,47.151532099166026,0.074872393617574,0.09090909090909091,0.6363636363636364,0.14285714285714288,2.759090909090909,1.9,0.8863636363636362,4.545454545454546,0.4276443433716075,0,0.0,0.0,0.0,0.0,Training
mp-aaachkko,Bulk ZnO,1.1670999999999996,6.356018413782225,249.71544200409312,20,12.485772100204656,3,12.485772100204656,0,0.0,0.025453045125171086,0.08009116232256144,3.1760075725529044,33.891599745584706,0.08009115590796768,0.1,0.6,0.16666666666666669,2.7270000000000003,2.34,0.975,4.699999999999999,0.4962714364060516,0,0.0,0.0,0.0,0.0,Test
mp-aaachkkr,Bulk ZnO,0.7851000000000008,5.990890645873107,226.26094592747774,20,11.313047296373886,3,11.313047296373886,0,0.0,0.02647779368779505,0.08839351359562732,3.2821628803572622,30.70833487864866,0.08839350578221476,0.1,0.6,0.16666666666666669,2.688,2.34,0.97,4.3999999999999995,0.4939855072453027,0,0.0,0.0,0.0,0.0,Training
mp-aaachkku,Bulk ZnO,2.2267,6.445024681976527,244.69520864266488,20,12.234760432133244,3,12.234760432133244,0,0.0,0.026338990116428367,0.08173433436208613,3.19758064999195,33.21024925180079,0.08173432768158527,0.1,0.6,0.16666666666666669,2.718,2.34,0.975,4.6,0.4962714364060516,0,0.0,0.0,0.0,0.0,Training
mp-aaachklc,Bulk ZnO,0.7334999999999994,5.711751141252054,236.70537144284492,20,11.835268572142246,3,11.835268572142246,0,0.0,0.024130213465101778,0.0844932241211485,3.2331607003972143,32.12586150935496,0.08449321698204419,0.1,0.6,0.16666666666666669,2.685,2.34,0.965,4.3999999999999995,0.49211888619224864,0,0.0,0.0,0.0,0.0,Training
mp-aaachklh,Bulk ZnO,2.1894,3.8134607684563395,505.8355346975494,44,11.496262152217032,2,11.496262152217032,0,0.0,0.007538934113706533,0.08698479442791342,5.522252131107917,40.58580995155143,0.08698478686155962,0.045454545454545456,0.6363636363636364,0.07142857142857144,2.9118181818181816,1.79,0.8159090909090909,5.090909090909092,0.37838947012710333,0,0.0,0.0,0.0,0.0,Training
mp-aaachkmn,Bulk ZnO,2.2058,6.914716406482824,259.35531885292295,20,12.967765942646148,3,12.967765942646148,0,0.0,0.02666117061745732,0.07711428509912975,3.136160467175761,35.19993232259816,0.07711427915251724,0.1,0.6,0.16666666666666669,2.758,2.34,0.965,4.3999999999999995,0.49211888619224864,0,0.0,0.0,0.0,0.0,Test
mp-aaachkmw,Bulk ZnO,0.1311,6.025593785076226,511.5048406101748,40,12.78762101525437,3,12.78762101525437,0,0.0,0.011780130522104712,0.07820062846772662,5.001612886974679,43.73304870260484,0.07820062235238881,0.1,0.6,0.16666666666666669,2.715,2.34,0.99,4.3999999999999995,0.5054543839670371,0,0.0,0.0,0.0,0.0,Test
mp-aaachkna,Bulk ZnO,1.7031999999999998,5.844340703309761,256.9059174141674,20,12.84529587070837,3,12.84529587070837,0,0.0,0.022748953243797367,0.07784951082990148,3.146095921935486,34.86749740182461,0.07784950476935562,0.1,0.6,0.16666666666666669,2.7380000000000004,2.34,0.975,4.3999999999999995,0.4962714364060516,0,0.0,0.0,0.0,0.0,Test
mp-aaachknp,Bulk ZnO,0.3505999999999998,6.410715157058996,478.9430222884089,32,14.966969446512778,2,14.966969446512778,0,0.0,0.013385131129854117,0.06681379310445473,4.0899879471703136,47.51716608834057,0.06681378864037207,0.125,0.625,0.2,2.8499999999999996,1.79,0.9437500000000001,4.875,0.4764071049643349,0,0.0,0.0,0.0,0.0,Training
mp-aaachkns,Bulk ZnO,2.7575,5.550148654463049,391.95482649369495,30,13.065160883123164,2,13.065160883123164,0,0.0,0.01416017428363605,0.0765394325370875,4.099295720460225,40.59649259155713,0.07653942667880322,0.06666666666666667,0.6666666666666666,0.1,3.01,1.79,0.8033333333333332,5.066666666666666,0.37857243910183735,0,0.0,0.0,0.0,0.0,Training
mp-aaachknz,Bulk ZnO,2.6454000000000004,6.896164210528559,517.3204893101474,40,12.933012232753686,3,12.933012232753686,0,0.0,0.013330545286780869,0.07732150731810457,4.982799720714007,44.23027967216858,0.07732150133948953,0.1,0.6,0.16666666666666669,2.672,2.34,0.975,4.3999999999999995,0.4962714364060516,0,0.0,0.0,0.0,0.0,Training
mp-aaachkql,Bulk ZnO,1.5939,4.731866507800388,721.3435354599859,56,12.881134561785462,3,12.881134561785462,0,0.0,0.006559796096020981,0.07763291309499289,6.244159368933786,49.28144794545314,0.07763290706812416,0.07142857142857142,0.6428571428571429,0.11111111111111109,2.9471428571428575,1.79,0.8178571428571428,5.0,0.37870610996938536,0,0.0,0.0,0.0,0.0,Training
mp-aaachkrj,Bulk ZnO,0.7473999999999998,5.927884269768736,458.64541334104865,32,14.33266916690777,2,14.33266916690777,0,0.0,0.012924765183165066,0.0697706748376546,4.149454053768962,45.50338822612315,0.06977066996970788,0.125,0.625,0.2,2.8025,1.89,0.91875,4.875,0.4536451059785324,0,0.0,0.0,0.0,0.0,Training
mp-aaachkrl,Bulk ZnO,2.9750999999999994,5.7281996160056154,469.99955224510035,32,14.687486007659386,2,14.687486007659386,0,0.0,0.012187670368286677,0.06808517124567877,4.115767469650125,46.629861478653446,0.06808516661008854,0.125,0.625,0.2,2.8125,1.81,0.9125000000000001,4.875,0.4491396249516997,0,0.0,0.0,0.0,0.0,Training
mp-aaachkru,Bulk ZnO,0.45389999999999997,3.6585872915050324,513.894871738899,44,11.679428903156797,2,11.679428903156797,0,0.0,0.007119330222395946,0.08562062480038841,5.493231670014469,41.23245238581871,0.08562061746949765,0.045454545454545456,0.6363636363636364,0.07142857142857144,2.8845454545454543,1.81,0.8090909090909091,5.090909090909092,0.36590246040255414,0,0.0,0.0,0.0,0.0,Training
mp-aaachksj,Bulk ZnO,0.7892000000000001,5.754918477332284,469.03463243371226,32,14.657332263553508,2,14.657332263553508,0,0.0,0.012269709056389595,0.06822523921945678,4.118587919023884,46.534129308424546,0.06822523456477383,0.125,0.625,0.2,2.81625,1.79,0.91875,4.875,0.4536451059785324,0,0.0,0.0,0.0,0.0,Training
mp-aaachkth,Bulk ZnO,1.158,4.746227763403967,506.0775745235411,40,12.651939363088527,2,12.651939363088527,0,0.0,0.009378458960313382,0.07903926594190419,5.019428747066246,43.26902397938695,0.07903925969469913,0.1,0.6,0.16666666666666669,2.786,1.89,0.885,4.8,0.397131339452432,0,0.0,0.0,0.0,0.0,Training
mp-aaachkts,Bulk ZnO,1.0791000000000002,3.4158832534436736,444.4361888821281,36,12.345449691170224,3,12.345449691170224,0,0.0,0.007685880085587772,0.08100150460418021,4.7173637181244725,40.76377673513272,0.08100149804293699,0.05555555555555555,0.6666666666666666,0.08333333333333333,2.9399999999999995,1.9,0.7944444444444443,5.166666666666666,0.37109088563370357,0,0.0,0.0,0.0,0.0,Test
mp-aaachkup,Bulk ZnO,2.3714,3.495731544245965,431.3506282852041,36,11.981961896811224,3,11.981961896811224,0,0.0,0.008104153129770399,0.08345878651693353,4.764591691894938,39.563566482298135,0.08345877955156508,0.05555555555555555,0.6666666666666666,0.08333333333333333,2.937222222222222,1.9,0.797222222222222,5.166666666666666,0.37658074929358043,0,0.0,0.0,0.0,0.0,Training
mp-aaachkvd,Bulk ZnO,2.0684000000000005,3.8780572610204493,565.601400333951,44,12.854577280317068,1,12.854577280317068,0,0.0,0.006856519907360038,0.07779330103146995,5.320460024819192,45.3811355028876,0.07779329497967274,0.09090909090909091,0.6363636363636364,0.14285714285714288,2.7836363636363632,1.81,0.8727272727272727,4.545454545454546,0.4133986423533687,0,0.0,0.0,0.0,0.0,Test
mp-aaachkvf,Bulk ZnO,0.1259999999999999,6.181795314384808,444.09968337231686,32,13.878115105384902,2,13.878115105384902,0,0.0,0.013919837247896027,0.0720558946518599,4.194271027311457,44.060269035247515,0.07205588945980831,0.125,0.625,0.2,2.84375,1.79,0.9125000000000001,4.875,0.4491396249516997,0,0.0,0.0,0.0,0.0,Training
mp-aaachkvh,Bulk ZnO,1.4226,5.972179224176396,500.84537177915644,32,15.651417868098639,2,15.651417868098639,0,0.0,0.011924197687923885,0.06389197505474829,4.029477700498778,49.690154377227316,0.06389197097256409,0.125,0.625,0.2,2.87875,1.79,0.925,4.875,0.45866385806645393,0,0.0,0.0,0.0,0.0,Training
mp-aaachkvv,Bulk ZnO,2.3403,3.3609960550900486,444.83940944170917,36,12.3566502622697,3,12.3566502622697,0,0.0,0.007555526744602575,0.08092808154111482,4.715937950373602,40.80076020604926,0.08092807499176097,0.05555555555555555,0.6666666666666666,0.08333333333333333,2.927777777777777,1.9,0.797222222222222,5.166666666666666,0.37658074929358043,0,0.0,0.0,0.0,0.0,Training
mp-aaachkwp,Bulk ZnO,0.9247000000000005,4.584589480534828,193.59497433667858,14,13.828212452619898,2,13.828212452619898,0,0.0,0.023681345532047884,0.07231592683626578,2.4200815979992703,33.327959270053434,0.0723159216066729,0.07142857142857142,0.5714285714285714,0.125,2.612857142857143,2.55,0.9785714285714285,4.2857142857142865,0.48921448409047935,0,0.0,0.0,0.0,0.0,Training
mp-aaachkxa,Bulk ZnO,1.0987,3.5037573310134205,468.3670901914163,36,13.010196949761564,3,13.010196949761564,0,0.0,0.0074807931735371815,0.07686278723231219,4.635611627229401,42.958723821903476,0.07686278132442458,0.05555555555555555,0.6666666666666666,0.08333333333333333,2.9555555555555553,1.9,0.7999999999999999,5.166666666666666,0.3824491614721432,0,0.0,0.0,0.0,0.0,Training
mp-aaachkxr,Bulk ZnO,1.5606,7.077425529161121,505.12489969221787,32,15.785153115381808,2,15.785153115381808,0,0.0,0.014011238672798609,0.0633506683584559,4.018065874849685,50.11473732167237,0.06335066434514898,0.125,0.625,0.2,2.9037499999999996,1.79,0.9125000000000001,4.875,0.4491396249516997,0,0.0,0.0,0.0,0.0,Test
mp-aaachkzd,Bulk ZnO,0.7962000000000002,4.104096091142752,470.9849260964831,36,13.082914613791196,3,13.082914613791196,0,0.0,0.008713858690038016,0.07643556726617035,4.627007088771325,43.19883225823888,0.07643556142377485,0.05555555555555555,0.6666666666666666,0.08333333333333333,2.9666666666666663,1.9,0.7944444444444444,5.166666666666666,0.3710908856337035,0,0.0,0.0,0.0,0.0,Training
mp-aaachkzj,Bulk ZnO,1.5779000000000003,4.891043392598201,188.12413267864287,14,13.43743804847449,2,13.43743804847449,0,0.0,0.025999021619162344,0.07441894774826716,2.4433172741770663,32.386137362864694,0.07441894221008778,0.07142857142857142,0.5714285714285714,0.125,2.67,2.55,0.9928571428571427,4.285714285714286,0.49373697659730104,0,0.0,0.0,0.0,0.0,Training
mp-aaachkzl,Bulk ZnO,1.1471,4.706960710615367,656.4949263232721,44,14.92033923461982,1,14.92033923461982,0,0.0,0.0071698356253519,0.06702260479974138,5.062622579993276,52.67399477944024,0.06702260030771214,0.09090909090909091,0.6363636363636364,0.14285714285714288,2.928181818181818,1.79,0.8999999999999999,4.545454545454546,0.441911976852587,0,0.0,0.0,0.0,0.0,Test
mp-aaachkzt,Bulk ZnO,0.14090000000000003,6.014336167926056,453.05433416280107,32,14.157947942587533,2,14.157947942587533,0,0.0,0.013275088028988722,0.07063170482439549,4.166453589092947,44.94868291554892,0.07063169983555811,0.125,0.625,0.2,2.8375,1.79,0.91875,4.875,0.4536451059785324,0,0.0,0.0,0.0,0.0,Test
mp-aaachlab,Bulk ZnO,0.24480000000000013,6.23293225036934,440.20061115922687,32,13.75626909872584,2,13.75626909872584,0,0.0,0.014159299402051033,0.07269412896936016,4.206618214006207,43.67343207695007,0.07269412368492416,0.125,0.625,0.2,2.8475,1.79,0.9125000000000001,4.875,0.4491396249516997,0,0.0,0.0,0.0,0.0,Training
mp-aaachldr,Bulk ZnO,1.6763,5.067321733295483,557.6008144874273,40,13.940020362185683,2,13.940020362185683,0,0.0,0.00908772297607492,0.07173590669298047,4.8598051640065005,47.6741990310418,0.07173590154694054,0.1,0.6,0.16666666666666669,2.827,1.79,0.89,5.0,0.40340051844934993,0,0.0,0.0,0.0,0.0,Training
mp-aaachlgb,Bulk ZnO,0.3266,5.289413172812544,177.5325132263155,14,12.680893801879678,2,12.680893801879678,0,0.0,0.02979405336345173,0.07885879462627239,2.4909713659188992,30.56275809942793,0.0788587884075634,0.07142857142857142,0.5714285714285714,0.125,2.6928571428571426,2.55,0.9785714285714284,4.285714285714286,0.48921448409047946,0,0.0,0.0,0.0,0.0,Training
mp-aaachlha,Bulk ZnO,0.24180000000000001,3.942350848596549,510.3295168074084,44,11.598398109259282,2,11.598398109259282,0,0.0,0.007725108422612247,0.08621880285361784,5.50599459151059,40.94638545747247,0.08621879541993653,0.09090909090909091,0.6363636363636364,0.14285714285714288,2.91,1.79,0.8090909090909091,5.090909090909092,0.36590246040255414,0,0.0,0.0,0.0,0.0,Test
mp-aaachlix,Bulk ZnO,1.0360999999999994,8.170286001443209,592.5903247405973,44,13.467961925922667,1,13.467961925922667,0,0.0,0.013787410391858322,0.07425028415585543,5.238430153994739,47.546596965415894,0.07425027864275115,0.09090909090909091,0.6363636363636364,0.14285714285714288,2.9827272727272724,1.79,0.8727272727272727,4.545454545454546,0.4133986423533687,0,0.0,0.0,0.0,0.0,Training
mp-aaachljz,2D ZnO,0.1817000000000002,5.971664024133739,207.39920619674578,14,14.81422901405327,1,14.81422901405327,1,0.0,0.028793090068381554,0.06750266916026253,2.3651517232652854,35.70439945794074,0.06750266460365249,0.14285714285714285,0.5714285714285714,0.25,2.787142857142857,1.79,0.95,5.142857142857142,0.42665446493522335,0,0.0,0.0,0.0,0.0,Training
mp-aaachlkg,2D ZnO,1.0585999999999998,8.021337162183324,226.6267916123254,14,16.187627972308956,1,16.187627972308956,1,0.0,0.03539447876006145,0.061775573401528006,2.296277051159368,39.014486332807,0.06177556958530678,0.14285714285714285,0.5714285714285714,0.25,2.7785714285714285,1.79,0.9928571428571429,5.142857142857142,0.4634567887306529,0,0.0,0.0,0.0,0.0,Training
mp-aaachlmv,Bulk ZnO,0.5162,6.066233399161722,222.43975697523962,20,11.12198784876198,2,11.12198784876198,0,0.0,0.027271354193382665,0.08991198458388108,3.3008505255995897,30.189719748234012,0.08991197649971686,0.1,0.6,0.16666666666666669,2.6740000000000004,2.31,0.9600000000000001,4.3999999999999995,0.4783734376330448,0,0.0,0.0,0.0,0.0,Training
mp-aaachlne,Bulk ZnO,1.0704000000000002,5.807876175755308,231.12866466746078,20,11.556433233373038,2,11.556433233373038,0,0.0,0.02512832488394056,0.08653188919156889,3.2589577155453577,31.368985953670617,0.0865318817038017,0.1,0.6,0.16666666666666669,2.668,2.31,0.9500000000000001,4.3999999999999995,0.4736842105258172,0,0.0,0.0,0.0,0.0,Training
mp-aaachlng,Bulk ZnO,2.5225,4.140000978837634,790.5956582559104,52,15.203762658767507,2,15.203762658767507,0,0.0,0.005236559214062296,0.06577319196859029,5.6236532593688136,56.7482137494512,0.0657731876424778,0.07692307692307693,0.6153846153846154,0.125,2.8823076923076925,1.79,0.8500000000000001,5.230769230769231,0.4016203539455806,0,0.0,0.0,0.0,0.0,Training
mp-aaachlnu,Bulk ZnO,1.1840000000000002,6.22004612326848,263.8652031996559,20,13.193260159982795,2,13.193260159982795,0,0.0,0.023572816907434464,0.0757962768772767,3.1181903388677252,35.81201779857704,0.07579627113220157,0.1,0.6,0.16666666666666669,2.774,2.31,0.9700000000000001,4.3999999999999995,0.48365790126712616,0,0.0,0.0,0.0,0.0,Training
mp-aaachlnz,Bulk ZnO,2.3383000000000003,5.456528257454688,839.0898582157072,56,14.983747468137627,2,14.983747468137627,0,0.0,0.006502912893093225,0.06673897849162648,5.937248179781071,57.325755533174615,0.06673897403753554,0.07142857142857142,0.6428571428571429,0.11111111111111109,2.930714285714286,1.79,0.8535714285714286,5.428571428571429,0.44084218916945767,0,0.0,0.0,0.0,0.0,Training
mp-aaachloa,Bulk ZnO,1.2916999999999996,8.349456809268801,266.4962909191458,20,13.32481454595729,2,13.32481454595729,0,0.0,0.03133048036230269,0.07504794881392154,3.1078945342839663,36.16911134140653,0.07504794318172736,0.1,0.6,0.16666666666666669,2.814,2.31,0.9500000000000001,4.3999999999999995,0.4736842105258172,0,0.0,0.0,0.0,0.0,Training
mp-aaachlre,Bulk ZnO,1.7036999999999995,5.296140796268316,701.5589799755708,42,16.70378523751359,1,16.70378523751359,0,0.0,0.007549102709016332,0.05986667008590282,4.7267347068789,58.06280255605818,0.05986666650188485,0.14285714285714285,0.5714285714285714,0.25,2.787142857142857,1.79,0.95,5.142857142857142,0.42665446493522335,0,0.0,0.0,0.0,0.0,Test
mp-aaachlsj,Bulk ZnO,1.7082000000000002,5.308100102288955,699.9783469107502,42,16.666151116922624,1,16.666151116922624,0,0.0,0.007583234718210157,0.060001856036491295,4.730289872360722,57.93198535012712,0.060001852436268786,0.14285714285714285,0.5714285714285714,0.25,2.787142857142857,1.79,0.95,5.142857142857142,0.42665446493522335,0,0.0,0.0,0.0,0.0,Training
mp-aaachltr,Bulk ZnO,1.5343,5.905599849682194,226.7711514362928,20,11.33855757181464,3,11.33855757181464,0,0.0,0.026042112553903332,0.08819463972082284,3.2796995526011568,30.777580419709228,0.08819463194252905,0.1,0.6,0.16666666666666669,2.668,2.34,0.965,4.3999999999999995,0.49211888619224864,0,0.0,0.0,0.0,0.0,Test
mp-aaachltv,2D ZnO,3.6521999999999997,4.005848053145268,853.7154734957686,56,15.244919169567297,2,15.244919169567297,1,0.0,0.0046922519006739345,0.06559562493425693,5.903147605107232,58.324962516619685,0.0655956206314712,0.07142857142857142,0.6428571428571429,0.11111111111111109,2.9350000000000005,1.79,0.8321428571428571,5.428571428571429,0.40281662274122626,0,0.0,0.0,0.0,0.0,Training
mp-aaachluk,Bulk ZnO,2.3718999999999992,5.755666175385786,230.90446572165212,20,11.545223286082607,3,11.545223286082607,0,0.0,0.024926612646478892,0.08661590817437613,3.2600121466216114,31.338557475264363,0.08661590067206124,0.1,0.6,0.16666666666666669,2.6590000000000003,2.34,0.97,4.3999999999999995,0.4939855072453027,0,0.0,0.0,0.0,0.0,Training
mp-aaachmcs,Bulk ZnO,0.3380000000000001,5.30717673982822,195.66737118291582,16,12.229210698932238,1,12.229210698932238,0,0.0,0.027123463190328805,0.08177142618757173,2.756008245521064,30.815679966368645,0.08177141950100614,0.25,0.5,0.5,2.6025,1.79,0.9750000000000001,4.0,0.3846153846149902,0,0.0,0.0,0.0,0.0,Training
mp-aaachmia,Bulk ZnO,1.0979999999999994,6.228382418511759,215.9130257318797,18,11.99516809621554,1,11.99516809621554,0,0.0,0.028846719170367005,0.08336690173733362,3.000402766771893,31.43623356024599,0.0833668947872939,0.1111111111111111,0.6666666666666666,0.16666666666666666,2.932222222222222,1.79,0.8722222222222222,5.333333333333334,0.4424803677181782,0,0.0,0.0,0.0,0.0,Training
mp-aaachmkf,Bulk ZnO,3.0212,7.806932324146332,222.61292525964723,18,12.367384736647068,1,12.367384736647068,0,0.0,0.03506953747200718,0.08085783868571642,2.9699949640039054,32.411717117438265,0.08085783214772686,0.1111111111111111,0.6666666666666666,0.16666666666666666,2.8099999999999996,1.94,0.8722222222222222,4.666666666666667,0.4424803677181782,0,0.0,0.0,0.0,0.0,Training
mp-aaachmqx,Bulk ZnO,1.3788000000000005,4.903755118680248,156.64135248998448,14,11.188668034998893,1,11.188668034998893,0,0.0,0.031305622945216785,0.08937614351162569,2.5971232545316867,26.966281710977253,0.08937613552353138,0.14285714285714285,0.5714285714285714,0.25,2.667142857142857,1.81,0.9214285714285715,4.285714285714286,0.4028025133876739,0,0.0,0.0,0.0,0.0,Training
mp-aaachmsn,2D ZnO,3.5097,3.2173205853992353,516.1319077741299,36,14.336997438170275,2,14.336997438170275,1,0.0,0.006233523905302134,0.06974961140312672,4.487959522422115,47.339722508426895,0.06974960653811878,0.05555555555555555,0.6666666666666666,0.08333333333333333,2.980555555555555,1.79,0.7777777777777777,5.444444444444445,0.3529034093434213,0,0.0,0.0,0.0,0.0,Training
mp-aaachmxe,Bulk ZnO,1.6669000000000003,4.216547822103009,207.37375361979508,18,11.520764089988615,1,11.520764089988615,0,0.0,0.020333083374831258,0.08679979836311258,3.0410337647981756,30.192943343548556,0.08679979082890825,0.1111111111111111,0.6666666666666666,0.16666666666666666,2.8388888888888886,1.81,0.8499999999999999,4.666666666666667,0.41594516540336224,0,0.0,0.0,0.0,0.0,Test
mp-aaachmxo,Bulk ZnO,0.552,7.8282579115536866,224.46040675243796,18,12.470022597357664,1,12.470022597357664,0,0.0,0.03487589648800572,0.08019231658905694,2.961824058898321,32.68070440761557,0.08019231015824983,0.1111111111111111,0.6666666666666666,0.16666666666666666,3.001111111111111,1.79,0.8499999999999999,4.666666666666667,0.41594516540336224,0,0.0,0.0,0.0,0.0,Training
mp-aaachmyq,Bulk ZnO,0.7704,5.2338063029540995,224.1749790579418,18,12.45416550321899,1,12.45416550321899,0,0.0,0.023346969072767634,0.08029442034807817,2.963080559627482,32.639147064614484,0.08029441390088475,0.1111111111111111,0.6666666666666666,0.16666666666666666,2.956666666666666,1.79,0.8722222222222222,4.666666666666667,0.4424803677181782,0,0.0,0.0,0.0,0.0,Training
mp-aaachngl,Bulk ZnO,2.465,7.171310329967889,342.4294905351536,26,13.170365020582832,2,13.170365020582832,0,0.0,0.02094244370939099,0.07592803984074746,3.716347315759521,39.017154592966605,0.07592803407568068,0.15384615384615385,0.6153846153846154,0.25,2.7523076923076926,1.94,0.9115384615384616,4.615384615384616,0.4335943486464485,0,0.0,0.0,0.0,0.0,Training
mp-aaachngx,2D ZnO,1.1204,5.530249853419214,259.5702255059287,16,16.223139094120544,1,16.223139094120544,1,0.0,0.021305409134041456,0.06164035173454265,2.508235774695502,40.87974888010984,0.06164034793500992,0.25,0.5,0.5,2.6225,1.79,1.0,4.5,0.4015594601048237,0,0.0,0.0,0.0,0.0,Training
mp-aaachnha,Bulk ZnO,0.6078999999999999,5.427719105555881,257.419882202994,24,10.725828425124751,1,10.725828425124751,0,0.0,0.021085081148765873,0.0932328917044344,3.772800832966718,30.938642874654317,0.09323288301206312,0.08333333333333333,0.5416666666666666,0.15384615384615385,2.6870833333333333,1.79,0.9624999999999999,4.166666666666667,0.40965741027457453,0,0.0,0.0,0.0,0.0,Training
mp-aaachnhh,Bulk ZnO,0.25150000000000006,5.218662417292122,184.9013880110005,16,11.556336750687532,1,11.556336750687532,0,0.0,0.02822403051393883,0.08653261163755081,2.808492438183362,29.120143863729886,0.08653260414965859,0.25,0.5,0.5,2.5175,1.9,0.9875,4.0,0.39281318099157436,0,0.0,0.0,0.0,0.0,Training
mp-aaachnlb,Bulk ZnO,1.1696,5.435237356928526,279.0132511753329,26,10.731278891358958,1,10.731278891358958,0,0.0,0.0194802122624384,0.09318553828707407,3.9789187546689493,31.791371524633927,0.09318552960353034,0.07692307692307693,0.5384615384615384,0.14285714285714288,2.683076923076923,1.79,0.9653846153846153,4.153846153846154,0.40902192088278266,0,0.0,0.0,0.0,0.0,Training
mp-aaachnmv,Bulk ZnO,1.3805999999999998,7.204486441132368,619.226277182245,52,11.908197638120097,2,11.908197638120097,0,0.0,0.011634658777589327,0.08397576445984033,6.1008013557929095,44.44748054186807,0.0839757574079119,0.15384615384615385,0.6153846153846154,0.25,2.726923076923077,1.94,0.9038461538461539,4.461538461538462,0.4265519688894572,0,0.0,0.0,0.0,0.0,Training
mp-aaachnnc,Bulk ZnO,1.3417000000000003,7.170767606952913,311.5574496953593,26,11.982978834436896,2,11.982978834436896,0,0.0,0.023015875929028453,0.08345170377220247,3.835252554808009,35.499527684828045,0.0834516968080162,0.15384615384615385,0.6153846153846154,0.25,2.7292307692307696,1.94,0.9076923076923078,4.461538461538462,0.42987074077825177,0,0.0,0.0,0.0,0.0,Training
mp-aaachnnf,Bulk ZnO,2.8068000000000004,7.293616960261544,616.1246410023992,52,11.848550788507678,2,11.848550788507678,0,0.0,0.011837892002493603,0.08439850728157698,6.111021583378491,44.22484801022072,0.08439850015846956,0.15384615384615385,0.6153846153846154,0.25,2.7423076923076923,1.94,0.9076923076923078,4.461538461538462,0.42987074077825177,0,0.0,0.0,0.0,0.0,Training
mp-aaachnoe,Bulk ZnO,3.4713,7.520849271819464,600.0248756606283,52,11.538939916550543,2,11.538939916550543,0,0.0,0.012534229124315885,0.08666307366465086,6.165196527106604,43.0692219763688,0.08666306615416318,0.15384615384615385,0.6153846153846154,0.25,2.7484615384615387,1.94,0.9038461538461539,4.461538461538462,0.4265519688894572,0,0.0,0.0,0.0,0.0,Training
mp-aaachnot,Bulk ZnO,0.6802999999999999,4.233599726860459,318.8957891449179,26,12.26522265941992,3,12.26522265941992,0,0.0,0.01327580943672027,0.0815313368348826,3.8056053862467847,36.33567390667251,0.08153133018752426,0.07692307692307693,0.6153846153846154,0.125,2.8000000000000003,2.49,0.8846153846153847,4.923076923076923,0.4808231756846479,0,0.0,0.0,0.0,0.0,Training
mp-aaachnoy,Bulk ZnO,2.8387,7.45042594738352,605.910244183459,52,11.652120080451134,2,11.652120080451134,0,0.0,0.01229625347797827,0.08582129201343444,6.145170144089458,43.49166820085816,0.08582128464814091,0.15384615384615385,0.6153846153846154,0.25,2.746153846153846,1.94,0.9038461538461539,4.461538461538462,0.4265519688894572,0,0.0,0.0,0.0,0.0,Training
mp-aaachnqs,Bulk ZnO,3.2386999999999997,4.243418327719839,361.33158736687045,26,13.897368744879632,3,13.897368744879632,0,0.0,0.011743834406072485,0.0719560672496685,3.650379680545407,41.170900267913396,0.07195606207199327,0.07692307692307693,0.6153846153846154,0.125,2.804615384615385,2.49,0.8923076923076924,5.076923076923077,0.4869354409588353,0,0.0,0.0,0.0,0.0,Training
mp-aaachnsl,Bulk ZnO,0.5129999999999999,8.435918935817558,316.7372733435302,26,12.182202820905008,2,12.182202820905008,0,0.0,0.026633805509426234,0.08208696035531204,3.8142306942287947,36.08972796147227,0.08208695361704355,0.15384615384615385,0.6153846153846154,0.25,2.7830769230769232,1.94,0.9038461538461539,4.461538461538462,0.4265519688894572,0,0.0,0.0,0.0,0.0,Test
mp-aaachnsm,2D ZnO,0.4849999999999999,7.018569073015279,243.53050996091736,13,18.7331161508398,1,18.7331161508398,1,0.0,0.028820081205191268,0.053381401788573785,2.081735553904842,44.04782581457158,0.053381398938999874,0.07692307692307693,0.6153846153846154,0.125,2.865384615384616,1.79,0.9653846153846154,5.384615384615385,0.4830420578872344,0,0.0,0.0,0.0,0.0,Training
mp-aaachnsy,2D ZnO,0.6476000000000006,5.490449580607748,202.10468840265014,13,15.54651449251155,1,15.54651449251155,1,0.0,0.02716636424420401,0.064323099591338,2.21522523215079,36.55505879939588,0.06432309545387713,0.07692307692307693,0.6153846153846154,0.125,2.846923076923077,1.79,0.9192307692307693,5.076923076923077,0.4401069051812687,0,0.0,0.0,0.0,0.0,Training
mp-aaachnte,2D ZnO,1.8436000000000003,4.846479406136096,233.13916838054647,13,17.933782183118957,1,17.933782183118957,1,0.0,0.020787924396407406,0.05576068616141097,2.1122157239424255,42.16832412919611,0.05576068305215703,0.07692307692307693,0.6153846153846154,0.125,2.874615384615385,1.79,0.9192307692307693,5.384615384615385,0.4401069051812687,0,0.0,0.0,0.0,0.0,Training
mp-aaachnub,Bulk ZnO,0.49660000000000015,4.900170821129655,207.7333800071208,16,12.98333625044505,1,12.98333625044505,0,0.0,0.023588750257477566,0.07702180554445098,2.701580337720503,32.71595727959779,0.07702179961209292,0.25,0.5,0.5,2.59,1.79,0.9875,4.0,0.39281318099157436,0,0.0,0.0,0.0,0.0,Test
mp-aaachnxh,Bulk ZnO,1.3579999999999997,6.063604143629616,835.7872241594637,60,13.929787069324394,2,13.929787069324394,0,0.0,0.007254961512157206,0.0717886063170455,6.36970531740899,54.533272646070536,0.07178860116344188,0.13333333333333333,0.6,0.22222222222222224,2.820666666666667,1.79,0.9216666666666666,5.133333333333333,0.42846459476708887,0,0.0,0.0,0.0,0.0,Training
mp-aaachnxj,Bulk ZnO,2.9339999999999997,4.140701318388425,644.7012413350054,52,12.39810079490395,3,12.39810079490395,0,0.0,0.006422666892674396,0.08065751493253182,6.019362636185617,46.2760495403238,0.08065750842689763,0.07692307692307693,0.6153846153846154,0.125,2.798461538461539,2.49,0.8846153846153847,4.923076923076923,0.4808231756846479,0,0.0,0.0,0.0,0.0,Training
mp-aaachnyg,Bulk ZnO,3.2141,3.9901249002073396,662.3799844411865,52,12.73807662386897,3,12.73807662386897,0,0.0,0.006023921304889049,0.07850478761653636,5.9653272950189375,47.54501311498393,0.07850478145353516,0.07692307692307693,0.6153846153846154,0.125,2.773076923076923,2.49,0.8884615384615385,4.923076923076923,0.48368754020598104,0,0.0,0.0,0.0,0.0,Training
mp-aaachnza,Bulk ZnO,2.2744999999999997,4.006195360323814,327.422626072487,26,12.593177925864884,3,12.593177925864884,0,0.0,0.012235548313746944,0.07940807363216233,3.7722788225324484,37.30724009412921,0.07940806732652067,0.07692307692307693,0.6153846153846154,0.125,2.781538461538462,2.49,0.8884615384615385,4.923076923076923,0.48368754020598104,0,0.0,0.0,0.0,0.0,Test
mp-aaachnze,Bulk ZnO,1.7774,3.962127362832897,330.18034924982913,26,12.699244201916505,3,12.699244201916505,0,0.0,0.011999888460457636,0.07874484371669024,3.761747206323449,37.62146101992275,0.07874483751594033,0.07692307692307693,0.6153846153846154,0.125,2.7792307692307694,2.49,0.8846153846153847,4.923076923076923,0.4808231756846479,0,0.0,0.0,0.0,0.0,Training
mp-aaachnzv,Bulk ZnO,3.2177,4.0605582825388655,326.18704397790935,26,12.545655537611898,3,12.545655537611898,0,0.0,0.01244855783669281,0.0797088679026774,3.7770358961585373,37.166455205768415,0.0797088615491743,0.07692307692307693,0.6153846153846154,0.125,2.794615384615385,2.49,0.8884615384615385,4.923076923076923,0.48368754020598104,0,0.0,0.0,0.0,0.0,Training
mp-aaachodc,Bulk ZnO,0.8693,5.790916730530422,703.7341174228247,60,11.728901957047078,2,11.728901957047078,0,0.0,0.008228841812782347,0.08525947302331824,6.745514004280065,45.91709873808577,0.08525946575414113,0.13333333333333333,0.6,0.22222222222222224,2.8073333333333332,1.79,0.905,4.8,0.41303654566950315,0,0.0,0.0,0.0,0.0,Training
mp-aaachodd,2D ZnO,0.2307999999999999,5.124667731804256,187.01772552667103,13,14.385978886667003,1,14.385978886667003,1,0.0,0.027402042867179534,0.06951212759854701,2.273259922180403,33.82625117303857,0.06951212276661146,0.07692307692307693,0.6153846153846154,0.125,2.908461538461539,1.79,0.9192307692307693,4.461538461538462,0.4401069051812687,0,0.0,0.0,0.0,0.0,Training
mp-aaachodw,2D ZnO,0.10329999999999995,8.112077182532916,190.11767334204237,13,14.624436410926336,1,14.624436410926336,1,0.0,0.04266871690533687,0.06837870341812771,2.260836670253601,34.38694462137756,0.06837869874248095,0.07692307692307693,0.6153846153846154,0.125,2.97,1.79,0.8884615384615385,4.461538461538462,0.41068541041101564,0,0.0,0.0,0.0,0.0,Training
mp-aaachodz,Bulk ZnO,1.2330000000000005,5.954614713358321,683.7190953153091,60,11.395318255255152,2,11.395318255255152,0,0.0,0.008709153736026995,0.08775533755179082,6.810704127463616,44.611162698319234,0.08775532985079225,0.13333333333333333,0.6,0.22222222222222224,2.812333333333333,1.79,0.905,4.8,0.41303654566950315,0,0.0,0.0,0.0,0.0,Training
mp-aaachoee,Bulk ZnO,0.2016,5.531318952967573,715.9363861274365,60,11.932273102123942,2,11.932273102123942,0,0.0,0.007725992225212868,0.08380632855461548,6.706971156587604,46.713269853094644,0.08380632153111538,0.13333333333333333,0.6,0.22222222222222224,2.7706666666666666,1.79,0.9133333333333333,4.8,0.4204848412620739,0,0.0,0.0,0.0,0.0,Training
mp-aaachoem,Bulk ZnO,0.20209999999999972,5.372242605967907,733.87610088667,60,12.231268348111167,2,12.231268348111167,0,0.0,0.0073203672928947505,0.08175766989483364,6.651868708975556,47.88379666647335,0.08175766321051761,0.13333333333333333,0.6,0.22222222222222224,2.7656666666666667,1.81,0.905,4.8,0.41303654566950315,0,0.0,0.0,0.0,0.0,Test
mp-aaachoey,Bulk ZnO,1.9573999999999998,4.9963902928421335,350.1693816515225,26,13.468053140443173,3,13.468053140443173,0,0.0,0.0142684956328203,0.07424978128405978,3.68876191129427,39.89905447766444,0.07424977577103017,0.07692307692307693,0.6153846153846154,0.125,2.8353846153846156,2.49,0.8846153846153847,4.923076923076923,0.4808231756846479,0,0.0,0.0,0.0,0.0,Test
mp-aaachofo,Bulk ZnO,3.0146,3.76103283350577,195.46462568097323,16,12.216539105060827,2,12.216539105060827,0,0.0,0.019241501219992223,0.08185624352364572,2.756960805249698,30.783749550660023,0.08185623682320167,0.125,0.625,0.2,2.78625,1.9,0.85625,4.75,0.3975925206242458,0,0.0,0.0,0.0,0.0,Training
mp-aaachogw,Bulk ZnO,0.7772000000000001,4.355668587219063,174.17127881637057,16,10.88570492602316,2,10.88570492602316,0,0.0,0.02500796122540537,0.09186359604598678,2.8650209529262494,27.430257558481788,0.09186358760706728,0.125,0.625,0.2,2.7874999999999996,1.89,0.85625,4.75,0.3975925206242458,0,0.0,0.0,0.0,0.0,Training
mp-aaachogy,Bulk ZnO,0.2552000000000003,5.388200551226317,744.019197077684,60,12.400319951294733,2,12.400319951294733,0,0.0,0.007242018179624643,0.0806430804953213,6.621502336259126,48.54561131746442,0.08064307399201541,0.13333333333333333,0.6,0.22222222222222224,2.7523333333333335,1.89,0.9133333333333333,4.8,0.4204848412620739,0,0.0,0.0,0.0,0.0,Training
mp-aaachohr,Bulk ZnO,0.1221000000000001,4.34657786622578,179.79494238803764,16,11.237183899252353,2,11.237183899252353,0,0.0,0.024175195411475447,0.08899026739844787,2.8348330826060804,28.315929072415578,0.08899025947918089,0.125,0.625,0.2,2.8649999999999998,1.79,0.8375,4.875,0.38546780806356834,0,0.0,0.0,0.0,0.0,Training
mp-aaachohv,Bulk ZnO,1.0373,4.042605314087818,190.03203430314,16,11.87700214394625,2,11.87700214394625,0,0.0,0.02127328336463017,0.08419633068010378,2.7829861402712868,29.92817002160884,0.08419632359108228,0.125,0.625,0.2,2.82375,1.89,0.84375,4.875,0.3946834608812277,0,0.0,0.0,0.0,0.0,Test
mp-aaachohz,Bulk ZnO,0.3194999999999997,7.25002813854208,848.1887040551827,60,14.136478400919712,2,14.136478400919712,0,0.0,0.008547659387444987,0.07073897555242192,6.338508673341575,55.34244185184315,0.07073897054841961,0.13333333333333333,0.6,0.22222222222222224,2.8873333333333333,1.79,0.905,4.8,0.41303654566950315,0,0.0,0.0,0.0,0.0,Training
mp-aaachoif,Bulk ZnO,0.30169999999999986,4.525867479277792,170.3771042473418,16,10.648569015458863,2,10.648569015458863,0,0.0,0.026563824401590063,0.09390933171849368,2.886132321364209,26.832712507669896,0.09390932289953192,0.125,0.625,0.2,2.8325,1.79,0.8500000000000001,4.75,0.3890810751560997,0,0.0,0.0,0.0,0.0,Training
mp-aaachoiw,Bulk ZnO,1.5747999999999998,4.019978362881508,188.67118527347174,16,11.791949079591983,2,11.791949079591983,0,0.0,0.021306795508040623,0.08480362264544321,2.7896611655521237,29.713849729332832,0.08480361545378942,0.125,0.625,0.2,2.8375,1.79,0.84375,4.875,0.3946834608812277,0,0.0,0.0,0.0,0.0,Test
mp-aaachojt,Bulk ZnO,1.8377999999999997,3.9612672444013826,190.58337317720785,16,11.91146082357549,2,11.91146082357549,0,0.0,0.020784957146907694,0.0839527590117891,2.780299913601061,30.01500045324177,0.08395275196372394,0.125,0.625,0.2,2.8337499999999998,1.81,0.8375,4.875,0.38546780806356834,0,0.0,0.0,0.0,0.0,Test
mp-aaachokf,Bulk ZnO,1.8076,4.022878846264049,191.71260423602513,16,11.98203776475157,2,11.98203776475157,0,0.0,0.020983903809012577,0.08345825807207623,2.7748302930689706,30.192843200891637,0.08345825110679597,0.125,0.625,0.2,2.8587499999999997,1.79,0.84375,4.875,0.3946834608812277,0,0.0,0.0,0.0,0.0,Training
mp-aaachoki,Bulk ZnO,1.7752,4.08161230615052,365.2279902168432,32,11.41337469427635,2,11.41337469427635,0,0.0,0.011175518896367129,0.08761650491519272,4.476740910538381,36.23520599240302,0.08761649723854147,0.125,0.625,0.2,2.7975,1.81,0.8500000000000001,4.75,0.3890810751560997,0,0.0,0.0,0.0,0.0,Training
mp-aaacholr,Bulk ZnO,2.291,5.374451838890924,309.26003501462014,26,11.894616731331544,2,11.894616731331544,0,0.0,0.017378423431391156,0.08407164539954495,3.8447261751613233,35.23775530178224,0.084071638331504,0.15384615384615385,0.6153846153846154,0.25,2.7576923076923077,1.8399999999999999,0.9076923076923078,4.461538461538462,0.42987074077825177,0,0.0,0.0,0.0,0.0,Test
mp-aaachomu,2D ZnO,1.1643,6.726524831212245,310.44463751819984,18,17.246924306566658,1,17.246924306566658,1,0.0,0.021667389345122454,0.05798135262988638,2.6583436204587603,45.19972845300681,0.05798134926804931,0.2222222222222222,0.5555555555555556,0.39999999999999997,2.7266666666666666,1.79,0.9888888888888889,4.888888888888889,0.447679141867784,0,0.0,0.0,0.0,0.0,Test
mp-aaachomw,2D ZnO,1.7761,4.957204437070903,304.38164391039305,18,16.91009132835517,1,16.91009132835517,1,0.0,0.01628614778928737,0.05913628617269385,2.675878267291538,44.3169763240733,0.05913628267559372,0.2222222222222222,0.5555555555555556,0.39999999999999997,2.7333333333333334,1.79,0.9555555555555555,4.888888888888889,0.41747262955808045,0,0.0,0.0,0.0,0.0,Training
mp-aaachops,Bulk ZnO,1.0086999999999997,5.3195401749140805,310.0494802187867,26,11.924980008414874,2,11.924980008414874,0,0.0,0.017157068514226638,0.08385758293048283,3.8414602659530868,35.32770639076556,0.0838575758983892,0.15384615384615385,0.6153846153846154,0.25,2.744615384615385,1.8399999999999999,0.9076923076923078,4.461538461538462,0.42987074077825177,0,0.0,0.0,0.0,0.0,Training
mp-aaachopx,Bulk ZnO,2.5088999999999997,5.476944443306638,305.3453103442505,26,11.744050397855789,2,11.744050397855789,0,0.0,0.017936887378855945,0.08514949835216805,3.8610870806415774,34.791703130825795,0.0851494911017316,0.15384615384615385,0.6153846153846154,0.25,2.7615384615384615,1.8399999999999999,0.9038461538461539,4.461538461538462,0.4265519688894572,0,0.0,0.0,0.0,0.0,Training
mp-aaachoqc,Bulk ZnO,0.9222999999999999,5.321184890661399,309.29544660612805,26,11.89597871562031,2,11.89597871562031,0,0.0,0.017204213476306546,0.08406201994014374,3.8445794405202673,35.24179017488294,0.08406201287372114,0.15384615384615385,0.6153846153846154,0.25,2.7423076923076923,1.8399999999999999,0.9038461538461539,4.461538461538462,0.4265519688894572,0,0.0,0.0,0.0,0.0,Training
mp-aaachorb,2D ZnO,0.3976999999999995,8.081517000258446,224.9391921650585,14,16.067085154647035,1,16.067085154647035,1,0.0,0.03592756301146621,0.06223904276195193,2.302005332445289,38.723960993317235,0.06223903888825373,0.14285714285714285,0.5714285714285714,0.25,2.7785714285714285,1.79,0.9928571428571429,5.142857142857142,0.4634567887306529,0,0.0,0.0,0.0,0.0,Training
mp-aaachosb,Bulk ZnO,0.6776,8.890453575559816,185.68945058230787,14,13.263532184450563,1,13.263532184450563,0,0.0,0.0478780757209418,0.0753946977391396,2.453949523507132,31.966999489992716,0.07539469205477957,0.14285714285714285,0.5714285714285714,0.25,2.8757142857142854,1.79,0.9214285714285715,4.285714285714286,0.4028025133876739,0,0.0,0.0,0.0,0.0,Training
mp-aaachosr,Bulk ZnO,0.6461999999999999,5.4310183500378395,190.91236640987498,16,11.932022900617186,1,11.932022900617186,0,0.0,0.02844770326914202,0.08380808588192325,2.7787019277439833,30.066813640630553,0.08380807885812858,0.25,0.5,0.5,2.61,1.79,0.9750000000000001,4.0,0.3846153846149902,0,0.0,0.0,0.0,0.0,Test
mp-aaachosy,2D ZnO,1.1788999999999996,5.272927158307759,272.2374420239186,16,17.014840126494914,1,17.014840126494914,1,0.0,0.01936885359745807,0.05877222427984116,2.4687135315669724,42.87471047193378,0.058772220825667014,0.25,0.5,0.5,2.6225,1.79,1.0,4.5,0.4015594601048237,0,0.0,0.0,0.0,0.0,Training
mp-aaachoto,2D ZnO,0.5423,7.640741087274785,253.54511193833366,14,18.110365138452405,2,18.110365138452405,1,0.0,0.030135627655614748,0.05521699824134267,2.2119550041766165,43.64855643982983,0.05521699519242594,0.07142857142857142,0.5714285714285714,0.125,2.724285714285714,2.55,1.0499999999999998,5.142857142857142,0.517275261485232,0,0.0,0.0,0.0,0.0,Training
mp-aaachotz,Bulk ZnO,3.1413999999999995,4.007624875554606,278.677133158168,20,13.933856657908398,2,13.933856657908398,0,0.0,0.014380888844869842,0.07176763939454142,3.061936766335797,37.822305979334786,0.07176763424394773,0.1,0.6,0.16666666666666669,2.805,1.79,0.86,5.0,0.3872285071006361,0,0.0,0.0,0.0,0.0,Test
mp-aaachouf,Bulk ZnO,2.8324999999999996,5.551324560936643,301.1106456664438,26,11.581178679478608,2,11.581178679478608,0,0.0,0.01843616172603256,0.08634699694012671,3.879102999047427,34.30919630547864,0.08634698948432347,0.15384615384615385,0.6153846153846154,0.25,2.763846153846154,1.8399999999999999,0.9038461538461539,4.461538461538462,0.4265519688894572,0,0.0,0.0,0.0,0.0,Training
mp-aaachovv,Bulk ZnO,0.8881999999999999,4.179554733297206,575.6411848507327,46,12.513938801102883,2,12.513938801102883,0,0.0,0.007260694410496341,0.07991089103870858,5.529771835516722,44.83804177931554,0.07991088465295859,0.13043478260869565,0.6086956521739131,0.21428571428571427,2.8273913043478265,1.79,0.8586956521739131,4.782608695652174,0.39103886303628077,0,0.0,0.0,0.0,0.0,Training
mp-aaachovw,Bulk ZnO,0.4767,5.806702671284463,197.40064828822324,14,14.10004630630166,1,14.10004630630166,0,0.0,0.029415823715057608,0.07092175289900114,2.4044283730237663,33.983117529645476,0.07092174786910646,0.14285714285714285,0.5714285714285714,0.25,2.7528571428571427,1.79,0.9928571428571429,4.285714285714286,0.4634567887306529,0,0.0,0.0,0.0,0.0,Test
mp-aaachovx,Bulk ZnO,0.6042999999999994,5.764259845629662,429.7232988960483,28,15.347260674858868,1,15.347260674858868,0,0.0,0.013413887169808913,0.06515820778610681,3.710465498227582,46.60332251377748,0.06515820354051505,0.14285714285714285,0.5714285714285714,0.25,2.787142857142857,1.79,0.95,5.142857142857142,0.42665446493522335,0,0.0,0.0,0.0,0.0,Training
mp-aaachowa,Bulk ZnO,2.4172000000000002,4.410427237747887,515.1880252609203,32,16.09962578940376,2,16.09962578940376,0,0.0,0.008560810852531358,0.062113244933814975,3.991732147683587,51.11312582878777,0.062113241075760016,0.125,0.625,0.2,2.885,1.79,0.8687499999999999,5.25,0.4089344313987326,0,0.0,0.0,0.0,0.0,Training
mp-aaachowf,Bulk ZnO,1.3285999999999998,8.091088362971668,674.0193002311996,42,16.048078576933325,1,16.048078576933325,0,0.0,0.0120042383952452,0.062312755711287963,4.790253676688987,55.78354873265167,0.062312751828408675,0.14285714285714285,0.5714285714285714,0.25,2.7785714285714285,1.79,0.9928571428571429,5.142857142857142,0.4634567887306529,0,0.0,0.0,0.0,0.0,Training
mp-aaachowm,Bulk ZnO,1.9211999999999998,5.37081650323978,530.9305995986887,32,16.59158123745902,2,16.59158123745902,0,0.0,0.010115854138562341,0.060271530825662806,3.951882829674521,52.67498702031659,0.06027152719300559,0.125,0.625,0.2,2.8812499999999996,1.79,0.8875,5.25,0.4370738211032513,0,0.0,0.0,0.0,0.0,Training
mp-aaachoxg,Bulk ZnO,0.24110000000000031,6.621522323483731,315.21219111959635,26,12.123545812292168,2,12.123545812292168,0,0.0,0.02100655529840032,0.08248411937257592,3.820372228191454,35.915956804072195,0.08248411256894653,0.15384615384615385,0.6153846153846154,0.25,2.7984615384615386,1.8399999999999999,0.9038461538461539,4.461538461538462,0.4265519688894572,0,0.0,0.0,0.0,0.0,Training
mp-aaachoxv,Bulk ZnO,0.38010000000000055,5.612586975391888,181.36539384575983,16,11.33533711535999,1,11.33533711535999,0,0.0,0.030946294970500544,0.08821969649627327,2.82662703373859,28.56325967859336,0.08821968871355912,0.25,0.5,0.5,2.59,1.79,0.9875,4.0,0.39281318099157436,0,0.0,0.0,0.0,0.0,Training
mp-aaachoyq,Bulk ZnO,0.2539000000000007,7.594158717391955,205.52858870235622,20,10.27642943511781,2,10.27642943511781,0,0.0,0.03694940331823966,0.09731006341392115,3.389007908527548,27.89452109437823,0.09731005394467364,0.2,0.6,0.33333333333333337,2.777,1.81,0.9,4.3999999999999995,0.4082482904634095,0,0.0,0.0,0.0,0.0,Training
mp-aaachozh,Bulk ZnO,1.9486999999999999,4.328175493272153,423.8232879217306,32,13.24447774755408,2,13.24447774755408,0,0.0,0.010212217253317748,0.07550316585224923,4.260118760468819,42.04859581847352,0.0755031601515216,0.125,0.625,0.2,2.8575,1.79,0.8625,4.875,0.40032542947585853,0,0.0,0.0,0.0,0.0,Test
mp-aaachpar,Bulk ZnO,1.6406999999999998,8.497049395891558,427.8779187479545,28,15.281354240998374,1,15.281354240998374,0,0.0,0.019858583543538328,0.06543922640816074,3.7157920948072842,46.40319176354106,0.06543922212586868,0.14285714285714285,0.5714285714285714,0.25,2.7785714285714285,1.79,0.9928571428571429,5.142857142857142,0.4634567887306529,0,0.0,0.0,0.0,0.0,Training
mp-aaachpba,Bulk ZnO,0.1867000000000001,3.9496276185717085,507.8227693283339,44,11.541426575643952,2,11.541426575643952,0,0.0,0.007777570950187286,0.08664440166437615,5.515039407035339,40.74525609861262,0.08664439415712447,0.045454545454545456,0.6363636363636364,0.07142857142857144,2.921363636363636,1.79,0.8090909090909091,5.090909090909092,0.36590246040255414,0,0.0,0.0,0.0,0.0,Training
mp-aaachpbd,Bulk ZnO,0.9824000000000002,4.667720242278403,450.04814236871675,32,14.064004449022399,2,14.064004449022399,0,0.0,0.010371602063972567,0.0711035042419594,4.175709912507673,44.65043091452719,0.07110349918625145,0.125,0.625,0.2,2.8987499999999997,1.79,0.8687499999999999,4.875,0.4089344313987326,0,0.0,0.0,0.0,0.0,Training
mp-aaachpbg,Bulk ZnO,0.42979999999999996,5.592593903575986,152.31785241940779,14,10.879846601386271,1,10.879846601386271,0,0.0,0.03671660159819453,0.09191306060074263,2.621467229661768,26.22197812174429,0.0919130521527327,0.14285714285714285,0.5714285714285714,0.25,2.7442857142857138,1.79,0.9214285714285715,4.285714285714286,0.4028025133876739,0,0.0,0.0,0.0,0.0,Training
mp-aaachpcy,Bulk ZnO,0.6772,6.73152834393752,113.86686452766774,10,11.386686452766774,2,11.386686452766774,0,0.0,0.05911753495506036,0.0878218614474114,2.063166192219075,24.531872298356838,0.08782185373473272,0.2,0.6,0.33333333333333337,2.793,1.81,0.9,4.3999999999999995,0.4082482904634095,0,0.0,0.0,0.0,0.0,Training
mp-aaachpep,Bulk ZnO,0.8740999999999994,5.674599915441464,858.7458638788647,56,15.334747569265442,1,15.334747569265442,0,0.0,0.0066080084389692345,0.06521137667790781,5.891598472552939,58.66863361038193,0.06521137242538445,0.14285714285714285,0.5714285714285714,0.25,2.761428571428571,1.79,0.95,4.857142857142857,0.42665446493522335,0,0.0,0.0,0.0,0.0,Training
mp-aaachpeu,Bulk ZnO,0.13440000000000007,6.3633722845205964,180.13198355797073,14,12.866570254140766,1,12.866570254140766,0,0.0,0.0353261656194038,0.07772078963142305,2.4789309240391204,31.010264764484493,0.07772078359090238,0.14285714285714285,0.5714285714285714,0.25,2.7528571428571427,1.79,0.9928571428571429,4.285714285714286,0.4634567887306529,0,0.0,0.0,0.0,0.0,Test
mp-aaachphi,2D ZnO,2.1511000000000005,5.699968117321738,154.21669907663045,10,15.421669907663045,2,15.421669907663045,1,0.0,0.03696077111914721,0.06484382080458738,1.864759660199039,33.224980627290066,0.06484381659986656,0.2,0.6,0.33333333333333337,2.826,1.79,0.91,4.6,0.4183047540802938,0,0.0,0.0,0.0,0.0,Training
mp-aaachphk,Bulk ZnO,2.0924000000000005,6.644156784301002,232.72612920371466,20,11.636306460185732,2,11.636306460185732,0,0.0,0.028549251461511226,0.08593792226266603,3.2514839426102835,31.585795247625274,0.08593791487734019,0.2,0.6,0.33333333333333337,2.785,1.89,0.905,4.3999999999999995,0.41303654566950315,0,0.0,0.0,0.0,0.0,Training
mp-aaachphz,Bulk ZnO,1.0583,5.264061595253411,361.0153664186029,26,13.885206400715496,2,13.885206400715496,0,0.0,0.014581267405525474,0.07201909508154453,3.6514451842722275,41.134869371144525,0.07201908989479484,0.15384615384615385,0.6153846153846154,0.25,2.7784615384615385,1.8399999999999999,0.9076923076923078,4.76923076923077,0.42987074077825177,0,0.0,0.0,0.0,0.0,Training
mp-aaachpih,Bulk ZnO,0.24219999999999953,6.403697688884414,193.40675316838139,14,13.814768083455814,1,13.814768083455814,0,0.0,0.033110000472989204,0.07238630384230428,2.4208664084092626,33.2955564277159,0.07238629860252767,0.14285714285714285,0.5714285714285714,0.25,2.787142857142857,1.79,0.95,5.142857142857142,0.42665446493522335,0,0.0,0.0,0.0,0.0,Test
mp-aaachpil,Bulk ZnO,0.6759,5.0349356911035965,157.83250457929137,14,11.273750327092241,1,11.273750327092241,0,0.0,0.03190049923191938,0.08870162731889442,2.5905733069207306,27.171342139084334,0.08870161945091644,0.14285714285714285,0.5714285714285714,0.25,2.644285714285714,1.89,0.9357142857142857,4.285714285714286,0.4146099424117789,0,0.0,0.0,0.0,0.0,Training
mp-aaachple,Bulk ZnO,2.8349,6.758152051129244,229.24624171434587,20,11.462312085717294,2,11.462312085717294,0,0.0,0.02947988154828856,0.08724243350920954,3.26785356692093,31.11350185237973,0.08724242589796802,0.2,0.6,0.33333333333333337,2.813,1.79,0.905,4.3999999999999995,0.41303654566950315,0,0.0,0.0,0.0,0.0,Training
mp-aaachplv,2D ZnO,0.8867000000000003,8.657017427710398,209.98570474024163,14,14.998978910017259,1,14.998978910017259,1,0.0,0.04122669892419285,0.06667120515331462,2.355400659382498,36.14967299050552,0.06667120070826532,0.14285714285714285,0.5714285714285714,0.25,2.7785714285714285,1.79,0.9928571428571429,5.142857142857142,0.4634567887306529,0,0.0,0.0,0.0,0.0,Training
mp-aaachpmk,Bulk ZnO,0.7412000000000001,6.351387882400967,335.9951944353894,28,11.999828372692479,1,11.999828372692479,0,0.0,0.018903210485119944,0.08333452520668207,4.027606280056769,36.43854650091866,0.08333451826203955,0.14285714285714285,0.5714285714285714,0.25,2.8185714285714285,1.79,0.95,4.285714285714286,0.42665446493522335,0,0.0,0.0,0.0,0.0,Training
mp-aaachpna,Bulk ZnO,0.14170000000000016,5.984382414385632,136.95985793503903,14,9.78284699535993,1,9.78284699535993,0,0.0,0.04369442626922163,0.10221973219803056,2.7160031547597767,23.57805300747663,0.10221972174915799,0.14285714285714285,0.5714285714285714,0.25,2.747142857142857,1.79,0.9214285714285715,4.285714285714286,0.4028025133876739,0,0.0,0.0,0.0,0.0,Training
mp-aaachpnm,Bulk ZnO,2.5755,5.443784851935821,493.13932012061304,32,15.410603753769157,2,15.410603753769157,0,0.0,0.011039040347876478,0.06489038430797482,4.050358217187171,48.9256172203965,0.06489038009721312,0.125,0.625,0.2,2.92375,1.79,0.85625,4.875,0.39219569728449644,0,0.0,0.0,0.0,0.0,Training
mp-aaachpon,Bulk ZnO,2.1513,3.8963229501755787,655.8292859556276,44,14.905211044446082,2,14.905211044446082,0,0.0,0.005941062763761967,0.06709063004999288,5.064334787001186,52.62058699844388,0.06709062554884054,0.045454545454545456,0.6363636363636364,0.07142857142857144,2.9295454545454547,1.79,0.8227272727272726,5.363636363636363,0.3911742670008267,0,0.0,0.0,0.0,0.0,Test
mp-aaachpoq,2D ZnO,1.9748,4.562889125414394,195.88301088445152,10,19.588301088445153,2,19.588301088445153,1,0.0,0.023293950326840618,0.051050879577805,1.7218728425622898,42.20171538373555,0.05105087697161282,0.2,0.6,0.33333333333333337,2.84,1.79,0.905,4.8,0.41303654566950315,0,0.0,0.0,0.0,0.0,Training
mp-aaachpqh,Bulk ZnO,0.23470000000000013,6.719555323464656,341.1674780698128,28,12.184552788207599,1,12.184552788207599,0,0.0,0.01969576749073849,0.08207112869729742,4.007148984117171,36.999478623908054,0.08207112196162782,0.14285714285714285,0.5714285714285714,0.25,2.7528571428571427,1.79,0.9928571428571429,4.285714285714286,0.4634567887306529,0,0.0,0.0,0.0,0.0,Training
mp-aaachpsb,Bulk ZnO,1.2872999999999992,6.050625573190707,409.3852324185012,28,14.620901157803614,1,14.620901157803614,0,0.0,0.014779784647936077,0.06839523701083705,3.7709198977703626,44.39766721467056,0.06839523233292893,0.14285714285714285,0.5714285714285714,0.25,2.787142857142857,1.79,0.95,5.142857142857142,0.42665446493522335,0,0.0,0.0,0.0,0.0,Training
mp-aaachpse,Bulk ZnO,1.1669,8.708758999219423,417.4762226556638,28,14.909865094845134,1,14.909865094845134,0,0.0,0.020860491033048476,0.06706968799776299,3.746399753883868,45.27513191916062,0.06706968349942025,0.14285714285714285,0.5714285714285714,0.25,2.7785714285714285,1.79,0.9928571428571429,5.142857142857142,0.4634567887306529,0,0.0,0.0,0.0,0.0,Training
mp-aaachpsj,Bulk ZnO,0.11319999999999997,5.9327037588470874,287.1715586932015,28,10.256127096185768,1,10.256127096185768,0,0.0,0.020659092376154372,0.0975026918662014,4.244021312883746,31.143642434432874,0.09750268235942743,0.14285714285714285,0.5714285714285714,0.25,2.7442857142857138,1.79,0.9214285714285715,4.285714285714286,0.4028025133876739,0,0.0,0.0,0.0,0.0,Training
mp-aaachpug,Bulk ZnO,1.0164999999999997,6.331327403803246,168.52988878761568,14,12.037849199115405,1,12.037849199115405,0,0.0,0.0375679794803763,0.08307131809505343,2.5345589163740403,29.012929124555985,0.08307131119421013,0.14285714285714285,0.5714285714285714,0.25,2.8185714285714285,1.79,0.95,4.285714285714286,0.42665446493522335,0,0.0,0.0,0.0,0.0,Training
mp-aaachpux,Bulk ZnO,0.5026999999999999,6.787059008562661,120.9968736283674,14,8.64263383059767,1,8.64263383059767,0,0.0,0.056092846079714355,0.11570546891153506,2.8305444938106086,20.829977068914115,0.11570545552378109,0.14285714285714285,0.5714285714285714,0.25,2.7385714285714284,1.79,0.9214285714285715,4.285714285714286,0.4028025133876739,0,0.0,0.0,0.0,0.0,Training
mp-aaachpuz,Bulk ZnO,1.2234999999999996,5.285580476276476,145.325728653153,14,10.380409189510928,1,10.380409189510928,0,0.0,0.036370576120705385,0.09633531605001353,2.6628530426892265,25.018262907073236,0.0963353067695213,0.14285714285714285,0.5714285714285714,0.25,2.667142857142857,1.81,0.9214285714285715,4.285714285714286,0.4028025133876739,0,0.0,0.0,0.0,0.0,Training
mp-aaachpvk,Bulk ZnO,1.6380000000000003,5.492528406651835,141.12546985452948,14,10.080390703894963,1,10.080390703894963,0,0.0,0.03891946940770841,0.09920250408683166,2.6890130014999136,24.29517567485635,0.09920249424569583,0.14285714285714285,0.5714285714285714,0.25,2.6757142857142853,1.79,0.9357142857142857,4.285714285714286,0.4146099424117789,0,0.0,0.0,0.0,0.0,Training
mp-aaachpwd,Bulk ZnO,0.36329999999999973,5.8963858443214745,542.8840300207991,42,12.925810238590454,1,12.925810238590454,0,0.0,0.010861225451954391,0.07736458926299764,5.148494680036715,44.93046079608651,0.07736458327771843,0.14285714285714285,0.5714285714285714,0.25,2.8185714285714285,1.79,0.95,4.285714285714286,0.42665446493522335,0,0.0,0.0,0.0,0.0,Training
mp-aaachpwf,Bulk ZnO,1.1773000000000002,5.578159385495193,143.54208835437822,14,10.253006311027017,1,10.253006311027017,0,0.0,0.038860793022070114,0.09753236949874,2.673837124466534,24.711203845061576,0.09753235998617782,0.14285714285714285,0.5714285714285714,0.25,2.724285714285714,1.79,0.9357142857142857,4.285714285714286,0.4146099424117789,0,0.0,0.0,0.0,0.0,Training
mp-aaachpxa,Bulk ZnO,0.14789999999999992,9.616690816984683,171.66647771991546,14,12.261891265708247,1,12.261891265708247,0,0.0,0.056019619815785536,0.08155348782097033,2.5190272770552364,29.552902378204553,0.0815534811699995,0.14285714285714285,0.5714285714285714,0.25,2.8757142857142854,1.79,0.9214285714285715,4.285714285714286,0.4028025133876739,0,0.0,0.0,0.0,0.0,Training
mp-aaachpzn,Bulk ZnO,1.6819,4.621988778205814,667.3093891973448,52,12.832872869179708,2,12.832872869179708,0,0.0,0.006926305628286228,0.07792487389177426,5.950602382374195,47.89884115823064,0.07792486781948876,0.11538461538461539,0.6153846153846154,0.1875,2.8596153846153847,1.79,0.8576923076923078,4.923076923076923,0.3865876603090077,0,0.0,0.0,0.0,0.0,Training
mp-aaachpzo,Bulk ZnO,0.9683000000000002,4.357321592789711,691.9802774752784,52,13.30731302837074,2,13.30731302837074,0,0.0,0.006296886970084751,0.07514665040703815,5.879026775046764,49.66969434565331,0.0751466447600195,0.11538461538461539,0.6153846153846154,0.1875,2.8342307692307696,1.79,0.8634615384615385,4.923076923076923,0.3942345190961606,0,0.0,0.0,0.0,0.0,Training
mp-aaachqad,Bulk ZnO,0.14610000000000012,3.6221635912183356,486.9869004497381,40,12.174672511243452,2,12.174672511243452,0,0.0,0.007437907647768811,0.08213773299252923,5.084179770198164,41.63679430578457,0.08213772624592261,0.05,0.65,0.07692307692307693,2.8795,1.89,0.8175,5.050000000000001,0.38840328370493216,0,0.0,0.0,0.0,0.0,Test
mp-aaachqaj,Bulk ZnO,1.9318999999999997,3.6656527102712073,483.6744137023409,40,12.091860342558522,2,12.091860342558522,0,0.0,0.007578760849084513,0.08270026047856334,5.09575985859679,41.353580672697845,0.08270025363923084,0.05,0.65,0.07692307692307693,2.9215,1.79,0.8175,5.050000000000001,0.38840328370493216,0,0.0,0.0,0.0,0.0,Training
mp-aaachqan,Bulk ZnO,1.5596,3.428520801896534,502.8780063333444,40,12.57195015833361,2,12.57195015833361,0,0.0,0.00681779827058863,0.07954215435201409,5.030051644051869,42.99546474713754,0.07954214802506028,0.05,0.65,0.07692307692307693,2.8915,1.81,0.81,5.050000000000001,0.3752761519395531,0,0.0,0.0,0.0,0.0,Training
mp-aaachqaw,Bulk ZnO,0.7375999999999996,5.09499076677793,386.6430292607303,28,13.808679616454654,1,13.808679616454654,0,0.0,0.013177505815945165,0.07241822011775718,3.8434505969460395,41.93128423949046,0.07241821487335896,0.07142857142857142,0.6428571428571429,0.11111111111111109,2.9464285714285716,1.79,0.8964285714285714,4.571428571428572,0.44445083759454795,0,0.0,0.0,0.0,0.0,Test
mp-aaachqbn,Bulk ZnO,0.3877999999999999,3.8672678848659983,466.4147635686697,40,11.660369089216742,2,11.660369089216742,0,0.0,0.00829147828700029,0.0857605786188002,5.157856181701327,39.87790134386619,0.08576057126392399,0.05,0.65,0.07692307692307693,2.9290000000000003,1.79,0.81,5.050000000000001,0.3752761519395531,0,0.0,0.0,0.0,0.0,Test
mp-aaachqhk,Bulk ZnO,3.5479000000000003,4.032615609255803,589.7675709488383,44,13.403808430655415,2,13.403808430655415,0,0.0,0.006837635380270219,0.07460566190374165,5.2467742717505725,47.3201127801938,0.07460565633773729,0.09090909090909091,0.6363636363636364,0.14285714285714288,2.915454545454545,1.79,0.8181818181818181,5.272727272727273,0.3832125413546547,0,0.0,0.0,0.0,0.0,Training
mp-aaachqhv,2D ZnO,0.2596999999999996,7.230443095922249,236.39432367724336,13,18.184178744403336,1,18.184178744403336,1,0.0,0.030586365118454372,0.05499286022514361,2.1024757934006124,42.75709024943006,0.05499285720092909,0.07692307692307693,0.6153846153846154,0.125,2.865384615384616,1.79,0.9653846153846154,5.384615384615385,0.4830420578872344,0,0.0,0.0,0.0,0.0,Training
mp-aaachqrb,Bulk ZnO,1.9876999999999998,3.742148089905123,515.2593907425056,44,11.71044069869331,2,11.71044069869331,0,0.0,0.007262648982510664,0.08539388275213104,5.4883782922346365,41.341934826566515,0.08539387546001646,0.09090909090909091,0.6363636363636364,0.14285714285714288,2.8854545454545453,1.81,0.8090909090909091,5.090909090909092,0.36590246040255414,0,0.0,0.0,0.0,0.0,Training
mp-aaachqrs,Bulk ZnO,3.1412999999999998,3.751785317618783,521.011320169613,44,11.841166367491205,2,11.841166367491205,0,0.0,0.0072009669893494934,0.08445114011280214,5.4681064008050555,41.80344197379154,0.08445113298080767,0.09090909090909091,0.6363636363636364,0.14285714285714288,2.878181818181818,1.89,0.8136363636363636,5.090909090909092,0.3743433646420194,0,0.0,0.0,0.0,0.0,Training
mp-aaachqsc,Bulk ZnO,3.197,3.827551595973811,512.2718032679285,44,11.64254098336201,2,11.64254098336201,0,0.0,0.007471720230465084,0.08589190292987317,5.499027090413553,41.102225179577545,0.08589189555245483,0.09090909090909091,0.6363636363636364,0.14285714285714288,2.9036363636363633,1.79,0.8136363636363636,5.090909090909092,0.3743433646420194,0,0.0,0.0,0.0,0.0,Test
mp-aaachqsd,Bulk ZnO,2.0688000000000004,5.523755434869511,280.65531184995405,28,10.023403994641216,1,10.023403994641216,0,0.0,0.019681635093451073,0.09976650652159956,4.276616191582097,30.436958030781984,0.09976649656824474,0.14285714285714285,0.5714285714285714,0.25,2.6757142857142853,1.79,0.9357142857142857,4.285714285714286,0.4146099424117789,0,0.0,0.0,0.0,0.0,Training
mp-aaachqsk,Bulk ZnO,3.867,4.0186582416629895,492.61871924868365,44,11.195879982924628,2,11.195879982924628,0,0.0,0.008157745706034145,0.08931857089618214,5.571203721756565,39.525356260228364,0.08931856291837575,0.09090909090909091,0.6363636363636364,0.14285714285714288,2.9109090909090907,1.79,0.8090909090909091,5.090909090909092,0.36590246040255414,0,0.0,0.0,0.0,0.0,Training
mp-aaachqsm,Bulk ZnO,0.3713000000000002,5.414266563082534,303.35149243179603,28,10.833981872564143,1,10.833981872564143,0,0.0,0.01784816194467825,0.09230216662374052,4.167183767354616,32.898349875729124,0.09230215810405136,0.14285714285714285,0.5714285714285714,0.25,2.7385714285714284,1.79,0.9214285714285715,4.285714285714286,0.4028025133876739,0,0.0,0.0,0.0,0.0,Training
mp-aaachqum,Bulk ZnO,2.5553000000000003,3.6676860632252604,527.6301541412006,44,11.991594412300014,2,11.991594412300014,0,0.0,0.006951244227492996,0.08339174638647555,5.445145310795536,42.33450537136868,0.08339173943229276,0.09090909090909091,0.6363636363636364,0.14285714285714288,2.888181818181818,1.79,0.8136363636363636,5.090909090909092,0.3743433646420194,0,0.0,0.0,0.0,0.0,Training
mp-aaachqwv,Bulk ZnO,0.3609,5.888620996516661,278.91518970336415,28,9.961256775120148,1,9.961256775120148,0,0.0,0.021112586240926535,0.10038893912439462,4.285491543863786,30.248242469351574,0.10038892904645653,0.14285714285714285,0.5714285714285714,0.25,2.7385714285714284,1.79,0.9214285714285715,4.285714285714286,0.4028025133876739,0,0.0,0.0,0.0,0.0,Training
mp-aaachrct,Bulk ZnO,0.1372,5.963362121422619,137.4426286069097,14,9.817330614779264,1,9.817330614779264,0,0.0,0.04338800983265552,0.101860682831092,2.712819414510243,23.6611634360609,0.10186067245549435,0.14285714285714285,0.5714285714285714,0.25,2.747142857142857,1.79,0.9214285714285715,4.285714285714286,0.4028025133876739,0,0.0,0.0,0.0,0.0,Test
mp-aaachrev,2D ZnO,0.1344000000000003,8.099051599990423,190.42343672882046,13,14.647956671447728,1,14.647956671447728,1,0.0,0.04253180038717701,0.06826890756368992,2.2596259449759564,34.44224862580573,0.0682689029030465,0.07692307692307693,0.6153846153846154,0.125,2.97,1.79,0.8884615384615385,4.461538461538462,0.41068541041101564,0,0.0,0.0,0.0,0.0,Test
mp-aaachrot,Bulk ZnO,1.1456,5.06613341332196,459.01020887435686,42,10.928814497008497,1,10.928814497008497,0,0.0,0.011037082215983336,0.09150123284403136,5.444715296244758,37.98885038862284,0.09150122447155652,0.14285714285714285,0.5714285714285714,0.25,2.6757142857142853,1.79,0.9357142857142857,4.285714285714286,0.4146099424117789,0,0.0,0.0,0.0,0.0,Test
mp-aaachrpb,Bulk ZnO,1.3646999999999996,4.84753175603675,475.3744004543258,42,11.318438106055376,1,11.318438106055376,0,0.0,0.010197292389753964,0.08835141303330528,5.3815084537001585,39.34319243514662,0.08835140522733378,0.14285714285714285,0.5714285714285714,0.25,2.667142857142857,1.81,0.9214285714285715,4.285714285714286,0.4028025133876739,0,0.0,0.0,0.0,0.0,Training
mp-aaachrpg,Bulk ZnO,1.0532,5.005363517664123,154.86101046259807,14,11.061500747328434,1,11.061500747328434,0,0.0,0.032321650896582614,0.0904036461997726,2.607037867860126,26.659790456342154,0.0904036380269541,0.14285714285714285,0.5714285714285714,0.25,2.6757142857142853,1.79,0.9357142857142857,4.285714285714286,0.4146099424117789,0,0.0,0.0,0.0,0.0,Training
mp-aaachrqa,Bulk ZnO,1.3592999999999997,4.853682549973959,316.51465713342935,28,11.304094897622477,1,11.304094897622477,0,0.0,0.015334779734790763,0.08846351778330559,4.1085958452852696,34.325889903156366,0.08846350995751232,0.14285714285714285,0.5714285714285714,0.25,2.667142857142857,1.81,0.9214285714285715,4.285714285714286,0.4028025133876739,0,0.0,0.0,0.0,0.0,Training
mp-aaachrqo,Bulk ZnO,0.6688999999999998,5.833842790338608,182.9013810601867,14,13.064384361441908,1,13.064384361441908,0,0.0,0.031896111207705344,0.07654398189258653,2.4663556790298284,31.48702490494107,0.07654397603360581,0.14285714285714285,0.5714285714285714,0.25,2.8185714285714285,1.79,0.95,4.285714285714286,0.42665446493522335,0,0.0,0.0,0.0,0.0,Test
mp-aaachsby,Bulk ZnO,2.2934,6.453370996731469,242.39799050928946,20,12.119899525464472,3,12.119899525464472,0,0.0,0.026623038347688595,0.08250893482235175,3.2076501187428916,32.89846878328102,0.08250892801462799,0.1,0.6,0.16666666666666669,2.701,2.34,0.975,4.6,0.4962714364060516,0,0.0,0.0,0.0,0.0,Training
mp-aaachscr,Bulk ZnO,0.5206999999999997,5.976166656906383,224.67949170843025,20,11.233974585421512,2,11.233974585421512,0,0.0,0.02659862994821859,0.08901569007443849,3.2898456159413776,30.493698519047616,0.08901568215064613,0.1,0.6,0.16666666666666669,2.6710000000000003,2.34,0.97,4.3999999999999995,0.4939855072453027,0,0.0,0.0,0.0,0.0,Training
mp-aaachsdb,Bulk ZnO,0.8968000000000007,6.065992860917226,222.96309063844086,20,11.148154531922042,3,11.148154531922042,0,0.0,0.027206264694069476,0.08970094531220953,3.2982659431056094,30.26074705397154,0.08970093726595067,0.1,0.6,0.16666666666666669,2.66,2.34,0.97,4.3999999999999995,0.4939855072453027,0,0.0,0.0,0.0,0.0,Training
mp-aaachsdf,Bulk ZnO,1.8525,6.723354152880164,263.40736840011493,20,13.170368420005747,3,13.170368420005747,0,0.0,0.025524548510987025,0.07592802024285086,3.119995894182232,35.749880056308825,0.07592801447778703,0.1,0.6,0.16666666666666669,2.6550000000000002,2.34,0.975,4.3999999999999995,0.4962714364060516,0,0.0,0.0,0.0,0.0,Training
mp-aaachsdk,Bulk ZnO,1.4599000000000002,6.160769185109675,241.63593338605503,20,12.08179666930275,3,12.08179666930275,0,0.0,0.0254960803998749,0.0827691466237621,3.211018612546922,32.79504171927306,0.08276913977303105,0.1,0.6,0.16666666666666669,2.721,2.34,0.975,4.3999999999999995,0.4962714364060516,0,0.0,0.0,0.0,0.0,Training
mp-aaachsdq,Bulk ZnO,1.8891,7.278858421808321,244.62434595530965,20,12.231217297765482,3,12.231217297765482,0,0.0,0.02975524939426141,0.0817580111329303,3.197889378164677,33.200631705454974,0.08175800444855846,0.1,0.6,0.16666666666666669,2.741,2.34,0.965,4.3999999999999995,0.49211888619224864,0,0.0,0.0,0.0,0.0,Training
mp-aaachsfe,Bulk ZnO,0.8994999999999997,6.580185109208667,283.2867438552781,20,14.164337192763904,3,14.164337192763904,0,0.0,0.023228002198967236,0.07059984427021881,3.0452380301857773,38.44792640342879,0.07059983928588116,0.1,0.6,0.16666666666666669,2.707,2.34,0.99,4.699999999999999,0.5054543839670371,0,0.0,0.0,0.0,0.0,Training
mp-aaachsfx,2D ZnO,1.4613,6.309454142418762,299.9523145261436,20,14.99761572630718,2,14.99761572630718,1,0.0,0.021034857331860446,0.06667726512327618,2.987761475894971,40.70979233440902,0.06667726067741879,0.1,0.6,0.16666666666666669,2.762,2.21,0.9600000000000001,5.0,0.469790511823664,0,0.0,0.0,0.0,0.0,Training
mp-aaacjimk,Bulk ZnO,3.6218,4.68906964456605,99.34883654139075,7,14.192690934484393,3,14.192690934484393,0,0.0,0.04719803278836072,0.07045880197181431,1.5113919735446613,27.149641056026198,0.07045879700737188,0.14285714285714285,0.42857142857142855,0.3333333333333333,2.697142857142857,3.09,0.95,4.571428571428571,0.5874293228452345,0,0.0,0.0,0.0,0.0,Training
mp-aaacjiys,2D ZnO,3.7081999999999997,2.5308010166385286,196.59776045528884,9,21.844195606143202,3,21.844195606143202,1,0.0,0.012872990062438147,0.04577875139145759,1.5478052688103392,45.437757907919966,0.04577874929576361,0.2222222222222222,0.3333333333333333,0.6666666666666666,2.533333333333333,2.62,1.0611111111111111,4.444444444444445,0.46103036571163497,0,0.0,0.0,0.0,0.0,Training
mp-aaacjjgp,2D ZnO,3.9421,3.3543120395152166,111.63527012922435,10,11.163527012922435,2,11.163527012922435,1,0.0,0.030047063402385325,0.08957742466538053,2.076823188153799,24.05108985974811,0.08957741664126626,0.1,0.6,0.16666666666666669,2.839,2.44,0.8150000000000001,4.8,0.4846625766865219,0,0.0,0.0,0.0,0.0,Training
mp-aaacjjhi,Bulk ZnO,0.4443999999999999,6.63604666909781,141.04458602176385,10,14.104458602176384,2,14.104458602176384,0,0.0,0.04704928318250966,0.0708995664566448,1.9210906568884014,30.387134896647417,0.07089956142989663,0.1,0.6,0.16666666666666669,2.617,2.55,1.065,4.8,0.5822542706640839,0,0.0,0.0,0.0,0.0,Training
mp-aaacjjjq,Bulk ZnO,2.828,5.029886840500411,106.48434781971152,10,10.648434781971151,1,10.648434781971151,0,0.0,0.04723592662666728,0.09391051553352221,2.109784390819128,22.94135728882075,0.09391050671433812,0.2,0.6,0.33333333333333337,2.702,1.9,0.91,4.3999999999999995,0.4175824175819587,0,0.0,0.0,0.0,0.0,Training
mp-aaacjjmk,2D ZnO,0.6654999999999998,7.206815391443333,144.50539189616975,8,18.06317398702122,2,18.06317398702122,1,0.0,0.04987229401530972,0.0553612560405232,1.5245042389718064,36.126347974042446,0.055361252975654696,0.25,0.25,1.0,2.1174999999999997,2.24,1.225,3.75,0.35170791713469424,0,0.0,0.0,0.0,0.0,Test
mp-aaacjjtl,2D ZnO,1.7862999999999998,7.290553886102897,153.53428451999207,10,15.353428451999207,2,15.353428451999207,1,0.0,0.04748485922148272,0.06513203243994585,1.8675183457240747,33.07795886790962,0.06513202819776448,0.1,0.6,0.16666666666666669,2.545,2.55,1.1,4.3999999999999995,0.5884564484606379,0,0.0,0.0,0.0,0.0,Training
mp-aaacjlhy,Bulk ZnO,3.5324000000000004,6.605667777340923,130.84011649316815,10,13.084011649316816,2,13.084011649316816,0,0.0,0.050486562947120575,0.07642915848765812,1.9697889308737386,28.188648582069433,0.0764291526462423,0.1,0.6,0.16666666666666669,2.6550000000000002,2.49,1.03,4.3999999999999995,0.5488657873820912,0,0.0,0.0,0.0,0.0,Test
mp-aaacjlpj,Bulk ZnO,2.4361,5.52621613911213,129.9849552138211,10,12.998495521382111,2,12.998495521382111,0,0.0,0.04251427505607615,0.07693198019378719,1.9740991902767813,28.0044096694897,0.07693197427525807,0.1,0.6,0.16666666666666669,2.635,2.49,1.04,4.3999999999999995,0.5497612445734255,0,0.0,0.0,0.0,0.0,Test
mp-aaacjsuq,2D ZnO,1.3495,7.1324235649603756,146.0296383743298,10,14.60296383743298,2,14.60296383743298,1,0.0,0.04884230108601136,0.06847924922176535,1.8989768195686048,31.461131868646735,0.0684792445323581,0.1,0.6,0.16666666666666669,2.787,1.9,0.9550000000000001,5.0,0.46147607852140804,0,0.0,0.0,0.0,0.0,Training
mp-aaackgir,Bulk ZnO,0.7376,5.450391717084088,99.20889048362783,8,12.401111310453478,0,12.401111310453478,0,0.0,0.05493854119841761,0.08063793437262781,1.728116921476921,24.80222262090696,0.08063792787015188,0.5,0.5,1.0,2.545,1.79,0.9750000000000001,4.0,0.3846153846149902,0,0.0,0.0,0.0,0.0,Training
mp-aaackgjd,Bulk ZnO,0.3256332965424118,10.191484561542486,167.44418074615692,14,11.960298624725494,1,11.960298624725494,0,0.0,0.0608649671557869,0.08360995250843509,2.5400251455367737,28.826021207607795,0.08360994551781151,0.14285714285714285,0.5714285714285714,0.25,2.8299999999999996,1.79,0.9214285714285715,4.285714285714286,0.4028025133876739,0,0.0,0.0,0.0,0.0,Training
mp-aaackgjx,Bulk ZnO,0.4679000000000002,6.8472343222986005,348.2890969657784,28,12.438896320206371,1,12.438896320206371,0,0.0,0.019659628687634125,0.08039298457496985,3.9796487132773484,37.77181538824343,0.0803929781119384,0.14285714285714285,0.5714285714285714,0.25,2.71,1.79,0.9785714285714284,4.571428571428571,0.4511397705210703,0,0.0,0.0,0.0,0.0,Training
mp-aaackgkm,Bulk ZnO,0.5756610082246421,6.010024469454974,243.3887240100403,18,13.521595778335573,1,13.521595778335573,0,0.0,0.024693109731768213,0.07395576797246146,2.8829626800293506,35.4366057720443,0.07395576250300624,0.2222222222222222,0.5555555555555556,0.39999999999999997,2.6733333333333333,1.79,0.9777777777777776,4.444444444444445,0.43731548647441326,0,0.0,0.0,0.0,0.0,Test
mp-aaackilo,Bulk ZnO,2.3007999999999997,5.722572056717944,130.77924738719673,12,10.898270615599728,1,10.898270615599728,0,0.0,0.04375749341770706,0.09175767745834877,2.36411338285103,24.950811185754954,0.09175766903887818,0.16666666666666666,0.6666666666666666,0.25,2.928333333333333,1.79,0.8666666666666667,4.666666666666667,0.4364156045345048,0,0.0,0.0,0.0,0.0,Test
mp-aaackktn,2D ZnO,3.3769,3.243686165769265,2498.272339860436,168,14.870668689645454,2,14.870668689645454,1,0.0,0.0012983717243374958,0.06724647161941727,12.381198559768633,82.05409473363322,0.06724646709732963,0.14285714285714285,0.5714285714285714,0.25,2.5671428571428567,2.51,0.9857142857142855,4.142857142857142,0.473294370805547,0,0.0,0.0,0.0,0.0,Training
mp-aaackqlj,Bulk ZnO,0.1278436896050419,5.8772714295699044,345.8475576997886,28,12.351698489278164,1,12.351698489278164,0,0.0,0.01699382082863122,0.0809605254587493,3.988991647663326,37.50703141647536,0.08096051890414314,0.21428571428571427,0.5714285714285714,0.375,2.782142857142857,1.79,0.9428571428571428,4.285714285714286,0.42132383519604805,0,0.0,0.0,0.0,0.0,Test
mp-aaackqll,Bulk ZnO,1.1804999999999994,5.843101820428017,173.93501194427262,14,12.4239294245909,1,12.4239294245909,0,0.0,0.033593591969281605,0.08048983263062348,2.508027910566092,29.94343739333678,0.08048982615201086,0.21428571428571427,0.5714285714285714,0.375,2.782142857142857,1.79,0.9428571428571428,4.285714285714286,0.42132383519604805,0,0.0,0.0,0.0,0.0,Training
mp-aaackqnw,Bulk ZnO,0.3636999999999997,4.920100569674452,1425.9320473423566,126,11.316921010653623,1,11.316921010653623,0,0.0,0.0034504453272121245,0.08836325702535267,11.194488861024535,56.73509673286714,0.08836324921728818,0.047619047619047616,0.5714285714285714,0.08333333333333333,2.741428571428571,1.79,0.9404761904761902,4.285714285714286,0.4181739015682839,0,0.0,0.0,0.0,0.0,Training
mp-aaackqsw,Bulk ZnO,2.3108000000000004,5.139661662072339,313.62682226409385,28,11.200957938003352,1,11.200957938003352,0,0.0,0.016387825585097486,0.08927807831570671,4.121167808418243,34.01270534898414,0.08927807034513216,0.2857142857142857,0.5714285714285714,0.5,2.657142857142857,1.9,0.9285714285714286,4.285714285714286,0.4089241187688523,0,0.0,0.0,0.0,0.0,Training
mp-aaackqtc,Bulk ZnO,1.8453,3.403803508510259,473.568979689381,28,16.913177846049322,1,16.913177846049322,0,0.0,0.007187555888358335,0.05912549428040135,3.5922257005299114,51.35836932668515,0.059125490784577475,0.2857142857142857,0.5714285714285714,0.5,2.657142857142857,1.9,0.9285714285714286,4.285714285714286,0.4089241187688523,0,0.0,0.0,0.0,0.0,Training
mp-aaackquz,2D ZnO,3.0725,6.480818276221113,160.71199492589759,10,16.07119949258976,2,16.07119949258976,1,0.0,0.040325666290243874,0.062223109137627734,1.8392915232566827,34.62434969725819,0.062223105265912654,0.1,0.6,0.16666666666666669,2.787,1.9,0.9550000000000001,5.0,0.46147607852140804,0,0.0,0.0,0.0,0.0,Training
mp-aaackqym,Bulk ZnO,1.963,6.589469814435026,248.07718097939207,26,9.541430037668926,1,9.541430037668926,0,0.0,0.026562176288928475,0.10480609259325563,4.137878571785105,28.266448973578186,0.10480608160893974,0.07692307692307693,0.5,0.15384615384615385,2.655,1.79,0.9750000000000001,4.0,0.3846153846149902,0,0.0,0.0,0.0,0.0,Training
mp-aaackqzc,Bulk ZnO,0.9151999999999996,5.089868003620218,940.755729842982,84,11.199472974321214,1,11.199472974321214,0,0.0,0.005410403404579581,0.08928991589986927,8.572753350528355,49.04830624769691,0.08928990792718092,0.13095238095238096,0.5714285714285714,0.22916666666666669,2.7264285714285714,1.79,0.9363095238095238,4.285714285714286,0.4150650912702698,0,0.0,0.0,0.0,0.0,Training
mp-aaackthg,Bulk ZnO,1.2789000000000001,5.155162732217351,125.50483150158364,12,10.458735958465303,0,10.458735958465303,0,0.0,0.04107541256013162,0.09561384893655335,2.3967777502016707,23.94452802151981,0.09561383979454613,0.3333333333333333,0.6666666666666666,0.5,2.843333333333333,1.79,0.85,4.666666666666667,0.4159451654033622,0,0.0,0.0,0.0,0.0,Training
mp-aaackugb,Bulk ZnO,3.4116000000000004,6.897562485833684,200.8179280477927,15,13.387861869852847,2,13.387861869852847,0,0.0,0.034347344148437445,0.0746945262597777,2.5614768297804646,33.0173065928996,0.07469452068050586,0.06666666666666667,0.6,0.11111111111111112,2.564,2.49,1.0433333333333334,4.3999999999999995,0.5500035029516854,0,0.0,0.0,0.0,0.0,Training
mp-aaackuli,2D ZnO,0.1624,3.2212464137195793,238.0567955384372,15,15.870453035895814,1,15.870453035895814,1,0.0,0.013531419703578549,0.06301017354313695,2.420273234135668,39.139902902220925,0.06301016957285524,0.26666666666666666,0.6,0.4444444444444445,2.7573333333333334,1.79,0.8666666666666667,4.666666666666666,0.3865336777349729,0,0.0,0.0,0.0,0.0,Training
mp-aaackuxa,Bulk ZnO,0.43615227560268144,6.179359438997996,168.50339037439284,14,12.035956455313775,1,12.035956455313775,0,0.0,0.03667201843991539,0.08308438167857515,2.5346917688329693,29.00836734272442,0.08308437477556124,0.2857142857142857,0.5714285714285714,0.5,2.717142857142857,1.79,0.9357142857142857,4.571428571428571,0.41559259813134825,0,0.0,0.0,0.0,0.0,Training
mp-aaackvrc,2D ZnO,2.8707,4.289422419532376,203.82247512788388,14,14.558748223420277,2,14.558748223420277,1,0.0,0.021044894174899374,0.0686872239737841,2.3789063484336803,35.08865440675126,0.0686872192558497,0.14285714285714285,0.5714285714285714,0.25,2.721428571428571,2.46,0.9428571428571428,4.857142857142857,0.42084680037322486,0,0.0,0.0,0.0,0.0,Training
mp-aaackxam,Bulk ZnO,3.5021,6.60107843404707,261.8621639290434,20,13.09310819645217,2,13.09310819645217,0,0.0,0.025208217693625107,0.07637605868642934,3.12612071929358,35.540163544432936,0.07637605285312746,0.1,0.6,0.16666666666666669,2.6550000000000002,2.49,1.03,4.3999999999999995,0.5488657873820912,0,0.0,0.0,0.0,0.0,Test
mp-aaackxaq,Bulk ZnO,2.7632000000000003,7.26886186325035,239.30693684501472,20,11.965346842250735,2,11.965346842250735,0,0.0,0.030374639193839884,0.08357467720608887,3.2214018201720878,32.478948257273636,0.08357467022136279,0.1,0.6,0.16666666666666669,2.623,2.24,0.995,4.3999999999999995,0.5047437902341623,0,0.0,0.0,0.0,0.0,Training
mp-aaackxmm,Bulk ZnO,2.7248,5.950271732957894,271.6664645531357,20,13.583323227656786,2,13.583323227656786,0,0.0,0.021902857030018406,0.07361968667313432,3.0880523354332055,36.87081186105437,0.07361968125327645,0.2,0.6,0.33333333333333337,2.7590000000000003,1.81,0.925,4.699999999999999,0.43663498436178505,0,0.0,0.0,0.0,0.0,Training
mp-aaackxmx,Bulk ZnO,2.2104,3.516061093487771,225.65228719675665,16,14.10326794979729,1,14.10326794979729,0,0.0,0.015581765809543756,0.07090555207201982,2.6280890053791612,35.538008324514635,0.07090554704442287,0.25,0.625,0.4,2.8,1.79,0.8500000000000001,4.75,0.3890810751560997,0,0.0,0.0,0.0,0.0,Training
mp-aaackxoi,Bulk ZnO,0.1781062465829194,3.274596661949665,216.60102619695468,16,13.537564137309667,2,13.537564137309667,0,0.0,0.015118103175430407,0.07386853276240365,2.6641978860528015,34.11252404179676,0.07386852730584394,0.125,0.625,0.2,2.71875,2.44,0.90625,4.75,0.4781553934246573,0,0.0,0.0,0.0,0.0,Training
mp-aaacltwt,Bulk ZnO,0.8438250744728673,5.0030885826563924,231.8001797065971,20,11.590008985329856,2,11.590008985329856,0,0.0,0.021583626850458403,0.0862812100720334,3.2558076521310038,31.46012456627262,0.08628120262758684,0.15,0.6,0.25,2.7175000000000002,1.9,0.9149999999999999,4.5,0.42225271031541833,0,0.0,0.0,0.0,0.0,Training
mp-aaacltwu,Bulk ZnO,1.2706,5.371187060950681,215.9144374209358,20,10.79572187104679,2,10.79572187104679,0,0.0,0.02487646090325719,0.09262928518767376,3.3337735863249387,29.304097630628334,0.09262927660749007,0.15,0.6,0.25,2.7175000000000002,1.9,0.9149999999999999,4.5,0.42225271031541833,0,0.0,0.0,0.0,0.0,Test
mp-aaacltxv,2D ZnO,3.061,4.420913543212967,652.2600224299492,42,15.53000053404641,3,15.53000053404641,1,0.0,0.006777839191712473,0.06439149810765947,4.842939422124726,53.98269565144613,0.06439149396139471,0.023809523809523808,0.5714285714285714,0.041666666666666664,2.6273809523809524,2.55,1.0,4.571428571428571,0.5470701182527845,0,0.0,0.0,0.0,0.0,Training
mp-aaacltye,Bulk ZnO,2.3327,3.012501508202173,1157.521981984386,84,13.780023595052214,2,13.780023595052214,0,0.0,0.0026025436709527726,0.07256881623621131,8.000237322973756,60.3498770826379,0.07256881096997861,0.047619047619047616,0.6666666666666666,0.07142857142857142,2.963333333333333,1.79,0.788095238095238,5.238095238095238,0.3651966945315385,0,0.0,0.0,0.0,0.0,Training
mp-aaacltzq,Bulk ZnO,2.7485,4.248387508525261,925.5131846109787,56,16.527021153767475,2,16.527021153767475,0,0.0,0.0045903046862708794,0.060506971625194625,5.746373143352547,63.23010824676144,0.06050696796410123,0.14285714285714285,0.5714285714285714,0.25,2.701428571428571,1.9,0.9428571428571428,4.571428571428571,0.42084680037322486,0,0.0,0.0,0.0,0.0,Training
mp-aaacltzz,Bulk ZnO,2.8602999999999996,4.072057622590757,372.92912421279686,24,15.538713508866536,2,15.538713508866536,0,0.0,0.01091911936667945,0.06435539206185831,3.3342831263933728,44.821405762585364,0.06435538792024209,0.16666666666666666,0.5833333333333334,0.2857142857142857,2.7016666666666667,1.9,0.9291666666666667,4.5,0.41997137722742944,0,0.0,0.0,0.0,0.0,Training
mp-aaacluaa,Bulk ZnO,2.8743999999999996,4.1683236277512545,406.78359460217285,24,16.9493164417572,2,16.9493164417572,0,0.0,0.01024702982879091,0.05899942947176022,3.23909310643093,48.89028871025724,0.058999425990827754,0.08333333333333333,0.5833333333333334,0.14285714285714285,2.7275,1.9,0.9375,4.666666666666666,0.4267361054601722,0,0.0,0.0,0.0,0.0,Test
mp-aaacluab,Bulk ZnO,2.8448,4.23340587324594,696.5913681922598,42,16.585508766482377,2,16.585508766482377,0,0.0,0.0060773160084256405,0.06029359810902504,4.737944046328129,57.651670391290544,0.06029359447370728,0.14285714285714285,0.5714285714285714,0.25,2.701428571428571,1.9,0.9428571428571428,4.571428571428571,0.42084680037322486,0,0.0,0.0,0.0,0.0,Training
mp-aaacnhoo,2D ZnO,0.41400000000000015,5.480490765388037,171.1375639238263,9,19.015284880425142,2,19.015284880425142,1,0.0,0.032023891422384716,0.05258927259246205,1.6210412297218673,39.55338647049581,0.052589269826830605,0.3333333333333333,0.2222222222222222,1.5,1.9988888888888887,2.55,1.2833333333333332,3.5555555555555554,0.41962323172443955,0,0.0,0.0,0.0,0.0,Training
mp-aaacnrbm,Bulk ZnO,0.9546000000000001,5.7876662120002385,320.29066903916714,26,12.318871886121814,2,12.318871886121814,0,0.0,0.018070043155994926,0.0811762642914226,3.80007282088062,36.49460952984997,0.08117625770183726,0.3076923076923077,0.5384615384615384,0.5714285714285715,2.636153846153846,1.79,0.9576923076923076,4.307692307692308,0.4074276900549128,0,0.0,0.0,0.0,0.0,Training
mp-aaacnrxe,Bulk ZnO,1.7355,5.002345748531337,950.7058401160946,80,11.883823001451182,2,11.883823001451182,0,0.0,0.0052617177022079515,0.08414800522339368,8.135943670524476,51.2058410490505,0.0841479981425075,0.15,0.6,0.25,2.8015,1.79,0.8725,5.0,0.3968145176242028,0,0.0,0.0,0.0,0.0,Test
mp-aaacnsbw,Bulk ZnO,1.2614,4.962759330243453,889.1743632299153,80,11.114679540373942,2,11.114679540373942,0,0.0,0.005581311760065021,0.08997110500284887,8.319444767029383,47.89170234073851,0.08997109690804987,0.15,0.6,0.25,2.8125,1.79,0.8725,4.699999999999999,0.3968145176242028,0,0.0,0.0,0.0,0.0,Test
mp-aaacnvvx,Bulk ZnO,0.41720000000000024,4.9127409442738035,810.6322706035676,80,10.132903382544594,2,10.132903382544594,0,0.0,0.006060381658154262,0.09868839781129721,8.579896009195183,43.661357116190985,0.09868838807189831,0.15,0.6,0.25,2.7865,1.79,0.8625,4.699999999999999,0.38316823380831766,0,0.0,0.0,0.0,0.0,Training
mp-aaacnwtq,Bulk ZnO,1.8717999999999995,6.0592939497209555,976.0910133986274,80,12.201137667482843,2,12.201137667482843,0,0.0,0.006207714103035585,0.08195957026737698,8.064792828380845,52.573108497359485,0.08195956355000636,0.15,0.6,0.25,2.7984999999999998,1.79,0.8875000000000001,5.0,0.4204172269459855,0,0.0,0.0,0.0,0.0,Training
mp-aaacofvi,Bulk ZnO,0.7980999999999998,6.2420759575183125,894.005372343423,80,11.175067154292787,2,11.175067154292787,0,0.0,0.006982145913906748,0.08948492086831535,8.304432207495111,48.151904681288535,0.089484912860765,0.15,0.6,0.25,2.8325,1.79,0.8625,4.699999999999999,0.38316823380831766,0,0.0,0.0,0.0,0.0,Test
mp-aaacoqpe,Bulk ZnO,2.231108909185924,3.76313991325655,240.50175821177342,20,12.02508791058867,2,12.02508791058867,0,0.0,0.015647037016431803,0.08315947521011066,3.2160582814598895,32.64111046560433,0.08315946829461293,0.1,0.6,0.16666666666666669,2.7640000000000002,1.89,0.855,4.8,0.3793965282640848,0,0.0,0.0,0.0,0.0,Test
mp-aaacotkj,Bulk ZnO,0.4022000000000001,5.7829763894779695,288.8015270677493,21,13.752453669892825,3,13.752453669892825,0,0.0,0.020024050593476794,0.07271429695409352,3.1770164703231134,37.94197691442859,0.07271429166672493,0.047619047619047616,0.5714285714285714,0.08333333333333333,2.899047619047619,2.48,0.8619047619047621,4.761904761904763,0.45498839314672707,0,0.0,0.0,0.0,0.0,Training
mp-aaacotna,Bulk ZnO,0.6715,5.943482084923909,502.8141649545644,35,14.36611899870184,3,14.36611899870184,0,0.0,0.011820434862770778,0.06960822196240771,4.401481455415361,46.99252786481383,0.06960821711710348,0.08571428571428572,0.5714285714285714,0.15000000000000002,2.5214285714285714,2.49,1.0985714285714285,4.285714285714286,0.5551371349555457,0,0.0,0.0,0.0,0.0,Test
mp-aaacotoo,2D ZnO,0.4832000000000001,6.095969031485115,300.58121992133266,21,14.313391424825365,3,14.313391424825365,1,0.0,0.020280605132551317,0.0698646442565376,3.13496007170298,39.48956164795692,0.06986463937546943,0.09523809523809523,0.5714285714285714,0.16666666666666666,2.5204761904761903,2.49,1.0976190476190475,4.285714285714286,0.5539061587423277,0,0.0,0.0,0.0,0.0,Training
mp-aaacotyf,2D ZnO,2.4368999999999996,7.865421392117652,214.6691458119612,15,14.31127638746408,2,14.31127638746408,1,0.0,0.036639738619015816,0.06987496942452646,2.5051556601195846,35.29464262584447,0.06987496454201544,0.06666666666666667,0.6,0.11111111111111112,2.8533333333333335,1.8399999999999999,1.0033333333333334,4.8,0.50738195881976,0,0.0,0.0,0.0,0.0,Training
mp-aaacoubu,Bulk ZnO,2.1881000000000004,3.7308458175039525,892.445984971969,78,11.44161519194832,3,11.44161519194832,0,0.0,0.00418047240990292,0.08740024753705393,8.101534566823481,48.88611648252477,0.08740023989825133,0.07692307692307693,0.6153846153846154,0.125,2.7930769230769235,2.51,0.8730769230769231,4.846153846153847,0.44847459357215286,0,0.0,0.0,0.0,0.0,Training
mp-aaacoult,Bulk ZnO,2.182,3.2027298439879313,824.5956673063658,62,13.29993011784461,3,13.29993011784461,0,0.0,0.0038840003300648026,0.07518836498684252,6.611672602357271,52.63968182275292,0.07518835933355272,0.0967741935483871,0.5161290322580645,0.1875,2.448709677419355,2.51,1.0306451612903227,4.129032258064516,0.47751092443255194,0,0.0,0.0,0.0,0.0,Training
mp-aaacoumr,2D ZnO,3.8486,2.228088355437575,2407.5060429609357,150,16.050040286406237,3,16.050040286406237,1,0.0,0.0009254757062612815,0.06230513956073751,11.191856431711807,85.2785642303786,0.062305135678807334,0.013333333333333334,0.5333333333333333,0.025,2.587466666666667,2.51,1.0153333333333334,4.586666666666667,0.507897754448621,0,0.0,0.0,0.0,0.0,Training
mp-aaacoygz,Bulk ZnO,0.351,5.439993598021741,484.2077123505465,40,12.105192808763663,1,12.105192808763663,0,0.0,0.011234834677898334,0.08260917573126478,5.093888375154988,41.39917706573918,0.08260916890698942,0.4,0.5,0.8,2.535,1.89,0.98,4.0,0.3880235375880029,0,0.0,0.0,0.0,0.0,Training
mp-aaacpavf,2D ZnO,2.0204999999999997,4.104683126085716,207.94774285999776,14,14.853410204285554,1,14.853410204285554,1,0.0,0.019739012646312885,0.0673246066894104,2.3630702470047518,35.79883170048026,0.06732460215680805,0.2857142857142857,0.42857142857142855,0.6666666666666666,2.1799999999999997,2.62,1.2714285714285714,3.4285714285714284,0.5225021134192036,0,0.0,0.0,0.0,0.0,Training
mp-aaacpbng,Bulk ZnO,3.5717999999999996,3.457711424497696,271.8030829899101,20,13.590154149495504,1,13.590154149495504,0,0.0,0.01272138412288007,0.07358268265390663,3.0875348583649913,36.88935383563097,0.07358267723949584,0.2,0.6,0.33333333333333337,2.774,1.79,0.8500000000000001,4.8,0.3720326659017246,0,0.0,0.0,0.0,0.0,Training
mp-aaacpbni,2D ZnO,0.16929999999999978,1.9488761939981891,267.16950650488974,15,17.811300433659316,2,17.811300433659316,1,0.0,0.007294530799915673,0.056144131851834186,2.328961430380692,43.92644418901815,0.056144128699670816,0.06666666666666667,0.5333333333333333,0.125,3.099333333333333,1.79,0.7166666666666667,5.466666666666667,0.2989073304751109,0,0.0,0.0,0.0,0.0,Training
mp-aaacpboa,Bulk ZnO,1.7682,3.258137587193603,457.40058394306976,28,16.33573514082392,1,16.33573514082392,0,0.0,0.007123160095482358,0.061215488092785236,3.6340630654174384,49.604913176107644,0.061215484345449475,0.14285714285714285,0.7142857142857143,0.19999999999999998,3.057142857142857,1.79,0.7857142857142856,5.428571428571429,0.3798651348318108,0,0.0,0.0,0.0,0.0,Training
mp-aaacpboz,Bulk ZnO,1.7114,3.3512999017050196,246.00616340849353,18,13.667009078249642,2,13.667009078249642,0,0.0,0.013622829018881864,0.07316889849670546,2.872701552530341,35.81769642639761,0.07316889314301814,0.1111111111111111,0.2222222222222222,0.5,3.362222222222222,2.33,0.7166666666666667,5.666666666666667,0.49442538663813096,0,0.0,0.0,0.0,0.0,Training
mp-aaacpbqm,Bulk ZnO,0.10899999999999999,3.134681864981057,953.870869518282,68,14.027512787033558,1,14.027512787033558,0,0.0,0.0032862748671254787,0.07128847538277476,6.907894836372902,57.25546913440637,0.07128847030072841,0.17647058823529413,0.7058823529411765,0.25,2.9770588235294118,1.79,0.7794117647058825,5.176470588235294,0.37603541640263033,0,0.0,0.0,0.0,0.0,Training
mp-aaacpbrp,Bulk ZnO,3.0713999999999997,4.177783286085732,834.7027952179599,72,11.59309437802722,2,11.59309437802722,0,0.0,0.005005114766621594,0.08625824714196526,7.64695510520973,48.2292161496968,0.08625823970148071,0.25,0.5833333333333334,0.42857142857142855,2.771666666666667,1.79,0.8416666666666667,4.666666666666666,0.3771484545488769,0,0.0,0.0,0.0,0.0,Training
mp-aaacpbtc,2D ZnO,0.23289999999999988,1.4358540120076393,533.9684754939593,23,23.216020673650405,3,23.216020673650405,1,0.0,0.0026890239366272905,0.04307370388995969,2.835018931896699,66.02327459734569,0.0430737020346158,0.043478260869565216,0.5217391304347826,0.08333333333333333,3.0230434782608695,1.79,0.7239130434782608,5.391304347826086,0.2723973686590488,0,0.0,0.0,0.0,0.0,Training
mp-aaacpbub,Bulk ZnO,2.2835,4.187178336438917,104.41415183793292,9,11.601572426436991,1,11.601572426436991,0,0.0,0.040101636250784015,0.08619521244562142,1.9112729841682221,24.132243126196617,0.08619520501600741,0.1111111111111111,0.6666666666666666,0.16666666666666666,2.8388888888888886,1.81,0.8499999999999999,4.666666666666667,0.41594516540336224,0,0.0,0.0,0.0,0.0,Training
mp-aaacpcct,2D ZnO,0.8175,2.9715799261320797,130.21651333397548,7,18.602359047710785,1,18.602359047710785,1,0.0,0.022820300206554133,0.05375662287966969,1.381049841939856,35.58503269549404,0.05375661998989534,0.14285714285714285,0.7142857142857143,0.19999999999999998,2.8285714285714287,2.49,0.907142857142857,4.857142857142857,0.5685671873548284,0,0.0,0.0,0.0,0.0,Test
mp-aaacpcxa,Bulk ZnO,4.4924,4.045845468828908,919.036685954591,96,9.573298812026989,2,9.573298812026989,0,0.0,0.0044022676468312505,0.10445720118374392,9.87401123630995,43.83476599338476,0.1044571902724382,0.125,0.5416666666666666,0.23076923076923078,2.787916666666667,1.79,0.7895833333333333,4.666666666666666,0.32339933582978453,0,0.0,0.0,0.0,0.0,Training
mp-aaacpdde,Bulk ZnO,0.15619999999999998,3.2723295509649923,1742.4405437231912,132,13.200307149418116,2,13.200307149418116,0,0.0,0.001878015042035686,0.07575581300349372,10.9695280225921,67.21125637480351,0.07575580726455096,0.06060606060606061,0.696969696969697,0.08695652173913043,2.990909090909091,1.79,0.7848484848484849,5.151515151515151,0.37688816940490516,0,0.0,0.0,0.0,0.0,Test
mp-aaacpden,Bulk ZnO,0.5259018076467897,2.960772103836893,400.2413850523344,26,15.393899425089785,2,15.393899425089785,0,0.0,0.00739746616519866,0.06496079858558433,3.528033365514933,45.60436652428698,0.06496079436567925,0.07692307692307693,0.6923076923076923,0.11111111111111112,2.9084615384615384,2.62,0.8538461538461539,5.153846153846153,0.5725861349248408,0,0.0,0.0,0.0,0.0,Test
mp-aaacpebt,2D ZnO,0.32389999999999997,2.0626627085130833,527.3414202930929,24,21.97255917887887,2,21.97255917887887,1,50.0,0.0039114369346649625,0.04551131217164955,2.970621228069878,63.37982806858431,0.04551131010037011,0.08333333333333333,0.5,0.16666666666666666,3.0199999999999996,2.13,0.8708333333333333,5.666666666666666,0.35273900709177786,1,23.0,15.5,23.0,6700.0,Training
mp-aaacpegp,Bulk ZnO,0.75,3.3116271431388826,391.3307688469778,28,13.976098887392064,1,13.976098887392064,0,0.0,0.008462475753941621,0.07155072442297235,3.8280420460347915,42.439667751298465,0.07155071930346656,0.07142857142857142,0.7142857142857143,0.09999999999999999,2.9071428571428575,1.89,0.825,4.857142857142857,0.43144777916537574,0,0.0,0.0,0.0,0.0,Training
mp-aaacpfqe,Bulk ZnO,0.46409999999999996,1.9986191663343598,753.4325080969043,32,23.544765878028258,2,23.544765878028258,0,0.0,0.0026526850711322152,0.04247228471841336,3.516698963632709,74.74997224625406,0.04247228291451847,0.125,0.375,0.3333333333333333,2.80375,2.46,0.95,5.25,0.3297358970033811,0,0.0,0.0,0.0,0.0,Training
mp-aaacpgng,Bulk ZnO,1.0321,3.0645469163798182,851.4433932835892,60,14.190723221393153,2,14.190723221393153,0,0.0,0.003599237413260559,0.07046857192538679,6.3304219278181595,55.55480314421564,0.07046856695956752,0.13333333333333333,0.6666666666666666,0.2,2.872,2.44,0.8333333333333333,5.066666666666666,0.44560071813174124,0,0.0,0.0,0.0,0.0,Training
mp-aaacphoq,Bulk ZnO,0.9307,3.060713980148678,2557.528970968182,180,14.208494283156567,2,14.208494283156567,0,0.0,0.0011967465529784437,0.07038043441277575,13.162316141701083,80.22423021960272,0.07038042945937056,0.13333333333333333,0.6666666666666666,0.2,2.872,2.44,0.8333333333333333,5.066666666666666,0.44560071813174124,0,0.0,0.0,0.0,0.0,Training
mp-aaacphqh,Bulk ZnO,0.9096000000000001,2.423930247199244,1334.345620347046,74,18.03169757225738,2,18.03169757225738,0,0.0,0.0018165685188585633,0.0554578955194184,6.721645565158228,75.70313324165673,0.05545789244384038,0.02702702702702703,0.7567567567567568,0.03571428571428571,3.0510810810810813,2.55,0.768918918918919,5.513513513513513,0.49090366329743224,0,0.0,0.0,0.0,0.0,Training
mp-aaacphty,Bulk ZnO,2.6036,3.0616748749331797,990.6854020646234,40,24.767135051615586,2,24.767135051615586,0,0.0,0.0030904612791836246,0.04037608701676494,4.012497148549435,84.70241041271194,0.04037608538653661,0.1,0.6,0.16666666666666669,2.8280000000000003,2.55,0.94,5.199999999999999,0.5226858934691566,0,0.0,0.0,0.0,0.0,Training
mp-aaacppfk,Bulk ZnO,1.1575841766888866,5.9533436507355795,220.54970203200665,18,12.25276122400037,2,12.25276122400037,0,0.0,0.026993206501233984,0.08161425671474179,2.97922758142129,32.111318533095435,0.08161425005385543,0.2222222222222222,0.5555555555555556,0.39999999999999997,2.6766666666666667,1.79,0.95,4.444444444444445,0.4173816580125544,0,0.0,0.0,0.0,0.0,Test
mp-aaacprcs,Bulk ZnO,4.2234,3.436842739221928,196.60655246221782,16,12.287909528888614,3,12.287909528888614,0,0.0,0.01748081483643528,0.08138080750423994,2.751612793731593,30.96359174930112,0.08138080088140466,0.125,0.5,0.25,2.8625000000000003,3.05,0.8812500000000001,5.0,0.49781980284866656,0,0.0,0.0,0.0,0.0,Test
mp-aaacpref,Bulk ZnO,0.5874999999999999,3.208186495609639,233.00404452052263,17,13.706120265913096,1,13.706120265913096,0,0.0,0.013768801748533885,0.07296010691566629,2.7626620896218803,35.242294719090104,0.07296010159248949,0.17647058823529413,0.7058823529411765,0.25,2.9770588235294118,1.79,0.7794117647058825,5.176470588235294,0.37603541640263033,0,0.0,0.0,0.0,0.0,Test
mp-aaacprkl,Bulk ZnO,2.2801,3.4975233250718896,226.8483020489182,16,14.178018878057388,1,14.178018878057388,0,0.0,0.015417895102065492,0.07053171593301022,2.6234621633776998,35.7263688605428,0.07053171095828763,0.25,0.625,0.4,2.8,1.79,0.8500000000000001,4.75,0.3890810751560997,0,0.0,0.0,0.0,0.0,Training
mp-aaacprvf,2D ZnO,0.1996,4.060601262917385,548.3880110214637,20,27.41940055107319,3,27.41940055107319,1,0.0,0.007404613487727131,0.036470527433206786,2.4434343699123713,74.42770389230515,0.03647052610310746,0.15,0.2,0.7499999999999999,2.5290000000000004,1.79,1.0899999999999999,5.050000000000001,0.2735422296488422,0,0.0,0.0,0.0,0.0,Test
mp-aaacpsqf,Bulk ZnO,2.9354000000000005,4.50357122228847,321.7512724770255,23,13.989185759870674,3,13.989185759870674,0,0.0,0.013997057999545428,0.07148378877551231,3.3565084508569476,39.78338345750594,0.07148378366558063,0.13043478260869565,0.6086956521739131,0.21428571428571427,2.7147826086956526,2.49,0.9500000000000001,4.869565217391305,0.5244819309724208,0,0.0,0.0,0.0,0.0,Training
mp-aaacpsvp,2D ZnO,3.522,6.4648371112467835,330.7307264653262,23,14.37959680284027,3,14.37959680284027,1,0.0,0.019547131832410972,0.069542979105122,3.325852524429295,40.893660531176586,0.0695429742688964,0.13043478260869565,0.6086956521739131,0.21428571428571427,2.9060869565217393,1.79,0.9217391304347826,4.9565217391304355,0.48036842837991695,0,0.0,0.0,0.0,0.0,Training
mp-aaacpsws,Bulk ZnO,3.9863,5.330093344357318,292.40902983735526,21,13.924239516064537,3,13.924239516064537,0,0.0,0.018228210487624272,0.07181720760019172,3.1638972288938003,38.41592103859181,0.07181720244248078,0.047619047619047616,0.6666666666666666,0.07142857142857142,2.9347619047619045,2.21,0.8595238095238095,5.428571428571429,0.4676602591302086,0,0.0,0.0,0.0,0.0,Training
mp-aaacpsxt,Bulk ZnO,3.9621000000000004,5.346308184248711,292.96873618672566,21,13.950892199367889,3,13.950892199367889,0,0.0,0.018248732795984088,0.07168000337966268,3.1618811067337607,38.48945377092286,0.07167999824164016,0.047619047619047616,0.6666666666666666,0.07142857142857142,2.9357142857142855,2.2,0.8595238095238095,5.428571428571429,0.4676602591302086,0,0.0,0.0,0.0,0.0,Training
mp-aaacpsym,2D ZnO,4.0068,4.931091377328368,306.25639173836186,21,14.583637701826754,3,14.583637701826754,1,0.0,0.016101186817158913,0.06856999744821825,3.115474786921628,40.23515063515305,0.06856999274637403,0.047619047619047616,0.6666666666666666,0.07142857142857142,2.9290476190476187,2.27,0.8690476190476191,5.428571428571429,0.48737870247288034,0,0.0,0.0,0.0,0.0,Training
mp-aaacpszb,2D ZnO,3.1830999999999996,5.986464991201564,352.6364855191094,23,15.332021109526496,3,15.332021109526496,1,0.0,0.016976306301343166,0.06522297307421875,3.2555079069990662,43.602228567769565,0.0652229688201828,0.13043478260869565,0.6086956521739131,0.21428571428571427,2.8460869565217393,1.81,0.9543478260869566,4.869565217391305,0.48288348196825576,0,0.0,0.0,0.0,0.0,Training
mp-aaacpszg,Bulk ZnO,2.8908,4.930933677190638,344.0831146861626,23,14.960135421137505,3,14.960135421137505,0,0.0,0.014330647063829713,0.06684431469698315,3.2822630400130532,42.544635138280746,0.06684431022882105,0.13043478260869565,0.6086956521739131,0.21428571428571427,2.7069565217391305,2.55,0.9695652173913044,4.869565217391305,0.55723691582026,0,0.0,0.0,0.0,0.0,Test
mp-aaacptaw,2D ZnO,0.31210000000000004,5.080638240849681,301.7456485282181,21,14.368840406105624,3,14.368840406105624,1,0.0,0.01683748635856321,0.06959503841208221,3.130922296900491,39.64254118296673,0.06959503356861318,0.047619047619047616,0.6666666666666666,0.07142857142857142,2.931904761904762,2.24,0.8642857142857142,5.428571428571429,0.4774351863551486,0,0.0,0.0,0.0,0.0,Training
mp-aaacptck,Bulk ZnO,3.2694,6.481463726813991,315.47373297600643,23,13.716249259826366,3,13.716249259826366,0,0.0,0.0205451771393815,0.07290622830316361,3.3786258542489223,39.007188357433684,0.07290622298784588,0.13043478260869565,0.6086956521739131,0.21428571428571427,2.8947826086956523,1.79,0.9239130434782609,5.130434782608695,0.48163504683380154,0,0.0,0.0,0.0,0.0,Test
mp-aaacptdn,Bulk ZnO,3.9594000000000005,5.259670920189321,294.7895723275217,21,14.037598682262937,3,14.037598682262937,0,0.0,0.01784211998633941,0.07123725521969364,3.155357626397277,38.728670382830984,0.07123725014494747,0.047619047619047616,0.6666666666666666,0.07142857142857142,2.9338095238095234,2.2199999999999998,0.8595238095238095,5.428571428571429,0.4676602591302086,0,0.0,0.0,0.0,0.0,Training
mp-aaacptrw,2D ZnO,3.2486,4.160744396424051,348.26113844123233,24,14.51088076838468,2,14.51088076838468,1,0.0,0.011947196908179176,0.06891380447276033,3.4112187482448255,41.85662310596968,0.06891379972364821,0.16666666666666666,0.5833333333333334,0.2857142857142857,2.6725000000000003,2.55,0.9375,4.666666666666666,0.5022615520484606,0,0.0,0.0,0.0,0.0,Training
mp-aaacptrx,Bulk ZnO,2.7456000000000005,4.6718041746679315,299.0373554591686,22,13.592607066325847,2,13.592607066325847,0,0.0,0.015622811295580201,0.07356940395028319,3.28988613014664,38.08701960598936,0.0735693985378264,0.18181818181818182,0.6363636363636364,0.28571428571428575,2.879090909090909,1.81,0.8772727272727272,5.0,0.418375735505976,0,0.0,0.0,0.0,0.0,Training
mp-aaacpttt,2D ZnO,3.1063,4.883773888525123,406.2040698126343,24,16.92516957552643,2,16.92516957552643,1,0.0,0.012022956566579486,0.05908360300543084,3.2406327617458284,48.82063709536603,0.0590835995145589,0.08333333333333333,0.5833333333333334,0.14285714285714285,2.6275,2.55,1.0291666666666666,4.666666666666666,0.5611487925216161,0,0.0,0.0,0.0,0.0,Training
mp-aaacpuey,2D ZnO,3.8987000000000007,3.9512003166327134,343.61943383843277,24,14.317476409934699,2,14.317476409934699,1,0.0,0.011498768484935393,0.06984471085324183,3.426509990453568,41.29874840022955,0.06984470597495855,0.08333333333333333,0.5833333333333334,0.14285714285714285,2.6191666666666666,2.49,0.9791666666666667,4.666666666666666,0.5320850791571042,0,0.0,0.0,0.0,0.0,Training
mp-aaacpuin,2D ZnO,3.709,4.32910664859534,320.449524962429,22,14.565887498292227,2,14.565887498292227,1,0.0,0.01350948062445374,0.068653557849959,3.214914815915014,40.814189656116426,0.06865355313664832,0.18181818181818182,0.6363636363636364,0.28571428571428575,2.917272727272727,1.79,0.8636363636363636,4.909090909090909,0.4109309746509586,0,0.0,0.0,0.0,0.0,Training
mp-aaacpunj,Bulk ZnO,4.4661,2.7406618959908218,282.26793790297774,22,12.830360813771716,2,12.830360813771716,0,0.0,0.009709433938376852,0.07794013079715036,3.353787157014712,35.951175626688006,0.07794012472248685,0.09090909090909091,0.5454545454545454,0.16666666666666669,2.6572727272727272,2.62,0.8818181818181818,4.363636363636363,0.5336981074445406,0,0.0,0.0,0.0,0.0,Training
mp-aaacpvax,Bulk ZnO,1.6684,5.7770006286533615,327.6420001846207,22,14.892818190210033,2,14.892818190210033,0,0.0,0.01763205152391366,0.06714645859689347,3.191215685631942,41.7302623132685,0.06714645408824688,0.09090909090909091,0.6363636363636364,0.14285714285714288,2.8018181818181818,2.55,0.9545454545454546,5.272727272727273,0.5343952014117629,0,0.0,0.0,0.0,0.0,Training
mp-aaacpvna,2D ZnO,3.4519,4.742398334946295,326.5852634658844,22,14.844784702994746,2,14.844784702994746,1,0.0,0.014521164502701737,0.06736372537610888,3.1946539343364564,41.59567059290273,0.06736372083823769,0.18181818181818182,0.6363636363636364,0.28571428571428575,2.876363636363636,1.79,0.8863636363636362,4.909090909090909,0.4283202670317446,0,0.0,0.0,0.0,0.0,Test
mp-aaacpvwj,Bulk ZnO,2.2037,5.384264760070563,372.66453179363873,26,14.333251222832258,3,14.333251222832258,0,0.0,0.014448020406331759,0.06976784153528563,3.612994726441374,42.46220039513571,0.06976783666773426,0.23076923076923078,0.5384615384615384,0.4285714285714286,2.5346153846153845,2.55,1.0384615384615383,4.230769230769231,0.5011372526093796,0,0.0,0.0,0.0,0.0,Training
mp-aaacpwbl,Bulk ZnO,2.3120000000000003,5.32610143413571,349.32930786651144,26,13.43574261025044,3,13.43574261025044,0,0.0,0.015246649262451702,0.07442833857483075,3.691716479167535,39.80333465900032,0.07442833303525358,0.23076923076923078,0.5384615384615384,0.4285714285714286,2.5453846153846156,2.55,1.023076923076923,4.230769230769231,0.48895309737964565,0,0.0,0.0,0.0,0.0,Training
mp-aaacpwom,Bulk ZnO,2.7138,4.019226141968605,346.17263447461244,26,13.314332095177402,4,13.314332095177402,0,0.0,0.011610467557808549,0.0751070344987272,3.702903864054527,39.44365648543313,0.075107028857661,0.15384615384615385,0.46153846153846156,0.3333333333333333,2.654615384615385,3.16,0.9423076923076923,4.3076923076923075,0.5264515048936855,0,0.0,0.0,0.0,0.0,Training
mp-aaacpwqv,Bulk ZnO,0.3284,4.674617193698931,347.66693916541874,28,12.416676398764954,3,12.416676398764954,0,0.0,0.013445676499814567,0.08053684962744673,3.982021188907653,37.704342619838485,0.08053684314126312,0.07142857142857142,0.6428571428571429,0.11111111111111109,2.9542857142857146,1.79,0.8142857142857143,5.214285714285714,0.43321256929300295,0,0.0,0.0,0.0,0.0,Training
mp-aaacpwvd,2D ZnO,1.8994999999999997,2.8667188872160394,871.6932187118508,28,31.131900668280387,2,31.131900668280387,1,0.0,0.003288678660885246,0.0321213924795436,2.9311416652336266,94.5347862428288,0.03212139144775978,0.14285714285714285,0.2857142857142857,0.5,2.6042857142857145,2.62,1.1714285714285715,5.142857142857143,0.4261318343814935,0,0.0,0.0,0.0,0.0,Test
mp-aaacpwvp,2D ZnO,0.8614999999999999,3.1254472860028804,1099.1875721712197,28,39.25669900611499,2,39.25669900611499,1,0.0,0.002843415778281772,0.0254733593327404,2.7131101630046515,119.20645927421107,0.02547335868384838,0.14285714285714285,0.2857142857142857,0.5,2.475714285714286,2.62,1.278571428571429,5.142857142857143,0.398727729162939,0,0.0,0.0,0.0,0.0,Training
mp-aaacpxcd,Bulk ZnO,0.22940000000000005,3.413664519227253,345.4321018810322,26,13.285850072347394,2,13.285850072347394,0,0.0,0.00988230248618563,0.07526804792727247,3.7055480535692675,39.359278604778936,0.07526804226199386,0.15384615384615385,0.6153846153846154,0.25,2.74,2.44,0.8846153846153846,4.76923076923077,0.44471268947605647,0,0.0,0.0,0.0,0.0,Training
mp-aaacpxdq,Bulk ZnO,1.1174,3.1527367964747333,411.05289775795126,28,14.680460634212546,1,14.680460634212546,0,0.0,0.007669905293627742,0.06811775358530088,3.7658133724591303,44.57852486390461,0.06811774894527284,0.07142857142857142,0.7142857142857143,0.09999999999999999,2.9071428571428575,1.89,0.825,4.857142857142857,0.43144777916537574,0,0.0,0.0,0.0,0.0,Test
mp-aaacpxmv,Bulk ZnO,0.8601000000000001,5.212650229607107,340.53376071920104,26,13.097452335353886,2,13.097452335353886,0,0.0,0.015307293522375242,0.07635072641575531,3.7232307813962935,38.801151049638825,0.07635072058632233,0.3076923076923077,0.5384615384615384,0.5714285714285715,2.5807692307692305,2.62,1.0192307692307692,4.3076923076923075,0.49039184135025726,0,0.0,0.0,0.0,0.0,Test
mp-aaacpxrs,2D ZnO,0.5091000000000001,1.463994769885776,626.9587280345262,26,24.113797232097163,3,24.113797232097163,1,0.0,0.002335073593241619,0.04147003436973956,3.0378082956751062,71.43702949446039,0.041470032649975876,0.07692307692307693,0.15384615384615385,0.5,2.937692307692308,1.79,0.7576923076923078,5.0769230769230775,0.2821714133942935,0,0.0,0.0,0.0,0.0,Training
mp-aaacpydq,Bulk ZnO,0.8426,4.9735447536119555,343.2023349745702,28,12.257226249091792,2,12.257226249091792,0,0.0,0.014491581923475182,0.08158452652157708,3.9992137786598856,37.220158053777034,0.08158451986554266,0.14285714285714285,0.5714285714285714,0.25,2.71,1.89,0.9142857142857141,4.571428571428571,0.3994319697234449,0,0.0,0.0,0.0,0.0,Training
mp-aaacpyee,Bulk ZnO,0.2290000000000001,1.9877952802895251,593.013842064014,28,21.179065788000504,1,21.179065788000504,0,0.0,0.0033520217224119173,0.04721643579607621,3.332752691008155,64.31211760647147,0.04721643356668451,0.14285714285714285,0.7142857142857143,0.19999999999999998,3.0614285714285714,1.79,0.7642857142857142,5.428571428571429,0.3612364128983627,0,0.0,0.0,0.0,0.0,Training
mp-aaacpyhb,Bulk ZnO,1.7382,4.324535908252364,412.0092669667477,28,14.714616677383846,2,14.714616677383846,0,0.0,0.010496210291797604,0.06795963645706012,3.7628973391809732,44.6822427279215,0.06795963183854824,0.14285714285714285,0.5714285714285714,0.25,2.7899999999999996,1.79,0.907142857142857,4.7142857142857135,0.42940466785577813,0,0.0,0.0,0.0,0.0,Training
mp-aaacpyvh,Bulk ZnO,0.36219999999999997,3.1979090001339614,374.8664457413865,28,13.38808734790666,2,13.38808734790666,0,0.0,0.008530795531217378,0.07469326827751527,3.88328419478383,40.654118395161454,0.07469326269843135,0.14285714285714285,0.5714285714285714,0.25,2.6057142857142854,2.51,0.95,4.428571428571429,0.4699097741949865,0,0.0,0.0,0.0,0.0,Training
mp-aaacpyyw,Bulk ZnO,0.338,3.933460001654892,378.8710281335587,28,13.531108147627096,1,13.531108147627096,0,0.0,0.010382055395030834,0.07390377706613531,3.869553888752499,41.08841377834137,0.07390377160436745,0.14285714285714285,0.7142857142857143,0.19999999999999998,3.057142857142857,1.79,0.7857142857142856,5.428571428571429,0.3798651348318108,0,0.0,0.0,0.0,0.0,Test
mp-aaacpzaw,Bulk ZnO,3.6651999999999996,4.371693046738549,711.316479454473,55,12.933026899172235,3,12.933026899172235,0,0.0,0.00614591841045397,0.07732141963332682,6.161338453665845,49.183686471300334,0.07732141365472536,0.07272727272727272,0.5636363636363636,0.12903225806451613,2.727636363636363,2.55,0.8745454545454544,4.581818181818182,0.5221628011919135,0,0.0,0.0,0.0,0.0,Training
mp-aaacpzjw,Bulk ZnO,3.7083999999999997,4.396932474902509,1414.4667106040158,110,12.858788278218325,3,12.858788278218325,0,0.0,0.0031085443311881828,0.07776782526965728,9.79930123354131,61.61185349402146,0.07776781922182312,0.07272727272727272,0.5636363636363636,0.12903225806451613,2.727636363636363,2.55,0.8745454545454544,4.581818181818182,0.5221628011919135,0,0.0,0.0,0.0,0.0,Test
mp-aaacpzog,2D ZnO,3.561940687765531,4.617911220127642,656.3218958530618,46,14.267867301153519,3,14.267867301153519,1,0.0,0.007036046259169,0.0700875596116003,5.293206867448603,51.122451557336156,0.07008755469933464,0.13043478260869565,0.6086956521739131,0.21428571428571427,2.7647826086956524,2.49,0.9239130434782609,5.043478260869565,0.49416246295308486,0,0.0,0.0,0.0,0.0,Training
mp-aaacpzto,2D ZnO,4.0248,3.424413631669519,1187.5074098753653,78,15.224453972761093,2,15.224453972761093,1,0.0,0.002883698748481012,0.06568380066629351,7.365730532625512,65.04889544082803,0.06568379635193212,0.15384615384615385,0.5384615384615384,0.28571428571428575,2.6376923076923076,2.65,0.9269230769230768,4.3076923076923075,0.5926496621190993,0,0.0,0.0,0.0,0.0,Training
mp-aaacpzvb,2D ZnO,4.1025,4.57656535463202,1119.002556490042,72,15.541702173472807,3,15.541702173472807,1,0.0,0.004089861393156475,0.06434301653951648,6.935143793672203,64.65608654746282,0.06434301239949297,0.1111111111111111,0.6111111111111112,0.1818181818181818,2.7444444444444445,2.55,0.9444444444444444,5.0,0.5441732880925169,0,0.0,0.0,0.0,0.0,Test
mp-aaacpzyi,2D ZnO,3.641605051543101,4.804881416708262,753.8698938862643,50,15.077397877725286,3,15.077397877725286,1,0.0,0.006373621570081123,0.06632444193021914,5.493779245761465,55.545608699073675,0.06632443753128783,0.08,0.48,0.16666666666666669,2.6060000000000003,3.09,1.002,4.48,0.6109023656779264,0,0.0,0.0,0.0,0.0,Training
mp-aaacpzyl,Bulk ZnO,3.6828,4.362770527207419,2138.313684757654,165,12.959476877319114,3,12.959476877319114,0,0.0,0.0020402855569349614,0.07716360849025773,12.807375390472217,71.0802236928189,0.07716360253603573,0.07272727272727272,0.5636363636363636,0.12903225806451613,2.727636363636363,2.55,0.8745454545454544,4.581818181818182,0.5221628011919135,0,0.0,0.0,0.0,0.0,Training
mp-aaacpzzk,2D ZnO,3.0524999999999998,4.280966713498354,1404.3864888740627,88,15.958937373568894,2,15.958937373568894,1,0.0,0.0030482824688313035,0.06266081359879228,7.858152594270512,70.98471797091958,0.06266080967241497,0.045454545454545456,0.6363636363636364,0.07142857142857144,2.6818181818181817,2.55,0.9818181818181817,4.545454545454546,0.566784664547678,0,0.0,0.0,0.0,0.0,Training
mp-aaacqaab,Bulk ZnO,0.8375,3.8132698741174673,641.0530083960731,42,15.263166866573169,1,15.263166866573169,0,0.0,0.005948447045991316,0.06551720286764554,4.870998279676188,53.05517471355637,0.06551719857514195,0.14285714285714285,0.6666666666666666,0.21428571428571427,3.0147619047619045,1.79,0.8119047619047619,5.428571428571429,0.37575584653452726,0,0.0,0.0,0.0,0.0,Training
mp-aaacqahm,Bulk ZnO,3.5827000000000004,6.593305976170934,524.3417154466041,40,13.108542886165102,2,13.108542886165102,0,0.0,0.012574444836141133,0.07628612948700887,4.9604588867625266,44.830586062644514,0.07628612366743577,0.1,0.6,0.16666666666666669,2.6550000000000002,2.49,1.03,4.3999999999999995,0.5488657873820912,0,0.0,0.0,0.0,0.0,Training
mp-aaacqaif,2D ZnO,2.9945000000000004,5.730504529216108,667.4988693961229,46,14.510844986872238,3,14.510844986872238,1,0.0,0.008585040053177045,0.06891397440360546,5.263496278452708,51.993052236855,0.06891396965446993,0.13043478260869565,0.6086956521739131,0.21428571428571427,2.8847826086956525,1.79,0.9065217391304348,5.217391304347826,0.4604066739821009,0,0.0,0.0,0.0,0.0,Test
mp-aaacqaqw,2D ZnO,4.1259999999999994,3.61971674779983,717.7176583788006,42,17.088515675685727,2,17.088515675685727,1,0.0,0.005043371450517382,0.058518833290058234,4.690992585966639,59.40013581024338,0.05851882986560459,0.14285714285714285,0.5714285714285714,0.25,2.765238095238095,2.62,0.9642857142857142,4.9523809523809526,0.5175652613198611,0,0.0,0.0,0.0,0.0,Training
mp-aaacqaua,2D ZnO,3.3810999999999996,4.596741235418745,1066.713479559631,72,14.815464993883763,3,14.815464993883763,1,0.0,0.0043092557875207575,0.06749703775162155,7.046658669837567,61.6348181295388,0.06749703319577176,0.1111111111111111,0.5,0.2222222222222222,2.6127777777777776,3.09,0.9777777777777777,4.444444444444445,0.5885551892075144,0,0.0,0.0,0.0,0.0,Training
mp-aaacqavk,Bulk ZnO,3.0358,3.570417575759273,605.2767520342921,50,12.105535040685844,3,12.105535040685844,0,0.0,0.005898818290574276,0.08260684031222669,5.910878147847653,44.597172397781584,0.08260683348833718,0.04,0.6,0.06666666666666667,2.736,2.44,0.874,4.8,0.4154184778852898,0,0.0,0.0,0.0,0.0,Training
mp-aaacqaxf,Bulk ZnO,0.4615,3.8447333468740568,733.6348018171951,52,14.108361573407599,1,14.108361573407599,0,0.0,0.005240663798051494,0.07087995262928816,5.7655848600738615,52.659616977155615,0.07087994760532083,0.15384615384615385,0.6923076923076923,0.22222222222222224,2.970769230769231,1.79,0.8,5.23076923076923,0.38135638490436835,0,0.0,0.0,0.0,0.0,Training
mp-aaacqbaf,Bulk ZnO,0.1068,2.697585597041306,1374.1733111924386,84,16.35920608562427,2,16.35920608562427,0,0.0,0.0019630606816984945,0.06112766076580909,7.555538963431358,71.64545616536194,0.06112765702921841,0.14285714285714285,0.5714285714285714,0.25,2.707142857142857,2.51,0.8976190476190475,4.761904761904762,0.44478574813201605,0,0.0,0.0,0.0,0.0,Training
mp-aaacqbep,Bulk ZnO,2.4246,2.4634519562860624,688.8964752618583,44,15.656738074133143,3,15.656738074133143,0,0.0,0.0035759392662731695,0.06387026437212506,4.981972840072637,55.273739196652144,0.06387026029271466,0.09090909090909091,0.5454545454545454,0.16666666666666669,2.7636363636363637,2.62,0.8681818181818182,4.727272727272727,0.5503611529215818,0,0.0,0.0,0.0,0.0,Training
mp-aaacqbhj,Bulk ZnO,0.6376,3.3159127139260725,1878.6031082377235,128,14.676586783107215,2,14.676586783107215,0,0.0,0.0017650948725602064,0.06813573310866818,10.373650788896978,73.96536251458267,0.06813572846619037,0.09375,0.59375,0.15789473684210525,2.6440625,2.51,0.9640625,4.5625,0.4952988832964016,0,0.0,0.0,0.0,0.0,Training
mp-aaacqbpk,Bulk ZnO,0.2109000000000001,4.506700277931935,910.9822186715375,78,11.67925921373766,3,11.67925921373766,0,0.0,0.0049470782036821126,0.0856218687931642,8.046208879255657,49.9014882753766,0.08562186146206041,0.10256410256410256,0.6153846153846154,0.16666666666666666,2.773589743589744,1.89,0.8743589743589744,4.717948717948718,0.4053662199273697,0,0.0,0.0,0.0,0.0,Training
mp-aaacqbue,Bulk ZnO,0.2925,2.4024487488967576,1099.6363798415616,71,15.487836335796642,3,15.487836335796642,0,0.0,0.002184766521859625,0.06456679799028645,6.8787361108791405,64.13230759942294,0.06456679382141532,0.056338028169014086,0.6338028169014085,0.08888888888888888,2.7495774647887323,2.62,0.8873239436619718,4.816901408450704,0.4941201259977714,0,0.0,0.0,0.0,0.0,Training
mp-aaacqbwj,Bulk ZnO,4.90909401811736,2.679952911959688,436.51622483000557,40,10.91290562075014,2,10.91290562075014,0,0.0,0.006139411915337978,0.09163462369715439,5.273025373423428,37.32161223967134,0.0916346153002509,0.05,0.55,0.09090909090909091,2.6795,2.51,0.8325,4.4,0.44431253622375777,0,0.0,0.0,0.0,0.0,Training
mp-aaacqcke,2D ZnO,4.1123,4.372168836550333,671.583269363234,44,15.263256121891681,1,15.263256121891681,1,0.0,0.006510240853224104,0.0655168197410857,5.024421365432274,53.88461084157565,0.06551681544863232,0.2727272727272727,0.5454545454545454,0.5,2.7227272727272727,1.79,0.9045454545454545,4.727272727272727,0.37597881145706963,0,0.0,0.0,0.0,0.0,Training
mp-aaacqcqh,Bulk ZnO,2.4524999999999997,5.908797524524526,1198.6164064689565,56,21.403864401231367,2,21.403864401231367,0,0.0,0.004929681833683094,0.04672053519188198,5.271828670951356,81.88823928989471,0.046720533009073674,0.14285714285714285,0.2857142857142857,0.5,2.2614285714285716,2.34,1.25,4.2857142857142865,0.4118252056391505,0,0.0,0.0,0.0,0.0,Test
mp-aaacqdjb,Bulk ZnO,0.2474,3.6231137383280867,1106.3288711015862,72,15.365678765299808,1,15.365678765299808,0,0.0,0.0032748975760892012,0.06508010581727715,6.961525437958767,63.92379965982458,0.06508010158185726,0.2222222222222222,0.6666666666666666,0.3333333333333333,2.902222222222222,1.79,0.8277777777777777,5.0,0.39466283028111143,0,0.0,0.0,0.0,0.0,Training
mp-aaacqecv,Bulk ZnO,0.6909000000000001,2.232800588487626,752.9296247608995,36,20.914711798913874,2,20.914711798913874,0,0.0,0.002965483778376597,0.0478132335561005,3.9571669421485383,69.05885679161169,0.04781323126999531,0.1111111111111111,0.2222222222222222,0.5,2.5700000000000003,2.46,1.0500000000000003,4.888888888888889,0.288347652770915,0,0.0,0.0,0.0,0.0,Test
mp-aaacqeoi,Bulk ZnO,0.11180328807469464,2.310500877599653,596.0934808870509,32,18.62792127772034,1,18.62792127772034,0,0.0,0.0038760713741767157,0.053682855166241,3.8022895641330563,59.139963664468155,0.053682852284392214,0.125,0.625,0.2,2.9037499999999996,1.79,0.79375,5.25,0.339862076454804,0,0.0,0.0,0.0,0.0,Training
mp-aaacqeot,Bulk ZnO,0.11939999999999995,2.4721588236157213,955.4224683276161,58,16.472801178062348,2,16.472801178062348,0,0.0,0.0025875033355066686,0.06070612940631798,5.888836684351373,63.7641812858676,0.060706125721084046,0.034482758620689655,0.7586206896551724,0.045454545454545456,2.975862068965517,2.62,0.8103448275862069,4.999999999999999,0.4942494114917309,0,0.0,0.0,0.0,0.0,Training
mp-aaacqepz,Bulk ZnO,4.8556,2.8586035604295734,3023.5613067158106,224,13.49804154783844,2,13.49804154783844,0,0.0,0.0009454425660495655,0.07408482159844432,15.490844414068622,81.97600821217142,0.07408481610988393,0.07142857142857142,0.6428571428571429,0.11111111111111109,2.865,2.51,0.825,5.142857142857143,0.4314477791653759,0,0.0,0.0,0.0,0.0,Test
mp-aaacqeqp,Bulk ZnO,1.2355999999999998,5.293727545324875,590.2725347153812,56,10.540580977060378,2,10.540580977060378,0,0.0,0.00896827691276101,0.09487143091792707,6.67580795942004,40.32681207111251,0.09487142191733954,0.017857142857142856,0.5714285714285714,0.03125,2.756785714285714,1.79,0.9357142857142857,4.285714285714286,0.4146099424117789,0,0.0,0.0,0.0,0.0,Training
mp-aaacqfci,Bulk ZnO,0.11299999999999999,2.6298440863233568,1298.7346837197808,88,14.758348678633872,3,14.758348678633872,0,0.0,0.0020249278927325395,0.06775825817475986,8.065708566786553,65.6445472619234,0.06775825358357862,0.045454545454545456,0.6818181818181818,0.06666666666666668,3.005454545454545,1.81,0.759090909090909,5.2727272727272725,0.35672744930746975,0,0.0,0.0,0.0,0.0,Training
mp-aaacqgam,Bulk ZnO,1.0755,5.308285150482607,592.8553043778948,56,10.586701863890978,2,10.586701863890978,0,0.0,0.008953761754822771,0.0944581242446045,6.666099478423536,40.50326423630325,0.09445811532226811,0.05357142857142857,0.5714285714285714,0.09375,2.7474999999999996,1.79,0.9357142857142857,4.285714285714286,0.4146099424117789,0,0.0,0.0,0.0,0.0,Training
mp-aaacqgns,Bulk ZnO,0.20600000000000002,1.7650353093016335,694.2901415458555,36,19.28583726516265,2,19.28583726516265,0,0.0,0.0025422157159998493,0.05185152120962721,4.065576785606838,63.680431583587996,0.051851518521047094,0.05555555555555555,0.6666666666666666,0.08333333333333333,3.057222222222222,1.79,0.7055555555555555,5.111111111111111,0.328073490645199,0,0.0,0.0,0.0,0.0,Training
mp-aaacqgtx,2D ZnO,3.1622000000000003,6.158269299684969,1992.1813654539483,138,14.436096851115567,3,14.436096851115567,1,0.0,0.0030912192064810906,0.0692708015409805,10.967377575534101,74.60068509971623,0.06927079674253689,0.13043478260869565,0.6086956521739131,0.21428571428571427,2.8947826086956523,1.79,0.9239130434782609,5.130434782608695,0.48163504683380154,0,0.0,0.0,0.0,0.0,Training
mp-aaacqgva,Bulk ZnO,0.9287000000000001,3.245321870326919,706.6847933870832,56,12.61937131048363,3,12.61937131048363,0,0.0,0.004592318811294004,0.07924325034871137,6.287038380815054,48.27997777361481,0.07924324406921913,0.07142857142857142,0.6428571428571429,0.11111111111111109,2.825,2.51,0.85,4.928571428571429,0.44577435999526865,0,0.0,0.0,0.0,0.0,Training
mp-aaacqgyh,2D ZnO,3.7109116015192702,4.566959723626943,622.2378007020029,32,19.44493127193759,2,19.44493127193759,1,0.0,0.007339572938954434,0.05142728385176519,3.74827271359478,61.73380871304615,0.0514272812069998,0.125,0.375,0.3333333333333333,2.79875,1.79,1.00625,5.5,0.3526178367011963,0,0.0,0.0,0.0,0.0,Test
mp-aaacqhch,Bulk ZnO,0.25730000000000003,2.75596609530993,1032.6397708000525,66,15.646057133334129,1,15.646057133334129,0,0.0,0.0026688552709670534,0.06391386606082929,6.529716406747722,63.22947225217119,0.06391386197584727,0.030303030303030304,0.7272727272727273,0.041666666666666664,2.9469696969696972,1.81,0.8045454545454546,4.909090909090908,0.41516775301358205,0,0.0,0.0,0.0,0.0,Test
mp-aaacqhrp,Bulk ZnO,0.6801,2.324558156199029,525.0605878132429,34,15.44295846509538,2,15.44295846509538,0,0.0,0.004427218896547313,0.06475443175349004,4.214464923130499,50.029190490161014,0.06475442756035388,0.058823529411764705,0.7058823529411765,0.08333333333333333,2.9382352941176473,2.51,0.8323529411764705,5.176470588235294,0.49145833641534487,0,0.0,0.0,0.0,0.0,Training
mp-aaacqhur,Bulk ZnO,3.7221,4.371426157229415,1154.5259369331493,84,13.7443563920613,3,13.7443563920613,0,0.0,0.0037863386324966854,0.07275713547253453,8.0071516667517,60.19367188447293,0.07275713017893416,0.14285714285714285,0.5714285714285714,0.25,2.6790476190476187,2.44,0.95,4.666666666666666,0.4699097741949865,0,0.0,0.0,0.0,0.0,Test
mp-aaacqibn,Bulk ZnO,4.675840002822603,2.773301044305362,678.0723956281859,60,11.301206593803098,2,11.301206593803098,0,0.0,0.004089977799105206,0.08848612683077044,6.829557442781806,44.24272800024394,0.08848611900097648,0.06666666666666667,0.5333333333333333,0.125,2.498,2.46,0.9299999999999999,4.266666666666667,0.40604747502105176,0,0.0,0.0,0.0,0.0,Training
mp-aaacqirn,2D ZnO,3.2295,2.47323759117432,1878.5539282729744,108,17.394017854379392,3,17.394017854379392,1,0.0,0.001316564594686968,0.057491029868537484,8.752844234056465,82.8338467199865,0.05749102656331916,0.037037037037037035,0.2962962962962963,0.125,3.3929629629629625,2.33,0.6833333333333333,6.222222222222221,0.3715011271147689,0,0.0,0.0,0.0,0.0,Training
mp-aaacqjeu,2D ZnO,3.8885999999999994,4.308619769393169,618.8570938374116,38,16.285712995721358,2,16.285712995721358,1,0.0,0.006962220862131937,0.06140351363570779,4.459164276134881,54.75216657380149,0.061403509865316536,0.05263157894736842,0.631578947368421,0.08333333333333333,2.9836842105263157,1.79,0.8552631578947367,5.473684210526315,0.41028205048033967,0,0.0,0.0,0.0,0.0,Training
mp-aaacqjlb,2D ZnO,3.1523,6.895494917609455,4451.306315003415,304,14.642454983563866,2,14.642454983563866,1,0.0,0.001549094676851994,0.06829455860526794,18.480388204585104,98.45514709980529,0.06829455394112152,0.05263157894736842,0.631578947368421,0.08333333333333333,2.915263157894737,1.79,0.8921052631578946,5.473684210526315,0.4644120978190167,0,0.0,0.0,0.0,0.0,Training
mp-aaacqjrv,Bulk ZnO,2.8173999999999997,3.7020256212587235,611.7791841678062,42,14.566171051614432,2,14.566171051614432,0,0.0,0.006051244823399037,0.06865222140098139,4.947483924188591,50.632398689385454,0.06865221668785422,0.14285714285714285,0.5714285714285714,0.25,2.6457142857142855,2.51,0.9571428571428571,4.571428571428571,0.4692599976789871,0,0.0,0.0,0.0,0.0,Training
mp-aaacqjvv,Bulk ZnO,0.8236999999999999,3.7306808902173243,522.8571770275131,43,12.15946923319798,2,12.15946923319798,0,0.0,0.007135181564163579,0.08224043178379727,5.3375353498870775,42.59946092691786,0.0822404250203092,0.09302325581395349,0.6511627906976745,0.14285714285714285,2.911860465116279,1.79,0.8186046511627907,5.023255813953488,0.3887688337491472,0,0.0,0.0,0.0,0.0,Training
mp-aaacqjvy,Bulk ZnO,1.1434999999999995,5.319077109932837,593.7489642493905,56,10.602660075881973,2,10.602660075881973,0,0.0,0.008958461286171915,0.09431595400051679,6.662753385921124,40.56431815898099,0.09431594510501845,0.07142857142857142,0.5714285714285714,0.125,2.7428571428571433,1.79,0.9357142857142858,4.2857142857142865,0.4146099424117788,0,0.0,0.0,0.0,0.0,Test
mp-aaacqmfq,Bulk ZnO,0.2301000000000002,3.1181262890300303,484.12200720214923,32,15.128812725067164,2,15.128812725067164,0,0.0,0.006440786088305278,0.06609904016744715,4.075351161105699,48.030986469603,0.06609903579836433,0.125,0.625,0.2,2.7512499999999998,2.46,0.8687499999999999,4.75,0.4089344313987326,0,0.0,0.0,0.0,0.0,Training
mp-aaacqmge,Bulk ZnO,4.2073,3.405631998225443,365.516054490031,32,11.42237670281347,3,11.42237670281347,0,0.0,0.009317325344236902,0.08754745409102888,4.475564557246896,36.26378558804632,0.08754744642647283,0.125,0.5,0.25,2.86875,3.0,0.8374999999999999,5.0,0.42294409896381613,0,0.0,0.0,0.0,0.0,Test
mp-aaacqmhe,Bulk ZnO,1.0206000000000004,5.360742325946552,584.9737409061305,56,10.445959659038044,2,10.445959659038044,0,0.0,0.009164073446515231,0.09573079282713684,6.695904278595358,39.96480393151263,0.09573078366275303,0.03571428571428571,0.5714285714285714,0.0625,2.752142857142857,1.79,0.9357142857142857,4.285714285714286,0.4146099424117789,0,0.0,0.0,0.0,0.0,Training
mp-aaacqmni,Bulk ZnO,1.0388,1.9557962974423972,769.9291859745381,32,24.060287061704315,2,24.060287061704315,0,0.0,0.0025402288068439014,0.04156226388469219,3.4914008825350384,76.38664998481259,0.04156226215727048,0.125,0.375,0.3333333333333333,2.80375,2.46,0.95,5.25,0.3297358970033811,0,0.0,0.0,0.0,0.0,Training
mp-aaacqmrp,Bulk ZnO,0.2661,3.537257717743915,978.9299255108967,52,18.82557549059417,2,18.82557549059417,0,0.0,0.003613392159707289,0.053119226049670065,5.237043026500498,70.26667055214808,0.053119223228018035,0.07692307692307693,0.5384615384615384,0.14285714285714288,2.9907692307692306,2.13,0.8961538461538461,5.6923076923076925,0.37168472265385083,1,23.0,15.5,23.0,6700.0,Training
mp-aaacqncx,Bulk ZnO,0.347,4.015897174115543,490.4843623305304,32,15.327636322829076,1,15.327636322829076,0,0.0,0.008187615105676473,0.06524163145171927,4.057653173193677,48.66221204608973,0.06524162719524906,0.1875,0.625,0.3,2.9375,1.79,0.84375,5.25,0.3799501808360582,0,0.0,0.0,0.0,0.0,Test
mp-aaacqnzr,Bulk ZnO,4.8321,2.8472076074152355,3035.6631156943918,224,13.552067480778534,2,13.552067480778534,0,0.0,0.0009379194920197697,0.07378947909006076,15.470232013897945,82.30411731649379,0.07378947364517394,0.07142857142857142,0.6428571428571429,0.11111111111111109,2.865,2.51,0.825,5.142857142857143,0.4314477791653759,0,0.0,0.0,0.0,0.0,Training
mp-aaacqpbw,Bulk ZnO,2.4802,7.574141691901326,137.3510659465313,12,11.445922162210941,1,11.445922162210941,0,0.0,0.055144396876030254,0.0873673598184627,2.3257903699812124,26.204620236479386,0.08736735218540782,0.16666666666666666,0.6666666666666666,0.25,2.961666666666666,1.79,0.85,4.666666666666667,0.4159451654033622,0,0.0,0.0,0.0,0.0,Training
mp-aaacqpci,Bulk ZnO,1.1952000000000007,9.03738407678838,230.22512403443383,24,9.592713501434742,1,9.592713501434742,0,0.0,0.03925455188564344,0.10424579029181202,3.915858617563485,27.670173851052667,0.10424577942462837,0.16666666666666666,0.6666666666666666,0.25,2.961666666666666,1.79,0.85,4.666666666666667,0.4159451654033622,0,0.0,0.0,0.0,0.0,Test
mp-aaacqpdn,2D ZnO,3.7891000000000004,4.398244148228587,689.6289751640892,40,17.24072437910223,2,17.24072437910223,1,0.0,0.006377696278179257,0.05800220327239363,4.52746211132116,58.9624479830947,0.05800219990813824,0.1,0.6,0.16666666666666669,2.8280000000000003,2.55,0.94,5.199999999999999,0.5226858934691566,0,0.0,0.0,0.0,0.0,Training
mp-aaacqpfe,Bulk ZnO,2.5228,7.286925931226835,748.9147569218986,50,14.978295138437973,3,14.978295138437973,0,0.0,0.009729980433523171,0.0667632725058111,5.505869010635282,55.18051108593767,0.06676326804847685,0.04,0.56,0.07142857142857142,2.9708,2.33,0.8940000000000001,5.600000000000001,0.4871412811793375,0,0.0,0.0,0.0,0.0,Test
mp-aaacqpzi,2D ZnO,0.6225999999999998,5.629415633533016,163.21253776538498,9,18.134726418376108,2,18.134726418376108,1,0.0,0.03449131856294764,0.05514282250140203,1.646865014282726,37.721751058336146,0.05514281946067133,0.3333333333333333,0.2222222222222222,1.5,2.01,2.49,1.2833333333333332,3.5555555555555554,0.3682453734739423,0,0.0,0.0,0.0,0.0,Training
mp-aaacqqej,Bulk ZnO,2.3851999999999998,6.3141186972323196,139.90959478307295,10,13.990959478307294,2,13.990959478307294,0,0.0,0.04512999059873081,0.07147472634385656,1.9262715057722575,30.142608446895625,0.07147472123522042,0.1,0.6,0.16666666666666669,2.623,2.55,1.0699999999999998,4.3999999999999995,0.5822212383984287,0,0.0,0.0,0.0,0.0,Test
mp-aaacqrpt,2D ZnO,0.6585000000000001,7.490406579309391,150.76153623030845,10,15.076153623030844,2,15.076153623030844,1,0.0,0.04968380375128833,0.06632991577323583,1.8788977597741914,32.480588357707525,0.0663299113735784,0.1,0.6,0.16666666666666669,2.535,2.55,1.1,4.3999999999999995,0.5884564484606379,0,0.0,0.0,0.0,0.0,Training
mp-aaacqsee,Bulk ZnO,2.7413000000000003,4.572762587231407,405.8985071086997,36,11.274958530797214,2,11.274958530797214,0,0.0,0.011265778284833208,0.08869212221655005,4.862168620044089,37.22909280299625,0.0886921143502582,0.1111111111111111,0.5555555555555556,0.19999999999999998,2.7355555555555555,1.79,0.8444444444444443,4.444444444444445,0.40491269877397107,0,0.0,0.0,0.0,0.0,Training
mp-aaacqsel,Bulk ZnO,0.4604999999999997,4.400010588032806,468.1492186683704,44,10.63975496973569,2,10.63975496973569,0,0.0,0.009398735301851919,0.09398712685061408,5.6666263337134275,37.56204124568361,0.09398711801703491,0.09090909090909091,0.5454545454545454,0.16666666666666669,2.7427272727272727,1.79,0.8499999999999999,4.363636363636363,0.3762365582741642,0,0.0,0.0,0.0,0.0,Training
mp-aaacqsfc,Bulk ZnO,0.9343000000000004,1.3501659790815022,712.1065846979508,34,20.94431131464561,2,20.94431131464561,0,0.0,0.0018960167032498268,0.047745661577362805,3.807418214089213,67.85143810455546,0.04774565929771472,0.058823529411764705,0.23529411764705882,0.25,2.937058823529412,1.79,0.6911764705882353,4.8235294117647065,0.24341020674135153,0,0.0,0.0,0.0,0.0,Test
mp-aaacqsfd,Bulk ZnO,0.45270000000000005,4.189168006889652,450.09720561191637,32,14.065537675372386,2,14.065537675372386,0,0.0,0.00930725175508342,0.07109575354171627,4.175558181346036,44.655298604768944,0.07109574848711046,0.125,0.625,0.2,2.86625,1.79,0.85625,4.875,0.39219569728449644,0,0.0,0.0,0.0,0.0,Training
mp-aaacqsfv,Bulk ZnO,4.191650036227207,4.402594388525413,457.7374750706111,48,9.536197397304397,2,9.536197397304397,0,0.0,0.0096181646212084,0.10486360111239629,6.2282936562324736,34.656841335908155,0.10486359011602261,0.125,0.5416666666666666,0.23076923076923078,2.7754166666666666,1.79,0.8,4.666666666666666,0.3428017223309118,0,0.0,0.0,0.0,0.0,Test
mp-aaacqsgc,Bulk ZnO,1.7170999999999998,4.614750242749577,1158.295969969218,84,13.789237737728786,2,13.789237737728786,0,0.0,0.003984085555328501,0.07252032483738359,7.998454972737735,60.3902305968476,0.07252031957818646,0.14285714285714285,0.5714285714285714,0.25,2.7899999999999996,1.79,0.907142857142857,4.7142857142857135,0.42940466785577813,0,0.0,0.0,0.0,0.0,Training
mp-aaacqsgj,Bulk ZnO,0.41559999999999997,4.497052497771731,510.7064711721843,44,11.60696525391328,2,11.60696525391328,0,0.0,0.008805552213681572,0.08615516443136166,5.504639592982534,40.97663046234021,0.08615515700864994,0.09090909090909091,0.6363636363636364,0.14285714285714288,2.9372727272727275,1.79,0.8136363636363636,5.090909090909092,0.3743433646420194,0,0.0,0.0,0.0,0.0,Training
mp-aaacqsgk,Bulk ZnO,0.7738,3.799643781734992,419.81780691405163,37,11.346427213893287,2,11.346427213893287,0,0.0,0.009050697038472416,0.08813346978294069,4.941378320898805,37.80881270024553,0.08813346201543289,0.05405405405405406,0.6486486486486487,0.08333333333333333,2.9000000000000004,1.79,0.8135135135135135,5.081081081081082,0.3833360166927711,0,0.0,0.0,0.0,0.0,Training
mp-aaacqshn,Bulk ZnO,4.2949,4.334175900602094,929.9264660133945,96,9.686734020972859,2,9.686734020972859,0,0.0,0.004660772715914578,0.10323396903795319,9.83531703522684,44.35416959053416,0.10323395838070194,0.125,0.5416666666666666,0.23076923076923078,2.7754166666666666,1.79,0.8,4.666666666666666,0.3428017223309118,0,0.0,0.0,0.0,0.0,Training
mp-aaacqshq,Bulk ZnO,0.9112,6.604238683101384,986.2831224513407,80,12.328539030641759,2,12.328539030641759,0,0.0,0.006696088103674522,0.08111261176320787,8.036916443761674,53.12206433005332,0.08111260518395262,0.15,0.6,0.25,2.7750000000000004,1.79,0.9349999999999999,4.8,0.44294734523757595,0,0.0,0.0,0.0,0.0,Training
mp-aaacqsic,Bulk ZnO,0.1089,3.5553122691408303,531.4985358832156,42,12.654727044838467,2,12.654727044838467,0,0.0,0.006689223072332277,0.07902185455733507,5.184998075873882,43.98816839162368,0.07902184831288207,0.14285714285714285,0.6666666666666666,0.21428571428571427,2.9290476190476187,1.79,0.8023809523809523,5.095238095238095,0.3795204663949509,0,0.0,0.0,0.0,0.0,Training
mp-aaacqsid,Bulk ZnO,1.3647,4.376093777906614,537.8758590440207,37,14.537185379568125,1,14.537185379568125,0,0.0,0.00813588062064051,0.06878910696189446,4.549612130215278,48.44112678322499,0.06878910222995355,0.1891891891891892,0.6486486486486487,0.2916666666666667,2.893783783783784,1.79,0.8797297297297298,4.594594594594595,0.43334310740363535,0,0.0,0.0,0.0,0.0,Training
mp-aaacqsii,2D ZnO,0.8778999999999999,2.327134371443025,386.47469918036904,20,19.323734959018452,1,19.323734959018452,1,0.0,0.0060214404109205175,0.051749830046871795,2.745720374513626,52.45268659117055,0.05174982736882702,0.2,0.4,0.5,3.298,2.33,0.71,5.6000000000000005,0.45508434989804963,0,0.0,0.0,0.0,0.0,Training
mp-aaacqsis,Bulk ZnO,0.9577823840226982,2.4855886513644094,383.938646738437,26,14.766871028401424,1,14.766871028401424,0,0.0,0.006473921478026534,0.06771915310133607,3.577278381950291,43.74679736431793,0.06771914851545269,0.07692307692307693,0.7692307692307693,0.1,3.11,1.79,0.7192307692307693,5.538461538461539,0.3221009699755008,0,0.0,0.0,0.0,0.0,Test
mp-aaacqsmm,Bulk ZnO,0.4122,2.027748531555045,749.651775631572,40,18.7412943907893,1,18.7412943907893,0,0.0,0.002704920601097347,0.05335810745769329,4.403251245971364,64.09432523567322,0.05335810461060581,0.1,0.8,0.125,3.2330000000000005,1.79,0.715,5.700000000000001,0.33979106610459736,0,0.0,0.0,0.0,0.0,Training
mp-aaacqspm,Bulk ZnO,1.1273,4.931391067065086,998.6672590025205,76,13.140358671085796,1,13.140358671085796,0,0.0,0.004937972104933741,0.07610142348704774,7.60337928010862,55.66024116455351,0.07610141769562152,0.21052631578947367,0.631578947368421,0.3333333333333333,2.8610526315789473,1.79,0.8921052631578946,4.526315789473684,0.4300314370294159,0,0.0,0.0,0.0,0.0,Training
mp-aaacqsvc,Bulk ZnO,1.9220000000000002,4.268702349234112,1445.3789785210427,128,11.292023269695646,2,11.292023269695646,0,0.0,0.0029533447024405897,0.08855808884876244,11.320946159105564,56.90823125356912,0.08855808100622804,0.125,0.625,0.2,2.8587499999999997,1.79,0.84375,4.875,0.3946834608812277,0,0.0,0.0,0.0,0.0,Training
mp-aaacqsvz,Bulk ZnO,0.15940000000000004,3.588032417092626,680.2583269039109,52,13.081890901998285,2,13.081890901998285,0,0.0,0.005274514511895786,0.07644154866382871,5.912603027698341,48.828303743974665,0.07644154282051879,0.07692307692307693,0.6923076923076923,0.11111111111111112,2.9692307692307693,1.79,0.8038461538461539,5.0,0.39449753511575403,0,0.0,0.0,0.0,0.0,Training
mp-aaacqtch,Bulk ZnO,0.1357999999999997,1.7277422589422617,1051.3218610604083,52,20.217728097315543,1,20.217728097315543,0,0.0,0.001643399916748223,0.049461541632503075,5.113969245279803,75.46289568872784,0.0494615391860591,0.07692307692307693,0.8461538461538461,0.09090909090909091,3.236153846153846,1.79,0.6884615384615385,5.692307692307692,0.31740497678929974,0,0.0,0.0,0.0,0.0,Training
mp-aaacqtdy,Bulk ZnO,1.3171,3.826520829734008,439.09065987511684,34,12.914431172797554,2,12.914431172797554,0,0.0,0.008714648657801832,0.0774327561640005,4.473294771795049,41.837743634180775,0.07743275016816924,0.058823529411764705,0.6470588235294118,0.0909090909090909,2.8258823529411767,1.81,0.8705882352941177,4.588235294117648,0.42114708222241953,0,0.0,0.0,0.0,0.0,Training
mp-aaacqtel,Bulk ZnO,0.3184,2.4699940300604775,854.6029828499577,50,17.092059656999155,2,17.092059656999155,0,0.0,0.002890223974907578,0.05850669960600697,5.268842334652124,62.9676861530255,0.058506696182973265,0.08,0.76,0.10526315789473684,3.0864,1.79,0.748,5.4,0.3835197782202976,0,0.0,0.0,0.0,0.0,Training
mp-aaacqtop,Bulk ZnO,2.9581999999999997,6.719603583375392,1139.561928146224,88,12.949567365298002,3,12.949567365298002,0,0.0,0.005896655036823201,0.07722265708117636,8.425002304908302,57.59916000381781,0.07722265111783806,0.045454545454545456,0.6363636363636364,0.07142857142857144,2.8222727272727273,1.9,0.918181818181818,4.954545454545455,0.46310287000679673,0,0.0,0.0,0.0,0.0,Training
mp-aaacqtsw,2D ZnO,2.3133,3.4651857000218103,569.6023290017688,24,23.7334303750737,3,23.7334303750737,1,0.0,0.006083517435918086,0.042134659178904924,2.895258350752671,68.45905952074168,0.0421346574035755,0.08333333333333333,0.08333333333333333,1.0,2.2075,2.49,1.2041666666666666,4.666666666666666,0.3310787688501826,0,0.0,0.0,0.0,0.0,Training
mp-aaacqtwj,Bulk ZnO,0.45219999999999994,2.302226644625094,878.1179799367683,48,18.294124582016007,1,18.294124582016007,0,0.0,0.002621773722012699,0.05466235869974601,5.012529568346038,66.4852610116359,0.05466235571177271,0.08333333333333333,0.8333333333333334,0.09999999999999999,3.216666666666667,1.79,0.7083333333333333,5.666666666666667,0.3468094817167734,0,0.0,0.0,0.0,0.0,Test
mp-aaacqufd,2D ZnO,0.2470262591336374,3.135529349242899,246.81559888290252,14,17.629685634493036,1,17.629685634493036,1,0.0,0.012703935097434817,0.05672250888260131,2.231878255684779,42.49005045181458,0.056722505665158476,0.14285714285714285,0.7142857142857143,0.19999999999999998,2.8285714285714287,2.49,0.907142857142857,4.857142857142857,0.5685671873548284,0,0.0,0.0,0.0,0.0,Training
mp-aaacquig,Bulk ZnO,1.7044000000000001,8.769012428105642,248.9041711615474,20,12.44520855807737,2,12.44520855807737,0,0.0,0.03523047599879011,0.08035220907173672,3.179454425235641,33.78149335224291,0.08035220261525974,0.1,0.6,0.16666666666666669,2.691,2.27,1.0,4.3999999999999995,0.5147815070488353,0,0.0,0.0,0.0,0.0,Training
mp-aaacquku,Bulk ZnO,0.9205999999999999,4.925059414748224,1041.114619393777,92,11.316463254280185,2,11.316463254280185,0,0.0,0.004730564073354383,0.08836683136153635,9.077264262168052,51.08656003522808,0.08836682355284016,0.043478260869565216,0.5869565217391305,0.07407407407407407,2.7480434782608696,2.49,0.941304347826087,4.347826086956522,0.44210496506130664,0,0.0,0.0,0.0,0.0,Test
mp-aaacqupx,Bulk ZnO,0.3853,2.0424798180477084,1648.4918360501467,112,14.718677107590596,1,14.718677107590596,0,0.0,0.0012389990495443235,0.06794088848408042,9.48103513010549,70.94821153950505,0.0679408838681164,0.07142857142857142,0.5714285714285714,0.125,2.9942857142857138,1.79,0.6892857142857143,5.0,0.2744158067740135,0,0.0,0.0,0.0,0.0,Training
mp-aaacqvlk,2D ZnO,3.5953999999999997,3.8870041900826595,1335.549414087518,76,17.57301860641471,2,17.57301860641471,1,0.0,0.002910415855139558,0.05690541974586928,6.901236944469607,74.4362066596015,0.05690541650764267,0.10526315789473684,0.631578947368421,0.16666666666666666,2.7736842105263158,2.62,0.9973684210526316,4.421052631578947,0.5827014148496192,0,0.0,0.0,0.0,0.0,Training
mp-aaacqvqu,Bulk ZnO,2.8121,4.5129985639765735,1097.8980052074273,64,17.154656331366052,2,17.154656331366052,0,0.0,0.0041105808941914665,0.058293210932565995,6.203821715760156,68.61862532546422,0.05829320753446775,0.125,0.5,0.25,2.3825,2.62,1.2125000000000001,4.0,0.5910553024005089,0,0.0,0.0,0.0,0.0,Training
mp-aaacqvqz,Bulk ZnO,0.21220000000000017,2.799975075637859,595.8453763835037,38,15.680141483776412,3,15.680141483776412,0,0.0,0.004699163888175768,0.06377493475008872,4.515845468900777,52.716250043584516,0.06377493068284668,0.05263157894736842,0.3157894736842105,0.16666666666666666,3.1005263157894736,3.16,0.8289473684210527,5.2631578947368425,0.6878127795788219,0,0.0,0.0,0.0,0.0,Training
mp-aaacqvve,Bulk ZnO,1.7003,8.428765336930496,254.13058408960137,20,12.706529204480068,2,12.706529204480068,0,0.0,0.03316706396093861,0.0786996971326694,3.157507209040145,34.49082671841836,0.07869969093902757,0.1,0.6,0.16666666666666669,2.685,2.3,1.0,4.3999999999999995,0.5147815070488353,0,0.0,0.0,0.0,0.0,Training
mp-aaacqvyq,2D ZnO,4.068899999999999,3.6356989448293815,3241.3081646606524,160,20.25817602912908,2,20.25817602912908,1,0.0,0.001121676422028826,0.04936278560133487,10.81134869981637,109.97829978709726,0.049362783164650384,0.05,0.6,0.08333333333333334,2.6345,2.62,1.1150000000000002,4.199999999999999,0.6238021157472906,0,0.0,0.0,0.0,0.0,Training
mp-aaacqwfq,2D ZnO,0.20110000000000006,4.079787078442314,378.0346255174975,22,17.18339206897716,2,17.18339206897716,1,0.0,0.010792098932359514,0.05819572736196812,3.0426043890669945,48.14854041134585,0.05819572397522563,0.09090909090909091,0.2727272727272727,0.33333333333333337,3.382727272727273,2.62,0.7181818181818181,5.818181818181818,0.5619027121366362,0,0.0,0.0,0.0,0.0,Training
mp-aaacqwla,Bulk ZnO,2.5927,6.895564820429544,1214.148302612209,88,13.797139802411465,2,13.797139802411465,0,0.0,0.005679343129331,0.07247879012034218,8.248825057980804,61.36912845472912,0.07247878486716755,0.09090909090909091,0.6363636363636364,0.14285714285714288,2.8327272727272725,1.8399999999999999,0.9204545454545454,4.954545454545455,0.4651749625355944,0,0.0,0.0,0.0,0.0,Test
mp-aaacqwnl,Bulk ZnO,1.4695999999999998,3.9173634228427185,576.1541161742113,40,14.403852904355281,2,14.403852904355281,0,0.0,0.006799158962631152,0.06942586866446204,4.807069874894071,49.26048401183363,0.06942586384451115,0.1,0.6,0.16666666666666669,2.6925,2.51,0.9825,4.25,0.49268683973449157,0,0.0,0.0,0.0,0.0,Training
mp-aaacqwog,Bulk ZnO,1.8464999999999998,5.406632405093911,579.4315446002885,40,14.485788615007213,2,14.485788615007213,0,0.0,0.00933092520674481,0.06903317634802461,4.797989351127892,49.540700200610964,0.0690331715824455,0.1,0.6,0.16666666666666669,2.7225,2.51,0.9675,4.25,0.4865228925425423,0,0.0,0.0,0.0,0.0,Training
mp-aaacqwrz,Bulk ZnO,0.16669999999999996,2.5235822079071544,1204.755618799296,84,14.342328795229713,3,14.342328795229713,0,0.0,0.0020946839081126263,0.06972368394821642,7.8942879926529885,62.81250346927375,0.06972367908682466,0.07142857142857142,0.6428571428571429,0.11111111111111109,2.8542857142857145,2.51,0.8142857142857143,5.0,0.43321256929300306,0,0.0,0.0,0.0,0.0,Test
mp-aaacqwvr,Bulk ZnO,3.9640000000000004,3.470605961344866,330.1988888563593,26,12.699957263706127,2,12.699957263706127,0,0.0,0.010510653059328202,0.07874042244675854,3.761676801666624,37.62357346267104,0.0787404162467049,0.15384615384615385,0.6153846153846154,0.25,2.808461538461539,2.13,0.8461538461538463,4.923076923076923,0.3970448691253936,1,15.333333333333332,10.333333333333332,15.333333333333332,4466.666666666666,Training
mp-aaacqwvy,Bulk ZnO,1.536,5.338600907642595,189.78752102761197,16,11.861720064225748,1,11.861720064225748,0,0.0,0.028129356865701872,0.08430480525467308,2.7841807833309087,29.889661593756777,0.0843047981473735,0.4375,0.5,0.875,2.5237499999999997,2.13,0.984375,4.0,0.3920988352422475,1,5.75,3.875,5.75,1675.0,Training
mp-aaacqwwt,Bulk ZnO,3.8137,7.094068415268084,301.9623769834552,26,11.61393757628674,2,11.61393757628674,0,0.0,0.023493219539918956,0.08610344195768654,3.8754523623327986,34.406244408478095,0.08610343454388447,0.15384615384615385,0.6153846153846154,0.25,2.7023076923076923,2.13,0.9153846153846155,4.461538461538462,0.4377013997677712,1,15.333333333333332,10.333333333333332,15.333333333333332,4466.666666666666,Training
mp-aaacqwxh,Bulk ZnO,0.42389999999999994,2.925244653814799,1730.3340055774681,128,13.51823441857397,2,13.51823441857397,0,0.0,0.0016905664712048183,0.07397415735193985,10.661868505982921,68.12763240549891,0.0739741518797643,0.09375,0.59375,0.15789473684210525,2.6453125,2.51,0.9453125,4.5625,0.5001003928986755,0,0.0,0.0,0.0,0.0,Training
mp-aaacqwxs,Bulk ZnO,2.705,3.9919121165175993,360.20297995011225,26,13.85396076731201,2,13.85396076731201,0,0.0,0.011082396145280294,0.07218152388300889,3.6541882278035,41.04230430503179,0.07218151867283688,0.15384615384615385,0.6153846153846154,0.25,2.806923076923077,2.13,0.8692307692307693,4.923076923076923,0.4033107562864685,1,15.333333333333332,10.333333333333332,15.333333333333332,4466.666666666666,Training
mp-aaacqwzv,Bulk ZnO,1.0094,3.9493268670353534,451.96888466462167,40,11.299222116615542,3,11.299222116615542,0,0.0,0.008738050341597976,0.08850166760856014,5.2122328883582965,38.64279607113987,0.08850165977601566,0.1,0.6,0.16666666666666669,2.705,2.13,0.895,4.6,0.4169035353471462,1,23.0,15.5,23.0,6700.0,Test
mp-aaacqxaw,Bulk ZnO,1.8874028638076914,3.6179475363698437,314.13828198397783,22,14.279012817453538,1,14.279012817453538,0,0.0,0.011517053934083627,0.07003285260572628,3.236302132496285,40.01035551743721,0.0700328477011262,0.09090909090909091,0.6363636363636364,0.14285714285714288,2.7618181818181817,1.89,0.8863636363636362,4.545454545454546,0.4276443433716075,0,0.0,0.0,0.0,0.0,Test
mp-aaacqxef,Bulk ZnO,2.7668999999999997,6.395308620756644,340.8547520628595,30,11.361825068761984,2,11.361825068761984,0,0.0,0.01876256259316355,0.08801402890362954,4.294686532511218,35.30383218061868,0.08801402115716095,0.13333333333333333,0.6,0.22222222222222224,2.7293333333333334,2.46,0.9133333333333333,4.266666666666667,0.4214340896097124,0,0.0,0.0,0.0,0.0,Training
mp-aaacqxjn,Bulk ZnO,3.137,4.1969463563541805,988.3642204485751,76,13.004792374323356,2,13.004792374323356,0,0.0,0.004246356018886814,0.07689473012844085,7.629708058833963,55.086006247497075,0.07689472421564178,0.10526315789473684,0.631578947368421,0.16666666666666666,2.7905263157894735,2.46,0.9026315789473683,4.421052631578947,0.44003045935172025,0,0.0,0.0,0.0,0.0,Training
mp-aaacqxxs,Bulk ZnO,4.4907,2.9214066455919903,388.1325732202231,28,13.861877615007968,2,13.861877615007968,0,0.0,0.007526826778164813,0.07214029929952064,3.8385275987199208,42.092824695223314,0.07214029409529822,0.07142857142857142,0.6428571428571429,0.11111111111111109,2.8571428571428577,2.62,0.8535714285714286,5.142857142857143,0.5147123811206349,0,0.0,0.0,0.0,0.0,Test
mp-aaacqyqs,Bulk ZnO,0.7598,2.6137195956254624,1285.1843003555196,96,13.387336462036663,3,13.387336462036663,0,0.0,0.0020337313449148354,0.07469745776807543,8.829770773554946,61.298698871787614,0.07469745218836565,0.0625,0.6875,0.09090909090909091,2.9274999999999998,2.51,0.7875,5.125,0.4285714285708845,0,0.0,0.0,0.0,0.0,Training
mp-aaacqyvd,2D ZnO,4.3781,3.3430630243279165,1015.1606355194939,64,15.861884929992092,2,15.861884929992092,1,0.0,0.003293136974935156,0.0630442097148979,6.367980394875727,63.447539719968375,0.06304420574032576,0.125,0.5,0.25,2.32375,2.62,1.19375,3.75,0.5542571684189237,0,0.0,0.0,0.0,0.0,Test
mp-aaacqzfv,Bulk ZnO,0.5107999999999999,2.5762168679214206,1241.826252781862,96,12.935690133144396,3,12.935690133144396,0,0.0,0.002074538899584656,0.07730550049569879,8.931360529958376,59.230674930667995,0.07730549451955884,0.0625,0.6875,0.09090909090909091,2.930625,2.46,0.765625,5.125,0.3619328923643875,0,0.0,0.0,0.0,0.0,Training
mp-aaacqzhl,Bulk ZnO,0.21009999999999973,2.448498513326518,555.5889578771068,38,14.620762049397548,3,14.620762049397548,0,0.0,0.00440703235478649,0.06839588775341605,4.622380879540853,49.15464243873418,0.06839588307541891,0.05263157894736842,0.3157894736842105,0.16666666666666666,3.1005263157894736,3.16,0.8131578947368421,5.2631578947368425,0.649768559556285,0,0.0,0.0,0.0,0.0,Training
mp-aaacqzup,Bulk ZnO,0.3851,2.7784257118830533,1487.2222442786308,102,14.580610238025793,2,14.580610238025793,0,0.0,0.0018681980602238194,0.06858423506802412,8.935966821001216,68.12540409207874,0.06858423036422714,0.11764705882352941,0.6470588235294118,0.1818181818181818,2.787058823529412,2.51,0.8764705882352941,4.8235294117647065,0.4813301914577833,0,0.0,0.0,0.0,0.0,Test
mp-aaacrceo,Bulk ZnO,0.5589000000000004,3.346312791436349,846.8084004099718,65,13.027821544768797,2,13.027821544768797,0,0.0,0.003951676423871413,0.07675880396147589,6.8704466368608355,52.3812976633534,0.07675879806956236,0.06153846153846154,0.5384615384615384,0.1142857142857143,2.4664615384615383,2.44,1.0246153846153847,4.338461538461539,0.48058369762165154,0,0.0,0.0,0.0,0.0,Training
mp-aaacrckm,Bulk ZnO,2.9463000000000004,4.266444177089832,648.6011520368012,44,14.740935273563663,2,14.740935273563663,0,0.0,0.006577916433993254,0.06783830072121652,5.0830779675470605,52.04063630417473,0.0678382961191818,0.09090909090909091,0.6363636363636364,0.14285714285714288,2.7163636363636363,2.55,0.9454545454545455,4.545454545454546,0.5314620617469563,0,0.0,0.0,0.0,0.0,Training
mp-aaacrcop,Bulk ZnO,3.3501410515625754,7.661767602376175,213.10688841245232,15,14.207125894163488,2,14.207125894163488,0,0.0,0.03595269800733705,0.07038721325126117,2.5112624127165866,35.03778542171908,0.07038720829690173,0.06666666666666667,0.6,0.11111111111111112,2.552,2.55,1.0733333333333333,4.3999999999999995,0.5820475651347611,0,0.0,0.0,0.0,0.0,Training
mp-aaacrcot,2D ZnO,3.4094999999999995,5.915404419104892,560.1669999317523,38,14.741236840309272,2,14.741236840309272,1,0.0,0.010560073013629136,0.06783691292887604,4.609754070309193,49.55967572291864,0.06783690832702961,0.10526315789473684,0.5526315789473685,0.19047619047619044,2.448684210526316,2.55,1.1355263157894737,4.2105263157894735,0.5511612790825512,0,0.0,0.0,0.0,0.0,Test
mp-aaacrcpb,Bulk ZnO,1.9684999999999997,6.39318478672185,449.2934044927083,30,14.97644681642361,2,14.97644681642361,0,0.0,0.014229420514063226,0.0667715121121634,3.9169188464562033,46.53530237168063,0.06677150765372887,0.06666666666666667,0.6,0.11111111111111112,2.6253333333333333,2.55,1.0733333333333333,4.8,0.5820475651347611,0,0.0,0.0,0.0,0.0,Training
mp-aaacrcxi,Bulk ZnO,0.2395,4.750806792456142,517.4294903577027,38,13.616565535729018,3,13.616565535729018,0,0.0,0.009181553972062698,0.07343995792302123,4.733327315727076,45.77855845618732,0.0734399525295942,0.05263157894736842,0.3157894736842105,0.16666666666666666,3.184736842105263,2.41,0.7815789473684209,5.473684210526315,0.5722717246384694,0,0.0,0.0,0.0,0.0,Training
mp-aaacrdil,2D ZnO,4.2057,3.2702232180155137,2695.8416295133843,160,16.849010184458653,2,16.849010184458653,1,0.0,0.0012130620664856373,0.059350667431039325,11.496223299808333,91.47050013376314,0.059350663908537805,0.05,0.6,0.08333333333333334,2.7005,2.65,0.9625,4.8,0.6226998490765923,0,0.0,0.0,0.0,0.0,Test
mp-aaacrdrv,Bulk ZnO,1.7813638289800209,5.309268536718839,165.36437432639656,14,11.81174102331404,2,11.81174102331404,0,0.0,0.032106483384621846,0.08466152432788679,2.5506295392116485,28.46797625378155,0.0846615171603137,0.2857142857142857,0.5714285714285714,0.5,2.642142857142857,2.11,0.9392857142857143,4.285714285714286,0.4201994020465609,0,0.0,0.0,0.0,0.0,Training
mp-aaacrdsj,Bulk ZnO,3.0869999999999997,5.311722488131156,147.06822418636526,12,12.255685348863771,2,12.255685348863771,0,0.0,0.03611740413347296,0.08159478409689347,2.2733953284165884,28.05851514219312,0.08159477743918524,0.08333333333333333,0.6666666666666666,0.125,2.808333333333333,2.11,0.8833333333333333,4.666666666666667,0.45596399900305257,0,0.0,0.0,0.0,0.0,Training
mp-aaacreeh,Bulk ZnO,0.13559999999999972,4.0332963310176355,124.70556577862047,11,11.336869616238225,2,11.336869616238225,0,0.0,0.03234255268267348,0.08820777109120691,2.201730064892275,25.21297231589401,0.08820776331059671,0.09090909090909091,0.6363636363636364,0.14285714285714288,2.91,1.79,0.8090909090909091,5.090909090909092,0.36590246040255414,0,0.0,0.0,0.0,0.0,Training
mp-aaacreek,Bulk ZnO,0.19090000000000007,5.726244729854555,108.05964492652102,8,13.507455615815127,1,13.507455615815127,0,0.0,0.05299151902403823,0.07403318792542658,1.6795855963928459,27.014911231630258,0.07403318244451408,0.375,0.5,0.75,2.55,1.79,1.0,4.0,0.40466035140556156,0,0.0,0.0,0.0,0.0,Training
mp-aaacregt,Bulk ZnO,1.524604890472069,5.0667621815650925,155.90771618144856,14,11.136265441532041,2,11.136265441532041,0,0.0,0.03249846964385195,0.08979671014939707,2.601190539053507,26.839984005710402,0.08979670208594864,0.07142857142857142,0.5714285714285714,0.125,2.740714285714286,1.79,0.9357142857142858,4.2857142857142865,0.4146099424117788,0,0.0,0.0,0.0,0.0,Training
mp-aaacreho,Bulk ZnO,2.248504048970279,4.79327257730344,266.300538508469,22,12.104569932203136,2,12.104569932203136,0,0.0,0.01799948510863038,0.08261342663150621,3.4195214521886066,33.91748103070181,0.08261341980652853,0.13636363636363635,0.5454545454545454,0.25,2.7027272727272726,1.79,0.8772727272727272,4.363636363636363,0.4176692904413189,0,0.0,0.0,0.0,0.0,Training
mp-aaacreic,Bulk ZnO,1.3926154200827243,5.036462719355742,156.84566017464667,14,11.203261441046191,2,11.203261441046191,0,0.0,0.03211094724423789,0.08925972184637489,2.5959950907099474,27.001453895670117,0.08925971387907765,0.07142857142857142,0.5714285714285714,0.125,2.740714285714286,1.79,0.9357142857142858,4.2857142857142865,0.4146099424117788,0,0.0,0.0,0.0,0.0,Training
mp-aaacreit,Bulk ZnO,0.3366806337664974,5.609294606277694,237.16201881844887,20,11.858100940922444,1,11.858100940922444,0,0.0,0.02365174084039019,0.08433053530089193,3.231084253577999,32.18783809340052,0.08433052818925335,0.4,0.5,0.8,2.568,1.79,0.9750000000000001,4.0,0.3846153846149902,0,0.0,0.0,0.0,0.0,Training
mp-aaacreix,Bulk ZnO,4.0858,4.223173478857642,174.86539312402516,18,9.714744062445842,2,9.714744062445842,0,0.0,0.024150996394479898,0.1029363196366322,3.2188782392669717,25.459831898596917,0.1029363090407474,0.05555555555555555,0.5555555555555556,0.09999999999999999,2.7744444444444447,1.79,0.8222222222222222,4.444444444444445,0.36386248696810514,0,0.0,0.0,0.0,0.0,Training
mp-aaacrejg,Bulk ZnO,1.0691999999999995,6.117024195279398,85.22481500007486,7,12.174973571439265,2,12.174973571439265,0,0.0,0.07177515369524738,0.08213570190787568,1.590655083031614,23.28988659423589,0.08213569516160271,0.14285714285714285,0.5714285714285714,0.25,2.714285714285714,1.79,0.9428571428571428,4.571428571428571,0.4265360078861915,0,0.0,0.0,0.0,0.0,Test
mp-aaacrejp,Bulk ZnO,2.7996964639084445,5.012116687402809,305.0137786273178,28,10.89334923668992,2,10.89334923668992,0,0.0,0.016432427118405306,0.09179913158681235,4.1595997666457585,33.078624158922786,0.09179912315973258,0.07142857142857142,0.5714285714285714,0.125,2.692142857142857,1.79,0.9357142857142858,4.2857142857142865,0.4146099424117788,0,0.0,0.0,0.0,0.0,Test
mp-aaacreju,Bulk ZnO,0.5244999999999997,6.025631160105627,459.69808832878675,40,11.49245220821967,2,11.49245220821967,0,0.0,0.01310780121364341,0.08701363137144714,5.182855397068102,39.303633688774255,0.08701362380007577,0.15,0.6,0.25,2.8064999999999998,1.79,0.905,4.8,0.41303654566950315,0,0.0,0.0,0.0,0.0,Test
mp-aaacrejy,Bulk ZnO,0.3131906715934223,7.444617458210599,139.32520462597708,12,11.610433718831423,2,11.610433718831423,0,0.0,0.053433386142844076,0.08612942670505584,2.314753145111671,26.581257680335554,0.08612941928677834,0.08333333333333333,0.6666666666666666,0.125,2.9824999999999995,1.79,0.85,4.666666666666667,0.4159451654033622,0,0.0,0.0,0.0,0.0,Training
mp-aaacrekf,Bulk ZnO,2.4333,4.62819534878657,258.93514014066085,22,11.769779097302767,2,11.769779097302767,0,0.0,0.01787395618173881,0.0849633618212228,3.451641510281987,32.97938394376801,0.08496335460245057,0.18181818181818182,0.5454545454545454,0.33333333333333337,2.7009090909090907,1.79,0.8681818181818182,4.363636363636363,0.4052098967720851,0,0.0,0.0,0.0,0.0,Training
mp-aaacreky,Bulk ZnO,2.932,5.277297217691476,799.4019779624491,52,15.373114960816329,2,15.373114960816329,0,0.0,0.006601556367351609,0.06504862563955606,5.6029266561116415,57.38032310628111,0.06504862140823264,0.07692307692307693,0.6153846153846154,0.125,2.8730769230769235,1.79,0.9,5.384615384615385,0.42197473628439225,0,0.0,0.0,0.0,0.0,Training
mp-aaacrelg,Bulk ZnO,0.9453,5.846576863082557,135.4101607505067,11,12.310014613682426,2,12.310014613682426,0,0.0,0.043176795822987606,0.08123467204405367,2.1421124595123846,27.377227415447045,0.08123466544498227,0.2727272727272727,0.5454545454545454,0.5,2.6527272727272724,1.79,0.9545454545454544,4.363636363636363,0.41151233715134616,0,0.0,0.0,0.0,0.0,Training
mp-aaacreli,2D ZnO,1.3358,1.98722095141014,186.8053386089291,9,20.756148734325457,3,20.756148734325457,1,0.0,0.010637923767105619,0.04817849461380334,1.5743915430794881,43.174529211129645,0.048178492292636106,0.1111111111111111,0.2222222222222222,0.5,2.9722222222222223,2.33,0.7722222222222221,5.333333333333333,0.34949518853166606,0,0.0,0.0,0.0,0.0,Test
mp-aaacrell,Bulk ZnO,1.605787555749612,5.083036919621022,312.93260164801194,28,11.176164344571855,2,11.176164344571855,0,0.0,0.016243232225891396,0.0894761359236534,4.124213071835237,33.93741739659689,0.08947612791767522,0.10714285714285714,0.5714285714285714,0.1875,2.7325,1.79,0.9357142857142857,4.285714285714286,0.41460994241177884,0,0.0,0.0,0.0,0.0,Training
mp-aaacremg,Bulk ZnO,2.2162,4.787945072389223,573.1958074403225,38,15.08410019579796,2,15.08410019579796,0,0.0,0.008353070643992305,0.066294971991672,4.574559298323524,50.71237389196418,0.06629496759664899,0.10526315789473684,0.631578947368421,0.16666666666666666,2.8905263157894736,1.79,0.9184210526315789,4.526315789473684,0.4582915189359681,0,0.0,0.0,0.0,0.0,Training
mp-aaacremn,Bulk ZnO,0.5347,5.912989834753727,146.55325755675713,11,13.323023414250649,1,13.323023414250649,0,0.0,0.040347037884597994,0.07505803817250477,2.0863837573966713,29.630138819482273,0.0750580325387961,0.2727272727272727,0.5454545454545454,0.5,2.65,1.79,0.9772727272727273,4.363636363636363,0.42826072334531456,0,0.0,0.0,0.0,0.0,Training
mp-aaacremr,Bulk ZnO,1.6223038560653227,5.1170905422109465,155.2267625505002,14,11.087625896464301,2,11.087625896464301,0,0.0,0.03296525971509709,0.09019063317413036,2.6049886519783017,26.722755782432387,0.09019062503978079,0.14285714285714285,0.5714285714285714,0.25,2.712142857142857,1.79,0.9357142857142857,4.285714285714286,0.41460994241177884,0,0.0,0.0,0.0,0.0,Training
mp-aaacrems,Bulk ZnO,1.1883,6.615378299468773,59.6177500650616,6,9.936291677510267,1,9.936291677510267,0,0.0,0.11096323313525465,0.10064116799866021,1.535887442917152,18.055440223590512,0.10064115787001653,0.3333333333333333,0.5,0.6666666666666666,2.588333333333333,1.79,0.9750000000000001,4.0,0.3846153846149902,0,0.0,0.0,0.0,0.0,Training
mp-aaacremw,2D ZnO,4.409599999999999,5.061998735780646,595.2274963811847,38,15.663881483715386,2,15.663881483715386,1,0.0,0.008504309304519987,0.06384113676036353,4.5174074966982944,52.6615843232648,0.06384113268467305,0.05263157894736842,0.631578947368421,0.08333333333333333,2.8921052631578945,1.79,0.881578947368421,5.473684210526315,0.4192940847617544,0,0.0,0.0,0.0,0.0,Test
mp-aaacrenh,Bulk ZnO,1.3268605155808784,5.102868484123045,154.4069090109483,14,11.029064929353451,2,11.029064929353451,0,0.0,0.033048187524829103,0.09066951789707364,2.6095910805087117,26.581615520567553,0.09066950967611292,0.14285714285714285,0.5714285714285714,0.25,2.6999999999999997,1.79,0.9357142857142857,4.285714285714286,0.41460994241177884,0,0.0,0.0,0.0,0.0,Training
mp-aaacreog,Bulk ZnO,2.6399999999999997,5.679406446081114,371.26142654960285,26,14.279285636523186,2,14.279285636523186,0,0.0,0.01529759366294497,0.07003151456276117,3.617540524988445,42.30232755786579,0.07003150965834849,0.07692307692307693,0.6153846153846154,0.125,2.8753846153846156,1.79,0.9,5.384615384615385,0.42197473628439225,0,0.0,0.0,0.0,0.0,Training
mp-aaacreok,Bulk ZnO,1.1036487992820008,4.721167818141702,275.83819918706615,28,9.851364256680935,2,9.851364256680935,0,0.0,0.01711571432838398,0.1015087833466138,4.301367622375047,29.91454405976741,0.10150877304258175,0.14285714285714285,0.5714285714285714,0.25,2.754285714285714,1.79,0.857142857142857,4.428571428571429,0.3949331870352989,0,0.0,0.0,0.0,0.0,Training
mp-aaacrepe,Bulk ZnO,1.5578000000000003,5.0247654417012,312.281504743878,28,11.152910883709927,2,11.152910883709927,0,0.0,0.016090499646536326,0.0896626907922856,4.127077366018951,33.86680619378562,0.08966268275288822,0.03571428571428571,0.5714285714285714,0.0625,2.7489285714285714,1.79,0.9357142857142857,4.285714285714286,0.4146099424117789,0,0.0,0.0,0.0,0.0,Training
mp-aaacrepy,Bulk ZnO,0.5623999999999998,5.935858732678468,499.838519053926,42,11.900917120331572,1,11.900917120331572,0,0.0,0.011875552816364812,0.08402713756333924,5.292238201324279,41.36790500885787,0.08402713050277999,0.3333333333333333,0.5714285714285714,0.5833333333333334,2.7109523809523806,1.79,0.930952380952381,4.571428571428571,0.4115343035394184,0,0.0,0.0,0.0,0.0,Test
mp-aaacrere,Bulk ZnO,1.6421999999999999,7.2783987966238675,329.6407868833324,26,12.678491803205093,2,12.678491803205093,0,0.0,0.022079788321825184,0.07887373478817113,3.76379852086103,37.55998212033017,0.07887372856710559,0.15384615384615385,0.6153846153846154,0.25,2.9000000000000004,1.79,0.8961538461538462,4.461538461538462,0.4189333679621911,0,0.0,0.0,0.0,0.0,Training
mp-aaacrewd,Bulk ZnO,1.1224000000000007,5.9860896283709915,480.7409991401244,42,11.446214265241057,2,11.446214265241057,0,0.0,0.012451797618838394,0.08736513023670364,5.361408556929741,39.7873457690573,0.08736512260403834,0.14285714285714285,0.5714285714285714,0.25,2.76047619047619,1.79,0.930952380952381,4.571428571428571,0.4115343035394184,0,0.0,0.0,0.0,0.0,Training
mp-aaacrewu,Bulk ZnO,0.665,5.830159996888254,343.6439999780737,26,13.217076922233604,1,13.217076922233604,0,0.0,0.01696569705061124,0.07565969433966238,3.711964032831686,39.155538417954844,0.07565968861527346,0.3076923076923077,0.5384615384615384,0.5714285714285715,2.6338461538461537,1.79,0.9769230769230769,4.307692307692308,0.42186651436484934,0,0.0,0.0,0.0,0.0,Training
mp-aaacrexs,Bulk ZnO,0.4366,4.108858630839885,544.165776464423,36,15.115716012900638,2,15.115716012900638,0,0.0,0.007550747967900767,0.06615631036905836,4.40952787657802,49.91099458954947,0.06615630599240126,0.08333333333333333,0.6666666666666666,0.125,2.9491666666666663,1.79,0.8666666666666667,4.666666666666667,0.4364156045345048,0,0.0,0.0,0.0,0.0,Test
mp-aaacrfbb,Bulk ZnO,3.3155000000000006,3.870786356168562,625.7299866183523,52,12.033268973429852,2,12.033268973429852,0,0.0,0.006186033015754201,0.08310293754823043,6.079590872408224,44.91431069630977,0.08310293064213278,0.057692307692307696,0.6153846153846154,0.09375,2.865769230769231,1.79,0.8432692307692308,4.923076923076923,0.39089655339349355,0,0.0,0.0,0.0,0.0,Test
mp-aaacrfcl,Bulk ZnO,0.47809999999999997,7.356849819318171,281.55422062988373,24,11.731425859578488,2,11.731425859578488,0,0.0,0.026129424744049907,0.08524113027433224,3.66176577377004,33.83928781014059,0.08524112300828257,0.041666666666666664,0.6666666666666666,0.0625,2.992916666666666,1.79,0.85,4.666666666666667,0.4159451654033622,0,0.0,0.0,0.0,0.0,Training
mp-aaacrfdl,Bulk ZnO,1.8947000000000003,4.620057714652681,771.3102214630582,56,13.773396811840325,2,13.773396811840325,0,0.0,0.005989882651741778,0.07260373121177692,6.1063027311017315,52.69512050813434,0.07260372594047551,0.14285714285714285,0.5714285714285714,0.25,2.7899999999999996,1.79,0.907142857142857,4.7142857142857135,0.42940466785577813,0,0.0,0.0,0.0,0.0,Training
mp-aaacrfil,Bulk ZnO,3.5098,3.7139561255230498,354.24679034240785,26,13.624876551631072,2,13.624876551631072,0,0.0,0.010484092521863683,0.07339516040461205,3.6745546145055927,40.36364321674283,0.07339515501776288,0.23076923076923078,0.6153846153846154,0.375,2.813076923076923,1.81,0.8480769230769232,4.807692307692308,0.388152718123132,0,0.0,0.0,0.0,0.0,Training
mp-aaacrfjg,Bulk ZnO,0.1733,3.520228545665235,532.2841530582325,42,12.673432215672202,2,12.673432215672202,0,0.0,0.006613438565547748,0.07890522338245368,5.182445911959595,44.0531880638389,0.0789052171564199,0.11904761904761904,0.6666666666666666,0.17857142857142858,2.9333333333333327,1.79,0.8035714285714286,5.095238095238095,0.3817309504325734,0,0.0,0.0,0.0,0.0,Test
mp-aaacrflc,Bulk ZnO,0.9283,4.117406581829188,1089.8288344165783,72,15.136511589119143,2,15.136511589119143,0,0.0,0.003778030505160357,0.0660654202992748,6.99648217004963,62.97042578792881,0.06606541593463533,0.1527777777777778,0.6666666666666666,0.22916666666666669,2.931805555555555,1.79,0.8666666666666667,4.666666666666667,0.43641560453450484,0,0.0,0.0,0.0,0.0,Training
mp-aaacrfnx,Bulk ZnO,0.3258000000000001,3.7209646625731643,305.1585695581397,22,13.87084407082453,2,13.87084407082453,0,0.0,0.012193544713363312,0.07209366603027184,3.267739972736747,38.86665063583842,0.07209366083277553,0.045454545454545456,0.6363636363636364,0.07142857142857144,2.8195454545454544,1.81,0.8727272727272728,4.545454545454546,0.41339864235336865,0,0.0,0.0,0.0,0.0,Training
mp-aaacrfpc,Bulk ZnO,2.6398,4.087099010779663,430.14428209941093,34,12.651302414688557,2,12.651302414688557,0,0.0,0.009501693224495986,0.07904324528982636,4.504094899023901,40.98530860415538,0.07904323904199223,0.11764705882352941,0.6470588235294118,0.1818181818181818,2.814117647058824,1.81,0.861764705882353,4.647058823529412,0.4114857849306225,0,0.0,0.0,0.0,0.0,Training
mp-aaacrfuy,Bulk ZnO,2.145,3.9589195215833954,432.42918632995617,34,12.718505480292828,2,12.718505480292828,0,0.0,0.009155070117220589,0.07862559021179713,4.496147852097333,41.203020448569,0.07862558402981419,0.11764705882352941,0.6470588235294118,0.1818181818181818,2.815294117647059,1.81,0.8676470588235294,4.588235294117648,0.41787137915165334,0,0.0,0.0,0.0,0.0,Training
mp-aaacrfzn,Bulk ZnO,2.4212000000000007,5.124044201851303,138.404270797047,12,11.53368923308725,2,11.53368923308725,0,0.0,0.0370222983174059,0.08670252681433897,2.3198758765629086,26.40555666859798,0.08670251929701148,0.08333333333333333,0.6666666666666666,0.125,2.8258333333333328,1.9,0.8708333333333332,4.666666666666667,0.440685181743409,0,0.0,0.0,0.0,0.0,Training
mp-aaacrgls,Bulk ZnO,2.2983,4.731484971065446,438.10075958841253,40,10.952518989710313,2,10.952518989710313,0,0.0,0.010799992621584558,0.09130319709461186,5.2666604864208635,37.45708805584879,0.09130318875833884,0.1,0.6,0.16666666666666669,2.692,1.9,0.9149999999999999,4.3999999999999995,0.4218989758893229,0,0.0,0.0,0.0,0.0,Training
mp-aaacrgqa,Bulk ZnO,3.0079000000000002,4.386165874179378,1896.7336084452486,156,12.158548772084927,2,12.158548772084927,0,0.0,0.002312483869453189,0.08224665778336321,12.602474242869324,65.45205309456595,0.08224665101885105,0.1794871794871795,0.6153846153846154,0.29166666666666663,2.836666666666667,1.79,0.844871794871795,4.923076923076923,0.3959296077650939,0,0.0,0.0,0.0,0.0,Training
mp-aaacrgwf,2D ZnO,3.1867000000000005,6.162045296726046,1682.8198252177006,115,14.633215871458265,4,14.633215871458265,1,0.0,0.003661737997369317,0.06833767838759734,9.668341169853766,71.16051124114365,0.06833767371755939,0.13043478260869565,0.6086956521739131,0.21428571428571427,2.894608695652174,1.79,0.9265217391304348,5.130434782608695,0.4812257517615575,0,0.0,0.0,0.0,0.0,Training
mp-aaacrhxb,Bulk ZnO,4.0192,3.643579501736625,329.2966486342663,24,13.72069369309443,3,13.72069369309443,0,0.0,0.01106473302066117,0.07288261237865079,3.4754854241078563,39.57732916637002,0.07288260706677599,0.08333333333333333,0.5833333333333334,0.14285714285714285,2.6233333333333335,2.49,0.9625000000000001,4.666666666666666,0.5094816946990299,0,0.0,0.0,0.0,0.0,Test
mp-aaacrhxc,Bulk ZnO,2.623161928445058,8.708195845048282,290.7202222969954,22,13.214555558954338,2,13.214555558954338,0,0.0,0.02995387034394917,0.07567413035865503,3.320964757292877,37.02770441332084,0.07567412463208147,0.09090909090909091,0.6363636363636364,0.14285714285714288,2.819090909090909,1.94,0.9204545454545454,4.954545454545455,0.4651749625355944,0,0.0,0.0,0.0,0.0,Training
mp-aaacrhxf,Bulk ZnO,2.1380000000000003,7.403680991845381,383.9272469799787,31,12.384749902579959,2,12.384749902579959,0,0.0,0.01928407282911982,0.08074446459283628,4.265258746883262,38.90521372867087,0.08074445807316824,0.0967741935483871,0.6451612903225806,0.15,2.769354838709677,1.94,0.8887096774193548,4.580645161290323,0.4389989183685779,0,0.0,0.0,0.0,0.0,Training
mp-aaacrica,Bulk ZnO,0.47170000000000023,6.34980453813586,255.75749442179008,20,12.787874721089505,3,12.787874721089505,0,0.0,0.024827442701107677,0.07819907700149895,3.1507978427703054,34.71163242173403,0.07819907088640378,0.1,0.6,0.16666666666666669,2.654,2.49,1.02,4.3999999999999995,0.5433000393130912,0,0.0,0.0,0.0,0.0,Test
mp-aaacrikb,Bulk ZnO,2.678040989452418,5.403371359478307,202.23698010239448,15,13.482465340159631,2,13.482465340159631,0,0.0,0.026718018419492465,0.07417041132836022,2.5554716571304383,33.25061881364376,0.07417040582711072,0.06666666666666667,0.6,0.11111111111111112,2.5773333333333333,2.49,1.0433333333333334,4.3999999999999995,0.5500035029516854,0,0.0,0.0,0.0,0.0,Test
mp-aaacrikz,2D ZnO,0.5104789863377555,5.775042226450811,200.19475668448868,14,14.299625477463477,3,14.299625477463477,1,0.0,0.028847120284735548,0.06993190147364502,2.3931897611892214,34.464131725111635,0.06993189658317452,0.07142857142857142,0.5714285714285714,0.125,2.522857142857143,2.49,1.1,4.2857142857142865,0.5569672474727803,0,0.0,0.0,0.0,0.0,Training
mp-aaacriqb,2D ZnO,1.197,6.604831701601131,331.1362189765809,21,15.768391379837185,2,15.768391379837185,1,0.0,0.01994596580831361,0.06341800985981903,3.03540794276848,43.50379620047247,0.06341800583797531,0.047619047619047616,0.5714285714285714,0.08333333333333333,2.603333333333333,2.49,1.1404761904761904,4.571428571428571,0.5594210521273638,0,0.0,0.0,0.0,0.0,Training
mp-aaacriyg,Bulk ZnO,1.6724000000000006,6.059785151669747,768.8000529496051,56,13.728572374100091,3,13.728572374100091,0,0.0,0.007882134149731863,0.07284078582610452,6.112941300273803,52.523628378727274,0.07284078052032483,0.07142857142857142,0.5714285714285714,0.125,2.487142857142857,2.49,1.1035714285714286,4.2857142857142865,0.5531709066535402,0,0.0,0.0,0.0,0.0,Training
mp-aaacrmim,Bulk ZnO,4.564504772236315,3.4074038114018785,232.83168430763206,20,11.641584215381602,4,11.641584215381602,0,0.0,0.014634622523710302,0.08589896198824351,3.250992510921023,31.600121279305018,0.08589895460961249,0.05,0.6,0.08333333333333334,2.691,2.51,0.9075000000000001,4.75,0.46434057520476474,0,0.0,0.0,0.0,0.0,Training
mp-aaacrmke,Bulk ZnO,4.25717179321374,3.5553767535603193,463.8163766559739,40,11.595409416399347,4,11.595409416399347,0,0.0,0.007665483438066366,0.08624102557221511,5.167470012542774,39.65574238782273,0.08624101813470127,0.075,0.6,0.125,2.7,2.51,0.90125,4.7749999999999995,0.458073648770928,0,0.0,0.0,0.0,0.0,Training
mp-aaacrmlz,Bulk ZnO,3.4754,3.168199464445378,300.9086181806379,22,13.677664462756269,3,13.677664462756269,0,0.0,0.010528776090233088,0.073111897336198,3.2830523313779616,38.32535377615056,0.07311189199084886,0.045454545454545456,0.5454545454545454,0.08333333333333334,2.5427272727272725,2.51,0.9863636363636363,4.363636363636363,0.48045756751945273,0,0.0,0.0,0.0,0.0,Training
mp-aaacrmpp,Bulk ZnO,4.7697,3.2563730652125837,468.11722124259654,40,11.702930531064913,4,11.702930531064913,0,0.0,0.006956319736686219,0.08544868290429855,5.1515958562907365,40.0234594274987,0.08544867560282177,0.025,0.6,0.04166666666666667,2.682,2.51,0.9137500000000001,4.725,0.47023616454772704,0,0.0,0.0,0.0,0.0,Training
mp-aaacrmqf,Bulk ZnO,3.4799,3.6991233613234726,320.6733490820952,28,11.45261961007483,3,11.45261961007483,0,0.0,0.01153548734845584,0.08731626772274034,4.0907575646644245,34.776898407040186,0.0873162600986104,0.07142857142857142,0.5714285714285714,0.125,2.6599999999999997,2.51,0.9392857142857141,4.571428571428571,0.475346003711019,0,0.0,0.0,0.0,0.0,Training
mp-aaacrmuw,2D ZnO,3.3150999999999997,4.018769122202812,1109.3194171668747,73,15.19615639954623,2,15.19615639954623,1,0.0,0.0036227339574263213,0.06580611397431135,7.051864981973288,63.50989207496306,0.065806109643867,0.1506849315068493,0.6575342465753424,0.22916666666666666,2.8910958904109587,2.51,0.8856164383561644,4.602739726027397,0.4536383181033228,0,0.0,0.0,0.0,0.0,Training
mp-aaacrncc,Bulk ZnO,1.3361999999999998,4.985422013964004,317.72914317623184,28,11.347469399151137,2,11.347469399151137,0,0.0,0.015690792365240437,0.08812537534358157,4.103354270131922,34.4576004361589,0.08812536757750047,0.10714285714285714,0.5714285714285714,0.1875,2.720714285714285,1.89,0.9375,4.285714285714286,0.4159670316602054,0,0.0,0.0,0.0,0.0,Training
mp-aaacrncs,Bulk ZnO,1.0842062970856432,4.986330903240522,157.09210493673643,14,11.220864638338316,2,11.220864638338316,0,0.0,0.03174144814756031,0.08911969195166129,2.59463685517122,27.043880105448487,0.0891196840093425,0.07142857142857142,0.5714285714285714,0.125,2.717142857142857,1.89,0.9392857142857143,4.285714285714286,0.41729929757213985,0,0.0,0.0,0.0,0.0,Training
mp-aaacrnmj,Bulk ZnO,0.9959686575873339,4.89205125304771,316.68494972752717,28,11.310176775983113,2,11.310176775983113,0,0.0,0.015447691016755884,0.08841594785003501,4.107859267924649,34.34435806791456,0.08841594003265588,0.03571428571428571,0.5714285714285714,0.0625,2.713571428571428,1.89,0.9410714285714286,4.285714285714286,0.41860717950566556,0,0.0,0.0,0.0,0.0,Training
mp-aaacrnnh,Bulk ZnO,0.6661999999999999,5.133082718800881,306.24201426193054,28,10.937214795068948,1,10.937214795068948,0,0.0,0.016761523500203098,0.0914309555711433,4.154031388468577,33.211825829741706,0.09143094721152442,0.10714285714285714,0.5714285714285714,0.1875,2.6407142857142856,1.89,0.9375,4.285714285714286,0.4159670316602054,0,0.0,0.0,0.0,0.0,Training
mp-aaacrnpj,Bulk ZnO,1.7116000000000002,5.60865538799156,60.13753118939541,6,10.022921864899235,1,10.022921864899235,0,0.0,0.09326381175056592,0.09977130556131034,1.5314496349757325,18.212857721055915,0.09977129560699792,0.3333333333333333,0.5,0.6666666666666666,2.4883333333333333,2.13,1.0,4.0,0.4031128874145244,1,15.333333333333332,10.333333333333332,15.333333333333332,4466.666666666666,Training
mp-aaacrnpl,Bulk ZnO,2.7824,3.6899603391528197,680.9930555302194,52,13.096020298658065,2,13.096020298658065,0,0.0,0.005418499218438911,0.07635907529117597,5.910475878276554,48.88104187464639,0.07635906946046804,0.17307692307692307,0.6153846153846154,0.28125,2.828846153846154,1.89,0.8375,4.923076923076923,0.3822536602222249,0,0.0,0.0,0.0,0.0,Test
mp-aaacrnqg,2D ZnO,3.1876999999999995,4.403725317040081,106.12592482104945,10,10.612592482104946,2,10.612592482104946,1,50.0,0.04149528331051706,0.09422768298002675,2.112156872799649,22.86413739461847,0.09422767410117135,0.1,0.6,0.16666666666666669,2.668,2.13,0.9249999999999999,4.3999999999999995,0.4319253783989488,1,23.0,15.5,23.0,6700.0,Training
mp-aaacrnqk,Bulk ZnO,1.811,4.983357696640781,94.81007501883072,8,11.85125937735384,1,11.85125937735384,0,0.0,0.05256147825693642,0.08437921812013205,1.7544398782523067,23.702518754707683,0.0843792110002802,0.375,0.5,0.75,2.5025,2.13,0.9937500000000001,4.0,0.39891272663857924,1,11.5,7.75,11.5,3350.0,Test
mp-aaacrnre,Bulk ZnO,1.7325000000000004,4.757291337872045,153.96279047444114,14,10.997342176745795,2,10.997342176745795,0,0.0,0.030898968011766375,0.09093106169911941,2.612097866229705,26.505159173771865,0.09093105343066218,0.07142857142857142,0.5714285714285714,0.125,2.6999999999999997,2.13,0.9464285714285714,4.285714285714286,0.4238023142527825,1,23.0,15.5,23.0,6700.0,Training
mp-aaacrnrm,Bulk ZnO,1.4417,5.125907092171418,237.09143957388218,20,11.854571978694109,1,11.854571978694109,0,0.0,0.021619958533231176,0.08435563947793914,3.2314048399600726,32.17825901615963,0.08435563236206585,0.4,0.5,0.8,2.511,2.13,0.99,4.0,0.3962635403214792,1,9.200000000000001,6.2,9.200000000000001,2680.0,Training
mp-aaacrnso,Bulk ZnO,2.5927000000000002,4.635791482806612,583.6665118824528,36,16.212958663401466,2,16.212958663401466,0,0.0,0.007942534629672628,0.061679056905101656,4.307721079041374,53.53400999588752,0.061679053100795835,0.027777777777777776,0.6666666666666666,0.041666666666666664,3.059444444444444,1.89,0.8652777777777776,5.777777777777778,0.4336691310565658,0,0.0,0.0,0.0,0.0,Training
mp-aaacrnth,Bulk ZnO,0.3174000000000001,5.296619673482969,454.8133214866442,42,10.828888606824862,2,10.828888606824862,0,0.0,0.011645700385753776,0.09234558007825051,5.461411470950491,37.64150533183054,0.09234557155054515,0.14285714285714285,0.5714285714285714,0.25,2.6785714285714284,1.89,0.9309523809523808,4.285714285714286,0.4108662021074504,0,0.0,0.0,0.0,0.0,Training
mp-aaacrntx,Bulk ZnO,3.069,4.570074058666356,316.84388759231837,30,10.561462919743946,3,10.561462919743946,0,0.0,0.014423740642100221,0.09468385275779997,4.400541728788842,32.81692089465474,0.09468384379276887,0.06666666666666667,0.6,0.11111111111111112,2.6966666666666668,2.13,0.92,4.3999999999999995,0.42738267937643765,1,23.0,15.5,23.0,6700.0,Training
mp-aaacrnuo,Bulk ZnO,2.2861999999999996,4.539727609723526,429.28333128254974,40,10.732083282063744,4,10.732083282063744,0,0.0,0.010575131338457503,0.09317855384809345,5.30247524297167,36.703208540120215,0.09317854516585136,0.05,0.6,0.08333333333333334,2.693,2.13,0.92,4.3999999999999995,0.42703698435960524,1,23.0,15.5,23.0,6700.0,Training
mp-aaacrocc,2D ZnO,0.2671,3.122668726598752,243.01421443162258,17,14.294953790095446,2,14.294953790095446,1,33.33333333333333,0.012849736933710863,0.06995475569098171,2.724196071563143,36.75635151978259,0.06995475079731421,0.11764705882352941,0.7058823529411765,0.16666666666666666,2.881764705882353,2.13,0.8352941176470587,4.823529411764706,0.4378390516064345,1,15.333333333333332,10.333333333333332,15.333333333333332,4466.666666666666,Training
mp-aaacroch,Bulk ZnO,1.1464,6.825677413256165,87.63336185357711,7,12.519051693368159,2,12.519051693368159,0,0.0,0.07788902843486595,0.07987825471874518,1.5759467869124413,23.948084362983433,0.07987824833821013,0.14285714285714285,0.5714285714285714,0.25,2.644285714285714,2.17,0.9857142857142855,4.285714285714286,0.4670400882407442,0,0.0,0.0,0.0,0.0,Training
mp-aaacroff,Bulk ZnO,1.7135999999999996,5.085077374564923,57.53613381410305,6,9.589355635683843,2,9.589355635683843,0,0.0,0.08838058864008146,0.10428229361718602,1.554190888121506,17.425015597592044,0.1042822827423904,0.16666666666666666,0.5,0.3333333333333333,2.4633333333333334,2.46,1.0,3.833333333333333,0.40104031385013106,0,0.0,0.0,0.0,0.0,Training
mp-aaacrogh,Bulk ZnO,1.4076,5.449680271598494,77.31944833349671,8,9.664931041687089,2,9.664931041687089,0,0.0,0.0704826584909499,0.103466853067732,1.8778478651352815,19.32986208337418,0.10346684236234344,0.25,0.5,0.5,2.4625,2.46,0.9937500000000001,3.875,0.39732303074392944,0,0.0,0.0,0.0,0.0,Training
mp-aaacrogm,2D ZnO,4.3387,3.7201891207384947,117.08812040451187,12,9.757343367042656,2,9.757343367042656,1,0.0,0.03177255820561572,0.10248691292116423,2.452883760295781,22.338739843474023,0.10248690241759799,0.16666666666666666,0.5,0.3333333333333333,2.498333333333333,2.46,0.9083333333333334,4.0,0.39619858498468646,0,0.0,0.0,0.0,0.0,Training
mp-aaacrojv,Bulk ZnO,0.7775009787904514,6.1775035032516,324.95409977126076,26,12.498234606586951,2,12.498234606586951,0,0.0,0.0190103879520216,0.08001130011377522,3.7818068234913937,37.02597088404679,0.0800112937119676,0.3076923076923077,0.5384615384615384,0.5714285714285715,2.5984615384615384,2.17,0.9807692307692308,4.153846153846154,0.4314438443752485,0,0.0,0.0,0.0,0.0,Training
mp-aaacrokj,Bulk ZnO,3.35,3.245580374594074,574.9372965784495,42,13.688983251867844,2,13.688983251867844,0,0.0,0.0056451032032694345,0.07305144447916183,5.050981713679115,47.583270524896996,0.07305143914264868,0.14285714285714285,0.5714285714285714,0.25,2.574285714285714,2.46,0.9357142857142857,4.142857142857142,0.41559259813134825,0,0.0,0.0,0.0,0.0,Training
mp-aaacroqs,Bulk ZnO,2.3639,3.8651195685343946,150.74873986495683,14,10.767767133211203,2,10.767767133211203,0,0.0,0.025639481776078735,0.09286976469946898,2.630531290695601,25.951850658549276,0.09286975607467658,0.07142857142857142,0.5714285714285714,0.125,2.553571428571429,2.46,0.9464285714285715,4.142857142857143,0.42333164677459284,0,0.0,0.0,0.0,0.0,Training
mp-aaacroso,Bulk ZnO,0.20100000000000007,3.451321988655424,882.6825603349704,58,15.218664833361558,2,15.218664833361558,0,0.0,0.003910037587403649,0.06570878660839238,6.046348074045165,58.90957420500298,0.06570878229074803,0.05172413793103448,0.7758620689655172,0.06666666666666667,3.116206896551724,1.89,0.7844827586206897,5.1034482758620685,0.4382673287143602,0,0.0,0.0,0.0,0.0,Training
mp-aaacrpge,Bulk ZnO,3.6957999999999998,3.5791307658087326,896.0479369423107,84,10.667237344551317,3,10.667237344551317,0,0.0,0.003994351884813461,0.09374498454473656,8.713023217814728,46.717370120189365,0.09374497575661528,0.047619047619047616,0.5714285714285714,0.08333333333333333,2.6714285714285713,2.46,0.8904761904761904,4.571428571428571,0.404017684866372,0,0.0,0.0,0.0,0.0,Training
mp-aaacrpgq,Bulk ZnO,2.2099523628270115,5.311176568344747,177.2566181798017,13,13.635124475369363,2,13.635124475369363,0,0.0,0.02996320601669897,0.07333999787141005,2.3142442812368738,32.06074115032628,0.07333999249265515,0.07692307692307693,0.6153846153846154,0.125,2.6500000000000004,2.34,0.9884615384615384,4.461538461538462,0.5268603186169991,0,0.0,0.0,0.0,0.0,Training
mp-aaacrpgx,Bulk ZnO,1.7541868824997495,5.289323242945013,203.06217428926212,16,12.691385893078882,2,12.691385893078882,0,0.0,0.026047801671868098,0.07879360129970832,2.722139047481491,31.980288478057858,0.0787935950912772,0.0625,0.625,0.1,2.679375,2.34,0.965625,4.5,0.5170605570853541,0,0.0,0.0,0.0,0.0,Training
mp-aaacrplw,Bulk ZnO,4.350999999999999,2.5835435789451484,2076.2708334716817,150,13.841805556477878,3,13.841805556477878,0,0.0,0.0012443191597626348,0.07224491024091913,11.757904397222523,73.5455664377535,0.07224490502159246,0.013333333333333334,0.5333333333333333,0.025,2.587466666666667,2.51,1.0153333333333334,4.586666666666667,0.507897754448621,0,0.0,0.0,0.0,0.0,Training
mp-aaacrpwn,Bulk ZnO,1.5200999999999998,4.363692809418538,116.54421921087841,9,12.949357690097601,2,12.949357690097601,0,0.0,0.037442378858128934,0.07722390746567313,1.8425202256838014,26.935749450084796,0.07722390150214171,0.3333333333333333,0.4444444444444444,0.75,2.2788888888888885,2.62,1.1222222222222222,3.5555555555555554,0.4711040496380087,0,0.0,0.0,0.0,0.0,Training
mp-aaacrqbu,Bulk ZnO,3.7320999999999995,3.5566028215840504,850.921154580687,68,12.513546390892456,3,12.513546390892456,0,0.0,0.004179709015856653,0.07991339695098863,7.175945623573828,51.07598046946561,0.07991339056483814,0.08823529411764706,0.5588235294117647,0.15789473684210528,2.6844117647058825,2.62,0.8705882352941177,4.470588235294118,0.5258454356608552,0,0.0,0.0,0.0,0.0,Training
mp-aaacrqcr,Bulk ZnO,0.35999999999999943,5.620266704928427,612.216830460321,40,15.305420761508026,3,15.305420761508026,0,0.0,0.009180189804162346,0.06533632858463612,4.7107664113065875,52.34380271188973,0.06533632431580057,0.05,0.6,0.08333333333333334,2.6645000000000003,2.34,1.025,4.3999999999999995,0.5382457680656679,0,0.0,0.0,0.0,0.0,Training
mp-aaacrqew,Bulk ZnO,4.2648,2.826788044428227,670.5899899762495,48,13.970624791171865,3,13.970624791171865,0,0.0,0.00421537465020667,0.07157876007320066,5.483891857809704,50.77262000553922,0.07157875494968213,0.08333333333333333,0.5833333333333334,0.14285714285714285,2.6591666666666667,2.62,0.9333333333333333,4.666666666666666,0.5204675586347878,0,0.0,0.0,0.0,0.0,Test
mp-aaacrqyu,2D ZnO,3.249595326486703,2.7330660244121305,216.20954061564902,14,15.4435386154035,2,15.4435386154035,1,0.0,0.012640820643852356,0.06475199919548183,2.332579302257787,37.221125125406196,0.0647519950026607,0.07142857142857142,0.5714285714285714,0.125,2.6078571428571427,2.62,0.9892857142857141,4.571428571428571,0.560916039549954,0,0.0,0.0,0.0,0.0,Training
mp-aaacrrmn,Bulk ZnO,0.1339999999999999,3.0269861607716546,960.7642107396059,54,17.791929828511222,2,17.791929828511222,0,0.0,0.003150602537995717,0.05620525764425619,5.472530040120848,67.24928072758131,0.05620525448522537,0.14814814814814814,0.6296296296296297,0.2352941176470588,2.7437037037037033,2.62,0.95,4.7407407407407405,0.5558940181662521,0,0.0,0.0,0.0,0.0,Training
mp-aaacruha,Bulk ZnO,1.2174,3.2358399640288384,819.8136572017281,55,14.905702858213239,3,14.905702858213239,0,0.0,0.003947043252577346,0.0670884163941982,5.876575315286132,56.68567936402015,0.06708841189334289,0.05454545454545454,0.6545454545454545,0.08333333333333333,2.890727272727273,2.65,0.8518181818181818,5.218181818181818,0.5654497189522447,0,0.0,0.0,0.0,0.0,Test
mp-aaacrvcp,2D ZnO,1.5973000000000002,3.7776461018102188,60.43460296937859,4,15.108650742344647,1,15.108650742344647,1,0.0,0.06250799899726821,0.06618724709793737,1.0192907903402506,23.98348808221801,0.06618724271718598,0.25,0.5,0.5,2.3825,2.44,1.0875000000000001,4.0,0.47154463210912984,0,0.0,0.0,0.0,0.0,Training
mp-aaacrvde,Bulk ZnO,1.3153000000000001,4.547536286139719,109.65590342140135,8,13.706987927675168,1,13.706987927675168,0,0.0,0.04147096639807706,0.0729554884907241,1.671395831030396,27.41397585535034,0.0729554831682212,0.375,0.5,0.75,2.46375,2.44,1.03125,4.0,0.4390071442777429,0,0.0,0.0,0.0,0.0,Training
mp-aaacrvdq,Bulk ZnO,3.183455801487268,3.256387574587207,1266.6483596329278,96,13.194253746176331,3,13.194253746176331,0,0.0,0.002570869452300796,0.07579056907934623,8.872633543272125,60.41460073244282,0.07579056333513631,0.041666666666666664,0.5833333333333334,0.07142857142857142,2.6370833333333334,2.44,0.9458333333333335,4.666666666666666,0.483278183246499,0,0.0,0.0,0.0,0.0,Test
mp-aaacrvfk,Bulk ZnO,3.0625000000000004,3.64897419813147,464.6509682446174,40,11.616274206115435,3,11.616274206115435,0,0.0,0.007853150961713809,0.08608612212972262,5.164374275448128,39.72709896491668,0.08608611471890285,0.075,0.6,0.125,2.7135,2.44,0.89625,4.8,0.4524313526239721,0,0.0,0.0,0.0,0.0,Training
mp-aaacrvho,Bulk ZnO,0.8544,3.714419448102413,447.9129581881405,40,11.197823954703512,3,11.197823954703512,0,0.0,0.008292726031253186,0.08930306495664829,5.227918184664203,38.29601923532628,0.0893030569816116,0.025,0.6,0.04166666666666667,2.7225,2.44,0.89875,4.8,0.4544366589210253,0,0.0,0.0,0.0,0.0,Training
mp-aaacrvjt,Bulk ZnO,3.1382997065153666,3.2352781513041506,634.1326979282306,48,13.211097873504805,3,13.211097873504805,0,0.0,0.005101894543325237,0.07569393623262194,5.5870323786775025,48.01231599973295,0.0756939305030504,0.020833333333333332,0.5833333333333334,0.03571428571428571,2.641875,2.44,0.9458333333333333,4.666666666666666,0.4832781832464991,0,0.0,0.0,0.0,0.0,Training
mp-aaacrvkf,Bulk ZnO,3.2951867195823192,3.820618295197765,642.2463314551943,48,13.380131905316548,3,13.380131905316548,0,0.0,0.005948836307933519,0.07473767875207968,5.563405215315275,48.62662643992207,0.07473767316635949,0.08333333333333333,0.5833333333333334,0.14285714285714285,2.6389583333333335,2.44,0.9614583333333333,4.666666666666667,0.48323001076852484,0,0.0,0.0,0.0,0.0,Training
mp-aaacrvmh,Bulk ZnO,3.156980774421591,3.2759943460838876,632.8162072450931,48,13.183670984272773,3,13.183670984272773,0,0.0,0.005176849626443081,0.07585140748680184,5.590904056485861,47.91264006929124,0.07585140173336627,0.0625,0.5833333333333334,0.10714285714285714,2.6322916666666667,2.44,0.9458333333333335,4.666666666666666,0.48327818324649907,0,0.0,0.0,0.0,0.0,Training
mp-aaacrvms,Bulk ZnO,2.6081000000000003,4.245100391466109,671.1005578515623,60,11.185009297526038,2,11.185009297526038,0,0.0,0.0063255801858610045,0.08940537941449772,6.8531260059944445,43.78783096505757,0.08940537142117656,0.06666666666666667,0.6333333333333333,0.10526315789473685,2.732666666666667,2.44,0.9033333333333333,4.533333333333333,0.44851787561381845,0,0.0,0.0,0.0,0.0,Training
mp-aaacrvpi,2D ZnO,4.2643,3.9705787826517676,65.42621874996784,8,8.17827734374598,1,8.17827734374598,1,0.0,0.06068788413137079,0.12227513912385364,1.9853605128227816,16.356554687491965,0.12227512417264584,0.125,0.5,0.25,2.5149999999999997,1.8699999999999999,0.8625,4.0,0.3224434124820463,0,0.0,0.0,0.0,0.0,Test
mp-aaacrvql,Bulk ZnO,1.5432000000000001,5.18771965053864,86.18009943056134,8,10.772512428820168,1,10.772512428820168,0,0.0,0.06019625974925438,0.09282885553463431,1.811149596223579,21.54502485764034,0.0928288469174387,0.375,0.5,0.75,2.535,1.8699999999999999,0.9375,4.0,0.37309516212315474,0,0.0,0.0,0.0,0.0,Training
mp-aaacrvqv,Bulk ZnO,3.3966000000000003,6.959710969207486,136.043976709722,10,13.6043976709722,3,13.6043976709722,0,0.0,0.05115780306876409,0.07350564311521908,1.9443460428630395,29.309786279331473,0.0735056377121399,0.1,0.6,0.16666666666666669,2.649,2.55,1.045,4.3999999999999995,0.5667180843656884,0,0.0,0.0,0.0,0.0,Training
mp-aaacrwaq,Bulk ZnO,1.0812,5.401335184783992,438.8884416618763,38,11.549695833207272,2,11.549695833207272,0,0.0,0.012306852202194084,0.08658236670829338,5.000332478248162,38.82979334725132,0.08658235921178781,0.05263157894736842,0.5789473684210527,0.0909090909090909,2.703157894736842,2.55,0.9736842105263157,4.315789473684211,0.4800931246401814,0,0.0,0.0,0.0,0.0,Training
mp-aaacrwbu,Bulk ZnO,3.2303,3.608491768088802,465.4626105731299,40,11.636565264328247,3,11.636565264328247,0,0.0,0.0077524847025749735,0.08593601095208808,5.161370766403224,39.79649340786973,0.08593600356709075,0.05,0.6,0.08333333333333334,2.718,2.44,0.8975000000000001,4.8,0.45344048595057046,0,0.0,0.0,0.0,0.0,Training
mp-aaacrwmg,Bulk ZnO,3.1750000000000003,4.420387358393062,686.5752898320586,52,13.20337095830882,3,13.20337095830882,0,0.0,0.006438314084205275,0.0757382340583792,5.89441379610984,49.28172940948452,0.07573822832209955,0.07692307692307693,0.6153846153846154,0.125,2.663846153846154,2.55,0.9615384615384616,4.461538461538462,0.5160465095313077,1,23.0,15.5,23.0,6700.0,Training
mp-aaacrwqq,Bulk ZnO,1.289528731423109,7.266435354399623,277.9905295553307,20,13.899526477766534,3,13.899526477766534,0,0.0,0.02613914713577797,0.07194489694304222,3.0644555671849845,37.729119533576835,0.07194489176697441,0.05,0.6,0.08333333333333334,2.5515000000000003,2.55,1.0724999999999998,4.3999999999999995,0.5819995160005745,0,0.0,0.0,0.0,0.0,Training
mp-aaacrwsf,Bulk ZnO,3.3586,7.125644428672228,277.33546758935944,20,13.866773379467972,3,13.866773379467972,0,0.0,0.02569323170458281,0.07211482964599852,3.06686640184161,37.640213946557154,0.07211482444545024,0.1,0.6,0.16666666666666669,2.646,2.55,1.0525,4.3999999999999995,0.5748954625916453,0,0.0,0.0,0.0,0.0,Training
mp-aaacrwta,2D ZnO,3.0819450092982033,6.545418025329691,432.84994959389763,30,14.428331653129922,3,14.428331653129922,1,0.0,0.015121679074863335,0.06930808246170798,3.96590339402185,44.83218111928827,0.06930807765809802,0.06666666666666667,0.6,0.11111111111111112,2.612,2.55,1.0633333333333332,4.3999999999999995,0.5823806868981825,0,0.0,0.0,0.0,0.0,Training
mp-aaacrxaz,Bulk ZnO,1.6886,5.232482972937946,375.65908119813685,25,15.026363247925474,2,15.026363247925474,0,0.0,0.013928807354395185,0.06654970224668694,3.4647777199075094,43.93735267776398,0.06654969781782437,0.32,0.52,0.6153846153846154,2.4856,2.55,1.06,4.08,0.4954402266222074,0,0.0,0.0,0.0,0.0,Training
mp-aaacrxek,Bulk ZnO,3.5397000000000003,4.687713997678647,425.1764730630902,42,10.123249358645005,2,10.123249358645005,0,0.0,0.011025337229755551,0.0987825118765868,5.585467751812521,35.188684503479706,0.09878250211860314,0.14285714285714285,0.5714285714285714,0.25,2.6661904761904758,1.8299999999999998,0.907142857142857,4.476190476190476,0.3935432755775127,0,0.0,0.0,0.0,0.0,Test
mp-aaacrxli,Bulk ZnO,1.392,5.909480156039766,376.65693440390726,25,15.06627737615629,2,15.06627737615629,0,0.0,0.015689290747804865,0.06637339636283267,3.461715342410803,44.0540622967162,0.06637339195740521,0.32,0.52,0.6153846153846154,2.4872,2.55,1.056,4.08,0.4921182032669442,0,0.0,0.0,0.0,0.0,Training
mp-aaacrxlr,Bulk ZnO,1.6352926483400654,6.024259726691297,370.4040469761602,25,14.816161879046408,2,14.816161879046408,0,0.0,0.016264022425972652,0.0674938629966131,3.4810861203587646,43.32272014656497,0.06749385844119186,0.32,0.52,0.6153846153846154,2.488,2.55,1.056,4.08,0.4921182032669442,0,0.0,0.0,0.0,0.0,Training
mp-aaacryac,Bulk ZnO,3.5234999999999994,4.412225707556731,1094.4288030511332,112,9.771685741527975,2,9.771685741527975,0,0.0,0.004031532882957747,0.10233648793576863,10.868147349681955,47.10230559579009,0.10233647746301296,0.10714285714285714,0.5714285714285714,0.1875,2.6696428571428568,1.8299999999999998,0.8928571428571428,4.571428571428571,0.38031565836772496,0,0.0,0.0,0.0,0.0,Training
mp-aaacsdzz,Bulk ZnO,0.11040000000000028,3.878098508476796,209.1984259271529,17,12.305789760420758,3,12.305789760420758,0,0.0,0.018537895260393726,0.08126256172653872,2.863712733212045,31.641650669480516,0.08126255512293533,0.11764705882352941,0.5882352941176471,0.19999999999999998,2.7152941176470584,2.44,0.9000000000000001,4.705882352941176,0.43744488188905895,0,0.0,0.0,0.0,0.0,Test
mp-aaacsecj,Bulk ZnO,2.3132,3.8331020064965107,410.53968290426536,27,15.205173440898717,4,15.205173440898717,0,0.0,0.00933673933632954,0.06576708933225388,3.6328325763190397,45.61552032269616,0.06576708500694413,0.07407407407407407,0.5925925925925926,0.125,2.749259259259259,2.49,0.9148148148148147,4.962962962962963,0.4826651303145752,1,15.333333333333332,10.333333333333332,15.333333333333332,4466.666666666666,Training
mp-aaacsecl,Bulk ZnO,0.5824999999999996,3.933417185928384,406.7283202870473,27,15.064011862483234,4,15.064011862483234,0,0.0,0.009670871168135984,0.06638337842062443,3.6441448093500997,45.19203558744971,0.0663833740138718,0.07407407407407407,0.5925925925925926,0.125,2.7377777777777776,2.49,0.9259259259259258,4.962962962962963,0.496306357000863,0,0.0,0.0,0.0,0.0,Training
mp-aaacsedt,Bulk ZnO,1.5769000000000002,3.9885371677123116,394.5407592100658,27,14.612620711483919,4,14.612620711483919,0,0.0,0.01010931589349097,0.0684339941304375,3.6812880878257,43.83786213445176,0.06843398944722627,0.07407407407407407,0.5925925925925926,0.125,2.749259259259259,2.49,0.9148148148148147,4.962962962962963,0.4826651303145752,1,15.333333333333332,10.333333333333332,15.333333333333332,4466.666666666666,Training
mp-aaacsehy,Bulk ZnO,1.533,4.837558528018194,179.27467484864076,15,11.951644989909385,2,11.951644989909385,0,0.0,0.026984059695562026,0.0836704906181774,2.6602244326571065,29.475291182225796,0.08367048361742699,0.13333333333333333,0.5333333333333333,0.25,2.6093333333333333,2.44,0.9933333333333334,4.133333333333334,0.43528547775183024,0,0.0,0.0,0.0,0.0,Test
mp-aaacsekc,Bulk ZnO,0.25870000000000015,4.107335850460371,383.1292447415517,27,14.189972027464878,4,14.189972027464878,0,0.0,0.010720496821460512,0.0704723024164168,3.717480190817716,42.56991608239464,0.07047229745007175,0.07407407407407407,0.5925925925925926,0.125,2.749259259259259,2.49,0.9148148148148147,4.962962962962963,0.4826651303145752,1,15.333333333333332,10.333333333333332,15.333333333333332,4466.666666666666,Training
mp-aaacseki,Bulk ZnO,0.21619999999999973,3.6266940740728852,216.47825948220085,17,12.734015263658874,3,12.734015263658874,0,0.0,0.01675315610328564,0.0785298257693991,2.831245259657936,32.74273902260704,0.07852981960246605,0.11764705882352941,0.5882352941176471,0.19999999999999998,2.7335294117647058,2.13,0.8823529411764706,4.705882352941176,0.40581878823991824,1,15.333333333333332,10.333333333333332,15.333333333333332,4466.666666666666,Training
mp-aaacsell,Bulk ZnO,1.7289999999999996,4.0693200522232615,199.51996994447148,17,11.736468820263028,3,11.736468820263028,0,0.0,0.020395552652477826,0.08520450361300315,2.9092885505894244,30.177766216876705,0.08520449635319634,0.11764705882352941,0.5882352941176471,0.19999999999999998,2.6917647058823526,2.44,0.9058823529411766,4.588235294117647,0.4316594767429067,0,0.0,0.0,0.0,0.0,Training
mp-aaacselt,Bulk ZnO,0.8884999999999996,2.7958320887449926,420.0010743039596,29,14.48279566565378,3,14.48279566565378,0,0.0,0.006656726041423448,0.06904744243347427,3.872408791942271,44.49573680655818,0.06904743766592529,0.06896551724137931,0.6206896551724138,0.1111111111111111,2.803793103448276,2.62,0.8758620689655172,5.03448275862069,0.5109547652668954,1,15.333333333333332,10.333333333333332,15.333333333333332,4466.666666666666,Test
mp-aaacsemi,Bulk ZnO,2.0226,3.8572808231579487,407.9662732459403,27,15.109861972071862,4,15.109861972071862,0,0.0,0.00945490124089892,0.06618194142662179,3.6404550838859633,45.32958591621559,0.06618193704657271,0.07407407407407407,0.5925925925925926,0.125,2.749259259259259,2.49,0.9148148148148147,4.962962962962963,0.4826651303145752,1,15.333333333333332,10.333333333333332,15.333333333333332,4466.666666666666,Training
mp-aaacsemp,Bulk ZnO,0.5831,4.699878377717249,335.4599722589819,29,11.56758525030972,2,11.56758525030972,0,0.0,0.014010250898395851,0.08644846598154313,4.173666681041013,35.53928679708199,0.08644845850820651,0.13793103448275862,0.5517241379310345,0.25,2.620344827586207,2.13,0.9413793103448276,4.206896551724138,0.40331317150512264,1,9.200000000000001,6.2,9.200000000000001,2680.0,Training
mp-aaacsenh,Bulk ZnO,0.5797999999999996,4.862278399230704,482.23316555678,43,11.214724780390233,2,11.214724780390233,0,0.0,0.010082836989481597,0.08916848336292418,5.48339372051774,39.28964504339008,0.08916847541190646,0.13953488372093023,0.5581395348837209,0.25,2.6355813953488374,2.13,0.9348837209302326,4.232558139534883,0.40329590002908705,1,6.571428571428571,4.428571428571428,6.571428571428571,1914.2857142857142,Training
mp-aaacseps,Bulk ZnO,0.22250000000000014,4.943181594790549,490.45111678533505,43,11.40583992524035,2,11.40583992524035,0,0.0,0.010078846648756077,0.08767438492513539,5.452594648459753,39.95919747116851,0.0876743772383383,0.13953488372093023,0.5581395348837209,0.25,2.6132558139534883,2.13,0.9488372093023256,4.232558139534883,0.41391464289496743,1,6.571428571428571,4.428571428571428,6.571428571428571,1914.2857142857142,Training
mp-aaacsewx,Bulk ZnO,1.1384000000000003,3.9438566134099378,399.0105717677651,27,14.77816932473204,4,14.77816932473204,0,0.0,0.009884090529073422,0.06766738004053369,3.6674902111017347,44.33450797419613,0.06766737546165967,0.07407407407407407,0.5925925925925926,0.125,2.749259259259259,2.49,0.9148148148148147,4.962962962962963,0.4826651303145752,1,15.333333333333332,10.333333333333332,15.333333333333332,4466.666666666666,Training
mp-aaacsexg,Bulk ZnO,0.9427000000000003,4.834536903816449,485.00031149382613,43,11.279077011484329,2,11.279077011484329,0,0.0,0.009968110925384409,0.08865973687224606,5.472945411480667,39.515096524986696,0.08865972901169782,0.13953488372093023,0.5581395348837209,0.25,2.6355813953488374,2.13,0.9348837209302326,4.232558139534883,0.40329590002908705,1,6.571428571428571,4.428571428571428,6.571428571428571,1914.2857142857142,Training
mp-aaacsexo,Bulk ZnO,0.9339000000000004,3.864596493838633,407.1939941972345,27,15.081259044342017,4,15.081259044342017,0,0.0,0.009490799346040257,0.06630746127095843,3.6427551109936434,45.243777133026065,0.06630745687427932,0.07407407407407407,0.5925925925925926,0.125,2.749259259259259,2.49,0.9148148148148147,4.962962962962963,0.4826651303145752,1,15.333333333333332,10.333333333333332,15.333333333333332,4466.666666666666,Test
mp-aaacsfap,Bulk ZnO,0.7384000000000004,4.769277240659452,491.6367378037274,43,11.433412507063428,2,11.433412507063428,0,0.0,0.009700815406849144,0.08746295118646438,5.448207998712627,40.055795200847335,0.08746294353669723,0.13953488372093023,0.5581395348837209,0.25,2.6355813953488374,2.13,0.9348837209302326,4.232558139534883,0.40329590002908705,1,6.571428571428571,4.428571428571428,6.571428571428571,1914.2857142857142,Training
mp-aaacsfbm,Bulk ZnO,1.8546,4.34078442849724,473.4393357696589,33,14.346646538474513,2,14.346646538474513,0,0.0,0.009168618026722539,0.06970270002249115,4.234080983924952,46.01736129247279,0.06970269516402511,0.12121212121212122,0.6060606060606061,0.2,2.942727272727273,2.13,0.8515151515151516,5.3939393939393945,0.37653532749408075,1,9.200000000000001,6.2,9.200000000000001,2680.0,Training
mp-aaacsfcc,Bulk ZnO,0.5690999999999997,4.9072635238785365,477.81251055092355,43,11.111918850021478,2,11.111918850021478,0,0.0,0.010270270065177663,0.08999345779042178,5.500252368083688,38.92947494633993,0.08999344969160007,0.13953488372093023,0.5581395348837209,0.25,2.6355813953488374,2.13,0.9348837209302326,4.232558139534883,0.40329590002908705,1,6.571428571428571,4.428571428571428,6.571428571428571,1914.2857142857142,Training
mp-aaacsfdi,Bulk ZnO,0.7679,4.775997042391962,490.945007600979,43,11.417325758162303,2,11.417325758162303,0,0.0,0.009728171115803885,0.08758618446925674,5.450765597731054,39.999436915949204,0.0875861767979177,0.13953488372093023,0.5581395348837209,0.25,2.6355813953488374,2.13,0.9348837209302326,4.232558139534883,0.40329590002908705,1,6.571428571428571,4.428571428571428,6.571428571428571,1914.2857142857142,Test
mp-aaacsfia,Bulk ZnO,2.2412999999999994,3.9092333853181254,402.5445214391367,27,14.909056349597655,4,14.909056349597655,0,0.0,0.009711306891824605,0.06707332620866957,3.6567263173122124,44.72716904879297,0.06707332170983879,0.07407407407407407,0.5925925925925926,0.125,2.749259259259259,2.49,0.9148148148148147,4.962962962962963,0.4826651303145752,1,15.333333333333332,10.333333333333332,15.333333333333332,4466.666666666666,Training
mp-aaacsfik,Bulk ZnO,0.2904,4.6850181247726805,336.5240065717175,29,11.604276088679914,2,11.604276088679914,0,0.0,0.013921794681159675,0.08617512995709485,4.16926321778621,35.652012677155255,0.08617512253094248,0.13793103448275862,0.5517241379310345,0.25,2.620344827586207,2.13,0.9413793103448276,4.206896551724138,0.40331317150512264,1,9.200000000000001,6.2,9.200000000000001,2680.0,Test
mp-aaacsfin,Bulk ZnO,0.6864999999999997,4.821062450091215,486.35584553255734,43,11.310601058896681,2,11.310601058896681,0,0.0,0.009912623636325734,0.08841263119376144,5.467856087894705,39.62553781154667,0.08841262337696879,0.13953488372093023,0.5581395348837209,0.25,2.6355813953488374,2.13,0.9348837209302326,4.232558139534883,0.40329590002908705,1,6.571428571428571,4.428571428571428,6.571428571428571,1914.2857142857142,Training
mp-aaacsfpb,Bulk ZnO,0.5749000000000004,4.707230318102663,498.11709770438233,43,11.584118551264705,2,11.584118551264705,0,0.0,0.009450047669105035,0.08632508339538913,5.42447825485492,40.583778463790644,0.08632507594336976,0.13953488372093023,0.5581395348837209,0.25,2.6355813953488374,2.13,0.9348837209302326,4.232558139534883,0.40329590002908705,1,6.571428571428571,4.428571428571428,6.571428571428571,1914.2857142857142,Test
mp-aaacsfqz,Bulk ZnO,1.7931,4.30627928237886,477.23288755478524,33,14.46160265317531,2,14.46160265317531,0,0.0,0.009023433620518261,0.06914862923442525,4.222832140403192,46.38608697681854,0.06914862445289266,0.12121212121212122,0.6060606060606061,0.2,2.942727272727273,2.13,0.8515151515151516,5.3939393939393945,0.37653532749408075,1,9.200000000000001,6.2,9.200000000000001,2680.0,Training
mp-aaacsfrb,Bulk ZnO,0.1307999999999998,4.857933896832147,482.6644318500063,43,11.224754229069914,2,11.224754229069914,0,0.0,0.010064826774602294,0.08908881028416604,5.4817600751358455,39.32478219444122,0.08908880234735063,0.13953488372093023,0.5581395348837209,0.25,2.6355813953488374,2.13,0.9348837209302326,4.232558139534883,0.40329590002908705,1,6.571428571428571,4.428571428571428,6.571428571428571,1914.2857142857142,Training
mp-aaacsfsm,Bulk ZnO,1.2776999999999998,3.9597391430511903,397.4101387583342,27,14.718894028086451,4,14.718894028086451,0,0.0,0.009963860397278678,0.06793988720156621,3.6724068032863415,44.156682084259366,0.06793988258573826,0.07407407407407407,0.5925925925925926,0.125,2.749259259259259,2.49,0.9148148148148147,4.962962962962963,0.4826651303145752,1,15.333333333333332,10.333333333333332,15.333333333333332,4466.666666666666,Training
mp-aaacsfst,Bulk ZnO,2.3422000000000005,3.8375943543027002,410.0590987482613,27,15.187374027713382,4,15.187374027713382,0,0.0,0.009358637245258717,0.06584416754175115,3.634251233756545,45.56212208314015,0.06584416320629705,0.07407407407407407,0.5925925925925926,0.125,2.749259259259259,2.49,0.9148148148148147,4.962962962962963,0.4826651303145752,1,15.333333333333332,10.333333333333332,15.333333333333332,4466.666666666666,Training
mp-aaacsfys,Bulk ZnO,0.3434999999999997,4.830188743146414,485.43691126073674,43,11.289230494435738,2,11.289230494435738,0,0.0,0.009950188440763284,0.08857999670507943,5.471304138531019,39.55066821746483,0.08857998885866432,0.13953488372093023,0.5581395348837209,0.25,2.6355813953488374,2.13,0.9348837209302326,4.232558139534883,0.40329590002908705,1,6.571428571428571,4.428571428571428,6.571428571428571,1914.2857142857142,Training
mp-aaacsghe,Bulk ZnO,0.22299999999999986,4.834923953110499,484.96148585147927,43,11.278174089569285,2,11.278174089569285,0,0.0,0.009969707067812817,0.08866683490236761,5.473091460845389,39.51193323010085,0.08866682704056071,0.13953488372093023,0.5581395348837209,0.25,2.6355813953488374,2.13,0.9348837209302326,4.232558139534883,0.40329590002908705,1,6.571428571428571,4.428571428571428,6.571428571428571,1914.2857142857142,Training
mp-aaacsghr,Bulk ZnO,1.0886999999999998,4.694044727514695,499.5163106425759,43,11.616658387036649,2,11.616658387036649,0,0.0,0.009397180087025173,0.08608327512806331,5.419408618543606,40.69777846131937,0.0860832677177337,0.13953488372093023,0.5581395348837209,0.25,2.6355813953488374,2.13,0.9348837209302326,4.232558139534883,0.40329590002908705,1,6.571428571428571,4.428571428571428,6.571428571428571,1914.2857142857142,Test
mp-aaacsgin,Bulk ZnO,1.1496,4.3078431166696465,477.0596423520151,33,14.456352798545911,2,14.456352798545911,0,0.0,0.009029988567951331,0.06917374070315888,4.223343255299827,46.36924788786725,0.0691737359181528,0.12121212121212122,0.6060606060606061,0.2,2.942727272727273,2.13,0.8515151515151516,5.3939393939393945,0.37653532749408075,1,9.200000000000001,6.2,9.200000000000001,2680.0,Training
mp-aaacsgkb,Bulk ZnO,1.9263,3.8209545659038024,212.48894759416544,17,12.49934985848032,3,12.49934985848032,0,0.0,0.017981897925352232,0.08000416112215142,2.8488536505635618,32.13934818630707,0.08000415472148613,0.11764705882352941,0.5882352941176471,0.19999999999999998,2.6917647058823526,2.44,0.9058823529411766,4.588235294117647,0.4316594767429067,0,0.0,0.0,0.0,0.0,Training
mp-aaacsglj,Bulk ZnO,1.7607999999999997,3.775873146083375,416.7620101112458,27,15.435630004120215,4,15.435630004120215,0,0.0,0.009060022397616054,0.06478517557968616,3.6146622439910976,46.306890012360654,0.06478517138256747,0.07407407407407407,0.5925925925925926,0.125,2.749259259259259,2.49,0.9148148148148147,4.962962962962963,0.4826651303145752,1,15.333333333333332,10.333333333333332,15.333333333333332,4466.666666666666,Training
mp-aaacsgmb,Bulk ZnO,0.7056000000000004,4.8226714792838745,486.1935784660893,43,11.306827406188123,2,11.306827406188123,0,0.0,0.009919241415115158,0.08844213890208576,5.468464319072556,39.61231720396694,0.08844213108007452,0.13953488372093023,0.5581395348837209,0.25,2.6355813953488374,2.13,0.9348837209302326,4.232558139534883,0.40329590002908705,1,6.571428571428571,4.428571428571428,6.571428571428571,1914.2857142857142,Training
mp-aaacsgnh,Bulk ZnO,1.7481000000000004,4.017632309945795,195.5676555654108,17,11.503979739141812,3,11.503979739141812,0,0.0,0.020543439549501743,0.08692643960398692,2.9287563610731087,29.579971322560674,0.0869264320477817,0.11764705882352941,0.5882352941176471,0.19999999999999998,2.71,2.13,0.888235294117647,4.588235294117647,0.40015566463586194,1,15.333333333333332,10.333333333333332,15.333333333333332,4466.666666666666,Training
mp-aaacsgrq,Bulk ZnO,0.5130999999999997,4.031734449905443,390.31352432541485,27,14.456056456496846,4,14.456056456496846,0,0.0,0.010329476686398593,0.06917515873082937,3.6945302846601638,43.368169369490545,0.06917515394562711,0.07407407407407407,0.5925925925925926,0.125,2.749259259259259,2.49,0.9148148148148147,4.962962962962963,0.4826651303145752,1,15.333333333333332,10.333333333333332,15.333333333333332,4466.666666666666,Training
mp-aaacsgwm,Bulk ZnO,1.8960000000000004,3.916005668937641,401.84836676032904,27,14.883272842975149,4,14.883272842975149,0,0.0,0.009744983413789089,0.06718952279854201,3.658836714125079,44.64981852892546,0.06718951828411035,0.07407407407407407,0.5925925925925926,0.125,2.749259259259259,2.49,0.9148148148148147,4.962962962962963,0.4826651303145752,1,15.333333333333332,10.333333333333332,15.333333333333332,4466.666666666666,Training
mp-aaacsgyc,Bulk ZnO,2.1214,3.965565371305156,396.8262618172048,27,14.69726895619277,4,14.69726895619277,0,0.0,0.009993202952711496,0.0680398516881359,3.6742070729631826,44.09180686857832,0.0680398470587148,0.07407407407407407,0.5925925925925926,0.125,2.749259259259259,2.49,0.9148148148148147,4.962962962962963,0.4826651303145752,1,15.333333333333332,10.333333333333332,15.333333333333332,4466.666666666666,Test
mp-aaacsgyx,Bulk ZnO,0.4499000000000004,5.146533474277845,157.82010417388753,15,10.521340278259169,2,10.521340278259169,0,0.0,0.03261012594825911,0.09504492522367665,2.775686951661459,25.947856432382274,0.0950449161901397,0.13333333333333333,0.5333333333333333,0.25,2.608,2.46,0.97,4.066666666666666,0.4084001241712788,0,0.0,0.0,0.0,0.0,Training
mp-aaacshbz,Bulk ZnO,0.3317999999999999,4.785948122990338,151.30220894105085,14,10.80730063864649,2,10.80730063864649,0,0.0,0.031631713485789234,0.09253004366548652,2.6273198447273978,26.047132030849863,0.09253003510367833,0.07142857142857142,0.5714285714285714,0.125,2.6907142857142854,2.46,0.9285714285714286,4.214285714285714,0.4094302579125211,0,0.0,0.0,0.0,0.0,Test
mp-aaacshdu,Bulk ZnO,2.375,5.988389245486392,145.707435059105,11,13.246130459918636,3,13.246130459918636,0,0.0,0.04109872116722974,0.07549374536404366,2.0904130796073686,29.45913041994282,0.0754937396647385,0.18181818181818182,0.5454545454545454,0.33333333333333337,2.6554545454545453,2.46,0.9727272727272727,4.090909090909091,0.42520796882488354,0,0.0,0.0,0.0,0.0,Training
mp-aaacshep,Bulk ZnO,0.12650000000000006,5.201412857165294,156.15496622730737,15,10.410331081820491,2,10.410331081820491,0,0.0,0.03330930154084145,0.09605842428453548,2.7855181470694474,25.674084211763486,0.0960584150573155,0.13333333333333333,0.5333333333333333,0.25,2.608,2.46,0.97,4.066666666666666,0.4084001241712788,0,0.0,0.0,0.0,0.0,Training
mp-aaacshgr,Bulk ZnO,1.1240999999999999,4.86322098441359,167.01409449582468,15,11.134272966388313,2,11.134272966388313,0,0.0,0.02911862617999087,0.08981277924645453,2.7237895622499324,27.4594784285982,0.08981277118011995,0.13333333333333333,0.5333333333333333,0.25,2.608,2.46,0.97,4.066666666666666,0.4084001241712788,0,0.0,0.0,0.0,0.0,Training
mp-aaacshhk,Bulk ZnO,1.1521,3.983407974870054,190.00949341923965,17,11.177029024661156,3,11.177029024661156,0,0.0,0.020964257644122054,0.08946921384865207,2.957039696297039,28.739288969364004,0.08946920584391256,0.11764705882352941,0.5882352941176471,0.19999999999999998,2.6905882352941175,2.46,0.8852941176470588,4.529411764705882,0.39594862233681744,0,0.0,0.0,0.0,0.0,Training
mp-aaacshmt,Bulk ZnO,1.2056999999999998,6.2027826940397,98.29182971618339,8,12.286478714522923,3,12.286478714522923,0,0.0,0.0631057811412217,0.08139028465641462,1.7334747250139158,24.57295742904585,0.08139027803203673,0.125,0.5,0.25,2.4362500000000002,2.46,1.0437500000000002,3.875,0.43802712414033707,0,0.0,0.0,0.0,0.0,Training
mp-aaacshpr,Bulk ZnO,2.0377,6.424751543235333,135.81114090148253,11,12.34646735468023,3,12.34646735468023,0,0.0,0.04730651329919871,0.08099482801620381,2.1400021974211474,27.458297585672838,0.08099482145604217,0.18181818181818182,0.5454545454545454,0.33333333333333337,2.6554545454545453,2.46,0.9727272727272727,4.090909090909091,0.42520796882488354,0,0.0,0.0,0.0,0.0,Training
mp-aaacshwq,Bulk ZnO,1.3528000000000002,4.018704075352319,188.34064842678478,17,11.07886167216381,3,11.07886167216381,0,0.0,0.02133742295633299,0.09026198084163733,2.9657479186010236,28.486873063083923,0.09026197269441288,0.11764705882352941,0.5882352941176471,0.19999999999999998,2.6905882352941175,2.46,0.8852941176470588,4.529411764705882,0.39594862233681744,0,0.0,0.0,0.0,0.0,Test
mp-aaacshye,Bulk ZnO,2.5463999999999998,5.931168121534334,147.1131519484952,11,13.373922904408653,3,13.373922904408653,0,0.0,0.040317048768086054,0.0747723765979206,2.0837335532486514,29.743338272213805,0.07477237100701273,0.18181818181818182,0.5454545454545454,0.33333333333333337,2.6554545454545453,2.46,0.9727272727272727,4.090909090909091,0.42520796882488354,0,0.0,0.0,0.0,0.0,Test
mp-aaacsiic,Bulk ZnO,0.15189999999999992,4.721552284878162,153.36577447312968,14,10.95469817665212,2,10.95469817665212,0,0.0,0.030786218770768817,0.09128503440937442,2.6154829001546043,26.402381066832607,0.09128502607641768,0.07142857142857142,0.5714285714285714,0.125,2.6907142857142854,2.46,0.9285714285714286,4.214285714285714,0.4094302579125211,0,0.0,0.0,0.0,0.0,Training
mp-aaacsiio,Bulk ZnO,0.44430000000000014,4.782892523906298,151.39886988183986,14,10.81420499155999,2,10.81420499155999,0,0.0,0.03159133570573634,0.09247096765600947,2.6267605863166854,26.06377250361347,0.09247095910513041,0.07142857142857142,0.5714285714285714,0.125,2.6907142857142854,2.46,0.9285714285714286,4.214285714285714,0.4094302579125211,0,0.0,0.0,0.0,0.0,Training
mp-aaacsinb,Bulk ZnO,1.0730999999999997,4.836550370518953,167.93507496496485,15,11.195671664330991,2,11.195671664330991,0,0.0,0.02880012035322561,0.08932023285266254,2.718801212284694,27.610900638812602,0.08932022487455925,0.13333333333333333,0.5333333333333333,0.25,2.608,2.46,0.97,4.066666666666666,0.4084001241712788,0,0.0,0.0,0.0,0.0,Training
mp-aaacsirk,Bulk ZnO,1.1469,4.082571384447289,185.3942675125294,17,10.905545147795848,3,10.905545147795848,0,0.0,0.02202102275989401,0.09169647059799785,2.9813764793491475,28.04122747461971,0.0916964621897559,0.11764705882352941,0.5882352941176471,0.19999999999999998,2.6905882352941175,2.46,0.8852941176470588,4.529411764705882,0.39594862233681744,0,0.0,0.0,0.0,0.0,Training
mp-aaacsitj,Bulk ZnO,1.2919999999999998,5.037541229511,161.2347000331693,15,10.748980002211287,2,10.748980002211287,0,0.0,0.031243530260388574,0.09303208302501999,2.7559526672028603,26.509264268190243,0.09303207437005233,0.13333333333333333,0.5333333333333333,0.25,2.608,2.46,0.97,4.066666666666666,0.4084001241712788,0,0.0,0.0,0.0,0.0,Training
mp-aaacslgb,Bulk ZnO,0.1451,3.30932880647124,225.8827915773815,17,13.287223033963619,1,13.287223033963619,0,0.0,0.014650645953866524,0.07526027052032534,2.791394419521253,34.16519197820072,0.07526026485621745,0.17647058823529413,0.7058823529411765,0.25,2.9770588235294118,1.79,0.7794117647058825,5.176470588235294,0.37603541640263033,0,0.0,0.0,0.0,0.0,Training
mp-aaacsvtf,Bulk ZnO,1.2763,4.835097088177964,1118.3380707600907,80,13.979225884501133,0,13.979225884501133,0,0.0,0.004323466413775699,0.07153471932295673,7.707241198851053,60.234658370721775,0.07153471420574102,0.5,0.5,1.0,2.545,1.79,0.9750000000000001,4.0,0.3846153846149902,0,0.0,0.0,0.0,0.0,Training
mp-aaacsvwv,Bulk ZnO,1.2176,5.110085346211842,1058.1571115126565,80,13.226963893908206,0,13.226963893908206,0,0.0,0.00482923120830977,0.07560313976970624,7.8506678243756856,56.99325971367009,0.07560313405387194,0.5,0.5,1.0,2.545,1.79,0.9750000000000001,4.0,0.3846153846149902,0,0.0,0.0,0.0,0.0,Training
mp-aaacswar,Bulk ZnO,1.2421,4.983603308142384,1085.0127538634717,80,13.562659423293397,0,13.562659423293397,0,0.0,0.004593128781571425,0.07373185219725674,7.785354141335076,58.43972790126224,0.0737318467608711,0.5,0.5,1.0,2.545,1.79,0.9750000000000001,4.0,0.3846153846149902,0,0.0,0.0,0.0,0.0,Training
mp-aaacswcl,Bulk ZnO,0.93,4.98200188560062,1085.3615220739296,80,13.56701902592412,0,13.56701902592412,0,0.0,0.004590177359596197,0.07370815933029805,7.7845201412131715,58.45851285954701,0.07370815389740569,0.5,0.5,1.0,2.545,1.79,0.9750000000000001,4.0,0.3846153846149902,0,0.0,0.0,0.0,0.0,Training
mp-aaactban,Bulk ZnO,4.2571,3.0768820698269113,990.8500072622567,80,12.385625090778209,4,12.385625090778209,0,0.0,0.0031052955011106206,0.08073875905904467,8.02454988778115,53.36804070660375,0.08073875254029798,0.025,0.6,0.04166666666666667,2.682,2.51,0.9137500000000001,4.725,0.47023616454772704,0,0.0,0.0,0.0,0.0,Training
mp-aaactbsf,Bulk ZnO,0.598817961442732,3.7948744605600453,469.9859964153335,40,11.749649910383337,2,11.749649910383337,0,0.0,0.008074441556778767,0.0851089187871279,5.144758799623955,40.18323745725504,0.08510891154360047,0.1,0.6,0.16666666666666669,2.7720000000000002,1.81,0.8500000000000001,4.8,0.3720326659017246,0,0.0,0.0,0.0,0.0,Training
mp-aaactdlh,Bulk ZnO,0.25329999999999986,3.9762802078887955,550.9566011175293,46,11.977317415598463,2,11.977317415598463,0,0.0,0.007217047948647013,0.08349114958727455,5.611152017070378,42.915301666442296,0.08349114261650309,0.13043478260869565,0.6086956521739131,0.21428571428571427,2.8047826086956524,1.79,0.8500000000000001,4.782608695652174,0.3780497570096444,0,0.0,0.0,0.0,0.0,Training
mp-aaactgov,Bulk ZnO,0.6890000000000001,4.218035131770263,179.85444507614824,16,11.240902817259265,2,11.240902817259265,0,0.0,0.023452493097873655,0.08896082603477379,2.834520424604498,28.325300158575065,0.08896081812074592,0.125,0.625,0.2,2.7874999999999996,1.89,0.85625,4.75,0.3975925206242458,0,0.0,0.0,0.0,0.0,Training
mp-aaactihv,Bulk ZnO,2.6819999999999995,4.63515994260613,826.0758878697881,80,10.325948598372351,2,10.325948598372351,0,0.0,0.0056110582703955605,0.09684340285769262,8.526091813456866,44.493163735639,0.09684339347904886,0.15,0.6,0.25,2.7625,1.79,0.8675,4.699999999999999,0.3897528055803406,0,0.0,0.0,0.0,0.0,Test
mp-aaactkaw,Bulk ZnO,1.7517328840161266,4.1454455382363316,621.7484441873303,46,13.516270525811528,2,13.516270525811528,0,0.0,0.0066673999380162914,0.07398490568018275,5.389555261306985,48.42944433158459,0.07398490020641689,0.13043478260869565,0.6086956521739131,0.21428571428571427,2.817826086956522,1.79,0.8586956521739131,5.043478260869565,0.39103886303628077,0,0.0,0.0,0.0,0.0,Training
mp-aaactlfd,Bulk ZnO,0.24300000000000033,4.016289848161243,232.46067689177113,20,11.623033844588557,2,11.623033844588557,0,0.0,0.017277287074368902,0.08603605679644298,3.2527211204603463,31.549767826030006,0.08603604939424055,0.1,0.6,0.16666666666666669,2.799,1.79,0.8500000000000001,4.8,0.3720326659017246,0,0.0,0.0,0.0,0.0,Training
mp-aaactnjq,Bulk ZnO,1.3687566628606955,4.201115364825071,608.6873401838615,46,13.232333482257857,2,13.232333482257857,0,0.0,0.006901926633723108,0.07557246054453036,5.42783214420433,47.41208431217705,0.07557245483333401,0.13043478260869565,0.6086956521739131,0.21428571428571427,2.8100000000000005,1.79,0.8586956521739131,4.9565217391304355,0.39103886303628077,0,0.0,0.0,0.0,0.0,Training
mp-aaactozs,Bulk ZnO,3.8048,4.093187564438345,224.15625438149877,20,11.207812719074939,2,11.207812719074939,0,0.0,0.01826042095382276,0.08922347518334846,3.2924034037283194,30.422684288153476,0.08922346722252066,0.1,0.6,0.16666666666666669,2.8,1.79,0.8500000000000001,4.8,0.3720326659017246,0,0.0,0.0,0.0,0.0,Training
mp-aaactpew,Bulk ZnO,2.4973,4.6542393944195295,833.6751779975189,80,10.420939724968985,2,10.420939724968985,0,0.0,0.005582797134009646,0.09596063564248052,8.500106425942556,44.902468092409,0.09596062643403783,0.15,0.6,0.25,2.7795,1.79,0.8675,4.699999999999999,0.3897528055803406,0,0.0,0.0,0.0,0.0,Training
mp-aaactqfe,Bulk ZnO,1.7039,3.9444961720813376,540.9011323693325,46,11.758720268898532,2,11.758720268898532,0,0.0,0.007292453160160881,0.08504326807101369,5.645709591545581,42.13205762534895,0.08504326083865686,0.13043478260869565,0.6086956521739131,0.21428571428571427,2.7743478260869567,1.89,0.8543478260869566,4.782608695652174,0.38431658892852016,0,0.0,0.0,0.0,0.0,Test
mp-aaactrud,Bulk ZnO,0.22599999999999998,3.8941962365730043,535.8269931510189,46,11.648412894587366,2,11.648412894587366,0,0.0,0.007267637290298762,0.08584860521768309,5.663474754996142,41.73682102266597,0.08584859784770071,0.13043478260869565,0.6086956521739131,0.21428571428571427,2.7734782608695654,1.9,0.8543478260869566,4.782608695652174,0.38431658892852016,0,0.0,0.0,0.0,0.0,Training
mp-aaactsgp,Bulk ZnO,2.469635467739972,5.023483062721878,628.3998177508818,46,13.660865603280039,2,13.660865603280039,0,0.0,0.00799408739598545,0.07320180353431596,5.370472307873747,48.947535416067524,0.07320179817581231,0.13043478260869565,0.6086956521739131,0.21428571428571427,2.815217391304348,1.79,0.8717391304347826,5.043478260869565,0.4135442381984534,0,0.0,0.0,0.0,0.0,Test
mp-aaactvzk,Bulk ZnO,0.4272999999999998,4.11699497555066,524.683384259208,46,11.406160527374086,2,11.406160527374086,0,0.0,0.007846627316707159,0.08767192059063708,5.70328920623161,40.86881919407385,0.0876719129042721,0.13043478260869565,0.6086956521739131,0.21428571428571427,2.8030434782608697,1.79,0.8500000000000001,4.782608695652174,0.3780497570096444,0,0.0,0.0,0.0,0.0,Training
mp-aaactwaj,Bulk ZnO,2.0619999999999994,4.006057433373269,527.7112529764021,46,11.471983760356567,2,11.471983760356567,0,0.0,0.007591381481403448,0.08716888211223535,5.692360284698995,41.10466698887512,0.087168874513822,0.13043478260869565,0.6086956521739131,0.21428571428571427,2.783913043478261,1.79,0.8543478260869566,4.782608695652174,0.38431658892852016,0,0.0,0.0,0.0,0.0,Training
mp-aaactwan,Bulk ZnO,2.0757,3.9862591426255447,536.7454815145443,46,11.668380032924876,2,11.668380032924876,0,0.0,0.00742672137896242,0.08570169956568797,5.660242431160109,41.80836423517646,0.08570169222090729,0.13043478260869565,0.6086956521739131,0.21428571428571427,2.7986956521739135,1.79,0.8543478260869566,4.782608695652174,0.38431658892852016,0,0.0,0.0,0.0,0.0,Test
mp-aaactwhf,Bulk ZnO,1.7930000000000001,3.9403207278993047,534.7373767657299,46,11.624725581863693,2,11.624725581863693,0,0.0,0.007368702654996139,0.08602353603599462,5.667318902551714,41.65194824724132,0.08602352863594652,0.13043478260869565,0.6086956521739131,0.21428571428571427,2.781304347826087,1.81,0.8500000000000001,4.782608695652174,0.3780497570096444,0,0.0,0.0,0.0,0.0,Training
mp-aaactwnl,Bulk ZnO,0.5737089244119948,4.27021313092586,581.9739509752366,46,12.651607629896446,2,12.651607629896446,0,0.0,0.007337464372365974,0.07904133840168619,5.509641183985938,45.33131578322958,0.07904133215415352,0.13043478260869565,0.6086956521739131,0.21428571428571427,2.807391304347826,1.79,0.8717391304347826,4.782608695652174,0.4135442381984534,0,0.0,0.0,0.0,0.0,Test
mp-aaactxwd,Bulk ZnO,1.255,4.6319640158159645,835.0832538180562,80,10.438540672725702,2,10.438540672725702,0,0.0,0.00554670925879344,0.09579883159461608,8.49532625276978,44.97830827725802,0.09579882241720084,0.15,0.6,0.25,2.7515,1.89,0.8675,4.699999999999999,0.3897528055803406,0,0.0,0.0,0.0,0.0,Training
mp-aaactyej,Bulk ZnO,2.5493628123322765,3.9707008387961764,462.5430160263105,40,11.563575400657763,2,11.563575400657763,0,0.0,0.00858450068689463,0.0864784433319056,5.1722076071449585,39.54687158541425,0.08647843585338509,0.1,0.6,0.16666666666666669,2.797,1.79,0.8500000000000001,4.8,0.3720326659017246,0,0.0,0.0,0.0,0.0,Training
mp-aaacuaua,Bulk ZnO,0.5385999999999997,4.157738657244264,180.11279699103406,16,11.257049811939629,2,11.257049811939629,0,0.0,0.02308408245667982,0.08883322155502628,2.8331645072621408,28.365988035555723,0.08883321366368574,0.125,0.625,0.2,2.8012499999999996,1.79,0.85625,4.75,0.3975925206242458,0,0.0,0.0,0.0,0.0,Training
mp-aaacubbc,Bulk ZnO,0.6787999999999998,4.228769567597771,510.438335875591,46,11.096485562512848,2,11.096485562512848,0,0.0,0.008284584582276454,0.09011862308714126,5.755857989159218,39.759238970520855,0.09011861496577576,0.13043478260869565,0.6086956521739131,0.21428571428571427,2.805652173913044,1.79,0.85,4.782608695652174,0.37804975700964444,0,0.0,0.0,0.0,0.0,Training
mp-aaacukja,Bulk ZnO,0.9348999999999998,6.451109222374361,160.9709718576276,16,10.060685741101725,1,10.060685741101725,0,0.0,0.040076227085714,0.0993968031338679,2.9412873872833942,25.35133948318253,0.09939679325414441,0.25,0.5,0.5,2.6025,1.79,0.9750000000000001,4.0,0.3846153846149902,0,0.0,0.0,0.0,0.0,Test
mp-aaacukts,Bulk ZnO,2.6091,6.959634970280685,224.08317422033804,20,11.204158711016902,2,11.204158711016902,0,0.0,0.031058266621291998,0.08925257360168534,3.292761281586711,30.41276578430956,0.08925256563566417,0.2,0.6,0.33333333333333337,2.818,1.79,0.9,4.3999999999999995,0.4082482904634095,0,0.0,0.0,0.0,0.0,Training
mp-aaacuocu,Bulk ZnO,1.2377123346022554,4.690413371446219,145.7313948598971,13,11.210107296915162,1,11.210107296915162,0,0.0,0.03218533230918072,0.0892052121816161,2.470352786005108,26.3587141403082,0.08920520422404694,0.15384615384615385,0.6153846153846154,0.25,2.746923076923077,1.81,0.8884615384615385,4.461538461538462,0.41068541041101564,0,0.0,0.0,0.0,0.0,Training
mp-aaacuohp,Bulk ZnO,1.1233429200688692,6.133059900930301,437.0074256840671,40,10.925185642101678,2,10.925185642101678,0,0.0,0.01403422354054957,0.09153162543493679,5.271048987775977,37.36360932194295,0.09153161705689909,0.2,0.6,0.33333333333333337,2.754,1.89,0.915,4.699999999999999,0.4226061486549547,0,0.0,0.0,0.0,0.0,Training
mp-aaacuoia,Bulk ZnO,1.6635999999999997,7.047662296588475,217.518375241766,20,10.8759187620883,2,10.8759187620883,0,0.0,0.03240030773839306,0.09194625501303291,3.325559165166997,29.52178548446755,0.09194624655891988,0.2,0.6,0.33333333333333337,2.793,1.81,0.9,4.3999999999999995,0.4082482904634095,0,0.0,0.0,0.0,0.0,Training
mp-aaacuowu,Bulk ZnO,0.6023727627590327,6.084439969348863,436.13661335916294,40,10.903415333979073,2,10.903415333979073,0,0.0,0.01395076630344324,0.09171438208756758,5.274554802796256,37.289155915460164,0.09171437367604048,0.2,0.6,0.33333333333333337,2.762,1.81,0.91,4.699999999999999,0.4183047540802938,0,0.0,0.0,0.0,0.0,Training
mp-aaacuozz,Bulk ZnO,1.5854,6.71713372267225,488.63857487368523,40,12.21596437184213,2,12.21596437184213,0,0.0,0.013746630061715148,0.08186009467291881,5.078444864107212,41.77801048261911,0.08186008797184427,0.1,0.6,0.16666666666666669,2.604,2.34,1.025,4.3999999999999995,0.5380246771678349,0,0.0,0.0,0.0,0.0,Training
mp-aaacurhk,Bulk ZnO,0.5781999999999998,6.918022166129852,478.28511974519404,40,11.95712799362985,2,11.95712799362985,0,0.0,0.014464222031024971,0.08363212307610565,5.114828010408536,40.892802520883286,0.08363211608177425,0.1,0.6,0.16666666666666669,2.637,2.34,1.02,4.3999999999999995,0.5375196141905632,0,0.0,0.0,0.0,0.0,Training
mp-aaacusdn,Bulk ZnO,1.8290999999999995,3.9287781093118803,384.318814903307,32,12.009962965728343,2,12.009962965728343,0,0.0,0.01022270562085373,0.0832642034662057,4.401351932179951,38.129255691792586,0.0832641965332787,0.125,0.625,0.2,2.8337499999999998,1.81,0.8375,4.875,0.38546780806356834,0,0.0,0.0,0.0,0.0,Test
mp-aaacusdx,Bulk ZnO,1.9757599323024984,7.18068009534795,213.9767320934092,20,10.69883660467046,2,10.69883660467046,0,0.0,0.03355822862185456,0.09346810657557486,3.343806560121544,29.041110556787935,0.09346809783928874,0.2,0.6,0.33333333333333337,2.7960000000000003,1.79,0.905,4.3999999999999995,0.41303654566950315,0,0.0,0.0,0.0,0.0,Training
mp-aaacuwob,Bulk ZnO,1.5006999999999997,4.608086556241672,301.67240839965285,28,10.774014585701888,2,10.774014585701888,0,0.0,0.01527513431104684,0.09281591295848925,4.174900869138356,32.716253873769894,0.09281590434369635,0.14285714285714285,0.5714285714285714,0.25,2.6207142857142856,2.46,0.9285714285714286,4.214285714285714,0.4094302579125211,0,0.0,0.0,0.0,0.0,Training
mp-aaacuzcg,Bulk ZnO,1.8014999999999999,6.949375853926,221.09877107060063,20,11.054938553530032,2,11.054938553530032,0,0.0,0.03143109217783461,0.09045730965919144,3.3075104076655086,30.007719960076134,0.0904573014766673,0.2,0.6,0.33333333333333337,2.7960000000000003,1.79,0.905,4.3999999999999995,0.41303654566950315,0,0.0,0.0,0.0,0.0,Training
mp-aaacuzrm,Bulk ZnO,2.3939999999999997,7.154738746448568,217.97261239335657,20,10.898630619667829,2,10.898630619667829,0,0.0,0.0328240262292082,0.09175464651452499,3.3232474939287795,29.58343495078702,0.0917546380956106,0.2,0.6,0.33333333333333337,2.818,1.79,0.9,4.3999999999999995,0.4082482904634095,0,0.0,0.0,0.0,0.0,Training
mp-aaacvltl,Bulk ZnO,1.1698,4.604344028043722,301.9176154233033,28,10.78277197940369,2,10.78277197940369,0,0.0,0.015250332517326643,0.092740531090717,4.1737703264219395,32.742846478907154,0.0927405224899117,0.14285714285714285,0.5714285714285714,0.25,2.6207142857142856,2.46,0.9285714285714286,4.214285714285714,0.4094302579125211,0,0.0,0.0,0.0,0.0,Training
mp-aaacvlxu,Bulk ZnO,0.9246999999999996,6.537794062267408,158.83665211766515,16,9.927290757354072,1,9.927290757354072,0,0.0,0.04116048767777007,0.10073241778067259,2.954403037206641,25.01520518723443,0.10073240763365363,0.25,0.5,0.5,2.6025,1.79,0.9750000000000001,4.0,0.3846153846149902,0,0.0,0.0,0.0,0.0,Training
mp-aaacvmjd,Bulk ZnO,1.9941666680560983,6.833341065011005,226.28299619791946,20,11.314149809895973,2,11.314149809895973,0,0.0,0.03019820834895695,0.0883849000413045,3.282056266174602,30.711327560775544,0.08838489222941465,0.2,0.6,0.33333333333333337,2.785,1.89,0.905,4.3999999999999995,0.41303654566950315,0,0.0,0.0,0.0,0.0,Training
mp-aaacvmys,Bulk ZnO,2.2608127912453817,6.947445208924978,223.0000974552784,20,11.150004872763919,2,11.150004872763919,0,0.0,0.03115444920519936,0.08968605946017985,3.298083484177707,30.265769651749434,0.08968605141659132,0.2,0.6,0.33333333333333337,2.813,1.79,0.905,4.3999999999999995,0.41303654566950315,0,0.0,0.0,0.0,0.0,Training
mp-aaacvqpk,Bulk ZnO,2.3739999999999997,6.958004661139808,112.06783923739799,10,11.206783923739799,2,11.206783923739799,0,0.0,0.062087434793851745,0.08923166599845457,2.074147642360702,24.144284048996653,0.08923165803616508,0.2,0.6,0.33333333333333337,2.818,1.79,0.9,4.3999999999999995,0.4082482904634095,0,0.0,0.0,0.0,0.0,Training
mp-aaacvxco,Bulk ZnO,1.2648000000000001,5.373023156370591,597.3323558774631,44,13.575735360851434,2,13.575735360851434,0,0.0,0.008995031163978692,0.07366083482178917,5.2245312335112075,47.92707473200904,0.073660829395871,0.09090909090909091,0.5454545454545454,0.16666666666666669,2.456363636363636,2.49,1.1181818181818182,4.181818181818182,0.5427400170933958,0,0.0,0.0,0.0,0.0,Training
mp-aaacwcti,Bulk ZnO,1.2586,4.598998834327521,302.26851965244236,28,10.795304273301513,2,10.795304273301513,0,0.0,0.015214944776967151,0.09263286839196903,4.172154587788233,32.78090190434959,0.09263285981112153,0.14285714285714285,0.5714285714285714,0.25,2.6207142857142856,2.46,0.9285714285714286,4.214285714285714,0.4094302579125211,0,0.0,0.0,0.0,0.0,Training
mp-aaacwetk,Bulk ZnO,1.2309999999999999,4.603599924306971,301.9664159336694,28,10.784514854773906,2,10.784514854773906,0,0.0,0.015245403731646132,0.09272554338013053,4.173545474601108,32.748138875035714,0.09272553478210493,0.14285714285714285,0.5714285714285714,0.25,2.6207142857142856,2.46,0.9285714285714286,4.214285714285714,0.4094302579125211,0,0.0,0.0,0.0,0.0,Test
mp-aaacwhsk,2D ZnO,1.05361834380143,3.310372629539267,215.27845092427347,15,14.351896728284897,1,14.351896728284897,1,0.0,0.015377166712815703,0.0696772014830059,2.502789969732059,35.39482100084019,0.06967719662809384,0.06666666666666667,0.6666666666666666,0.1,2.8379999999999996,1.81,0.8500000000000001,4.666666666666667,0.4159451654033621,0,0.0,0.0,0.0,0.0,Training
mp-aaacwpby,Bulk ZnO,0.1328999999999998,5.340649062136529,600.9532816775371,44,13.658029129034935,2,13.658029129034935,0,0.0,0.008886962139932609,0.07321700594957357,5.214016959467553,48.21760039952337,0.073217000588844,0.09090909090909091,0.5454545454545454,0.16666666666666669,2.456363636363636,2.49,1.1181818181818182,4.181818181818182,0.5427400170933958,0,0.0,0.0,0.0,0.0,Training
mp-aaacwqho,Bulk ZnO,1.0554000000000001,4.596343401815743,302.4431483918997,28,10.801541013996417,2,10.801541013996417,0,0.0,0.015197379825777686,0.09257938276623866,4.171351441399891,32.79984032236419,0.09257937419529735,0.14285714285714285,0.5714285714285714,0.25,2.6207142857142856,2.46,0.9285714285714286,4.214285714285714,0.4094302579125211,0,0.0,0.0,0.0,0.0,Training
mp-aaacxdbi,Bulk ZnO,2.9053999999999998,3.863905158092157,470.01869704584914,40,11.750467426146228,2,11.750467426146228,0,0.0,0.00822074777530657,0.08510299750075283,5.144639484683656,40.186033321836184,0.08510299025823327,0.1,0.6,0.16666666666666669,2.792,1.79,0.855,4.8,0.3793965282640848,0,0.0,0.0,0.0,0.0,Training
mp-aaacxidq,Bulk ZnO,1.1301000000000005,7.235715704015071,243.04228352025476,20,12.152114176012738,2,12.152114176012738,0,0.0,0.029771427420825964,0.08229020773800141,3.204813170061126,32.98591279824168,0.08229020096632368,0.2,0.6,0.33333333333333337,2.749,1.94,0.92,4.699999999999999,0.42738267937643765,0,0.0,0.0,0.0,0.0,Test
mp-aaacxjsr,Bulk ZnO,0.9286000000000003,5.931104297848482,719.6082548256702,56,12.850147407601254,1,12.850147407601254,0,0.0,0.008242129322551103,0.07782011896676527,6.249174445239051,49.16289535844444,0.07782011291079484,0.14285714285714285,0.5714285714285714,0.25,2.8185714285714285,1.79,0.95,4.285714285714286,0.42665446493522335,0,0.0,0.0,0.0,0.0,Training
mp-aaacxjyi,Bulk ZnO,2.2434129905346656,5.298837538570429,253.1823418526146,24,10.549264243858941,1,10.549264243858941,0,0.0,0.020928938012806,0.09479334073768524,3.7937330744084385,30.429343645529734,0.09479333175190864,0.25,0.5833333333333334,0.42857142857142855,2.6758333333333333,1.9,0.9208333333333334,4.333333333333333,0.41260914853254727,0,0.0,0.0,0.0,0.0,Training
mp-aaacxkzl,Bulk ZnO,1.0263,5.201488701729967,904.1254060170153,80,11.30156757521269,2,11.30156757521269,0,0.0,0.0057530610987300106,0.0884833005107418,8.273331558580734,48.69697847155549,0.08848329268144803,0.15,0.6,0.25,2.776,1.81,0.885,4.699999999999999,0.3959238835124788,0,0.0,0.0,0.0,0.0,Training
mp-aaacxllb,Bulk ZnO,0.3811,5.596181639890699,870.2791501945001,80,10.87848937743125,2,10.87848937743125,0,0.0,0.006430329439283935,0.09192452787375255,8.37922387493473,46.873989779762475,0.0919245194236345,0.15,0.6,0.25,2.803,1.79,0.885,4.699999999999999,0.3959238835124788,0,0.0,0.0,0.0,0.0,Training
mp-aaacxmfn,Bulk ZnO,0.19809999999999994,4.685900935888665,402.3842670891395,32,12.574508346535609,2,12.574508346535609,0,0.0,0.011645338347313182,0.07952597210494589,4.334473123422707,39.92157555454707,0.07952596578056616,0.125,0.625,0.2,2.86625,1.79,0.85625,4.875,0.39219569728449644,0,0.0,0.0,0.0,0.0,Training
mp-aaacxnmk,Bulk ZnO,1.1732000000000005,5.535488201484521,894.9659601455592,56,15.981535002599271,1,15.981535002599271,0,0.0,0.006185138259989483,0.06257221223351561,5.811022021275399,61.14315331008113,0.06257220831823411,0.14285714285714285,0.5714285714285714,0.25,2.787142857142857,1.79,0.95,5.142857142857142,0.42665446493522335,0,0.0,0.0,0.0,0.0,Training
mp-aaacxnqm,Bulk ZnO,2.3659999999999997,5.002435464806015,783.8478738550534,80,9.798098423188168,2,9.798098423188168,0,0.0,0.006381895813792881,0.10206062001106268,8.67652972083495,42.21872627852658,0.10206060959469358,0.15,0.6,0.25,2.7845,1.79,0.8625,4.699999999999999,0.38316823380831766,0,0.0,0.0,0.0,0.0,Training
mp-aaacxnub,Bulk ZnO,0.10860000000000003,5.63812487215389,993.7800503770806,80,12.422250629713506,2,12.422250629713506,0,0.0,0.005673413216550842,0.08050071036306751,8.016655645056703,53.52585536985039,0.08050070388270367,0.15,0.6,0.25,2.809,1.79,0.895,4.8999999999999995,0.4074384060713845,0,0.0,0.0,0.0,0.0,Training
mp-aaacxovl,Bulk ZnO,1.9407999999999999,5.322490618715834,886.2031064507955,80,11.077538830634944,2,11.077538830634944,0,0.0,0.0060059489523030165,0.09027275961646815,8.328732190979704,47.73166787379031,0.09027275146729775,0.15,0.6,0.25,2.779,1.79,0.89,4.699999999999999,0.40143977718943313,0,0.0,0.0,0.0,0.0,Training
mp-aaacxpnj,Bulk ZnO,0.6309999999999998,5.9881200335813185,1012.660283641901,66,15.343337630937894,2,15.343337630937894,0,0.0,0.0059132565286808955,0.06517486768873722,6.572380166738001,62.00611008406469,0.06517486344097412,0.09090909090909091,0.6363636363636364,0.14285714285714288,2.940909090909091,1.79,0.8727272727272728,4.545454545454546,0.41339864235336865,0,0.0,0.0,0.0,0.0,Training
mp-aaacxpxn,Bulk ZnO,1.2014999999999998,7.07705113765715,572.7380113168197,48,11.932041902433744,2,11.932041902433744,0,0.0,0.012356524270819454,0.08380795241726674,5.779929860794278,43.36391811089668,0.08380794539349444,0.08333333333333333,0.6666666666666666,0.125,2.8099999999999996,1.94,0.8708333333333332,4.666666666666667,0.440685181743409,0,0.0,0.0,0.0,0.0,Training
mp-aaacxqmr,Bulk ZnO,1.6025,4.731822364655022,721.3502648699448,56,12.881254729820443,3,12.881254729820443,0,0.0,0.006559673705128731,0.0776321888647209,6.244139951811502,49.28190769181571,0.07763218283796462,0.07142857142857142,0.6428571428571429,0.11111111111111109,2.9471428571428575,1.79,0.8178571428571428,5.0,0.37870610996938536,0,0.0,0.0,0.0,0.0,Training
mp-aaacxrjy,Bulk ZnO,0.5569,5.994773698051279,1001.9229907905642,66,15.180651375614609,2,15.180651375614609,0,0.0,0.005983267928926475,0.06587332620037285,6.595774835739164,61.34865587824707,0.06587332186107804,0.09090909090909091,0.6363636363636364,0.14285714285714288,2.784545454545454,1.94,0.8909090909090909,4.545454545454546,0.4332831376640473,0,0.0,0.0,0.0,0.0,Training
mp-aaacxrrz,Bulk ZnO,0.38260000000000005,5.808881700961457,939.7729960240847,80,11.747162450301058,2,11.747162450301058,0,0.0,0.006181154093102486,0.08512694058933115,8.167371929251694,50.61698858473709,0.08512693334273577,0.15,0.6,0.25,2.806,1.79,0.91,4.699999999999999,0.4279369775516343,0,0.0,0.0,0.0,0.0,Training
mp-aaacxsvl,Bulk ZnO,0.2980999999999998,5.07455319375124,951.1962851920366,66,14.41206492715207,2,14.41206492715207,0,0.0,0.005334916959570274,0.06938630966864562,6.710999714945966,58.242613563412384,0.06938630485418598,0.09090909090909091,0.6363636363636364,0.14285714285714288,2.8845454545454543,1.79,0.8909090909090909,5.090909090909092,0.4332831376640473,0,0.0,0.0,0.0,0.0,Training
mp-aaacxttd,Bulk ZnO,2.3894,4.139999406355093,790.5959585452938,52,15.203768433563342,2,15.203768433563342,0,0.0,0.005236555236093975,0.06577316698618171,5.623652547364337,56.74823530394109,0.0657731626600725,0.07692307692307693,0.6153846153846154,0.125,2.8823076923076925,1.79,0.8500000000000001,5.230769230769231,0.4016203539455806,0,0.0,0.0,0.0,0.0,Training
mp-aaacxuoq,Bulk ZnO,1.5038,6.496047984921131,1047.134541340713,80,13.089181766758912,2,13.089181766758912,0,0.0,0.006203642157199616,0.07639896960859577,7.878118186649151,56.39957452487645,0.07639896377179366,0.15,0.6,0.25,2.815,1.79,0.91,5.0,0.4279369775516343,0,0.0,0.0,0.0,0.0,Training
mp-aaacxvjq,Bulk ZnO,1.2544,4.831208638122596,476.9805394090287,42,11.356679509738779,1,11.356679509738779,0,0.0,0.010128733226953842,0.08805390687854336,5.375461267600033,39.476120573287986,0.08805389912505354,0.14285714285714285,0.5714285714285714,0.25,2.667142857142857,1.81,0.9214285714285715,4.285714285714286,0.4028025133876739,0,0.0,0.0,0.0,0.0,Test
mp-aaacxwkt,Bulk ZnO,1.9343,4.703794192848422,782.3188426829115,52,15.04459312851753,2,15.04459312851753,0,0.0,0.0060126305749163165,0.06646906243708689,5.643416194347204,56.1541117019678,0.06646905801895092,0.11538461538461539,0.6153846153846154,0.1875,2.868846153846154,1.79,0.8692307692307694,5.153846153846154,0.40236301783349254,0,0.0,0.0,0.0,0.0,Training
mp-aaacxwnx,Bulk ZnO,1.9474,3.8750171958130135,653.047091763172,56,11.661555210056644,3,11.661555210056644,0,0.0,0.005933748491783026,0.08575185573341232,6.4546573703999455,44.61550520187835,0.08575184838003218,0.07142857142857142,0.6428571428571429,0.11111111111111109,2.8950000000000005,1.81,0.8178571428571428,5.0,0.37870610996938536,0,0.0,0.0,0.0,0.0,Training
mp-aaacxwzv,Bulk ZnO,0.5607000000000002,3.9853700152009015,641.6253389164555,56,11.457595337793848,3,11.457595337793848,0,0.0,0.006211366312202061,0.08727834859915286,6.492732715811232,43.8351828025068,0.0872783409816434,0.07142857142857142,0.6428571428571429,0.11111111111111109,2.8892857142857147,1.89,0.8214285714285714,5.0,0.3847764676488809,0,0.0,0.0,0.0,0.0,Training
mp-aaacxyos,Bulk ZnO,0.16590000000000016,5.646942492188012,1114.5056440706012,88,12.66483686443865,2,12.66483686443865,0,0.0,0.005066768860463745,0.07895877465329859,8.487671867247759,56.33269007363975,0.07895876841881098,0.09090909090909091,0.6363636363636364,0.14285714285714288,2.8663636363636362,1.79,0.8909090909090909,4.909090909090909,0.4332831376640473,0,0.0,0.0,0.0,0.0,Training
mp-aaacyaab,Bulk ZnO,1.3607000000000005,5.3104567339238296,289.2899321306385,28,10.331783290379946,1,10.331783290379946,0,0.0,0.018356866741998185,0.09678871225755506,4.2336367409298035,31.373379199376995,0.09678870288950116,0.14285714285714285,0.5714285714285714,0.25,2.667142857142857,1.81,0.9214285714285715,4.285714285714286,0.4028025133876739,0,0.0,0.0,0.0,0.0,Test
mp-aaacybyu,Bulk ZnO,2.5633000000000004,3.576352652166178,270.55242464818843,22,12.297837484008566,2,12.297837484008566,0,0.0,0.013218704865856114,0.0813151093678336,3.401513539918477,34.45902431220009,0.08131510275568712,0.09090909090909091,0.6363636363636364,0.14285714285714288,2.888181818181818,1.79,0.8136363636363636,5.090909090909092,0.3743433646420194,0,0.0,0.0,0.0,0.0,Test
mp-aaacycbp,Bulk ZnO,1.1063178585305646,6.673395586292256,231.03061953050977,20,11.551530976525488,1,11.551530976525488,0,0.0,0.02888532957169762,0.08656861173052784,3.259418664209037,31.35567918132255,0.08656860423640396,0.2,0.6,0.33333333333333337,2.786,1.79,0.92,4.8,0.42738267937643765,0,0.0,0.0,0.0,0.0,Training
mp-aaacyeoc,Bulk ZnO,1.3032,4.120789400931147,1090.3331793652706,88,12.390149765514439,2,12.390149765514439,0,0.0,0.0037793854932764996,0.08070927461936778,8.549937291481228,55.11089279535237,0.08070926810538129,0.09090909090909091,0.6363636363636364,0.14285714285714288,2.806363636363636,1.81,0.8727272727272728,4.545454545454546,0.41339864235336865,0,0.0,0.0,0.0,0.0,Test
mp-aaacyfsw,Bulk ZnO,0.3092999999999999,4.754586667003192,389.79226082014856,32,12.181008150629642,2,12.181008150629642,0,0.0,0.012197745170720498,0.08209501115458243,4.380653548535646,38.67229030468542,0.08209500441499214,0.125,0.625,0.2,2.8674999999999997,1.79,0.85625,4.875,0.39219569728449644,0,0.0,0.0,0.0,0.0,Training
mp-aaacygge,Bulk ZnO,0.8253542035266128,8.312684273262315,236.35655268706944,20,11.817827634353472,2,11.817827634353472,0,0.0,0.035170102875328846,0.08461792056376594,3.2347504352452883,32.07851952057118,0.08461791340357407,0.2,0.6,0.33333333333333337,2.7800000000000002,1.94,0.91,4.3999999999999995,0.4183047540802938,0,0.0,0.0,0.0,0.0,Training
mp-aaacygqh,Bulk ZnO,1.2082000000000002,5.458980370649939,293.35172248374465,28,10.476847231562308,1,10.476847231562308,0,0.0,0.018608993751357415,0.095448561756959,4.21400600812172,31.81387876338818,0.09544855264653195,0.14285714285714285,0.5714285714285714,0.25,2.724285714285714,1.79,0.9357142857142857,4.285714285714286,0.4146099424117789,0,0.0,0.0,0.0,0.0,Training
mp-aaacyguo,Bulk ZnO,0.5246999999999997,5.942899037979302,276.36778478624694,28,9.870278028080248,1,9.870278028080248,0,0.0,0.021503588207922857,0.10131426867156834,4.298618388624157,29.971977409415146,0.10131425840698835,0.14285714285714285,0.5714285714285714,0.25,2.7385714285714284,1.79,0.9214285714285715,4.285714285714286,0.4028025133876739,0,0.0,0.0,0.0,0.0,Training
mp-aaacygyl,Bulk ZnO,0.7584431568835288,4.701194077750485,316.84906970981973,23,13.776046509122597,1,13.776046509122597,0,0.0,0.014837329590571264,0.07258976654425439,3.3737302659038417,39.17724378019318,0.07258976127498057,0.043478260869565216,0.6956521739130435,0.0625,3.0282608695652176,1.79,0.8543478260869565,4.782608695652174,0.4506619216957668,0,0.0,0.0,0.0,0.0,Training
mp-aaacyhcz,Bulk ZnO,1.6750363604072924,7.10037317450015,216.84437765622891,20,10.842218882811446,2,10.842218882811446,0,0.0,0.03274409625577945,0.09223204316464552,3.3290011121952037,29.430309938481336,0.09223203465789652,0.2,0.6,0.33333333333333337,2.7270000000000003,1.94,0.915,4.3999999999999995,0.4226061486549547,0,0.0,0.0,0.0,0.0,Training
mp-aaacyhrv,Bulk ZnO,1.8923,8.663471540990464,227.89505864557682,20,11.394752932278841,1,11.394752932278841,0,0.0,0.038015179409677,0.08775969131960895,3.2742991807831827,30.930118096124158,0.08775968361784621,0.2,0.6,0.33333333333333337,2.866,1.79,0.9,4.3999999999999995,0.4082482904634095,0,0.0,0.0,0.0,0.0,Test
mp-aaacyjba,2D ZnO,2.4233000000000002,2.941999183981025,317.65522908445166,20,15.882761454222583,1,15.882761454222583,1,0.0,0.009261611063228764,0.06296134352217073,2.931194650380991,43.11244749151632,0.0629613395580402,0.1,0.7,0.14285714285714288,2.905,1.79,0.835,4.799999999999999,0.4301802408536599,0,0.0,0.0,0.0,0.0,Training
mp-aaacyjvq,Bulk ZnO,1.0774250849914626,7.299567972984337,253.67022593403095,20,12.683511296701548,2,12.683511296701548,0,0.0,0.028775816894185485,0.0788425205455573,3.1594161254406314,34.42834650404719,0.07884251432941476,0.2,0.6,0.33333333333333337,2.801,1.79,0.935,5.0,0.444236672212148,0,0.0,0.0,0.0,0.0,Training
mp-aaacylcd,Bulk ZnO,0.10520183962038798,7.131580123096664,220.8285617228894,20,11.04142808614447,2,11.04142808614447,0,0.0,0.03229464552708473,0.09056799466500784,3.3088588986200462,29.971046909396332,0.09056798646244693,0.2,0.6,0.33333333333333337,2.8200000000000003,1.79,0.9,4.3999999999999995,0.4082482904634095,0,0.0,0.0,0.0,0.0,Training
mp-aaacymji,Bulk ZnO,1.5411000000000001,6.910157438620386,254.41685683818307,20,12.720842841909153,2,12.720842841909153,0,0.0,0.027160768844084332,0.07861114333599607,3.1563224768647364,34.52967990801342,0.0786111371562847,0.2,0.6,0.33333333333333337,2.826,1.79,0.91,4.6,0.4183047540802938,0,0.0,0.0,0.0,0.0,Training
mp-aaacymly,Bulk ZnO,1.5634245029172686,8.158695624789345,252.22850347208453,20,12.611425173604227,2,12.611425173604227,0,0.0,0.03234644583177457,0.07929317949671578,3.165424367815569,34.232674661599795,0.07929317320930798,0.2,0.6,0.33333333333333337,2.832,1.79,0.925,4.699999999999999,0.43663498436178505,0,0.0,0.0,0.0,0.0,Training
mp-aaacymqv,Bulk ZnO,3.7134999999999994,4.003813414103394,494.44518796326355,44,11.237390635528717,2,11.237390635528717,0,0.0,0.008097587986640231,0.08898863022865362,5.564335293037158,39.671903323547504,0.08898862230967802,0.09090909090909091,0.6363636363636364,0.14285714285714288,2.9109090909090907,1.79,0.8090909090909091,5.090909090909092,0.36590246040255414,0,0.0,0.0,0.0,0.0,Training
mp-aaacymrq,Bulk ZnO,1.6710777454523513,7.540678698138307,205.5427901249806,20,10.27713950624903,2,10.27713950624903,0,0.0,0.03668666117431405,0.09730334003853393,3.3889298552877314,27.896448523965848,0.09730333057059487,0.2,0.6,0.33333333333333337,2.732,1.94,0.91,4.3999999999999995,0.4183047540802938,0,0.0,0.0,0.0,0.0,Training
mp-aaacyobb,Bulk ZnO,0.11509999999999998,6.257424964037423,292.8330681265312,24,12.201377838605467,1,12.201377838605467,0,0.0,0.02136857358381954,0.08195795698056123,3.614136372324837,35.19486388977414,0.08195795026345508,0.25,0.5833333333333334,0.42857142857142855,2.7608333333333333,1.79,0.9291666666666667,4.833333333333333,0.4205455664584005,0,0.0,0.0,0.0,0.0,Training
mp-aaacyqka,Bulk ZnO,1.9526999999999999,4.417343240584675,409.4806480856544,32,12.7962702526767,2,12.7962702526767,0,0.0,0.010787672778276601,0.07814777120628738,4.309287976851746,40.62562572073675,0.07814776509921371,0.125,0.625,0.2,2.8362499999999997,1.79,0.8625,4.875,0.40032542947585853,0,0.0,0.0,0.0,0.0,Training
mp-aaacyqki,Bulk ZnO,0.6467,7.02966979332765,218.5968870383524,20,10.92984435191762,2,10.92984435191762,0,0.0,0.032158142270774,0.09149261122136217,3.320080938915158,29.66816205548553,0.09149260285046504,0.2,0.6,0.33333333333333337,2.699,1.94,0.9149999999999999,4.3999999999999995,0.42260614865495477,0,0.0,0.0,0.0,0.0,Test
mp-aaacyqmn,Bulk ZnO,0.5019,4.45008063465365,327.9955998887628,25,13.119823995550512,2,13.119823995550512,0,0.0,0.013567501015754057,0.07622053469155854,3.6250778372752666,38.3625980852205,0.07622052888198909,0.12,0.64,0.1875,2.9004000000000003,1.79,0.8380000000000001,5.04,0.38530665528566077,0,0.0,0.0,0.0,0.0,Training
mp-aaacyqpy,Bulk ZnO,1.5217,6.196057708654033,214.70521947456547,20,10.735260973728273,2,10.735260973728273,0,0.0,0.02885844006874753,0.09315097252383868,3.340020468205434,29.139981505831816,0.09315096384673581,0.2,0.6,0.33333333333333337,2.765,1.79,0.915,4.699999999999999,0.4226061486549547,0,0.0,0.0,0.0,0.0,Training
mp-aaacyqrf,Bulk ZnO,0.7875999999999994,7.236797785221171,244.33318113740287,20,12.216659056870144,2,12.216659056870144,0,0.0,0.02961856327303943,0.08185543980108387,3.199159151483603,33.16111455990204,0.08185543310077138,0.2,0.6,0.33333333333333337,2.835,1.79,0.91,4.699999999999999,0.4183047540802938,0,0.0,0.0,0.0,0.0,Test
mp-aaacysnl,Bulk ZnO,0.6007,4.970925656476034,219.59221563126295,18,12.199567535070164,1,12.199567535070164,0,0.0,0.022637075919044247,0.08197011878702212,2.9835514048415464,31.971911630605376,0.0819701120679223,0.2222222222222222,0.5555555555555556,0.39999999999999997,2.6955555555555555,1.79,0.9333333333333333,4.222222222222222,0.3992978531245347,0,0.0,0.0,0.0,0.0,Training
mp-aaacysqw,Bulk ZnO,0.3548,6.348342097974473,246.05121608245983,20,12.302560804122992,1,12.302560804122992,0,0.0,0.025800897061394466,0.08128389007147742,3.1916957872962963,33.39428777594145,0.08128388346440717,0.2,0.6,0.33333333333333337,2.8040000000000003,1.79,0.92,5.0,0.42738267937643765,0,0.0,0.0,0.0,0.0,Training
mp-aaacystw,Bulk ZnO,0.3900000000000001,5.576024070328941,245.5151210473443,24,10.229796710306013,1,10.229796710306013,0,0.0,0.02271153013526071,0.09775365320725773,3.832820611684595,29.507839819541974,0.09775364365148195,0.25,0.5833333333333334,0.42857142857142855,2.6958333333333333,1.79,0.9208333333333334,4.333333333333333,0.41260914853254727,0,0.0,0.0,0.0,0.0,Training
mp-aaacyuyd,Bulk ZnO,2.0461,5.19215451852316,715.6095069169567,42,17.03832159326087,1,17.03832159326087,0,0.0,0.007255569508700905,0.05869122698068615,4.695594549973944,59.225659842318954,0.05869122353602623,0.14285714285714285,0.5714285714285714,0.25,2.787142857142857,1.79,0.95,5.142857142857142,0.42665446493522335,0,0.0,0.0,0.0,0.0,Training
mp-aaacywav,Bulk ZnO,0.5754000000000001,4.819218508355164,649.535803482117,52,12.491073143886865,2,12.491073143886865,0,0.0,0.007419480931643281,0.08005717270892776,6.004391183660895,46.623069870178036,0.08005716629977737,0.11538461538461539,0.6153846153846154,0.1875,2.8619230769230772,1.79,0.8576923076923078,4.923076923076923,0.3865876603090077,0,0.0,0.0,0.0,0.0,Test
mp-aaacyzdt,Bulk ZnO,0.19440000000000035,4.417285927996715,673.2734674840349,52,12.947566682385286,2,12.947566682385286,0,0.0,0.006560908963936649,0.07723458967471201,5.93297944380735,48.32693709563838,0.07723458370953064,0.11538461538461539,0.6153846153846154,0.1875,2.820384615384616,1.9,0.8634615384615385,4.923076923076923,0.3942345190961606,0,0.0,0.0,0.0,0.0,Training
mp-aaaczafb,Bulk ZnO,3.0221,3.9274040550285703,620.753163245708,52,11.93756083164823,2,11.93756083164823,0,0.0,0.006326836958016459,0.08376920663297084,6.0957951379564,44.55707898931162,0.08376919961569146,0.07692307692307693,0.6153846153846154,0.125,2.8623076923076924,1.79,0.8423076923076924,4.923076923076923,0.389495307983759,0,0.0,0.0,0.0,0.0,Training
mp-aaaczcvm,Bulk ZnO,1.7277,4.219050258756192,427.06572438277925,32,13.345803886961852,2,13.345803886961852,0,0.0,0.009879159150160818,0.0749299186823019,4.24930990835743,42.37028625904907,0.0749299130678096,0.125,0.625,0.2,2.8325,1.81,0.85625,4.875,0.39219569728449644,0,0.0,0.0,0.0,0.0,Training
mp-aaaczdsm,Bulk ZnO,0.5331000000000001,8.883981621429967,557.4741743806625,42,13.27319462811101,1,13.27319462811101,0,0.0,0.01593613126796378,0.07533981291000749,5.103181789659417,46.137978190077575,0.07533980723392052,0.14285714285714285,0.5714285714285714,0.25,2.8757142857142854,1.79,0.9214285714285715,4.285714285714286,0.4028025133876739,0,0.0,0.0,0.0,0.0,Training
mp-aaaczeoq,Bulk ZnO,1.0337126667847225,4.2144768605293415,543.4291593525206,37,14.687274577095152,2,14.687274577095152,0,0.0,0.0077553380932866445,0.06808615136531204,4.5340615497523515,48.941257286920546,0.06808614672958836,0.08108108108108109,0.6486486486486487,0.125,2.913243243243244,1.79,0.8851351351351352,4.594594594594595,0.4385162325596595,0,0.0,0.0,0.0,0.0,Test
mp-aaaczfpr,Bulk ZnO,0.34940000000000004,4.665130112055982,467.28124195041926,32,14.602538810950602,2,14.602538810950602,0,0.0,0.009983559563794719,0.06848124240218346,4.1237329141838295,46.3601709398189,0.06848123771250322,0.125,0.625,0.2,2.87,1.79,0.8875,4.875,0.4370738211032513,0,0.0,0.0,0.0,0.0,Training
mp-aaaczgvk,Bulk ZnO,1.0096999999999996,6.00283060756532,608.8426683752238,42,14.4962540089339,1,14.4962540089339,0,0.0,0.00985941183062064,0.06898333868761611,4.955425258630989,50.389365186096256,0.06898333392891542,0.14285714285714285,0.5714285714285714,0.25,2.761428571428571,1.79,0.95,4.857142857142857,0.42665446493522335,0,0.0,0.0,0.0,0.0,Test
mp-aaaczhbz,Bulk ZnO,1.3319194706364041,3.3375274046843137,417.43403937250497,35,11.926686839214428,2,11.926686839214428,0,0.0,0.007995340796120388,0.08384558205318543,4.683157431965246,39.012983511923956,0.08384557502310439,0.02857142857142857,0.6857142857142857,0.041666666666666664,2.967714285714286,1.81,0.7757142857142858,5.257142857142856,0.3575116449492323,0,0.0,0.0,0.0,0.0,Training
mp-aaaczhit,Bulk ZnO,1.0981999999999998,4.253675788358273,429.82999231389846,32,13.432187259809327,2,13.432187259809327,0,0.0,0.009896181896148087,0.07444803892751829,4.2401811039770605,42.64453637291035,0.0744480333850082,0.125,0.625,0.2,2.8225,1.89,0.8625,4.875,0.40032542947585853,0,0.0,0.0,0.0,0.0,Training
mp-aaaczkfw,Bulk ZnO,0.19320000000000004,3.729277924890139,496.73054086962424,37,13.425149753233088,2,13.425149753233088,0,0.0,0.007507647744713475,0.07448706482839618,4.671913247332523,44.73557736934258,0.07448705928007378,0.08108108108108109,0.6486486486486487,0.125,2.832162162162162,1.79,0.8770270270270271,4.594594594594595,0.42941969167878036,0,0.0,0.0,0.0,0.0,Training
mp-aaaczmgs,Bulk ZnO,1.2799,4.694883467446256,479.6584916635662,32,14.989327864486444,2,14.989327864486444,0,0.0,0.009787971127464705,0.0667141321505987,4.087953362608124,47.58814964076406,0.06671412769982357,0.125,0.625,0.2,2.87375,1.79,0.8687499999999999,5.125,0.4089344313987326,0,0.0,0.0,0.0,0.0,Training
mp-aaacznix,Bulk ZnO,0.8893999999999997,5.027158118579047,462.56889108782593,42,11.013545025900617,1,11.013545025900617,0,0.0,0.010867912251419783,0.09079728621876919,5.430716723040148,38.28337596468718,0.09079727797462275,0.14285714285714285,0.5714285714285714,0.25,2.6757142857142853,1.79,0.9357142857142857,4.285714285714286,0.4146099424117789,0,0.0,0.0,0.0,0.0,Training
mp-aaaczpai,Bulk ZnO,0.13709999999999978,5.296878472843086,897.8664437240503,80,11.22333054655063,2,11.22333054655063,0,0.0,0.005899405763371,0.08910011122387725,8.292511326535285,48.35986533436636,0.08910010328504814,0.15,0.6,0.25,2.768,1.89,0.89,4.699999999999999,0.40143977718943313,0,0.0,0.0,0.0,0.0,Training
mp-aaaczprj,Bulk ZnO,1.9100000000000001,5.316204882708157,896.8686903788509,80,11.210858629735636,2,11.210858629735636,0,0.0,0.00592751752819302,0.08919923379888174,8.295585286231253,48.306125473891534,0.08919922584237915,0.15,0.6,0.25,2.7960000000000003,1.79,0.89,4.699999999999999,0.40143977718943313,0,0.0,0.0,0.0,0.0,Training
mp-aaaczpxt,Bulk ZnO,0.8916999999999997,6.740871753101239,959.558872036932,80,11.994485900461651,2,11.994485900461651,0,0.0,0.007024969441209849,0.0833716432949837,8.110845184647546,51.682673026105796,0.08337163634415337,0.15,0.6,0.25,2.849,1.79,0.885,4.699999999999999,0.3959238835124788,0,0.0,0.0,0.0,0.0,Training
mp-aaaczqca,Bulk ZnO,2.1929999999999996,5.6867104626816625,845.649218488947,80,10.570615231111837,2,10.570615231111837,0,0.0,0.00672466826474811,0.09460187303542768,8.459796243077083,45.547400297773486,0.09460186408591414,0.15,0.6,0.25,2.801,1.79,0.885,4.699999999999999,0.3959238835124788,0,0.0,0.0,0.0,0.0,Test
mp-aaaczqkb,Bulk ZnO,2.6481000000000003,5.664836063814463,950.5133862180456,64,14.851771659656963,2,14.851771659656963,0,0.0,0.005959764634514008,0.06733203438054322,6.509194190526803,59.40708663862786,0.06733202984694067,0.125,0.625,0.2,2.8125,1.81,0.9125000000000001,4.875,0.4491396249516997,0,0.0,0.0,0.0,0.0,Training
mp-aaacztzj,Bulk ZnO,0.7442,4.979904443292653,336.8441126500677,28,12.030146880359561,2,12.030146880359561,0,0.0,0.01478400321179445,0.08312450462534267,4.024219961258357,36.530611346944255,0.08312449771565998,0.07142857142857142,0.6428571428571429,0.11111111111111109,2.779285714285715,1.89,0.8892857142857142,4.571428571428572,0.4371610925150042,0,0.0,0.0,0.0,0.0,Test
mp-aaaczufm,2D ZnO,0.5105596596199463,3.6263407880515417,308.8935172585829,16,19.30584482866143,1,19.30584482866143,1,0.0,0.011739776283539925,0.051797785016659895,2.366920755710552,48.64768057126924,0.0517977823336495,0.125,0.625,0.2,2.89625,1.79,0.90625,4.5,0.43742843817605476,0,0.0,0.0,0.0,0.0,Test
mp-aaaczvpg,Bulk ZnO,2.436103942041047,3.7903748547384404,522.707939953088,44,11.879725908024728,2,11.879725908024728,0,0.0,0.007251420085714823,0.08417702628345172,5.462183811643595,41.93957058352501,0.08417701919768057,0.09090909090909091,0.6363636363636364,0.14285714285714288,2.908181818181818,1.79,0.8090909090909091,5.090909090909092,0.36590246040255414,0,0.0,0.0,0.0,0.0,Training
mp-aaaczvpv,Bulk ZnO,1.5769999999999995,3.729515894453847,517.0046192161645,44,11.750104982185558,2,11.750104982185558,0,0.0,0.00721369936715111,0.08510562258942445,5.4821957090484705,41.48196356376527,0.08510561534645808,0.09090909090909091,0.6363636363636364,0.14285714285714288,2.8854545454545453,1.81,0.8090909090909091,5.090909090909092,0.36590246040255414,0,0.0,0.0,0.0,0.0,Training
mp-aaaczwxu,Bulk ZnO,1.2081999999999997,4.978274090771631,289.6310386389005,24,12.067959943287521,2,12.067959943287521,0,0.0,0.017188330760980104,0.08286404700541147,3.62740634076279,34.81002008538689,0.08286404013896177,0.08333333333333333,0.6666666666666666,0.125,2.826666666666666,1.89,0.8708333333333332,4.666666666666667,0.440685181743409,0,0.0,0.0,0.0,0.0,Training
mp-aaaczxhh,Bulk ZnO,1.3028,8.561586396749732,229.4852037176412,20,11.474260185882061,2,11.474260185882061,0,0.0,0.03730779265091058,0.0871515883202998,3.2667189054759236,31.145933985951814,0.08715158072490112,0.2,0.6,0.33333333333333337,2.7800000000000002,1.94,0.91,4.3999999999999995,0.4183047540802938,0,0.0,0.0,0.0,0.0,Training
mp-aaaczxnf,2D ZnO,1.5469,5.566573089679802,257.87646698064395,16,16.117279186290247,1,16.117279186290247,1,0.0,0.021586200380578447,0.06204521175327313,2.513715243710233,40.6129986276792,0.062045207903665064,0.25,0.5,0.5,2.6225,1.79,1.0,4.5,0.4015594601048237,0,0.0,0.0,0.0,0.0,Training
mp-aaaczykt,Bulk ZnO,1.5422222927127276,6.996108983931695,217.66176038269913,20,10.883088019134956,2,10.883088019134956,0,0.0,0.03214211339479629,0.09188568522479754,3.3248287650688546,29.541245842092895,0.09188567678181918,0.2,0.6,0.33333333333333337,2.784,1.9,0.905,4.3999999999999995,0.41303654566950315,0,0.0,0.0,0.0,0.0,Training
mp-aaaczyqf,2D ZnO,1.6465999999999998,5.44835046531593,312.75497203775507,16,19.54718575235969,1,19.54718575235969,1,0.0,0.01742050791332653,0.05115825943789797,2.357139261828955,49.255821591206264,0.051158256820730594,0.125,0.625,0.2,2.94625,1.79,0.8812500000000001,4.5,0.41201950491521516,0,0.0,0.0,0.0,0.0,Test
mp-aaaczyxh,Bulk ZnO,0.4618048815628155,5.046067719852085,201.72718714828704,16,12.60794919676794,1,12.60794919676794,0,0.0,0.025014316568756724,0.07931504040770967,2.728130693310756,31.770041178026176,0.07931503411683455,0.25,0.5,0.5,2.59,1.79,0.9875,4.0,0.39281318099157436,0,0.0,0.0,0.0,0.0,Test
mp-aaaczzct,Bulk ZnO,0.8860000000000001,6.406099975513827,244.7329789354302,26,9.41280688213193,1,9.41280688213193,0,0.0,0.026175875451603922,0.10623823610981249,4.156640987825854,27.88540338099369,0.10623822482325089,0.07692307692307693,0.5384615384615384,0.14285714285714288,2.7023076923076923,1.79,0.9461538461538461,4.153846153846154,0.3951671157561592,0,0.0,0.0,0.0,0.0,Training
mp-aaaczznr,Bulk ZnO,1.4339044480186907,7.227757262902453,244.63879455203892,20,12.231939727601945,2,12.231939727601945,0,0.0,0.029544607902999554,0.08175318242808645,3.1978264201428828,33.202592681729826,0.08175317574450416,0.2,0.6,0.33333333333333337,2.835,1.79,0.91,4.699999999999999,0.4183047540802938,0,0.0,0.0,0.0,0.0,Training
mp-aaaczzzb,Bulk ZnO,3.2399000000000004,3.649495444610298,535.6144845206851,44,12.173056466379206,2,12.173056466379206,0,0.0,0.006813660851379303,0.08214863725982889,5.4179530690781865,42.975129631912004,0.08214863051143086,0.09090909090909091,0.6363636363636364,0.14285714285714288,2.878181818181818,1.89,0.8136363636363636,5.090909090909092,0.3743433646420194,0,0.0,0.0,0.0,0.0,Training
mp-aaadaabq,Bulk ZnO,1.4016923356720339,6.174740487795871,217.5165791198788,20,10.87582895599394,2,10.87582895599394,0,0.0,0.02838744758114653,0.09194701425024482,3.3255683186350335,29.521541713222945,0.09194700579599217,0.2,0.6,0.33333333333333337,2.782,1.79,0.915,4.699999999999999,0.4226061486549547,0,0.0,0.0,0.0,0.0,Training
mp-aaadabof,Bulk ZnO,1.3982,3.202848735007502,368.1014262791008,27,13.633386158485214,2,13.633386158485214,0,0.0,0.008700995177831903,0.07334934904470633,3.767395928487697,40.900158475455655,0.07334934366457972,0.1111111111111111,0.6666666666666666,0.16666666666666666,2.9218518518518515,1.81,0.798148148148148,5.111111111111111,0.37295134420227133,0,0.0,0.0,0.0,0.0,Training
mp-aaadadhl,Bulk ZnO,1.3699474171326247,8.09576757629109,277.27154852600364,24,11.552981188583486,1,11.552981188583486,0,0.0,0.029197974402093537,0.08655774502499734,3.6805224608321203,33.324564310008206,0.08655773753275477,0.25,0.5833333333333334,0.42857142857142855,2.8125,1.79,0.9125000000000001,4.333333333333333,0.4052109440474749,0,0.0,0.0,0.0,0.0,Test
mp-aaadadjp,Bulk ZnO,1.6198,5.170231258767773,599.770810200792,50,11.99541620401584,2,11.99541620401584,0,0.0,0.008620344923149689,0.08336517741378735,5.928910517964843,44.19149113489566,0.08336517046403513,0.12,0.64,0.1875,2.7796,1.89,0.89,4.56,0.43545668258549053,0,0.0,0.0,0.0,0.0,Training
mp-aaadaehd,Bulk ZnO,0.4349999999999996,7.057930978297644,253.2732221288097,20,12.663661106440484,2,12.663661106440484,0,0.0,0.027866866141530434,0.07896610558311766,3.161066050391302,34.3744647979098,0.07896609934747234,0.2,0.6,0.33333333333333337,2.84,1.79,0.905,4.8,0.41303654566950315,0,0.0,0.0,0.0,0.0,Training
mp-aaadaepg,Bulk ZnO,1.6526640644959856,7.359042449103689,228.62207933004765,20,11.431103966502382,2,11.431103966502382,0,0.0,0.032188677798174914,0.08748061455222454,3.2708247263083288,31.028789983801982,0.08748060689936729,0.2,0.6,0.33333333333333337,2.846,1.79,0.91,4.3999999999999995,0.4183047540802938,0,0.0,0.0,0.0,0.0,Training
mp-aaadafjb,Bulk ZnO,1.6887000000000003,6.058817698461807,274.1261675812145,24,11.42192364921727,1,11.42192364921727,0,0.0,0.022102296004509605,0.087550926683749,3.6945459885268814,32.946528950335264,0.08755091901858492,0.25,0.5833333333333334,0.42857142857142855,2.779166666666667,1.79,0.9291666666666667,4.333333333333333,0.4205455664584005,0,0.0,0.0,0.0,0.0,Training
mp-aaadagjk,Bulk ZnO,0.9626112661633082,9.158628586190897,218.61166304831102,20,10.93058315241555,2,10.93058315241555,0,0.0,0.04189451037736688,0.09148642721582607,3.320006135565016,29.670167468572263,0.09148641884606049,0.2,0.6,0.33333333333333337,2.85,1.79,0.9,4.3999999999999995,0.4082482904634095,0,0.0,0.0,0.0,0.0,Training
mp-aaadahqy,Bulk ZnO,3.5769,3.6352389781870547,539.372176062107,44,12.258458546866068,2,12.258458546866068,0,0.0,0.006739759927416924,0.08157632512903955,5.405341827029168,43.27662872459218,0.08157631847434327,0.09090909090909091,0.6363636363636364,0.14285714285714288,2.9036363636363633,1.79,0.8136363636363636,5.090909090909092,0.3743433646420194,0,0.0,0.0,0.0,0.0,Training
mp-aaadaicf,Bulk ZnO,0.6607000000000003,5.071899196032536,206.13566420493137,18,11.45198134471841,1,11.45198134471841,0,0.0,0.024604666133805297,0.087321134212395,3.0471099555635415,30.0126815558116,0.08732112658741518,0.2222222222222222,0.5555555555555556,0.39999999999999997,2.6466666666666665,1.79,0.9444444444444444,4.222222222222222,0.40813526491019503,0,0.0,0.0,0.0,0.0,Training
mp-aaadaigg,Bulk ZnO,3.4980999999999995,3.811462604496785,311.99386682099754,22,14.181539400954433,2,14.181539400954433,0,0.0,0.012216466443180316,0.07051420665465266,3.2436998588109014,39.737231170713365,0.07051420168239968,0.09090909090909091,0.6363636363636364,0.14285714285714288,2.915454545454545,1.79,0.8181818181818181,5.272727272727273,0.3832125413546547,0,0.0,0.0,0.0,0.0,Training
mp-aaadaios,Bulk ZnO,1.4967999999999995,5.248107766397548,305.13879783272023,28,10.897814208311436,1,10.897814208311436,0,0.0,0.01719908383880639,0.09176152032738179,4.159031608921681,33.09218244250842,0.09176151190720597,0.14285714285714285,0.5714285714285714,0.25,2.724285714285714,1.79,0.9357142857142857,4.285714285714286,0.4146099424117789,0,0.0,0.0,0.0,0.0,Training
mp-aaadaipf,2D ZnO,0.26570000000000027,7.312681964655168,255.85485217434942,16,15.990928260896839,1,15.990928260896839,1,0.0,0.02858136909466162,0.0625354565841768,2.5203185163420065,40.29461424652549,0.06253545267349371,0.125,0.625,0.2,2.86125,1.79,0.9437500000000001,5.25,0.4764071049643349,0,0.0,0.0,0.0,0.0,Training
mp-aaadajev,Bulk ZnO,1.7898,4.222688332319404,253.64512380571156,18,14.091395766983975,1,14.091395766983975,0,0.0,0.016648016996983237,0.07096529091482845,2.8435683118054853,36.92990418871493,0.07096528587875629,0.2222222222222222,0.5555555555555556,0.39999999999999997,2.6844444444444444,1.79,0.9444444444444444,4.222222222222222,0.40813526491019503,0,0.0,0.0,0.0,0.0,Training
mp-aaadajij,Bulk ZnO,1.7404999999999995,7.312712458511098,228.7570637542555,20,11.437853187712776,2,11.437853187712776,0,0.0,0.03196715475578429,0.08742899419921386,3.2701812528997576,31.04711018875377,0.0874289865553855,0.2,0.6,0.33333333333333337,2.7600000000000002,1.94,0.92,4.3999999999999995,0.42738267937643765,0,0.0,0.0,0.0,0.0,Training
mp-aaadakaz,Bulk ZnO,0.9878999999999998,6.498697589423713,278.8439297589315,24,11.618497073288813,1,11.618497073288813,0,0.0,0.02330586000219557,0.08606965201196484,3.6735913476733897,33.513544823137345,0.08606964460398048,0.25,0.5833333333333334,0.42857142857142855,2.7458333333333336,1.79,0.9291666666666667,4.666666666666666,0.4205455664584005,0,0.0,0.0,0.0,0.0,Training
mp-aaadakjc,Bulk ZnO,0.1836688329783731,7.3014172899990415,234.5365353487651,20,11.726826767438256,2,11.726826767438256,0,0.0,0.031131257563524355,0.08527456061487056,3.2430961692127553,31.831505164291105,0.08527455334312048,0.2,0.6,0.33333333333333337,2.737,1.94,0.935,4.3999999999999995,0.444236672212148,0,0.0,0.0,0.0,0.0,Training
mp-aaadakpi,Bulk ZnO,0.8621000000000003,5.380214110701941,202.89708302378835,20,10.144854151189417,1,10.144854151189417,0,0.0,0.026516961360509784,0.09857214160962152,3.40359644366721,27.537370825774524,0.09857213189315539,0.2,0.6,0.33333333333333337,2.72,1.81,0.9,4.3999999999999995,0.4082482904634095,0,0.0,0.0,0.0,0.0,Test
mp-aaadakqb,Bulk ZnO,0.8814050363816994,8.051848175627185,265.9450071380185,20,13.297250356900927,1,13.297250356900927,0,0.0,0.03027636526166662,0.07520351750623587,3.1100405285018837,36.094290621044784,0.07520351185066726,0.2,0.6,0.33333333333333337,2.798,1.79,0.9500000000000001,5.0,0.4588314677406406,0,0.0,0.0,0.0,0.0,Training
mp-aaadakqo,Bulk ZnO,1.7797638613149465,8.222615016334709,327.2900250759326,26,12.588077887535869,1,12.588077887535869,0,0.0,0.02512332911590272,0.0794402456780279,3.772788197862414,37.292131250630774,0.07944023936727578,0.15384615384615385,0.6153846153846154,0.25,2.9153846153846157,1.79,0.8884615384615385,4.461538461538462,0.41068541041101564,0,0.0,0.0,0.0,0.0,Test
mp-aaadakrj,Bulk ZnO,0.33679999999999977,5.737685679096635,242.0033373547901,24,10.083472389782921,1,10.083472389782921,0,0.0,0.023709117989083244,0.09917218606293306,3.851271389226319,29.085767442742068,0.09917217622781155,0.25,0.5833333333333334,0.42857142857142855,2.6775,1.89,0.9208333333333334,4.333333333333333,0.41260914853254727,0,0.0,0.0,0.0,0.0,Test
mp-aaadalcs,Bulk ZnO,1.3043000000000005,5.838493818654105,274.28329025862814,28,9.795831794951004,1,9.795831794951004,0,0.0,0.021286363500849257,0.10208423551284565,4.309480446235347,29.745914798897203,0.1020842250916556,0.14285714285714285,0.5714285714285714,0.25,2.724285714285714,1.79,0.9357142857142857,4.285714285714286,0.4146099424117789,0,0.0,0.0,0.0,0.0,Training
mp-aaadalda,Bulk ZnO,2.3855999999999997,4.979259954066201,311.3457257619552,28,11.119490205784114,1,11.119490205784114,0,0.0,0.0159927037439826,0.08993218047710695,4.131208004031358,33.76532133176349,0.08993217238931059,0.14285714285714285,0.5714285714285714,0.25,2.6757142857142853,1.79,0.9357142857142857,4.285714285714286,0.4146099424117789,0,0.0,0.0,0.0,0.0,Training
mp-aaadalel,Bulk ZnO,1.5352,7.0983573291904,601.6215296637146,50,12.032430593274292,2,12.032430593274292,0,0.0,0.0117987089543789,0.08310872788736177,5.922824731279379,44.32785331082673,0.0831087209803017,0.12,0.64,0.1875,2.7636,1.94,0.89,4.56,0.43545668258549053,0,0.0,0.0,0.0,0.0,Training
mp-aaadalio,Bulk ZnO,0.4998,4.844515495286197,328.0726468088628,28,11.716880243173673,1,11.716880243173673,0,0.0,0.01476659374808727,0.08534695065972073,4.059769319588227,35.57934933120901,0.08534694337561936,0.14285714285714285,0.5714285714285714,0.25,2.644285714285714,1.89,0.9357142857142857,4.285714285714286,0.4146099424117789,0,0.0,0.0,0.0,0.0,Training
mp-aaadalnv,Bulk ZnO,1.8737,8.159428957832706,251.02867391897772,20,12.551433695948885,2,12.551433695948885,0,0.0,0.032503971878791234,0.07967217325322454,3.170459562496152,34.06983273780658,0.07967216690556986,0.2,0.6,0.33333333333333337,2.746,1.94,0.935,4.699999999999999,0.444236672212148,0,0.0,0.0,0.0,0.0,Training
mp-aaadalse,Bulk ZnO,0.6703000000000001,3.973544201932647,253.1616488210964,22,11.5073476736862,2,11.5073476736862,0,0.0,0.015695679896367956,0.08690099824538156,3.4776833998192473,32.24404077319451,0.08690099069359873,0.09090909090909091,0.6363636363636364,0.14285714285714288,2.91,1.79,0.8090909090909091,5.090909090909092,0.36590246040255414,0,0.0,0.0,0.0,0.0,Training
mp-aaadamzm,Bulk ZnO,0.5379888553597305,5.182741633942818,190.12316329535295,16,11.88269770595956,1,11.88269770595956,0,0.0,0.027259916909185448,0.08415597406794818,2.782541426349079,29.94252193855194,0.08415596698572081,0.25,0.5,0.5,2.54,1.81,0.9750000000000001,4.0,0.3846153846149902,0,0.0,0.0,0.0,0.0,Training
mp-aaadanty,Bulk ZnO,0.5793000000000008,6.266600004468391,565.5094497154366,44,12.852487493532651,1,12.852487493532651,0,0.0,0.011081335612732437,0.07780595005466438,5.3207483743049835,45.373757827592044,0.07780594400089899,0.09090909090909091,0.6363636363636364,0.14285714285714288,2.8736363636363635,1.79,0.8999999999999999,5.090909090909091,0.441911976852587,0,0.0,0.0,0.0,0.0,Test
mp-aaadavdw,Bulk ZnO,1.1203000000000003,7.09499031011628,116.53272801330274,10,11.653272801330274,2,11.653272801330274,0,0.0,0.06088410038170869,0.0858128027249002,2.047311985370834,25.106215175590975,0.08581279536106373,0.1,0.6,0.16666666666666669,2.64,2.34,1.02,4.3999999999999995,0.5375196141905632,0,0.0,0.0,0.0,0.0,Training
mp-aaadavvj,Bulk ZnO,1.0345406200685492,5.474654284154565,165.80148039593232,13,12.753960030456332,1,12.753960030456332,0,0.0,0.03301933294613018,0.07840702006372999,2.3663585583842974,29.988828625416065,0.07840701391606969,0.15384615384615385,0.6153846153846154,0.25,2.8692307692307697,1.79,0.9115384615384616,4.461538461538462,0.4335943486464485,0,0.0,0.0,0.0,0.0,Training
mp-aaadavzn,Bulk ZnO,2.3263286879049425,4.582600119549424,145.81776361798038,13,11.216751047536953,1,11.216751047536953,0,0.0,0.0314268989308814,0.08915237538588204,2.4698649546284694,26.374335821601782,0.08915236743773672,0.15384615384615385,0.6153846153846154,0.25,2.7261538461538466,1.9,0.9,4.461538461538462,0.42197473628439225,0,0.0,0.0,0.0,0.0,Training
mp-aaadazwz,Bulk ZnO,1.8305430524236723,4.140320389618906,198.35810138932473,16,12.397381336832796,1,12.397381336832796,0,0.0,0.020872958354710945,0.08066219573556117,2.743489706529436,31.239443419698965,0.08066218922917189,0.125,0.625,0.2,2.76375,1.81,0.8812500000000001,4.5,0.41201950491521516,0,0.0,0.0,0.0,0.0,Training
mp-aaadbaot,Bulk ZnO,0.4676203307106026,5.571553906073242,182.70110357829324,16,11.418818973643328,1,11.418818973643328,0,0.0,0.030495458412409936,0.08757473100398373,2.819721781356986,28.7736207796644,0.0875747233346509,0.25,0.5,0.5,2.59,1.79,0.9875,4.0,0.39281318099157436,0,0.0,0.0,0.0,0.0,Training
mp-aaadbecr,Bulk ZnO,0.7161859924977954,5.559765439709278,129.8899188008217,13,9.991532215447823,1,9.991532215447823,0,0.0,0.042803671686290304,0.10008474960966532,2.5669546957903946,23.4934362816619,0.10008473959270923,0.15384615384615385,0.6153846153846154,0.25,2.8115384615384618,1.79,0.8884615384615385,4.461538461538462,0.41068541041101564,0,0.0,0.0,0.0,0.0,Training
mp-aaadbibe,2D ZnO,0.4107000000000003,4.187075027392159,235.33355087774655,16,14.70834692985916,1,14.70834692985916,1,0.0,0.01779208706865305,0.06798860570591501,2.5915446757218508,37.062711812172374,0.06798860108346483,0.25,0.5,0.5,2.54,1.81,0.9750000000000001,4.0,0.3846153846149902,0,0.0,0.0,0.0,0.0,Training
mp-aaadbkur,Bulk ZnO,0.9781859853179751,5.277505572061539,196.4656504978652,16,12.279103156116575,1,12.279103156116575,0,0.0,0.026862230413753088,0.08143917249378846,2.7522704404972136,30.941401080443693,0.08143916586145018,0.25,0.5,0.5,2.61,1.79,0.9750000000000001,4.0,0.3846153846149902,0,0.0,0.0,0.0,0.0,Training
mp-aaadblcs,Bulk ZnO,1.215087120219964,4.7165672903648685,169.76343134195247,14,12.125959381568034,1,12.125959381568034,0,0.0,0.027783175994271363,0.0824677016088345,2.528405079085426,29.225287199189257,0.08246769480791326,0.14285714285714285,0.5714285714285714,0.25,2.724285714285714,1.79,0.9357142857142857,4.285714285714286,0.4146099424117789,0,0.0,0.0,0.0,0.0,Test
mp-aaadbmre,Bulk ZnO,0.12458152890565755,4.642170268785837,182.63263064300503,16,11.414539415187814,1,11.414539415187814,0,0.0,0.025418077002132018,0.0876075646704967,2.8200741289488374,28.762836968099688,0.08760755699541199,0.125,0.625,0.2,2.74375,1.89,0.89375,4.5,0.42462008344736446,0,0.0,0.0,0.0,0.0,Test
mp-aaadbnoa,Bulk ZnO,1.3370916752163997,6.053225351112,168.69307675437827,13,12.976390519567559,1,12.976390519567559,0,0.0,0.03588306922592717,0.07706303216538254,2.3527598440872777,30.51183715006999,0.07706302622667209,0.15384615384615385,0.6153846153846154,0.25,2.8230769230769233,1.79,0.9115384615384616,4.923076923076923,0.4335943486464485,0,0.0,0.0,0.0,0.0,Training
mp-aaadbopf,Bulk ZnO,0.13169137196362257,8.372177171677782,160.72162710494905,13,12.36320208499608,1,12.36320208499608,0,0.0,0.05209116733375816,0.08088519407230227,2.3910312128373743,29.070025913752882,0.08088518752988819,0.15384615384615385,0.6153846153846154,0.25,2.9153846153846157,1.79,0.8884615384615385,4.461538461538462,0.41068541041101564,0,0.0,0.0,0.0,0.0,Training
mp-aaadboxf,Bulk ZnO,3.0304,6.406798868295541,126.24415601565802,10,12.624415601565802,2,12.624415601565802,0,0.0,0.05074927086130551,0.07921158741605198,1.9934081930431773,27.1984789133931,0.0792115811415769,0.1,0.6,0.16666666666666669,2.603,2.34,1.025,4.3999999999999995,0.5380246771678349,0,0.0,0.0,0.0,0.0,Training
mp-aaadbrmy,Bulk ZnO,0.6485744640239557,5.674197411957299,182.73043567998113,16,11.42065222999882,1,11.42065222999882,0,0.0,0.031052284152020607,0.08756067340648752,2.819570898278696,28.77824029620868,0.08756066573961666,0.25,0.5,0.5,2.61,1.79,0.9750000000000001,4.0,0.3846153846149902,0,0.0,0.0,0.0,0.0,Training
mp-aaadbrni,Bulk ZnO,0.4804136156885055,5.549121588508258,130.35433390242275,13,10.02725645403252,1,10.02725645403252,0,0.0,0.04256952126088937,0.09972817635454453,2.5639026272706116,23.577435923038507,0.09972816640883637,0.15384615384615385,0.6153846153846154,0.25,2.804615384615385,1.79,0.8884615384615385,4.461538461538462,0.41068541041101564,0,0.0,0.0,0.0,0.0,Training
mp-aaadbvya,Bulk ZnO,1.3875487513887501,4.777851883845297,166.32506194038325,14,11.880361567170231,1,11.880361567170231,0,0.0,0.0287259889045335,0.08417252238882732,2.545709272232033,28.63336152672005,0.08417251530381441,0.14285714285714285,0.5714285714285714,0.25,2.644285714285714,1.89,0.9357142857142857,4.285714285714286,0.4146099424117789,0,0.0,0.0,0.0,0.0,Training
mp-aaadbwmr,Bulk ZnO,1.2310240570033333,5.310510356131109,132.46367924277024,13,10.189513787905403,1,10.189513787905403,0,0.0,0.04009031295588864,0.09814010960826856,2.550220589595767,23.958957220510907,0.0981400999767884,0.15384615384615385,0.6153846153846154,0.25,2.7284615384615387,1.89,0.9,4.461538461538462,0.42197473628439225,0,0.0,0.0,0.0,0.0,Test
mp-aaadbyfr,Bulk ZnO,3.1638033257140017,4.038717049381706,198.2918764465909,16,12.39324227791193,1,12.39324227791193,0,0.0,0.020367536591795368,0.08068913506050529,2.743795093432204,31.22901364477666,0.0806891285497693,0.125,0.625,0.2,2.74125,1.9,0.89375,4.5,0.42462008344736446,0,0.0,0.0,0.0,0.0,Training
mp-aaadbzoi,Bulk ZnO,1.7353999999999994,6.555806286516565,124.153491986402,10,12.4153491986402,2,12.4153491986402,0,0.0,0.052804042654189656,0.08054545901210139,2.0045351999747587,26.74805900241,0.08054545252453094,0.1,0.6,0.16666666666666669,2.612,2.34,1.02,4.3999999999999995,0.5375196141905632,0,0.0,0.0,0.0,0.0,Training
mp-aaadcbwe,Bulk ZnO,1.5064000000000002,6.708888544967523,132.45830581234327,10,13.245830581234326,2,13.245830581234326,0,0.0,0.05064905899122822,0.07549545450299833,1.961734672327686,28.537276902496426,0.07549544880343512,0.1,0.6,0.16666666666666669,2.665,2.34,1.03,4.3999999999999995,0.5389005470432793,0,0.0,0.0,0.0,0.0,Training
mp-aaadcdci,Bulk ZnO,2.9251000000000005,6.879823904884682,134.6631102711447,10,13.466311027114468,2,13.466311027114468,0,0.0,0.051089150481019856,0.07425938684963508,1.9509693786401177,29.012287623574302,0.07425938133517895,0.1,0.6,0.16666666666666669,2.645,2.34,1.03,4.6,0.5389005470432793,0,0.0,0.0,0.0,0.0,Training
mp-aaadcgeh,Bulk ZnO,1.0063999999999993,6.623697741158781,123.14533054414747,10,12.314533054414747,2,12.314533054414747,0,0.0,0.053787648397956855,0.081204865469219,2.0099905568661,26.530857203975426,0.08120485887498936,0.1,0.6,0.16666666666666669,2.615,2.34,1.025,4.3999999999999995,0.5380246771678349,0,0.0,0.0,0.0,0.0,Test
mp-aaadeffg,Bulk ZnO,0.11704174145882362,5.360928510270394,185.1104804130309,16,11.569405025814431,1,11.569405025814431,0,0.0,0.028960696867669142,0.08643486832457961,2.807434591229864,29.153073853566283,0.08643486085359381,0.25,0.5,0.5,2.5475,1.79,0.9875,4.0,0.39281318099157436,0,0.0,0.0,0.0,0.0,Training
mp-aaadegnn,Bulk ZnO,2.1170999999999998,7.7590778846231006,133.34179783897852,10,13.334179783897852,2,13.334179783897852,0,0.0,0.058189390051518894,0.07499523901781978,1.9573924005633585,28.727619489551383,0.07499523339353434,0.1,0.6,0.16666666666666669,2.685,2.34,1.02,4.3999999999999995,0.5375196141905632,0,0.0,0.0,0.0,0.0,Training
mp-aaadihwx,2D ZnO,2.756,4.193628559858403,322.27400494434505,20,16.113700247217253,2,16.113700247217253,1,0.0,0.013012618130905778,0.06205899232689863,2.9171240891734347,43.739311819576216,0.062058988475580334,0.1,0.6,0.16666666666666669,2.834,2.49,0.9249999999999999,5.199999999999999,0.49201067766751616,0,0.0,0.0,0.0,0.0,Training
mp-aaadiiij,Bulk ZnO,3.0656999999999996,5.849406708066541,120.76363978916348,10,12.076363978916348,2,12.076363978916348,0,0.0,0.04843682020746304,0.0828063812705431,2.02311825411488,26.01773748562885,0.0828063744136469,0.1,0.6,0.16666666666666669,2.665,2.44,0.9900000000000001,4.3999999999999995,0.5034317492672535,0,0.0,0.0,0.0,0.0,Training
mp-aaadijcg,Bulk ZnO,0.18979999999999997,7.800592864713986,131.11288394914388,10,13.111288394914387,3,13.111288394914387,0,0.0,0.05949524279962969,0.0762701551426388,1.9684219984856226,28.247414549016018,0.07627014932550269,0.1,0.6,0.16666666666666669,2.781,2.24,0.9600000000000001,4.6,0.47894016385669486,0,0.0,0.0,0.0,0.0,Training
mp-aaadijeo,Bulk ZnO,2.927,6.494930727255744,128.8646773749686,10,12.886467737496861,3,12.886467737496861,0,0.0,0.05040117167528295,0.07760078404497256,1.9798032662145044,27.76305312563992,0.07760077802309134,0.1,0.6,0.16666666666666669,2.761,2.44,0.9550000000000001,4.6,0.47146589590956806,0,0.0,0.0,0.0,0.0,Training
mp-aaadijgy,Bulk ZnO,3.106,6.736610485221617,129.47169642528021,10,12.94716964252802,3,12.94716964252802,0,0.0,0.052031530220270204,0.07723695816228938,1.9767043614850786,27.893831415590075,0.07723695219674215,0.1,0.6,0.16666666666666669,2.66,2.62,1.0350000000000001,4.3,0.5596571966300729,0,0.0,0.0,0.0,0.0,Training
mp-aaadijjx,Bulk ZnO,2.9475000000000002,6.962667958443771,131.5461984718703,10,13.15461984718703,3,13.15461984718703,0,0.0,0.05292945018044486,0.07601892047179447,1.966258286918136,28.340769332961656,0.07601891469291865,0.1,0.6,0.16666666666666669,2.7560000000000002,2.49,0.975,4.6,0.5025902661944227,0,0.0,0.0,0.0,0.0,Training
mp-aaadijui,Bulk ZnO,3.3286000000000002,6.09495070858821,128.85108192610298,10,12.885108192610298,3,12.885108192610298,0,0.0,0.047302285844085565,0.07760897192725996,1.9798728953477394,27.760124074973657,0.07760896590410792,0.1,0.6,0.16666666666666669,2.66,2.49,1.01,4.3999999999999995,0.5280115495429775,0,0.0,0.0,0.0,0.0,Training
mp-aaadikam,Bulk ZnO,0.3793999999999995,6.928524645135822,131.14183897989727,10,13.114183897989728,3,13.114183897989728,0,0.0,0.05283229745007537,0.07625331532473706,1.9682771174032079,28.25365272128662,0.0762533095101694,0.1,0.6,0.16666666666666669,2.622,2.31,1.01,4.3999999999999995,0.5172260549146949,0,0.0,0.0,0.0,0.0,Training
mp-aaadiktv,Bulk ZnO,2.7739999999999996,6.670101704486482,130.26423404916517,10,13.026423404916518,3,13.026423404916518,0,0.0,0.051204398146378456,0.07676704256538856,1.9726873967817227,28.064578470595393,0.07676703667221019,0.1,0.6,0.16666666666666669,2.657,2.62,1.045,4.3,0.5683316347429437,0,0.0,0.0,0.0,0.0,Training
mp-aaadilro,Bulk ZnO,0.49570000000000025,7.426179471357101,130.77142440452923,10,13.077142440452922,3,13.077142440452922,0,0.0,0.05678747864965442,0.07646930547354085,1.9701337697953256,28.173849320199988,0.07646929962598663,0.1,0.6,0.16666666666666669,2.68,2.49,1.0150000000000001,4.3999999999999995,0.5328628604270006,0,0.0,0.0,0.0,0.0,Training
mp-aaadinbj,Bulk ZnO,0.6011999999999995,6.995690963097919,127.26305308001031,10,12.72630530800103,3,12.72630530800103,0,0.0,0.05497032165886926,0.07857740135868811,1.988074038393308,27.41799363149432,0.0785773951842806,0.1,0.6,0.16666666666666669,2.741,2.34,0.965,4.3999999999999995,0.49211888619224864,0,0.0,0.0,0.0,0.0,Training
mp-aaaaacyk,Bulk ZnO,0.6311,5.7083366245245974,23.681474592351165,2,11.840737296175583,0,11.840737296175583,0,0.0,0.24104650249981993,0.08445420035819798,0.696456103136643,14.918394165726923,0.08445419322568662,0.5,0.5,1.0,2.545,1.79,0.9750000000000001,4.0,0.3846153846149902,0,0.0,0.0,0.0,0.0,Training
mp-aaaaadeb,Bulk ZnO,0.7316,5.7042178148357205,47.397148259900405,4,11.849287064975101,0,11.849287064975101,0,0.0,0.12034938860787289,0.08439326303063967,1.10528918497148,18.809570752014654,0.08439325590841742,0.5,0.5,1.0,2.545,1.79,0.9750000000000001,4.0,0.3846153846149902,0,0.0,0.0,0.0,0.0,Training
mp-aaaaadht,Bulk ZnO,0.7195,6.619789661835996,20.420864656411798,2,10.210432328205899,0,10.210432328205899,0,0.0,0.32416794162325036,0.09793904585582935,0.7317093759446897,12.864338618833731,0.0979390362637736,0.5,0.5,1.0,2.545,1.79,0.9750000000000001,4.0,0.3846153846149902,0,0.0,0.0,0.0,0.0,Training
mp-aaaaaehw,2D ZnO,3.8459999999999996,4.625888669208582,131.64714277394958,14,9.403367340996398,1,9.403367340996398,1,0.0,0.035138542103809,0.10634488303357488,2.7520578349187366,22.663453054100476,0.10634487172434194,0.14285714285714285,0.5714285714285714,0.25,2.661428571428571,1.8299999999999998,0.8928571428571428,4.571428571428571,0.38031565836772496,0,0.0,0.0,0.0,0.0,Training
mp-aaaaaesq,Bulk ZnO,0.5575999999999999,6.605277567763193,203.59309349228687,18,11.310727416238159,1,11.310727416238159,0,0.0,0.03244352475057526,0.08841164349556843,3.0597421177781188,29.642491538348786,0.08841163567895043,0.1111111111111111,0.6666666666666666,0.16666666666666666,2.932222222222222,1.79,0.8722222222222222,5.333333333333334,0.4424803677181782,0,0.0,0.0,0.0,0.0,Training
mp-aaaaaewv,Bulk ZnO,2.329,3.6565017998189573,431.46346907979347,46,9.379640632169423,1,9.379640632169423,0,0.0,0.008474649795073928,0.10661389270824434,6.087558597752091,33.607701397989324,0.10661388134172345,0.17391304347826086,0.391304347826087,0.4444444444444444,2.0591304347826087,2.46,1.0999999999999999,3.130434782608696,0.3658529282012353,0,0.0,0.0,0.0,0.0,Training
mp-aaaaafes,2D ZnO,3.2965,5.5849247736703305,381.5355905088048,26,14.674445788800183,1,14.674445788800183,1,0.0,0.014638017822196973,0.0681456740780779,3.5847730223808782,43.47298795537765,0.06814566943424533,0.15384615384615385,0.6153846153846154,0.25,2.8553846153846156,1.79,0.9,5.384615384615385,0.42197473628439225,0,0.0,0.0,0.0,0.0,Test
mp-aaaaafpt,Bulk ZnO,2.7537000000000003,4.245709244527566,523.0730091077116,42,12.454119264469325,1,12.454119264469325,0,0.0,0.008116857820230762,0.08029471845937156,5.212689464593932,43.29085040188902,0.08029471201213026,0.2857142857142857,0.5714285714285714,0.5,2.708571428571428,1.79,0.8857142857142857,4.571428571428571,0.38253358792316244,0,0.0,0.0,0.0,0.0,Training
mp-aaaaaggy,2D ZnO,2.2724,5.725287398865147,204.24457974584027,12,17.02038164548669,1,17.02038164548669,1,0.0,0.028031526741075,0.05875308913917162,2.0376569308494386,38.966946566563855,0.05875308568724633,0.25,0.5,0.5,2.355,2.55,1.175,4.0,0.5453619411900165,0,0.0,0.0,0.0,0.0,Training
mp-aaaaagyc,Bulk ZnO,3.4441999999999995,5.305333679950977,240.8393292100707,20,12.041966460503534,1,12.041966460503534,0,0.0,0.022028518752945998,0.08304291523148662,3.2145549892937946,32.68692589883581,0.08304290833536143,0.2,0.6,0.33333333333333337,2.904,1.79,0.86,5.199999999999999,0.37750425769137336,0,0.0,0.0,0.0,0.0,Training
mp-aaaaahdc,Bulk ZnO,3.4134,4.257584663899135,208.46291296021226,23,9.063604911313577,1,9.063604911313577,0,0.0,0.020423703206679012,0.11033137584712652,3.878986206930748,25.77568672570516,0.11033136367411536,0.17391304347826086,0.5652173913043478,0.3076923076923077,2.763478260869565,1.79,0.7956521739130435,4.521739130434782,0.34614370107387993,0,0.0,0.0,0.0,0.0,Training
mp-aaaaahpe,Bulk ZnO,3.8232999999999997,3.9343618408835157,272.60319326481704,24,11.358466386034044,1,11.358466386034044,0,0.0,0.014432559625453574,0.08804005452968225,3.701413421746429,32.76348652921748,0.08804004677863173,0.16666666666666666,0.6666666666666666,0.25,2.998333333333333,1.79,0.7916666666666666,5.333333333333333,0.365401157003955,0,0.0,0.0,0.0,0.0,Training
mp-aaaaahpy,Bulk ZnO,0.9353999999999996,7.171915981195089,155.2282326923861,14,11.087730906599006,1,11.087730906599006,0,0.0,0.04620239409288121,0.09018977899299821,2.604980428141367,26.723008871796207,0.09018977085880271,0.14285714285714285,0.5714285714285714,0.25,2.8528571428571423,1.79,0.9214285714285715,4.285714285714286,0.4028025133876739,0,0.0,0.0,0.0,0.0,Test
mp-aaaaahxi,Bulk ZnO,3.9227,4.744169937066032,538.6539781098929,40,13.466349452747323,1,13.466349452747323,0,0.0,0.00880745363417358,0.0742591749537575,4.916130099702479,46.05426730748166,0.07425916943933285,0.2,0.6,0.33333333333333337,2.904,1.79,0.86,5.199999999999999,0.37750425769137336,0,0.0,0.0,0.0,0.0,Training
mp-aaaaahzg,Bulk ZnO,2.7258,5.714603997298983,433.45728903153736,28,15.480617465412049,1,15.480617465412049,0,0.0,0.01318377644558009,0.06459690656618024,3.6997802340345354,47.008272273296,0.06459690239342017,0.14285714285714285,0.5714285714285714,0.25,2.787142857142857,1.79,0.95,5.142857142857142,0.42665446493522335,0,0.0,0.0,0.0,0.0,Test
mp-aaaaaiiv,Bulk ZnO,2.0789999999999997,5.566117786807331,220.7972612182532,16,13.799828826140825,1,13.799828826140825,0,0.0,0.025209179480289598,0.07246466696063025,2.647212197814242,34.77338964600177,0.07246466170950268,0.25,0.5,0.5,2.37,2.49,1.1375,4.0,0.5139051846628415,0,0.0,0.0,0.0,0.0,Test
mp-aaaaaiow,Bulk ZnO,2.3108,6.151538840882612,145.1475013418485,14,10.367678667274893,1,10.367678667274893,0,0.0,0.042381293401631694,0.09645360664547355,2.66394250688826,24.987580537387146,0.09645359734217622,0.14285714285714285,0.5714285714285714,0.25,2.7185714285714284,1.79,0.907142857142857,4.571428571428571,0.39133145322127505,0,0.0,0.0,0.0,0.0,Training
mp-aaaaaith,Bulk ZnO,1.9751999999999998,4.755174513615772,560.383815647266,42,13.342471801125381,1,13.342471801125381,0,0.0,0.008485567178851076,0.07494863132599269,5.094334162305107,46.37878748935793,0.07494862570869579,0.2857142857142857,0.5714285714285714,0.5,2.724285714285714,1.79,0.907142857142857,4.571428571428571,0.3924389226571143,0,0.0,0.0,0.0,0.0,Test
mp-aaaaaiyw,Bulk ZnO,3.359,8.113343135964856,539.4491543990742,38,14.196030378923007,2,14.196030378923007,0,0.0,0.01504005163378708,0.0704422273908846,4.668027699113953,47.72670500811012,0.07044222242877754,0.10526315789473684,0.5526315789473685,0.19047619047619044,2.455,2.55,1.125,4.2105263157894735,0.5465943944994627,0,0.0,0.0,0.0,0.0,Training
mp-aaaaajaf,2D ZnO,4.0373,3.800004763871884,800.7069569245283,52,15.398210710087083,2,15.398210710087083,1,0.0,0.004745812098932541,0.06494261046479372,5.599881148591549,57.47399327042289,0.06494260624725133,0.15384615384615385,0.6153846153846154,0.25,2.7761538461538464,2.55,0.8961538461538462,4.923076923076923,0.5092306780936662,0,0.0,0.0,0.0,0.0,Test
mp-aaaaajbf,Bulk ZnO,4.3495,3.403755575657739,970.2506446294942,76,12.766455850388082,2,12.766455850388082,0,0.0,0.003508119880670131,0.07833027519298565,7.676895206281376,54.07645477842271,0.07833026905735412,0.10526315789473684,0.631578947368421,0.16666666666666666,2.84,2.62,0.9105263157894736,5.052631578947368,0.5573315563439191,0,0.0,0.0,0.0,0.0,Training
mp-aaaaajbl,2D ZnO,3.0986000000000002,5.929858352976885,515.8655885600521,36,14.329599682223668,2,14.329599682223668,1,0.0,0.011494967845265741,0.0697856201273042,4.4887317030420135,47.31529565648612,0.06978561525727178,0.1111111111111111,0.5555555555555556,0.19999999999999998,2.4644444444444447,2.55,1.1222222222222222,4.222222222222222,0.5469344928563098,0,0.0,0.0,0.0,0.0,Training
mp-aaaaajck,Bulk ZnO,2.7777,4.700128203748994,323.9785588756969,28,11.570662816989174,2,11.570662816989174,0,0.0,0.01450752858479232,0.08642547240523703,4.076798766585616,35.13534710736112,0.0864254649358754,0.14285714285714285,0.5714285714285714,0.25,2.57,2.46,0.95,4.142857142857142,0.42665446493522335,0,0.0,0.0,0.0,0.0,Test
mp-aaaaajfn,Bulk ZnO,4.0558000000000005,3.2946599728597756,316.2474521523368,24,13.176977173014032,2,13.176977173014032,0,0.0,0.010417981079173197,0.07588993946562823,3.5226451453692493,38.00897933146003,0.07588993370634577,0.08333333333333333,0.5833333333333334,0.14285714285714285,2.6275000000000004,2.44,0.9458333333333333,4.666666666666666,0.4832781832464991,0,0.0,0.0,0.0,0.0,Test
mp-aaaaajgk,Bulk ZnO,3.0578000000000003,8.316578652900073,495.6523335604467,36,13.768120376679075,2,13.768120376679075,0,0.0,0.016779056789986514,0.07263155555306118,4.548939027213432,45.461331837818,0.07263155027771871,0.1111111111111111,0.5555555555555556,0.19999999999999998,2.471111111111111,2.55,1.1111111111111112,4.222222222222222,0.5415717865615527,0,0.0,0.0,0.0,0.0,Training
mp-aaaaajhm,Bulk ZnO,0.4787000000000001,4.732322109719233,165.69255335079256,13,12.745581026984043,2,12.745581026984043,0,0.0,0.028560861752792804,0.07845856519862615,2.3668769964525045,29.969126783903143,0.07845855904288018,0.15384615384615385,0.6153846153846154,0.25,2.8523076923076927,1.79,0.8576923076923078,4.923076923076923,0.3865876603090077,0,0.0,0.0,0.0,0.0,Training
mp-aaaaajlq,Bulk ZnO,2.8518,3.6486063830737856,1020.3452683917542,64,15.94289481862116,2,15.94289481862116,0,0.0,0.0035758546602804742,0.06272386610943509,6.357176300685459,63.771579274484644,0.06272386217515195,0.125,0.5,0.25,2.3825,2.62,1.175,4.0,0.5596998484236049,0,0.0,0.0,0.0,0.0,Training
mp-aaaaajlv,Bulk ZnO,3.1742999999999997,3.4113517232738912,198.087229141996,16,12.38045182137475,2,12.38045182137475,0,0.0,0.01722146217123625,0.08077249638607761,2.7447396554398105,31.19678371391874,0.08077248986188197,0.125,0.5,0.25,2.39625,2.51,1.0562500000000001,4.0,0.47657937605784473,0,0.0,0.0,0.0,0.0,Test
mp-aaaaajmg,Bulk ZnO,2.6216999999999997,3.7102713903871725,222.00914696391914,16,13.875571685244946,2,13.875571685244946,0,0.0,0.016712245603962277,0.072069102641975,2.642386609999902,34.964249691130775,0.07206909744801981,0.125,0.5,0.25,2.41,2.51,1.075,4.0,0.47204146814338516,0,0.0,0.0,0.0,0.0,Test
mp-aaaaajmu,2D ZnO,3.3617999999999997,7.979207286664544,545.7286575439831,38,14.361280461683766,2,14.361280461683766,1,0.0,0.014621198971984458,0.06963167404661608,4.650054145487584,48.282271722323294,0.06963166919804639,0.10526315789473684,0.5526315789473685,0.19047619047619044,2.4528947368421052,2.55,1.125,4.2105263157894735,0.5465943944994627,0,0.0,0.0,0.0,0.0,Training
mp-aaaaajoe,2D ZnO,3.4403128788171187,7.154918577004959,541.639428011011,36,15.045539666972527,2,15.045539666972527,1,0.0,0.013209744724971363,0.06646488076430832,4.416372976922186,49.67927740070159,0.06646487634672824,0.1111111111111111,0.5555555555555556,0.19999999999999998,2.453333333333333,2.55,1.1333333333333333,4.222222222222222,0.5525968890599811,0,0.0,0.0,0.0,0.0,Test
mp-aaaaajou,2D ZnO,3.0561999999999996,6.963317965988391,272.43568366812013,18,15.135315759340008,2,15.135315759340008,1,0.0,0.025559493059914545,0.06607064007785234,2.7766289117975487,39.665748524924616,0.06607063571252315,0.1111111111111111,0.5555555555555556,0.19999999999999998,2.4466666666666668,2.55,1.1333333333333333,4.222222222222222,0.5525968890599811,0,0.0,0.0,0.0,0.0,Training
mp-aaaaajph,Bulk ZnO,3.9475,2.8807434653392368,373.11011332290406,28,13.325361190103717,2,13.325361190103717,0,0.0,0.007720893544491326,0.07504487013400173,3.889367889506454,40.46364483612891,0.07504486450226962,0.07142857142857142,0.5714285714285714,0.125,2.623571428571428,2.51,0.9321428571428569,4.571428571428571,0.4665685116556696,0,0.0,0.0,0.0,0.0,Training
mp-aaaaajpr,Bulk ZnO,4.0485,2.9636929068393663,639.478812794921,48,13.322475266560856,2,13.322475266560856,0,0.0,0.004634544331322223,0.07506112640418856,5.57141938214855,48.41708830872916,0.07506112077001628,0.08333333333333333,0.5833333333333334,0.14285714285714285,2.6641666666666666,2.51,0.9291666666666667,4.666666666666666,0.4875122167027879,0,0.0,0.0,0.0,0.0,Training
mp-aaaaajpv,Bulk ZnO,3.0633,8.16836037423067,501.92173404272677,36,13.942270390075743,2,13.942270390075743,0,0.0,0.01627417148972339,0.071724329827358,4.529919665130848,46.03636251244782,0.07172432468297889,0.1111111111111111,0.5555555555555556,0.19999999999999998,2.468888888888889,2.55,1.1111111111111112,4.222222222222222,0.5415717865615527,0,0.0,0.0,0.0,0.0,Training
mp-aaaaajqb,Bulk ZnO,3.0589,8.023228771380943,507.1452910431363,36,14.087369195642674,2,14.087369195642674,0,0.0,0.015820375172720495,0.07098557481614859,4.514313354007112,46.515468212331335,0.07098556977719711,0.1111111111111111,0.5555555555555556,0.19999999999999998,2.466666666666667,2.55,1.1111111111111112,4.222222222222222,0.5415717865615527,0,0.0,0.0,0.0,0.0,Training
mp-aaaaajqh,Bulk ZnO,3.3261999999999996,3.4201735923792618,334.96940789168303,26,12.883438765064732,2,12.883438765064732,0,0.0,0.010210405821552582,0.0776190284469424,3.7437338488618157,38.167136689071384,0.0776190224222293,0.15384615384615385,0.5384615384615384,0.28571428571428575,2.5415384615384617,2.51,0.976923076923077,4.307692307692308,0.4628622132799548,0,0.0,0.0,0.0,0.0,Training
mp-aaaaajso,Bulk ZnO,2.7862,3.997146430533651,566.6097686692968,42,13.490708777840402,2,13.490708777840402,0,0.0,0.007054496148065169,0.07412508982794012,5.075606417464009,46.89406317017676,0.07412508433341158,0.14285714285714285,0.5714285714285714,0.25,2.6457142857142855,2.51,0.9571428571428571,4.571428571428571,0.4692599976789871,0,0.0,0.0,0.0,0.0,Training
mp-aaaaajvn,2D ZnO,3.0566,7.874962437195041,512.593881187532,36,14.23871892187589,2,14.23871892187589,1,0.0,0.015362966134029979,0.07023103732061411,4.498261457919919,47.01521399749353,0.07023103238821586,0.1111111111111111,0.5555555555555556,0.19999999999999998,2.4644444444444447,2.55,1.1111111111111112,4.222222222222222,0.5415717865615527,0,0.0,0.0,0.0,0.0,Training
mp-aaaaajvw,Bulk ZnO,2.8200000000000003,3.48952174411281,454.1286945621525,34,13.356726310651544,2,13.356726310651544,0,0.0,0.007683993074864444,0.0748686449614928,4.4233632185802145,43.270608182420204,0.07486863935617923,0.23529411764705882,0.5294117647058824,0.4444444444444444,2.6176470588235294,2.62,0.9147058823529413,4.235294117647059,0.4826793908381764,0,0.0,0.0,0.0,0.0,Test
mp-aaaaajwt,Bulk ZnO,3.8766000000000003,3.1412926446808043,278.64002646542934,22,12.665455748428606,2,12.665455748428606,0,0.0,0.01127365900918238,0.07895491641696899,3.3682799484508705,35.48910514777232,0.07895491018309066,0.09090909090909091,0.5454545454545454,0.16666666666666669,2.540909090909091,2.51,0.9772727272727273,4.363636363636363,0.4756482013686104,0,0.0,0.0,0.0,0.0,Training
mp-aaaaajxl,Bulk ZnO,4.0565999999999995,3.6940944065044605,231.63739222571192,20,11.581869611285596,2,11.581869611285596,0,0.0,0.01594774648000209,0.08634184579539567,3.2565701666404383,31.438030905978827,0.08634183834048198,0.1,0.6,0.16666666666666669,2.709,2.44,0.8950000000000001,4.8,0.4514090932512445,0,0.0,0.0,0.0,0.0,Training
mp-aaaaajyw,Bulk ZnO,2.5596,6.630266633286842,310.2300202676229,22,14.101364557619222,2,14.101364557619222,0,0.0,0.021372098765835686,0.07091512285310587,3.249835714327647,39.512578106358966,0.07091511782415158,0.09090909090909091,0.5454545454545454,0.16666666666666669,2.4927272727272727,2.49,1.1181818181818182,4.181818181818182,0.5427400170933958,0,0.0,0.0,0.0,0.0,Training
mp-aaaaakbh,2D ZnO,3.1692,6.577619546991341,283.02187609561764,18,15.723437560867646,2,15.723437560867646,1,0.0,0.023240675377224632,0.0635993240109778,2.7415689320054892,41.20706367502481,0.06359931996610405,0.1111111111111111,0.5555555555555556,0.19999999999999998,2.437777777777778,2.55,1.1555555555555554,4.222222222222222,0.5646941100005123,0,0.0,0.0,0.0,0.0,Training
mp-aaaaakbj,2D ZnO,3.3644000000000003,7.847322722010313,550.9582466562443,38,14.498901227795903,2,14.498901227795903,1,0.0,0.014243044313494848,0.06897074366455411,4.635294877631448,48.74494935345713,0.06897073890759095,0.10526315789473684,0.5526315789473685,0.19047619047619044,2.4507894736842104,2.55,1.125,4.2105263157894735,0.5465943944994627,0,0.0,0.0,0.0,0.0,Training
mp-aaaaakds,Bulk ZnO,3.9654,3.598747886106746,550.924939888897,46,11.9766291280195,3,11.9766291280195,0,0.0,0.006532192728164552,0.08349594775883018,5.611259504528225,42.91283549909785,0.08349594078725747,0.17391304347826086,0.5217391304347826,0.3333333333333333,2.646521739130435,1.8699999999999999,0.8717391304347826,4.521739130434782,0.34406736021920004,0,0.0,0.0,0.0,0.0,Training
mp-aaaaaklo,2D ZnO,0.6529999999999996,5.691611752665381,146.62733461290037,8,18.328416826612546,2,18.328416826612546,1,0.0,0.03881685340384431,0.054560086092543314,1.5171144340302702,36.6568336532251,0.054560083115740475,0.25,0.25,1.0,2.0949999999999998,2.34,1.2249999999999999,3.75,0.40457607350169034,0,0.0,0.0,0.0,0.0,Training
mp-aaaaaklp,2D ZnO,0.8589000000000002,6.783112123501502,147.16299537321413,8,18.395374421651766,2,18.395374421651766,1,0.0,0.04609251195451088,0.05436149202937548,1.5152714737338995,36.79074884330354,0.054361489074203816,0.25,0.25,1.0,2.1025,2.3,1.2374999999999998,3.75,0.3618079735062191,0,0.0,0.0,0.0,0.0,Training
mp-aaaaakrc,2D ZnO,2.6853,3.5809587781992707,142.4077262992574,8,17.800965787407176,2,17.800965787407176,1,0.0,0.025145818076430758,0.05617672725978855,1.5319530989765084,35.60193157481436,0.056176724103964036,0.25,0.25,1.0,2.1675,2.44,1.1875,4.0,0.372310298606579,0,0.0,0.0,0.0,0.0,Training
mp-aaaaaksv,2D ZnO,2.7269,6.225391852729176,215.30897722068136,15,14.353931814712091,2,14.353931814712091,1,0.0,0.028913758883116373,0.06966732271746255,2.5026716831029003,35.39983995555924,0.06966731786392703,0.06666666666666667,0.6,0.11111111111111112,2.5653333333333332,2.55,1.0733333333333333,4.3999999999999995,0.5820475651347611,0,0.0,0.0,0.0,0.0,Training
mp-aaaaaliu,Bulk ZnO,1.5335999999999999,3.130179246188947,283.6496830435417,22,12.893167411070078,1,12.893167411070078,0,0.0,0.011035370153078749,0.07756046036766727,3.348332512910963,36.127162182542655,0.07756045435204273,0.09090909090909091,0.36363636363636365,0.25,1.9081818181818182,2.51,1.3227272727272728,2.909090909090909,0.42381040806348297,0,0.0,0.0,0.0,0.0,Training
mp-aaaaalza,Bulk ZnO,1.0541,4.205231728947942,177.53224101112409,14,12.680874357937435,1,12.680874357937435,0,0.0,0.023687143839323497,0.07885891554268594,2.490972639077128,30.562711236760947,0.07885890932395788,0.2857142857142857,0.42857142857142855,0.6666666666666666,2.2114285714285713,2.51,1.157142857142857,3.4285714285714284,0.4421235698630743,0,0.0,0.0,0.0,0.0,Test
mp-aaaaamcu,2D ZnO,3.1053,3.9490870331578436,181.59026295780683,16,11.349391434862927,2,11.349391434862927,1,0.0,0.02174724001625257,0.08811045118491656,2.8254597838146194,28.598674344560763,0.08811044342146564,0.125,0.5,0.25,2.4225,2.46,0.9875,4.0,0.39687127611582296,0,0.0,0.0,0.0,0.0,Training
mp-aaaaamcx,2D ZnO,1.9791999999999996,3.4763287116539052,167.76202198412008,10,16.776202198412008,1,16.776202198412008,1,0.0,0.020721785959297544,0.0596082467398168,1.813157160252912,36.143231983247986,0.059608243186673925,0.2,0.4,0.5,2.0340000000000003,2.62,1.3900000000000001,3.2,0.514979285414688,0,0.0,0.0,0.0,0.0,Training
mp-aaaaamdr,Bulk ZnO,0.3047000000000004,10.989845413021458,112.81812775356885,10,11.281812775356885,1,11.281812775356885,0,0.0,0.09741205276005663,0.08863823748115394,2.0695394237814173,24.30592880967376,0.0886382296244175,0.1,0.6,0.16666666666666669,2.9130000000000003,1.79,0.9,4.3999999999999995,0.4082482904634095,0,0.0,0.0,0.0,0.0,Training
mp-aaaaameo,2D ZnO,4.6690000000000005,3.6462085141182756,203.43666854127073,18,11.302037141181707,1,11.302037141181707,1,0.0,0.017923064412444296,0.08847962429323984,3.060526141285181,29.619716574781283,0.08847961646459664,0.1111111111111111,0.6666666666666666,0.16666666666666666,2.963333333333333,1.79,0.7722222222222221,5.333333333333334,0.33866481427121103,0,0.0,0.0,0.0,0.0,Training
mp-aaaaamgr,Bulk ZnO,2.1264,5.970667060365747,103.48547026309927,10,10.348547026309927,1,10.348547026309927,0,0.0,0.05769570399773078,0.09663192305718099,2.1299702660457345,22.295268704908402,0.09663191371945334,0.2,0.6,0.33333333333333337,2.7960000000000003,1.79,0.88,4.8,0.39134489449325,0,0.0,0.0,0.0,0.0,Training
mp-aaaaamoi,Bulk ZnO,2.1576,5.310802151288555,121.82676206704514,12,10.152230172253761,0,10.152230172253761,0,0.0,0.04359306659045778,0.09850052481404717,2.420659359368466,23.242804943717093,0.09850051511169475,0.3333333333333333,0.6666666666666666,0.5,2.843333333333333,1.79,0.85,4.666666666666667,0.4159451654033622,0,0.0,0.0,0.0,0.0,Training
mp-aaaaanaw,2D ZnO,3.9629000000000003,3.643227862521663,744.5399220530396,52,14.318075424096916,2,14.318075424096916,1,0.0,0.004893260595718769,0.06984178881450982,5.737297194933834,53.4423762645926,0.0698417839366347,0.15384615384615385,0.6153846153846154,0.25,2.780769230769231,2.49,0.8846153846153847,4.923076923076923,0.4808231756846479,0,0.0,0.0,0.0,0.0,Training
mp-aaaaanvz,Bulk ZnO,0.6074999999999999,5.704576521560512,217.2853685254343,16,13.580335532839644,2,13.580335532839644,0,0.0,0.026253845623722998,0.07363588311804402,2.6613979723726455,34.220301204919956,0.07363587769580113,0.125,0.5,0.25,2.64625,1.79,1.00625,4.25,0.42920108574756266,0,0.0,0.0,0.0,0.0,Training
mp-aaaaanzp,2D ZnO,0.7734999999999994,5.309931886177818,145.0628637623755,9,16.118095973597278,3,16.118095973597278,1,0.0,0.03660435033790528,0.062042067601413925,1.7128674659354808,33.526990693077735,0.062042063752196015,0.1111111111111111,0.2222222222222222,0.5,2.154444444444444,2.49,1.25,3.7777777777777777,0.38873012632270904,0,0.0,0.0,0.0,0.0,Training
mp-aaaaaocc,2D ZnO,1.2317999999999998,5.903077759401623,144.3770400453106,8,18.047130005663824,2,18.047130005663824,1,0.0,0.04088654094549265,0.055410472451085845,1.5249558689183236,36.094260011327655,0.05541046938076555,0.25,0.25,1.0,2.105,2.3,1.2,3.75,0.38301617314239406,0,0.0,0.0,0.0,0.0,Training
mp-aaaaaokn,Bulk ZnO,2.489101827491173,7.192908812620395,822.8002675570845,54,15.23704199179786,3,15.23704199179786,0,0.0,0.008741986477442855,0.06562953626683596,5.762739017642667,57.59240983079469,0.06562953195960021,0.1111111111111111,0.5555555555555556,0.19999999999999998,2.484074074074074,2.55,1.125925925925926,4.222222222222222,0.5575924733557098,0,0.0,0.0,0.0,0.0,Training
mp-aaaaaonk,2D ZnO,3.5766,4.456983347814769,93.45393807406116,10,9.345393807406115,1,9.345393807406115,1,0.0,0.047691766015067895,0.10700458649559655,2.2036069377845866,20.13404061068488,0.10700457504561625,0.2,0.6,0.33333333333333337,2.904,1.79,0.77,4.8,0.37996724255347525,0,0.0,0.0,0.0,0.0,Training
mp-aaaaaooj,Bulk ZnO,2.4838,6.948915827725079,839.9949022349105,54,15.555461152498342,3,15.555461152498342,0,0.0,0.008272569046831865,0.06428610442316532,5.723146675427449,58.795958840563884,0.06428610029046236,0.1111111111111111,0.5555555555555556,0.19999999999999998,2.47962962962963,2.55,1.125925925925926,4.222222222222222,0.5575924733557098,0,0.0,0.0,0.0,0.0,Test
mp-aaaaaphe,2D ZnO,3.9901999999999997,5.202513796151015,180.5979308889308,11,16.417993717175527,1,16.417993717175527,1,0.0,0.0288071616908535,0.06090878198801231,1.9460549318524725,36.51329115409048,0.060908778278132805,0.09090909090909091,0.7272727272727273,0.125,2.9972727272727275,1.79,0.8045454545454546,4.909090909090908,0.41516775301358205,0,0.0,0.0,0.0,0.0,Training
mp-aaaaaqnm,Bulk ZnO,4.778899999999999,4.701312519571826,212.4484815897116,16,13.278030099356975,3,13.278030099356975,0,0.0,0.0221291886126594,0.07531237634778579,2.681444251303722,33.458539246635134,0.07531237067583219,0.125,0.375,0.3333333333333333,2.92125,3.09,0.875,5.0,0.624663174544299,0,0.0,0.0,0.0,0.0,Test
mp-aaaaasba,2D ZnO,3.6458999999999997,3.578884997561455,1278.4147132103458,76,16.82124622645192,2,16.82124622645192,1,0.0,0.0027994710641073466,0.0594486274404253,7.002551940944375,71.25183148256367,0.0594486239062862,0.10526315789473684,0.631578947368421,0.16666666666666666,2.7736842105263158,2.62,0.981578947368421,4.421052631578947,0.5553546664684688,0,0.0,0.0,0.0,0.0,Training
mp-aaaaascn,Bulk ZnO,4.6601,3.0323377621535643,966.6362566420729,96,10.069127673354926,1,10.069127673354926,0,0.0,0.0031369998190295292,0.09931346909486655,9.709202062813766,46.10509543110912,0.0993134592317024,0.08333333333333333,0.5833333333333334,0.14285714285714285,2.8241666666666667,1.79,0.7458333333333333,4.666666666666667,0.2889407942115847,0,0.0,0.0,0.0,0.0,Training
mp-aaaaasgc,Bulk ZnO,2.4804,4.611811473627083,249.712797959917,20,12.48563989799585,2,12.48563989799585,0,0.0,0.01846846261506931,0.08009201035507331,3.1760187820633976,33.89124089358017,0.0800920039403437,0.1,0.6,0.16666666666666669,2.731,2.44,0.925,4.8,0.4575476919737645,0,0.0,0.0,0.0,0.0,Training
mp-aaaaasnd,2D ZnO,1.3049,4.9738584557060355,134.40133490239887,8,16.80016686279986,2,16.80016686279986,1,0.0,0.037007507844457124,0.05952321832078181,1.5617881605341433,33.600333725599725,0.05952321477776849,0.25,0.25,1.0,2.125,2.2199999999999998,1.1875,3.75,0.372310298606579,0,0.0,0.0,0.0,0.0,Test
mp-aaaaasnk,2D ZnO,0.18540000000000045,6.794906468059356,169.80028933757657,8,21.22503616719707,2,21.22503616719707,1,0.0,0.04001704881992597,0.04711417177915027,1.444698355216573,42.45007233439415,0.047114169559405186,0.25,0.25,1.0,2.07,2.3,1.3125,3.75,0.3443090949049799,0,0.0,0.0,0.0,0.0,Test
mp-aaaaatnr,Bulk ZnO,1.0627999999999997,6.146977544567797,680.464328388086,60,11.341072139801433,1,11.341072139801433,0,0.0,0.009033504458828914,0.08817508500721949,6.821545746485957,44.39879633627036,0.08817507723237457,0.3,0.6,0.5,2.769,1.79,0.905,4.8,0.41303654566950315,0,0.0,0.0,0.0,0.0,Training
mp-aaaaatny,2D ZnO,1.1635000000000009,5.728011252352574,146.8564253998825,8,18.357053174985314,2,18.357053174985314,1,0.0,0.03900415822294117,0.05447497430375559,1.516325141992252,36.714106349970635,0.05447497133623293,0.25,0.25,1.0,2.1025,2.31,1.2,3.75,0.38301617314239406,0,0.0,0.0,0.0,0.0,Training
mp-aaaaatsw,Bulk ZnO,1.0809999999999995,6.556764836010602,117.57007878380284,10,11.757007878380284,1,11.757007878380284,0,0.0,0.05576899244975161,0.08505565449512703,2.0412728703569827,25.329705624160646,0.0850556472606633,0.2,0.6,0.33333333333333337,2.786,1.79,0.92,4.8,0.42738267937643765,0,0.0,0.0,0.0,0.0,Training
mp-aaaaauhy,Bulk ZnO,4.7991,3.4579136816391687,1539.3871046103936,116,13.270578488020634,4,13.270578488020634,0,0.0,0.00224629248308166,0.0753546652772297,10.04635933565138,64.72059749891851,0.07535465959890456,0.034482758620689655,0.5862068965517241,0.05882352941176471,2.6334482758620688,2.51,0.9482758620689655,4.655172413793103,0.5048852254805574,0,0.0,0.0,0.0,0.0,Test
mp-aaaaaule,Bulk ZnO,3.4985,3.9935073017466602,1213.3188586182575,104,11.666527486714015,3,11.666527486714015,0,0.0,0.0032913914371153147,0.08571530827307546,9.75083236122155,54.86382152951667,0.08571530092596201,0.15384615384615385,0.5384615384615384,0.28571428571428575,2.5138461538461536,2.51,1.0,4.153846153846154,0.4653369333483303,0,0.0,0.0,0.0,0.0,Test
mp-aaaaauuz,Bulk ZnO,3.0984,4.134108856712046,1315.222654570566,104,12.646371678563135,3,12.646371678563135,0,0.0,0.003143276799822062,0.07907406372494176,9.492200702107247,59.47170480322977,0.0790740574722347,0.15384615384615385,0.5384615384615384,0.28571428571428575,2.522307692307692,2.51,1.0115384615384615,4.153846153846154,0.46415873840885913,0,0.0,0.0,0.0,0.0,Training
mp-aaaaauxy,2D ZnO,3.1156,5.007411145143341,106.96230133551445,10,10.696230133551445,1,10.696230133551445,1,0.0,0.0468147289523654,0.09349088300402641,2.1066372241665525,23.044329252287604,0.09349087426348203,0.2,0.6,0.33333333333333337,2.702,1.9,0.91,4.3999999999999995,0.4175824175819587,0,0.0,0.0,0.0,0.0,Training
mp-aaaaavcm,Bulk ZnO,3.0297,3.4762981418477916,1567.5103050667738,112,13.99562772381048,2,13.99562772381048,0,0.0,0.00221771948204175,0.07145088592909056,9.641572866432146,67.46290778163643,0.07145088082386182,0.07142857142857142,0.6428571428571429,0.11111111111111109,2.9364285714285714,1.79,0.8107142857142857,5.214285714285715,0.3929604313404613,0,0.0,0.0,0.0,0.0,Test
mp-aaaaavft,Bulk ZnO,4.3419,4.104586863234161,304.77646340442004,22,13.85347560929182,2,13.85347560929182,0,0.0,0.013467532293619475,0.07218405172845425,3.2691050192049778,38.81798352351079,0.07218404651791731,0.09090909090909091,0.6363636363636364,0.14285714285714288,2.8181818181818183,2.55,0.8818181818181818,5.090909090909092,0.5309528569815872,0,0.0,0.0,0.0,0.0,Training
mp-aaaaavln,Bulk ZnO,3.5116,2.9375005929373397,193.3885738258328,22,8.790389719356035,1,8.790389719356035,0,0.0,0.015189628501955214,0.11376059900939839,3.8043378422563285,24.631017725424385,0.11376058606792598,0.09090909090909091,0.36363636363636365,0.25,1.9354545454545455,2.46,1.1318181818181818,2.909090909090909,0.3560507672173802,0,0.0,0.0,0.0,0.0,Training
mp-aaaaavnc,Bulk ZnO,3.9,3.262801574297243,2305.3284102849716,168,13.722192918362927,3,13.722192918362927,0,0.0,0.0014153304838220053,0.07287464955122502,12.717400475085055,75.71697959087459,0.07287464424051086,0.14285714285714285,0.5714285714285714,0.25,2.6419047619047618,2.62,0.9547619047619047,4.571428571428571,0.5092535549345645,0,0.0,0.0,0.0,0.0,Training
mp-aaaaavqq,Bulk ZnO,1.3215,6.456458310095277,119.39662912889759,10,11.939662912889759,1,11.939662912889759,0,0.0,0.05407571685399131,0.08375445833738114,2.030810084910234,25.72322396681683,0.08375445132257243,0.2,0.6,0.33333333333333337,2.786,1.79,0.92,4.8,0.42738267937643765,0,0.0,0.0,0.0,0.0,Training
mp-aaaaavrk,Bulk ZnO,3.854,3.460864827782719,1055.7821199570274,84,12.568834761393182,2,12.568834761393182,0,0.0,0.0032780104553424183,0.07956187021183782,8.249377638829344,55.04545240360968,0.07956186388174714,0.14285714285714285,0.5714285714285714,0.25,2.647142857142857,2.51,0.9357142857142855,4.571428571428571,0.4734055491205218,0,0.0,0.0,0.0,0.0,Test
mp-aaaaavwb,2D ZnO,0.11750000000000016,6.030387690333555,179.73505159876666,9,19.970561288751853,2,19.970561288751853,1,0.0,0.03355153953940799,0.050073705267524776,1.5947707045729405,41.540441473999316,0.05007370276014894,0.3333333333333333,0.2222222222222222,1.5,1.9966666666666666,2.55,1.3166666666666667,3.5555555555555554,0.3982818410769702,0,0.0,0.0,0.0,0.0,Training
mp-aaaaavwk,Bulk ZnO,2.1295999999999995,4.891115541964723,1037.0451968671696,80,12.96306496083962,2,12.96306496083962,0,0.0,0.004716395733513246,0.07714225015618759,7.903584342613454,55.85615368153936,0.07714224420526129,0.15,0.6,0.25,2.6715,2.44,0.9725,4.8,0.4884251115748915,0,0.0,0.0,0.0,0.0,Training
mp-aaaaawbd,Bulk ZnO,2.7708,3.9888731271441067,1135.569942764016,84,13.518689794809715,2,13.518689794809715,0,0.0,0.0035126617717928083,0.07397166553699117,8.051460311591788,59.205360702576236,0.07397166006518427,0.14285714285714285,0.5714285714285714,0.25,2.6457142857142855,2.51,0.9571428571428571,4.571428571428571,0.4692599976789871,0,0.0,0.0,0.0,0.0,Training
mp-aaaaawbx,Bulk ZnO,4.3704,4.252485702424703,233.29814765705282,23,10.143397724219687,2,10.143397724219687,0,0.0,0.018227687382566953,0.09858629496625876,3.736148007608667,28.846473851409886,0.09858628524700218,0.17391304347826086,0.5217391304347826,0.3333333333333333,2.7247826086956524,1.79,0.8195652173913044,4.521739130434782,0.3431093694854196,0,0.0,0.0,0.0,0.0,Test
mp-aaaaawkm,2D ZnO,0.2667999999999999,6.008713917558064,230.9129718435793,16,14.432060740223706,2,14.432060740223706,1,0.0,0.026021552057406173,0.06929017400909993,2.607977693225091,36.36651423993847,0.06929016920797204,0.125,0.5,0.25,2.66,1.79,1.0250000000000001,4.25,0.4280470432870029,0,0.0,0.0,0.0,0.0,Training
mp-aaaaawvu,Bulk ZnO,4.755800000000001,2.947083801464555,823.3097190915663,64,12.864214360805724,1,12.864214360805724,0,0.0,0.0035795566760906754,0.07773502306108704,6.82850387037827,51.4568574432229,0.07773501701835371,0.0625,0.6875,0.09090909090909091,3.015625,1.79,0.746875,5.5,0.30993425538339636,0,0.0,0.0,0.0,0.0,Training
mp-aaaaawxn,Bulk ZnO,1.8965,4.934262218157871,638.1534528313555,52,12.272181785218375,1,12.272181785218375,0,0.0,0.007732093583863827,0.08148510326048806,6.039879893379764,45.80605543181701,0.08148509662066655,0.23076923076923078,0.6153846153846154,0.375,2.8330769230769235,1.79,0.8576923076923078,4.923076923076923,0.3865876603090077,0,0.0,0.0,0.0,0.0,Training
mp-aaaaawyx,Bulk ZnO,5.037800000000001,4.375002256289652,643.2640371692858,68,9.459765252489497,2,9.459765252489497,0,0.0,0.0068012542338633745,0.10571086843162764,7.877332101793723,38.61149910576421,0.10571085725684112,0.058823529411764705,0.5882352941176471,0.09999999999999999,2.7876470588235294,2.3,0.7911764705882354,4.647058823529411,0.41312473551793266,0,0.0,0.0,0.0,0.0,Training
mp-aaaaawyy,Bulk ZnO,5.0939,4.6471941522395115,626.5739334245163,68,9.214322550360535,2,9.214322550360535,0,0.0,0.007416832881700722,0.1085266979242953,7.9466631630168765,37.60968664839115,0.10852668614625242,0.058823529411764705,0.5882352941176471,0.09999999999999999,2.7852941176470587,2.34,0.7852941176470589,4.647058823529411,0.3923477953195842,0,0.0,0.0,0.0,0.0,Training
mp-aaaaawze,Bulk ZnO,2.405,3.6264810648887424,1501.5678611108845,112,13.406855902775755,3,13.406855902775755,0,0.0,0.0024151296513537607,0.07458870351496506,9.780694664810913,64.624860081974,0.07458869795149078,0.07142857142857142,0.6428571428571429,0.11111111111111109,2.826428571428572,2.49,0.8642857142857143,5.0,0.48175509559579544,0,0.0,0.0,0.0,0.0,Training
mp-aaaaawzj,Bulk ZnO,2.3462000000000005,3.936787492561613,1550.942424880965,112,13.847700222151474,3,13.847700222151474,0,0.0,0.0025383195593890353,0.07221415714938355,9.675783242105634,66.74985513407198,0.07221415193449944,0.07142857142857142,0.6428571428571429,0.11111111111111109,2.8221428571428575,2.55,0.875,5.0,0.5100734526645235,0,0.0,0.0,0.0,0.0,Training
mp-aaaaaxhj,Bulk ZnO,2.9793,4.137949593861283,876.4019436358253,52,16.85388353145818,2,16.85388353145818,0,0.0,0.004721520329695595,0.05933350602153361,5.433782277138056,62.90730831686615,0.05933350250106887,0.15384615384615385,0.6153846153846154,0.25,2.7746153846153847,2.55,0.9192307692307693,4.923076923076923,0.5055667771372981,0,0.0,0.0,0.0,0.0,Test
mp-aaaaaxhk,Bulk ZnO,2.8662,4.032286776857021,817.4878393201052,52,15.7209199869251,2,15.7209199869251,0,0.0,0.004932534262785641,0.06360950891116347,5.56129897465672,58.67850924662922,0.0636095048649941,0.15384615384615385,0.6153846153846154,0.25,2.7792307692307694,2.49,0.9076923076923078,4.923076923076923,0.47916965909191883,0,0.0,0.0,0.0,0.0,Test
mp-aaaaaxns,Bulk ZnO,2.6469105524162537,7.485380973241496,529.9549793355868,36,14.720971648210744,2,14.720971648210744,0,0.0,0.014124560132685308,0.06793029861731611,4.448594716945903,48.60757741543231,0.06793029400279096,0.1111111111111111,0.5555555555555556,0.19999999999999998,2.46,2.55,1.1222222222222222,4.222222222222222,0.5469344928563098,0,0.0,0.0,0.0,0.0,Training
mp-aaaaaxvi,Bulk ZnO,2.1142,4.5598869511230795,662.9046852495559,48,13.810514276032414,2,13.810514276032414,0,0.0,0.006878646436789737,0.07240859970982104,5.5050027619875115,50.190739777161504,0.0724085944668161,0.08333333333333333,0.5833333333333334,0.14285714285714285,2.8308333333333335,1.79,0.8958333333333333,4.833333333333333,0.4361937735824166,0,0.0,0.0,0.0,0.0,Test
mp-aaaaaymc,Bulk ZnO,2.7508094822553186,7.354171253479656,574.030608070572,38,15.106068633436106,2,15.106068633436106,0,0.0,0.012811461880401201,0.0661985606093817,4.572340660704605,50.786231239029426,0.06619855622713258,0.10526315789473684,0.5526315789473685,0.19047619047619044,2.4444736842105264,2.55,1.1355263157894737,4.2105263157894735,0.5511612790825512,0,0.0,0.0,0.0,0.0,Training
mp-aaaaaysd,2D ZnO,4.129,2.8789088828991294,732.6420057650478,48,15.263375120105161,2,15.263375120105161,1,0.0,0.003929489246105787,0.06551630895074996,5.32448121284759,55.470786493729655,0.0655163046583635,0.08333333333333333,0.5833333333333334,0.14285714285714285,2.6458333333333335,2.62,0.9958333333333333,4.666666666666666,0.5885618063651182,0,0.0,0.0,0.0,0.0,Test
mp-aaaaaywx,2D ZnO,3.4996,5.591035442705865,572.6336391061509,40,14.315840977653773,1,14.315840977653773,1,0.0,0.009763721620394426,0.06985268986718587,4.81690083578083,48.95948745647313,0.06985268498778793,0.2,0.6,0.33333333333333337,2.814,1.79,0.91,5.199999999999999,0.4175824175819587,0,0.0,0.0,0.0,0.0,Training
mp-aaaaayxm,Bulk ZnO,2.1475,4.5589539005974595,345.3441886394256,26,13.282468793824062,1,13.282468793824062,0,0.0,0.013201188989334551,0.07528720869007191,3.7058624636687045,39.34926158044738,0.07528720302190856,0.23076923076923078,0.6153846153846154,0.375,2.8330769230769235,1.79,0.8576923076923078,4.923076923076923,0.3865876603090077,0,0.0,0.0,0.0,0.0,Training
mp-aaaaayzi,2D ZnO,3.5481000000000003,4.345726824001667,516.641080081122,36,14.3511411133645,1,14.3511411133645,1,0.0,0.00841150073338982,0.06968087012040805,4.486484677888589,47.38642389495023,0.06968086526498474,0.16666666666666666,0.6666666666666666,0.25,2.928333333333333,1.79,0.8666666666666667,4.666666666666667,0.4364156045345048,0,0.0,0.0,0.0,0.0,Test
mp-aaaaazga,Bulk ZnO,4.1081,3.2496177448258443,513.0024768758701,42,12.214344687520716,2,12.214344687520716,0,0.0,0.0063345069298995724,0.08187094973844079,5.2465780311197205,42.45738758364928,0.08187094303558895,0.14285714285714285,0.5714285714285714,0.25,2.654285714285714,2.46,0.8857142857142857,4.571428571428571,0.3988471941569122,0,0.0,0.0,0.0,0.0,Training
mp-aaaaazkr,Bulk ZnO,3.2613,5.539508452294541,416.33247793290576,36,11.564791053691827,1,11.564791053691827,0,0.0,0.013305491994759205,0.08646935300061216,4.82120653967542,38.18609870795785,0.0864693455236638,0.1111111111111111,0.6666666666666666,0.16666666666666666,2.8322222222222218,1.8399999999999999,0.8722222222222222,4.666666666666667,0.4424803677181782,0,0.0,0.0,0.0,0.0,Test
mp-aaaaazng,2D ZnO,2.1081000000000003,3.7155801306261265,620.0753115673024,24,25.836471315304266,3,25.836471315304266,1,0.0,0.005992143311164294,0.038704975915486134,2.814468733279558,74.52527930551452,0.03870497441741103,0.08333333333333333,0.08333333333333333,1.0,2.1975,2.55,1.2291666666666667,4.666666666666666,0.3655205682819854,0,0.0,0.0,0.0,0.0,Training
mp-aaaaazoy,Bulk ZnO,3.7868999999999997,3.2828755497587765,346.73673630048285,32,10.835523009390089,2,10.835523009390089,0,0.0,0.009467919623358943,0.09228903848327374,4.554947328222991,34.40064124746292,0.09228902996600791,0.125,0.5,0.25,2.40875,2.46,0.96875,4.0,0.39471007814004233,0,0.0,0.0,0.0,0.0,Test
mp-aaaaazsy,2D ZnO,3.1157999999999997,4.490112395412881,368.28636389096346,24,15.345265162123477,2,15.345265162123477,1,0.0,0.012191905092479189,0.06516668102081985,3.348235746400727,44.26340417265166,0.06516667677412381,0.08333333333333333,0.5833333333333334,0.14285714285714285,2.6375,2.49,1.0041666666666667,4.666666666666666,0.5275260904497796,0,0.0,0.0,0.0,0.0,Training
mp-aaaaazvm,Bulk ZnO,2.5529,3.92514245485424,291.64928912265873,22,13.256785869211761,1,13.256785869211761,0,0.0,0.013458433129262475,0.07543306574201,3.317434626695324,37.14603540360792,0.07543306005186302,0.18181818181818182,0.6363636363636364,0.28571428571428575,2.785454545454545,1.81,0.8727272727272728,4.545454545454546,0.41339864235336865,0,0.0,0.0,0.0,0.0,Test
mp-aaaaazyv,Bulk ZnO,2.7049,4.646504285401832,304.55770127791016,26,11.713757741458084,1,11.713757741458084,0,0.0,0.015256564736026419,0.08536970134363765,3.864412569261266,34.70196125534598,0.08536969405565237,0.23076923076923078,0.6153846153846154,0.375,2.7484615384615387,1.81,0.8884615384615385,4.461538461538462,0.41068541041101564,0,0.0,0.0,0.0,0.0,Training
mp-aaaaazzl,Bulk ZnO,2.0203000000000007,5.296007935099251,313.27201843140733,26,12.048923785823359,2,12.048923785823359,0,0.0,0.016905461144014818,0.08299496434499734,3.828242845435118,35.694889344041755,0.08299495745683381,0.15384615384615385,0.6153846153846154,0.25,2.7361538461538464,1.89,0.9076923076923078,4.461538461538462,0.42987074077825177,0,0.0,0.0,0.0,0.0,Test
mp-aaaabafd,Bulk ZnO,3.1345,3.404145074144726,397.01316822513843,32,12.406661507035576,2,12.406661507035576,0,0.0,0.008574388324102896,0.0806018604950993,4.353932325566909,39.388695055363286,0.08060185399843992,0.125,0.5,0.25,2.39625,2.51,1.0562500000000001,4.0,0.47657937605784473,0,0.0,0.0,0.0,0.0,Training
mp-aaaabahh,Bulk ZnO,3.0652999999999997,8.499004163891376,408.9712179142129,36,11.360311608728136,1,11.360311608728136,0,0.0,0.020781423708096138,0.08802575443720216,4.849961068885275,37.510922456793395,0.08802574668866942,0.1111111111111111,0.6666666666666666,0.16666666666666666,2.8099999999999996,1.94,0.8722222222222222,4.666666666666667,0.4424803677181782,0,0.0,0.0,0.0,0.0,Training
mp-aaaabaiy,Bulk ZnO,2.5325,5.698955103769871,344.6648687173005,30,11.488828957243351,1,11.488828957243351,0,0.0,0.016534772241159984,0.08704107300418386,4.278802575464428,35.69846279129052,0.08704106542803614,0.26666666666666666,0.6,0.4444444444444445,2.7173333333333334,1.8399999999999999,0.9133333333333333,4.3999999999999995,0.4214340896097124,0,0.0,0.0,0.0,0.0,Test
mp-aaaabamx,Bulk ZnO,2.6704,6.065268221023839,424.971005567963,24,17.707125231998457,1,17.707125231998457,0,0.0,0.014272193023892916,0.05647444104551229,3.1922101552989415,51.07618751445849,0.05647443785614997,0.16666666666666666,0.5,0.3333333333333333,2.2916666666666665,2.55,1.2416666666666665,4.0,0.5596285292997633,0,0.0,0.0,0.0,0.0,Training
mp-aaaabank,Bulk ZnO,4.2572,4.978457347015769,595.7810049440387,44,13.540477385091789,2,13.540477385091789,0,0.0,0.008356186762757553,0.07385263987080772,5.229062012758333,47.80260179597901,0.0738526344165957,0.09090909090909091,0.6363636363636364,0.14285714285714288,2.949090909090909,1.79,0.85,5.272727272727273,0.4535692568687718,0,0.0,0.0,0.0,0.0,Training
mp-aaaabapg,Bulk ZnO,0.8766,7.317183300051589,300.4589585511679,22,13.657225388689449,2,13.657225388689449,0,0.0,0.024353353733686325,0.07322131483809101,3.284689294010704,38.268082686733145,0.07322130947673046,0.18181818181818182,0.09090909090909091,2.0,3.1472727272727274,2.33,0.8454545454545455,5.090909090909091,0.5219762866669083,0,0.0,0.0,0.0,0.0,Training
mp-aaaabart,Bulk ZnO,2.7779,4.700029476221349,323.98536428027774,28,11.570905867152776,2,11.570905867152776,0,0.0,0.014506919121677925,0.08642365701364638,4.076770221613814,35.136085150807524,0.08642364954459854,0.14285714285714285,0.5714285714285714,0.25,2.57,2.46,0.95,4.142857142857142,0.42665446493522335,0,0.0,0.0,0.0,0.0,Training
mp-aaaabase,Bulk ZnO,2.9218,3.7172096357384654,566.2646905139296,42,13.482492631284039,2,13.482492631284039,0,0.0,0.006564438323648268,0.07417026119336825,5.076637222356224,46.865503625828545,0.07417025569214102,0.14285714285714285,0.5714285714285714,0.25,2.6528571428571426,2.46,0.907142857142857,4.571428571428571,0.4011886363100144,0,0.0,0.0,0.0,0.0,Test
mp-aaaabato,2D ZnO,3.0505999999999998,7.693085932162265,518.5397416852841,36,14.403881713480112,2,14.403881713480112,1,0.0,0.014836058480608047,0.06942572980616282,4.481002144618799,47.56056951959502,0.06942572498623122,0.1111111111111111,0.5555555555555556,0.19999999999999998,2.437777777777778,2.55,1.1111111111111112,4.222222222222222,0.5415717865615527,0,0.0,0.0,0.0,0.0,Training
mp-aaaabaub,Bulk ZnO,1.7203000000000004,3.783866196367526,425.6033015960701,37,11.50279193502892,2,11.50279193502892,0,0.0,0.008890594086506177,0.08693541582324428,4.918885665709748,38.32985464084022,0.08693540826547842,0.08108108108108109,0.6486486486486487,0.125,2.896486486486487,1.81,0.8067567567567568,5.081081081081082,0.3710662011958053,0,0.0,0.0,0.0,0.0,Training
mp-aaaabavh,2D ZnO,2.5848000000000004,4.228246911243129,542.7896785329477,24,22.616236605539488,3,22.616236605539488,1,0.0,0.007789843982795026,0.04421602132315267,2.9421674162886826,65.23651505262002,0.044216019368096215,0.08333333333333333,0.08333333333333333,1.0,2.1991666666666667,2.34,1.2041666666666666,4.5,0.3186962040982759,0,0.0,0.0,0.0,0.0,Training
mp-aaaabawu,2D ZnO,3.7589,5.766462241917605,420.15661337056173,28,15.005593334662919,2,15.005593334662919,1,0.0,0.013724554269557125,0.06664181666778882,3.738416028504424,45.56581923648837,0.06664181222665738,0.14285714285714285,0.5714285714285714,0.25,2.7457142857142856,1.8199999999999998,0.95,4.857142857142857,0.49612666725733107,0,0.0,0.0,0.0,0.0,Training
mp-aaaabbbs,2D ZnO,3.3654,7.710648025102964,556.5371449214068,38,14.645714340037022,2,14.645714340037022,1,0.0,0.0138546871407691,0.06827935987159724,4.619754296487917,49.23853142620739,0.06827935520952656,0.10526315789473684,0.5526315789473685,0.19047619047619044,2.448684210526316,2.55,1.125,4.2105263157894735,0.5465943944994627,0,0.0,0.0,0.0,0.0,Training
mp-aaaabbce,Bulk ZnO,3.7948000000000004,3.4694459999450924,345.4077675748367,26,13.28491413749372,2,13.28491413749372,0,0.0,0.010044493279073105,0.075273350632935,3.7056350713223303,39.356505901454646,0.07527334496685811,0.15384615384615385,0.6153846153846154,0.25,2.784615384615385,2.44,0.8692307692307693,4.923076923076923,0.44472878801084725,0,0.0,0.0,0.0,0.0,Training
mp-aaaabben,Bulk ZnO,1.9053,7.1799601571460165,312.5193522096782,26,12.019975084987623,2,12.019975084987623,0,0.0,0.02297444976248631,0.08319484798674437,3.8313136728739194,35.60912893163039,0.08319484106536222,0.15384615384615385,0.6153846153846154,0.25,2.720769230769231,1.94,0.9076923076923078,4.461538461538462,0.42987074077825177,0,0.0,0.0,0.0,0.0,Training
mp-aaaabber,Bulk ZnO,3.0515,4.690653337794022,429.5219768733596,32,13.422561777292488,1,13.422561777292488,0,0.0,0.010920636405938818,0.07450142652289685,4.241194423630559,42.61397737076449,0.07450142097243471,0.125,0.625,0.2,2.99375,1.79,0.83125,5.5,0.36580318962873715,0,0.0,0.0,0.0,0.0,Training
mp-aaaabbgo,Bulk ZnO,1.8536,4.704231108242198,382.95712825734665,28,13.677040294905238,2,13.677040294905238,0,0.0,0.012283962775804402,0.07311523388378878,3.8557421116711303,41.53154972740831,0.07311522853795176,0.2857142857142857,0.42857142857142855,0.6666666666666666,2.202857142857143,2.62,1.1857142857142857,3.4285714285714284,0.5048753455358865,0,0.0,0.0,0.0,0.0,Training
mp-aaaabbid,2D ZnO,3.7148,3.628280025901553,450.065017152841,28,16.073750612601465,2,16.073750612601465,1,0.0,0.008061679729863115,0.06221323349486474,3.6537005082283236,48.80937384690529,0.06221322962437855,0.14285714285714285,0.5714285714285714,0.25,2.6314285714285712,2.62,1.0142857142857142,4.571428571428571,0.5989642584491255,0,0.0,0.0,0.0,0.0,Training
mp-aaaabbml,Bulk ZnO,2.9656000000000002,5.547147291128578,305.3580275214719,26,11.744539520056613,1,11.744539520056613,0,0.0,0.01816604376231281,0.08514595215012566,3.8610334792885093,34.7931521534227,0.0851459449002931,0.23076923076923078,0.6153846153846154,0.375,2.743846153846154,1.8399999999999999,0.903846153846154,4.461538461538462,0.42655196888945723,0,0.0,0.0,0.0,0.0,Training
mp-aaaabbmo,2D ZnO,3.1592,6.012820646697226,451.4895444551059,28,16.124626587682354,2,16.124626587682354,1,0.0,0.013317740622219689,0.06201694002414312,3.649853774812049,48.963863271769334,0.0620169361780425,0.14285714285714285,0.5714285714285714,0.25,2.7442857142857138,1.8199999999999998,0.9714285714285713,4.857142857142857,0.4905023552982574,0,0.0,0.0,0.0,0.0,Test
mp-aaaabbnb,2D ZnO,3.9579,3.2926368339519163,402.4034576194923,28,14.371552057839011,2,14.371552057839011,1,0.0,0.008182426794814951,0.06958190708807589,3.792603691605765,43.640496487570935,0.06958190224643444,0.14285714285714285,0.5714285714285714,0.25,2.6314285714285712,2.62,0.9928571428571427,4.571428571428571,0.5649200123562824,0,0.0,0.0,0.0,0.0,Test
mp-aaaabbng,Bulk ZnO,3.0500000000000003,3.934383512903613,340.04457611266724,24,14.168524004694468,2,14.168524004694468,0,0.0,0.011570199289401489,0.07057898195102533,3.4384756858568135,40.869095315321594,0.07057897696963299,0.08333333333333333,0.5833333333333334,0.14285714285714285,2.6458333333333335,2.44,0.9708333333333334,4.666666666666666,0.48288507106547324,0,0.0,0.0,0.0,0.0,Test
mp-aaaabbqf,2D ZnO,3.8874999999999997,3.881418293287373,501.8913351165502,28,17.924690539876792,2,17.924690539876792,1,0.0,0.007733582992394205,0.05578896872865475,3.523341982580839,54.429917617673894,0.05578896561624589,0.14285714285714285,0.5714285714285714,0.25,2.627142857142857,2.65,1.0499999999999998,4.571428571428571,0.6544062113635258,0,0.0,0.0,0.0,0.0,Training
mp-aaaabbtf,Bulk ZnO,0.9238999999999997,5.251159317264175,151.3335365601834,14,10.809538325727386,1,10.809538325727386,0,0.0,0.03469924404479807,0.0925108889821813,2.627138538020207,26.05252517505753,0.0925108804239175,0.14285714285714285,0.5714285714285714,0.25,2.644285714285714,1.89,0.9357142857142857,4.285714285714286,0.4146099424117789,0,0.0,0.0,0.0,0.0,Training
mp-aaaabbvj,Bulk ZnO,2.1545,3.9649662121011926,144.35999519611926,11,13.123635926919933,1,13.123635926919933,0,0.0,0.027465823940452588,0.07619839544228321,2.0968968414180926,29.186705017350118,0.07619838963608819,0.18181818181818182,0.6363636363636364,0.28571428571428575,2.785454545454545,1.81,0.8727272727272728,4.545454545454546,0.41339864235336865,0,0.0,0.0,0.0,0.0,Training
mp-aaaabbwf,Bulk ZnO,2.3108,5.5152155547333965,130.24422168375415,10,13.024422168375414,2,13.024422168375414,0,0.0,0.04234518417350511,0.07677883802231925,1.9727884278005148,28.060266937168283,0.07677883212732974,0.1,0.6,0.16666666666666669,2.635,2.49,1.04,4.3999999999999995,0.5497612445734255,0,0.0,0.0,0.0,0.0,Training
mp-aaaabbzq,2D ZnO,3.2371000000000003,7.865005464428454,132.27154637308448,12,11.022628864423707,1,11.022628864423707,1,0.0,0.059461053265714894,0.09072245943320915,2.3551890261305295,25.23552050297055,0.09072245120264526,0.16666666666666666,0.6666666666666666,0.25,2.961666666666666,1.79,0.85,4.666666666666667,0.4159451654033622,0,0.0,0.0,0.0,0.0,Training
mp-aaaabclc,Bulk ZnO,1.5483999999999996,5.548334064176905,327.19939876346217,26,12.58459226013316,1,12.58459226013316,0,0.0,0.016957042357488825,0.07946224870295629,3.7731364893741177,37.28180509315432,0.07946224238870783,0.15384615384615385,0.6153846153846154,0.25,2.8692307692307697,1.79,0.9115384615384616,4.461538461538462,0.4335943486464485,0,0.0,0.0,0.0,0.0,Training
mp-aaaabclk,Bulk ZnO,2.2453000000000003,4.152093982916084,269.2135579971856,22,12.236979908962981,2,12.236979908962981,0,0.0,0.015423049321161942,0.08171950983326773,3.407143078271364,34.28849899335406,0.08171950315519,0.09090909090909091,0.5454545454545454,0.16666666666666669,2.44,2.44,1.0681818181818181,4.181818181818182,0.4978905252175341,0,0.0,0.0,0.0,0.0,Training
mp-aaaabcnq,Bulk ZnO,3.4104000000000005,6.575476121577214,131.44087599471703,10,13.144087599471703,2,13.144087599471703,0,0.0,0.050026113047523364,0.07607983379844431,1.9667833288252878,28.318078293119747,0.07607982801030364,0.1,0.6,0.16666666666666669,2.6550000000000002,2.49,1.03,4.3999999999999995,0.5488657873820912,0,0.0,0.0,0.0,0.0,Training
mp-aaaabcov,Bulk ZnO,1.6943000000000001,5.335785448657744,150.06237695876194,14,10.71874121134014,1,10.71874121134014,0,0.0,0.0355571166923742,0.0932945371366954,2.634535744081441,25.833691212207672,0.09329452843282555,0.14285714285714285,0.5714285714285714,0.25,2.724285714285714,1.79,0.9357142857142857,4.285714285714286,0.4146099424117789,0,0.0,0.0,0.0,0.0,Test
mp-aaaabgbj,Bulk ZnO,0.13739999999999952,4.294807080146892,648.8943566510193,68,9.542564068397342,2,9.542564068397342,0,0.0,0.006618653770257205,0.10479363752052318,7.85448257051323,38.94945531514718,0.10479362653881788,0.058823529411764705,0.5882352941176471,0.09999999999999999,2.786470588235294,2.32,0.7911764705882354,4.647058823529411,0.41312473551793266,0,0.0,0.0,0.0,0.0,Training
mp-aaaabgdo,2D ZnO,3.1014000000000004,5.829655796490657,831.0411472883601,56,14.840020487292145,2,14.840020487292145,1,0.0,0.007014882254040599,0.0673853517154052,5.956354231168434,56.775875886244506,0.06738534717461987,0.14285714285714285,0.5714285714285714,0.25,2.8057142857142856,1.79,0.95,4.857142857142857,0.4699097741949865,0,0.0,0.0,0.0,0.0,Training
mp-aaaabigg,2D ZnO,4.3633,4.433307535682694,601.2553302496051,32,18.78922907030016,3,18.78922907030016,1,0.0,0.007373419099406987,0.05322198139468555,3.791377238603809,59.652083983731906,0.0532219785621064,0.125,0.5,0.25,2.84625,1.8199999999999998,0.95625,5.25,0.46137495173057885,0,0.0,0.0,0.0,0.0,Training
mp-aaaabiom,2D ZnO,3.2054,5.227838778064824,263.77233989647056,18,14.654018883137253,1,14.654018883137253,1,0.0,0.01981951094688976,0.06824066544302908,2.8067006019954803,38.404393878556625,0.06824066078624098,0.1111111111111111,0.6666666666666666,0.16666666666666666,3.0677777777777777,1.79,0.8611111111111109,5.777777777777778,0.4291171393108795,0,0.0,0.0,0.0,0.0,Test
mp-aaaabiyb,Bulk ZnO,4.4852,3.744777708056671,457.04046939584924,48,9.52167644574686,2,9.52167644574686,0,0.0,0.008193536368905805,0.1050235224540401,6.231458183494643,34.60406869570271,0.105023511424101,0.125,0.5416666666666666,0.23076923076923078,2.7962499999999997,1.79,0.7833333333333333,4.666666666666666,0.31683558748545576,0,0.0,0.0,0.0,0.0,Test
mp-aaaabojk,Bulk ZnO,1.933,3.6794146259837834,625.0192941793408,48,13.021235295402933,1,13.021235295402933,0,0.0,0.005886881669492951,0.07679762920443069,5.614056288038438,47.32230959877872,0.0767976233065553,0.08333333333333333,0.6666666666666666,0.125,2.838333333333333,1.81,0.85,4.666666666666667,0.4159451654033622,0,0.0,0.0,0.0,0.0,Test
mp-aaaabouu,2D ZnO,3.5393,4.246997679095827,691.3767473693661,44,15.71310789475832,1,15.71310789475832,1,0.0,0.006142812432230789,0.06364113367627205,4.976008193404717,55.47274429905886,0.06364112962607842,0.2727272727272727,0.5454545454545454,0.5,2.7227272727272727,1.79,0.9045454545454545,4.727272727272727,0.37597881145706963,0,0.0,0.0,0.0,0.0,Training
mp-aaaabpex,Bulk ZnO,2.3392,5.446922788706197,581.3440981338296,52,11.179694194881337,1,11.179694194881337,0,0.0,0.009369533132255652,0.08944788493927262,6.230538553374387,41.728333312199624,0.08944787693834923,0.15384615384615385,0.6153846153846154,0.25,2.8346153846153848,1.79,0.8653846153846154,4.923076923076923,0.3894915964476681,0,0.0,0.0,0.0,0.0,Training
mp-aaaabpup,Bulk ZnO,3.5092,7.131716896792495,319.5095080064391,26,12.288827231016889,1,12.288827231016889,0,0.0,0.02232082838877136,0.0813747301675793,3.8031672023584027,36.40560235722497,0.08137472354573314,0.23076923076923078,0.6153846153846154,0.375,2.7284615384615387,1.94,0.903846153846154,4.461538461538462,0.42655196888945723,0,0.0,0.0,0.0,0.0,Training
mp-aaaabpxr,Bulk ZnO,2.5496000000000003,4.414724740679716,763.5775368214536,60,12.72629228035756,1,12.72629228035756,0,0.0,0.005781632549140856,0.07857748179675658,6.564478080163017,49.82174984042892,0.07857747562233643,0.26666666666666666,0.6,0.4444444444444445,2.7213333333333334,1.81,0.9,4.3999999999999995,0.4082482904634095,0,0.0,0.0,0.0,0.0,Test
mp-aaaabpzf,2D ZnO,1.4102000000000001,4.29391977309966,261.7476124595242,18,14.541534025529122,1,14.541534025529122,1,0.0,0.01640480970485894,0.06876853557846095,2.81391902302148,38.1096001560013,0.0687685308493498,0.3333333333333333,0.4444444444444444,0.75,2.261111111111111,2.62,1.2055555555555555,3.5555555555555554,0.5178132494221599,0,0.0,0.0,0.0,0.0,Test
mp-aaaabpzq,Bulk ZnO,1.6945999999999999,2.9158877786113755,614.5834668899363,32,19.20573334031051,1,19.20573334031051,0,0.0,0.004744494337550366,0.05206778529519209,3.7637695178862134,60.97440261645926,0.05206778258413797,0.125,0.375,0.3333333333333333,1.90625,2.62,1.49375,3.0,0.4971690308330414,0,0.0,0.0,0.0,0.0,Training
mp-aaaabrbk,Bulk ZnO,2.5854,4.529740327361762,590.0775344244757,52,11.34764489277838,1,11.34764489277838,0,0.0,0.0076765171746112715,0.08812401246679813,6.199647306595239,42.355211165895575,0.08812400470095724,0.15384615384615385,0.6153846153846154,0.25,2.7261538461538466,1.9,0.9,4.461538461538462,0.42197473628439225,0,0.0,0.0,0.0,0.0,Training
mp-aaaabrof,Bulk ZnO,1.6762,4.887863335403931,754.8377549596349,60,12.580629249327249,1,12.580629249327249,0,0.0,0.006475382694212626,0.07948728002245795,6.589716216679483,49.25149835373379,0.07948727370423077,0.26666666666666666,0.6,0.4444444444444445,2.7946666666666666,1.79,0.8733333333333334,4.8,0.38935039484861045,0,0.0,0.0,0.0,0.0,Test
mp-aaaabrpd,2D ZnO,3.1649000000000003,4.310849949125492,409.93099080801267,28,14.640392528857594,1,14.640392528857594,1,0.0,0.010516038176641391,0.06830417955180543,3.7692456930885117,44.45685449705982,0.06830417488634481,0.21428571428571427,0.6428571428571429,0.3333333333333333,2.873571428571429,1.79,0.8821428571428571,4.571428571428572,0.43038931833000194,0,0.0,0.0,0.0,0.0,Training
mp-aaaabrqe,Bulk ZnO,1.4567,3.690998606883987,258.03345167702247,20,12.901672583851123,1,12.901672583851123,0,0.0,0.014304341483227408,0.07750933016636065,3.1415067101461487,35.02052734514502,0.07750932415866485,0.2,0.4,0.5,2.0780000000000003,2.51,1.23,3.2,0.4390243902435455,0,0.0,0.0,0.0,0.0,Test
mp-aaaabrqz,2D ZnO,3.5336,4.581824277842185,404.8214639139138,28,14.457909425496922,1,14.457909425496922,1,0.0,0.011318135737033252,0.06916629303517924,3.785037509267203,43.90272831784116,0.06916628825120348,0.14285714285714285,0.5714285714285714,0.25,2.824285714285714,1.79,0.8642857142857141,5.142857142857142,0.36023958211038276,0,0.0,0.0,0.0,0.0,Training
mp-aaaabrus,2D ZnO,1.4122,5.140843536090512,278.53730697582364,18,15.474294831990202,1,15.474294831990202,1,0.0,0.018456570833926832,0.06462330017990142,2.7562041417362417,40.55412501238953,0.06462329600373076,0.3333333333333333,0.4444444444444444,0.75,2.261111111111111,2.62,1.238888888888889,3.5555555555555554,0.5473791755929978,0,0.0,0.0,0.0,0.0,Training
mp-aaaabtvu,Bulk ZnO,3.3638999999999997,3.8973180264959537,344.56599375032255,28,12.305928348225805,1,12.305928348225805,0,0.0,0.011310802856883219,0.08126164655787013,3.9939310236503838,37.36804631091457,0.08126163995441547,0.21428571428571427,0.6428571428571429,0.3333333333333333,2.9335714285714287,1.79,0.8178571428571428,5.142857142857143,0.37870610996938536,0,0.0,0.0,0.0,0.0,Training
mp-aaaabtwn,Bulk ZnO,3.5387000000000004,4.024906886815966,318.640868953535,26,12.255418036674424,1,12.255418036674424,0,0.0,0.012631483525745996,0.08159656382242475,3.8066199736763218,36.30662775033676,0.08159655716442607,0.23076923076923078,0.6153846153846154,0.375,2.8346153846153848,1.79,0.8346153846153848,4.923076923076923,0.377711550547864,0,0.0,0.0,0.0,0.0,Training
mp-aaaabxtn,Bulk ZnO,1.4336000000000002,5.126398277871811,157.21913000266562,14,11.229937857333258,1,11.229937857333258,0,0.0,0.03260670808816264,0.08904768777032816,2.5939378886612294,27.065747854020316,0.08904767984083818,0.2857142857142857,0.5714285714285714,0.5,2.657142857142857,1.9,0.9285714285714286,4.285714285714286,0.4089241187688523,0,0.0,0.0,0.0,0.0,Training
mp-aaaabync,Bulk ZnO,1.5928,5.0772575228882575,473.11012515595263,42,11.264526789427444,1,11.264526789427444,0,0.0,0.010731661093100949,0.08877425733840598,5.390079980925178,39.15579526208702,0.08877424945753791,0.14285714285714285,0.5714285714285714,0.25,2.724285714285714,1.79,0.9357142857142857,4.285714285714286,0.4146099424117789,0,0.0,0.0,0.0,0.0,Training
mp-aaaabypu,2D ZnO,3.0333999999999994,4.444218854027946,137.02858614619169,14,9.787756153299407,1,9.787756153299407,1,0.0,0.032432786318663046,0.1021684627546534,2.7155489982940746,23.58988477650807,0.10216845231625968,0.14285714285714285,0.5714285714285714,0.25,2.661428571428571,1.8299999999999998,0.8928571428571428,4.571428571428571,0.38031565836772496,0,0.0,0.0,0.0,0.0,Test
mp-aaaabytc,Bulk ZnO,1.4928,5.168969018920016,154.90529048186292,14,11.064663605847352,1,11.064663605847352,0,0.0,0.03336857639168383,0.0903778041179245,2.606789435010256,26.667413395334204,0.09037779594977775,0.14285714285714285,0.5714285714285714,0.25,2.724285714285714,1.79,0.9357142857142857,4.285714285714286,0.4146099424117789,0,0.0,0.0,0.0,0.0,Training
mp-aaaabyyb,Bulk ZnO,1.5701,5.074984795194004,473.3219978072543,42,11.269571376363198,1,11.269571376363198,0,0.0,0.010722055638032343,0.0887345194066032,5.389275608860651,39.17333038068814,0.08873451153278897,0.14285714285714285,0.5714285714285714,0.25,2.724285714285714,1.79,0.9357142857142857,4.285714285714286,0.4146099424117789,0,0.0,0.0,0.0,0.0,Training
mp-aaaabzju,Bulk ZnO,1.6132,5.112124398265677,156.6277705681807,14,11.187697897727192,1,11.187697897727192,0,0.0,0.03263868456864965,0.0893838937323426,2.5971983219038184,26.96394354213668,0.08938388574286285,0.14285714285714285,0.5714285714285714,0.25,2.724285714285714,1.79,0.9357142857142857,4.285714285714286,0.4146099424117789,0,0.0,0.0,0.0,0.0,Training
mp-aaaabzvl,Bulk ZnO,1.1689000000000003,5.217042874343563,150.43373624012136,14,10.745266874294384,1,10.745266874294384,0,0.0,0.03468000599291207,0.09306423113531721,2.632366094535288,25.897621833578963,0.09306422247436691,0.07142857142857142,0.5714285714285714,0.125,2.737142857142857,1.79,0.9392857142857143,4.285714285714286,0.41729929757213985,0,0.0,0.0,0.0,0.0,Training
mp-aaaacand,Bulk ZnO,0.8250999999999995,6.390576460231586,162.93413001046156,14,11.638152143604398,1,11.638152143604398,0,0.0,0.039221840505861263,0.0859242934497585,2.563248313702194,28.04960235820251,0.08592428606677492,0.2857142857142857,0.5714285714285714,0.5,2.717142857142857,1.79,0.9357142857142857,4.571428571428571,0.41559259813134825,0,0.0,0.0,0.0,0.0,Training
mp-aaaacatb,Bulk ZnO,0.6309,8.242632498624893,157.09629632627497,14,11.221164023305354,1,11.221164023305354,0,0.0,0.052468662160600414,0.08911731420404241,2.5946137796633,27.044601665810806,0.08911730626214744,0.2857142857142857,0.5714285714285714,0.5,2.7628571428571425,1.79,0.9214285714285715,4.285714285714286,0.4028025133876739,0,0.0,0.0,0.0,0.0,Training
mp-aaaacbmz,Bulk ZnO,1.4874,3.565941468967317,591.8883239012027,46,12.867137476113102,1,12.867137476113102,0,0.0,0.006024686287885854,0.07771736346614984,5.478704884842813,46.10356953985656,0.07771735742616175,0.17391304347826086,0.391304347826087,0.4444444444444444,2.0373913043478264,2.51,1.2521739130434784,3.130434782608696,0.43638250136743095,0,0.0,0.0,0.0,0.0,Training
mp-aaaacefj,Bulk ZnO,1.8026999999999997,4.450025184418388,150.1619593812529,13,11.550919952404069,1,11.550919952404069,0,0.0,0.029634836963734743,0.08657319106361498,2.4458137195488967,27.160078759173494,0.08657318356869823,0.15384615384615385,0.6153846153846154,0.25,2.7261538461538466,1.9,0.9,4.461538461538462,0.42197473628439225,0,0.0,0.0,0.0,0.0,Training
mp-aaaacekp,Bulk ZnO,1.6010999999999997,5.5001107162937455,296.7862190886736,28,10.599507824595486,1,10.599507824595486,0,0.0,0.01853223081982262,0.09434400318848422,4.197687663287641,32.18634856747645,0.09434399428769413,0.2857142857142857,0.5714285714285714,0.5,2.67,1.81,0.9214285714285715,4.285714285714286,0.4028025133876739,0,0.0,0.0,0.0,0.0,Training
mp-aaaacgah,Bulk ZnO,4.0713,4.022200794954323,228.62547813156976,23,9.940238179633468,3,9.940238179633468,0,0.0,0.01759296832455226,0.10060121115094584,3.7614297956288696,28.268715130919453,0.10060120103034317,0.13043478260869565,0.5217391304347826,0.25,2.716086956521739,1.79,0.8108695652173913,4.521739130434782,0.33427238488713207,0,0.0,0.0,0.0,0.0,Training
mp-aaaacgbz,Bulk ZnO,0.38119999999999976,6.7262920240225235,132.99236216252044,10,13.299236216252044,3,13.299236216252044,0,0.0,0.05057652871676047,0.07519228801861355,1.9591052421820214,28.652335855221775,0.0751922823647338,0.1,0.6,0.16666666666666669,2.648,2.55,1.0350000000000001,4.3999999999999995,0.562153635442239,0,0.0,0.0,0.0,0.0,Training
mp-aaaacimo,Bulk ZnO,5.5243,2.5729495212665148,234.62736283363375,17,13.801609578449044,3,13.801609578449044,0,0.0,0.010966110219168705,0.07245531720890594,2.7562759878778342,35.4878246305184,0.07245531195913332,0.058823529411764705,0.35294117647058826,0.16666666666666666,3.3194117647058823,2.33,0.6676470588235295,5.882352941176471,0.3416866859847801,0,0.0,0.0,0.0,0.0,Training
mp-aaaacipn,Bulk ZnO,4.042,2.9789522612781987,636.2031530982549,48,13.254232356213643,2,13.254232356213643,0,0.0,0.004682391539197748,0.07544759840664748,5.580964992094635,48.16907711331574,0.07544759271430782,0.08333333333333333,0.5833333333333334,0.14285714285714285,2.6641666666666666,2.51,0.9291666666666667,4.666666666666666,0.4875122167027879,0,0.0,0.0,0.0,0.0,Training
mp-aaaacjaa,Bulk ZnO,3.0862,7.654511298001781,255.4522805080751,19,13.444856868846058,3,13.444856868846058,0,0.0,0.02996454477829496,0.0743778836587814,2.9944495891952227,35.87627823565939,0.07437787812671223,0.05263157894736842,0.631578947368421,0.08333333333333333,2.7173684210526314,2.55,1.0236842105263158,4.526315789473684,0.5812497937068264,0,0.0,0.0,0.0,0.0,Training
mp-aaaacjxd,2D ZnO,3.1708,3.6119149505454904,284.7948715462963,18,15.821937308127572,3,15.821937308127572,1,0.0,0.012682514017666702,0.0632033853077088,2.735867856436797,41.46520603998801,0.06320338131304115,0.1111111111111111,0.1111111111111111,1.0,3.0388888888888888,3.16,0.9111111111111111,5.111111111111112,0.6789408940807331,0,0.0,0.0,0.0,0.0,Test
mp-aaaackag,Bulk ZnO,2.3469999999999995,6.030331271597783,132.40550202899513,10,13.240550202899513,3,13.240550202899513,0,0.0,0.04554441604909452,0.0755255623577495,1.9619954199144503,28.52590067223541,0.07552555665363937,0.1,0.6,0.16666666666666669,2.5940000000000003,2.49,1.0350000000000001,4.3999999999999995,0.5444382289417866,0,0.0,0.0,0.0,0.0,Training
mp-aaaackfm,Bulk ZnO,2.5344999999999995,7.549468729633667,136.0606742193928,10,13.606067421939281,3,13.606067421939281,0,0.0,0.055486045273158265,0.0734966224250467,1.944266502209069,29.313383648738668,0.0734966170232936,0.1,0.6,0.16666666666666669,2.5780000000000003,2.55,1.05,4.3999999999999995,0.5622275102145289,0,0.0,0.0,0.0,0.0,Training
mp-aaabcslt,Bulk ZnO,1.7128999999999999,5.04263618327485,956.8627619384325,40,23.921569048460814,1,23.921569048460814,0,0.0,0.005269968049607629,0.04180327795280398,4.059227949090896,81.81061535926752,0.04180327620529,0.2,0.4,0.5,2.0220000000000002,2.65,1.55,3.2,0.5806451612899479,0,0.0,0.0,0.0,0.0,Training
mp-aaabeeps,Bulk ZnO,1.5894000000000004,5.114757184419353,626.1885899934105,56,11.181939107025187,1,11.181939107025187,0,0.0,0.008168077902015392,0.0894299271735202,6.545652975776301,42.780560003381055,0.08942991917580904,0.14285714285714285,0.5714285714285714,0.25,2.724285714285714,1.79,0.9357142857142857,4.285714285714286,0.4146099424117789,0,0.0,0.0,0.0,0.0,Training
mp-aaabeeqn,Bulk ZnO,1.2176,5.1160488010786525,939.0457501485183,84,11.179116073196647,1,11.179116073196647,0,0.0,0.005448135833924497,0.08945251068620955,8.577953787640924,48.959152809593064,0.0894525026844586,0.14285714285714285,0.5714285714285714,0.25,2.724285714285714,1.79,0.9357142857142857,4.285714285714286,0.4146099424117789,0,0.0,0.0,0.0,0.0,Training
mp-aaabeezc,Bulk ZnO,1.4791000000000003,5.13678448987146,623.5033990204182,56,11.133989268221754,1,11.133989268221754,0,0.0,0.008238582977962632,0.08981506770930392,6.555036061201359,42.59711051966906,0.08981505964255826,0.14285714285714285,0.5714285714285714,0.25,2.724285714285714,1.79,0.9357142857142857,4.285714285714286,0.4146099424117789,0,0.0,0.0,0.0,0.0,Training
mp-aaabefrr,Bulk ZnO,2.9024,6.989856374052337,729.3468929846217,60,12.155781549743695,1,12.155781549743695,0,0.0,0.00958371995724635,0.08226538095537633,6.6656095626281235,47.5882758422091,0.082265374187784,0.26666666666666666,0.6,0.4444444444444445,2.7039999999999997,1.94,0.9133333333333333,4.3999999999999995,0.4214340896097124,0,0.0,0.0,0.0,0.0,Training
mp-aaabegah,Bulk ZnO,0.4096000000000002,6.357314696792571,639.4649523582702,56,11.419017006397683,1,11.419017006397683,0,0.0,0.009941615523020543,0.08757321225108382,6.5000362413711,43.6875874162927,0.08757320458201699,0.21428571428571427,0.5714285714285714,0.375,2.782142857142857,1.79,0.9428571428571428,4.285714285714286,0.42132383519604805,0,0.0,0.0,0.0,0.0,Training
mp-aaabegya,Bulk ZnO,1.5223,5.130970487512631,780.262378546359,70,11.146605407805128,1,11.146605407805128,0,0.0,0.006575955253759267,0.08971341169929416,7.6035747110440655,45.938341009953845,0.08971340365079865,0.14285714285714285,0.5714285714285714,0.25,2.724285714285714,1.79,0.9357142857142857,4.285714285714286,0.4146099424117789,0,0.0,0.0,0.0,0.0,Training
mp-aaabehts,Bulk ZnO,2.04,5.1255524056286825,628.9803037885921,56,11.231791139082002,1,11.231791139082002,0,0.0,0.008148987138000179,0.08903299461476027,6.535954372024812,42.97128701667315,0.08903298668788685,0.2857142857142857,0.5714285714285714,0.5,2.657142857142857,1.9,0.9285714285714286,4.285714285714286,0.4089241187688523,0,0.0,0.0,0.0,0.0,Training
mp-aaabelck,Bulk ZnO,4.2934,3.5054091291205354,696.74992049243,60,11.612498674873832,4,11.612498674873832,0,0.0,0.005031086514718334,0.08611411101072654,6.767978043525844,45.46139529537988,0.08611410359508707,0.06666666666666667,0.6,0.11111111111111112,2.697,2.51,0.9033333333333334,4.766666666666667,0.4602054488589367,0,0.0,0.0,0.0,0.0,Training
mp-aaabetxg,Bulk ZnO,0.7588000000000001,4.959633004745237,390.1527026858262,30,13.00509008952754,1,13.00509008952754,0,0.0,0.012712030368117234,0.07689296983842184,4.105597606204394,40.40983866903836,0.0768929639258935,0.4,0.4666666666666667,0.8571428571428572,2.3746666666666667,2.62,1.1133333333333333,3.7333333333333334,0.49427501616204017,0,0.0,0.0,0.0,0.0,Test
mp-aaabeufs,Bulk ZnO,0.3511123178997564,3.34166561314215,437.2795374105674,36,12.146653816960205,2,12.146653816960205,0,0.0,0.007641943716210568,0.08232720015480426,4.742959859183857,40.107367221110835,0.08232719337703694,0.05555555555555555,0.6666666666666666,0.08333333333333333,2.9777777777777774,1.79,0.7722222222222221,5.333333333333334,0.33866481427121103,0,0.0,0.0,0.0,0.0,Training
mp-aaabeugn,Bulk ZnO,2.4226,4.4277605659686365,98.74081221864635,9,10.971201357627372,1,10.971201357627372,0,0.0,0.04484225384093501,0.09114772096537836,1.9471987301835554,22.82101846344579,0.0911477126574721,0.1111111111111111,0.6666666666666666,0.16666666666666666,2.8388888888888886,1.81,0.8499999999999999,4.666666666666667,0.41594516540336224,0,0.0,0.0,0.0,0.0,Training
mp-aaabevcj,2D ZnO,3.4888999999999997,3.2554969370414826,961.7463681194749,64,15.027287001866796,2,15.027287001866796,1,0.0,0.003384984903459559,0.06654561131864807,6.483752906294642,60.10914800746719,0.06654560689032998,0.125,0.5,0.25,2.36875,2.62,1.15625,4.0,0.5685448471692309,0,0.0,0.0,0.0,0.0,Training
mp-aaabevzr,Bulk ZnO,2.7877,3.814189451447189,455.84748978660997,34,13.407279111370881,2,13.407279111370881,0,0.0,0.00836724899644106,0.07458634907897811,4.417796714095031,43.4343796322182,0.07458634351585507,0.23529411764705882,0.5294117647058824,0.4444444444444444,2.6176470588235294,2.62,0.9235294117647059,4.235294117647059,0.5065596726296065,0,0.0,0.0,0.0,0.0,Training
mp-aaabewgx,Bulk ZnO,3.6266000000000003,4.200447797430987,722.8773353745282,66,10.952686899614065,1,10.952686899614065,0,0.0,0.005810733843598379,0.09130179737313925,7.35397923795521,44.26243663206474,0.0913017890371218,0.18181818181818182,0.6363636363636364,0.28571428571428575,2.887272727272727,1.79,0.8090909090909091,5.090909090909092,0.36590246040255414,0,0.0,0.0,0.0,0.0,Training
mp-aaabewwn,Bulk ZnO,2.3096999999999994,5.127402326931707,314.37668663557724,28,11.227738808413473,1,11.227738808413473,0,0.0,0.016309740972858294,0.08906512852353253,4.117888539363099,34.09402784472875,0.08906512059093612,0.2857142857142857,0.5714285714285714,0.5,2.657142857142857,1.9,0.9285714285714286,4.285714285714286,0.4089241187688523,0,0.0,0.0,0.0,0.0,Test
mp-aaabewzb,Bulk ZnO,1.432,3.787289422609966,486.347571610194,37,13.144528962437676,2,13.144528962437676,0,0.0,0.007787207428775786,0.07607727921309615,4.70492610480487,43.80048663822794,0.07607727342534418,0.08108108108108109,0.6486486486486487,0.125,2.8272972972972976,1.81,0.868918918918919,4.594594594594595,0.4208042937766513,0,0.0,0.0,0.0,0.0,Test
mp-aaabexaf,Bulk ZnO,2.6968,4.04535899008706,515.3090735115295,44,11.711569852534762,1,11.711569852534762,0,0.0,0.007850354666802794,0.08538564962608901,5.48820190191617,41.345921132951005,0.08538564233538047,0.2727272727272727,0.5454545454545454,0.5,2.6972727272727273,1.79,0.8499999999999999,4.363636363636363,0.3762365582741641,0,0.0,0.0,0.0,0.0,Training
mp-aaabexhy,Bulk ZnO,2.6456000000000004,4.8225093262291345,469.79305450894,34,13.817442779674705,3,13.817442779674705,0,0.0,0.010265177996873438,0.07237229174351915,4.373643561081349,44.763150692510536,0.07237228650577092,0.17647058823529413,0.5882352941176471,0.3,2.678529411764706,2.55,0.9514705882352941,4.705882352941177,0.5105262133257121,0,0.0,0.0,0.0,0.0,Training
mp-aaabfaza,2D ZnO,0.5757000000000003,6.533983633758837,137.04801368802816,8,17.13100171100352,2,17.13100171100352,1,0.0,0.04767660222082892,0.05837370265147331,1.5516689577305556,34.26200342200705,0.05837369924398434,0.25,0.25,1.0,2.1199999999999997,2.24,1.1875,3.75,0.372310298606579,0,0.0,0.0,0.0,0.0,Training
mp-aaabfbdm,Bulk ZnO,3.5246385473127124,6.546533617772245,158.9110353284531,12,13.24258627737109,1,13.24258627737109,0,0.0,0.041196217772045976,0.07551395014951107,2.215456499085245,30.317954239895993,0.07551394444715484,0.16666666666666666,0.6666666666666666,0.25,2.961666666666666,1.79,0.85,4.666666666666667,0.4159451654033622,0,0.0,0.0,0.0,0.0,Training
mp-aaabfbiq,2D ZnO,4.2718,2.3080154009829044,116.17335837829994,6,19.362226396383324,1,19.362226396383324,1,0.0,0.019866993889143,0.05164695317201695,1.2296525147469153,35.18350030794617,0.05164695050460931,0.16666666666666666,0.6666666666666666,0.25,2.998333333333333,1.79,0.7916666666666666,5.333333333333333,0.365401157003955,0,0.0,0.0,0.0,0.0,Training
mp-aaabfbjw,2D ZnO,0.4216000000000002,5.410370326600493,160.02781099612758,7,22.861115856589656,2,22.861115856589656,1,0.0,0.033808937914744173,0.043742396752333185,1.2893363252529524,43.73174139504267,0.043742394838935994,0.14285714285714285,0.14285714285714285,1.0,1.977142857142857,2.55,1.3857142857142857,3.4285714285714284,0.5068874131517793,0,0.0,0.0,0.0,0.0,Training
mp-aaabfbsl,2D ZnO,1.2015000000000002,5.751668063486288,141.60195113136348,8,17.700243891420435,2,17.700243891420435,1,0.0,0.04061856505176607,0.05649639666743318,1.5348534255408153,35.40048778284088,0.056496393475590524,0.25,0.25,1.0,2.1225,2.2199999999999998,1.225,3.75,0.35170791713469424,0,0.0,0.0,0.0,0.0,Training
mp-aaabffiz,2D ZnO,2.2367,5.165024825144456,161.26306331513743,8,20.15788291439218,2,20.15788291439218,1,0.0,0.03202856698220507,0.049608384186318855,1.4697552445365318,40.315765828784365,0.049608381725327194,0.25,0.25,1.0,2.14,2.55,1.275,4.0,0.4475573415884069,0,0.0,0.0,0.0,0.0,Test
mp-aaabffop,Bulk ZnO,3.3679,7.304839327048888,140.91578560646107,10,14.091578560646107,2,14.091578560646107,0,0.0,0.05183833234588273,0.07096437036463213,1.9216757863299865,30.35938568836554,0.07096436532869062,0.1,0.6,0.16666666666666669,2.643,2.55,1.06,4.3999999999999995,0.5826187794954696,0,0.0,0.0,0.0,0.0,Test
mp-aaabfhab,2D ZnO,0.5724999999999998,6.329918705739994,154.89931395845508,8,19.362414244806885,2,19.362414244806885,1,0.0,0.04086473041086364,0.051646452108533206,1.4896131204229803,38.72482848961378,0.05164644944117733,0.25,0.25,1.0,2.0925,2.34,1.2624999999999997,3.75,0.382311575768169,0,0.0,0.0,0.0,0.0,Training
mp-aaabfhfk,2D ZnO,1.2613000000000003,6.843429375237609,133.39878131915347,8,16.674847664894184,2,16.674847664894184,1,0.0,0.05130053893719512,0.05997056285589436,1.565690920079162,33.349695329788375,0.05997055925942617,0.25,0.25,1.0,2.125,2.2199999999999998,1.1749999999999998,3.75,0.3617021276592667,0,0.0,0.0,0.0,0.0,Training
mp-aaabfign,Bulk ZnO,2.6575000000000006,4.750973590022922,74.39087356573184,8,9.29885919571648,1,9.29885919571648,0,0.0,0.06386500604573433,0.10754007335229358,1.9021733850181617,18.597718391432963,0.10754006178742746,0.25,0.5,0.5,2.525,1.8699999999999999,0.9000000000000001,4.0,0.35355339059288093,0,0.0,0.0,0.0,0.0,Training
mp-aaabfihx,2D ZnO,0.9043000000000001,7.3126121738452925,142.4313513642857,10,14.243135136428569,2,14.243135136428569,1,0.0,0.05134131006833171,0.07020926154399652,1.9148354908616823,30.685904432733718,0.07020925661465646,0.1,0.6,0.16666666666666669,2.787,1.9,0.9550000000000001,5.0,0.46147607852140804,0,0.0,0.0,0.0,0.0,Test
mp-aaabfivk,2D ZnO,1.3609,6.228321409170806,140.0999069865255,8,17.512488373315687,2,17.512488373315687,1,0.0,0.044456285112093846,0.057102107860567124,1.5403191140399983,35.02497674663138,0.05710210459991658,0.25,0.25,1.0,2.1125,2.27,1.2,3.75,0.38301617314239406,0,0.0,0.0,0.0,0.0,Training
mp-aaabfjcg,Bulk ZnO,1.5986999999999996,7.420403262434494,140.3623491996041,10,14.03623491996041,2,14.03623491996041,0,0.0,0.05286605207698692,0.07124417664012854,1.9241981403339652,30.24015142899961,0.0712441715643962,0.1,0.6,0.16666666666666669,2.787,1.9,0.9550000000000001,5.0,0.46147607852140804,0,0.0,0.0,0.0,0.0,Training
mp-aaabfjfw,Bulk ZnO,2.1715,3.5567757745896595,133.94125970775025,10,13.394125970775026,2,13.394125970775026,0,0.0,0.02655474334309142,0.07465959348015128,1.9544678922436425,28.856769634094697,0.0746595879060968,0.2,0.4,0.5,2.066,2.62,1.24,3.2,0.48346757378418637,0,0.0,0.0,0.0,0.0,Training
mp-aaabfkev,2D ZnO,3.6466000000000003,4.1141952456281,123.00536435055037,11,11.182305850050033,1,11.182305850050033,1,0.0,0.033447283111191335,0.08942699416467183,2.211827913379837,24.869225577168063,0.08942698616748526,0.18181818181818182,0.6363636363636364,0.28571428571428575,2.887272727272727,1.79,0.8090909090909091,5.090909090909092,0.36590246040255414,0,0.0,0.0,0.0,0.0,Training
mp-aaabfnmc,Bulk ZnO,3.3332,4.0286345058775,636.6920732079457,52,12.244078330922033,1,12.244078330922033,0,0.0,0.006327445676493816,0.08167213349775226,6.044497412200957,45.70115897511081,0.08167212682741543,0.23076923076923078,0.6153846153846154,0.375,2.8346153846153848,1.79,0.8346153846153848,4.923076923076923,0.377711550547864,0,0.0,0.0,0.0,0.0,Training
mp-aaabfnpz,2D ZnO,1.8032,6.670951003309233,286.09688279415104,20,14.304844139707551,2,14.304844139707551,1,0.0,0.02331710481483657,0.06990638906887411,3.035234758885468,38.82932093546659,0.06990638418197123,0.1,0.6,0.16666666666666669,2.557,2.49,1.07,4.3999999999999995,0.5604360504878856,0,0.0,0.0,0.0,0.0,Test
mp-aaabfnqg,Bulk ZnO,2.2892,6.65394152519307,631.3564773932214,42,15.032297080790986,2,15.032297080790986,0,0.0,0.010539119757931719,0.0665234324884285,4.895808367449916,52.25266518667828,0.06652342806306173,0.23809523809523808,0.5238095238095238,0.4545454545454545,2.442857142857143,2.55,1.1095238095238096,4.095238095238096,0.5282196578369586,0,0.0,0.0,0.0,0.0,Training
mp-aaabfnqx,Bulk ZnO,2.8585,4.544434484615397,679.0239274480795,44,15.432361987456352,2,15.432361987456352,0,0.0,0.006692598450388009,0.06479889473904349,5.0060015961502735,54.48161345256575,0.064798890540147,0.09090909090909091,0.6363636363636364,0.14285714285714288,2.8163636363636364,2.55,0.9090909090909092,5.090909090909092,0.5264028875294952,0,0.0,0.0,0.0,0.0,Training
mp-aaabfntt,2D ZnO,4.2038,2.817399986660373,710.6602574885147,48,14.805422031010723,3,14.805422031010723,1,0.0,0.0039644822641653156,0.06754282302155576,5.378822683859093,53.80647451624046,0.06754281845952313,0.08333333333333333,0.5833333333333334,0.14285714285714285,2.6550000000000002,2.62,0.9625000000000001,4.666666666666666,0.5452999162388366,0,0.0,0.0,0.0,0.0,Training
mp-aaabfnua,Bulk ZnO,4.2904,2.7930422471396024,678.6921208654957,48,14.139419184697827,3,14.139419184697827,0,0.0,0.0041153302967151025,0.07072426292320656,5.461982465339122,51.386059542400496,0.07072425792128555,0.08333333333333333,0.5833333333333334,0.14285714285714285,2.6591666666666667,2.62,0.9333333333333333,4.666666666666666,0.5204675586347878,0,0.0,0.0,0.0,0.0,Training
mp-aaabfodc,Bulk ZnO,1.7460999999999998,5.29317145422691,357.94795418689966,30,11.931598472896656,2,11.931598472896656,0,0.0,0.014787544927448092,0.08381106708137726,4.225206700637268,37.07425062297391,0.08381106005708287,0.13333333333333333,0.6,0.22222222222222224,2.704,1.89,0.92,4.3999999999999995,0.4269216904823022,0,0.0,0.0,0.0,0.0,Training
mp-aaabfonp,Bulk ZnO,4.7598,2.864058683483444,707.9433944474983,52,13.614296047067276,3,13.614296047067276,0,0.0,0.00404560407787779,0.07345220028584695,5.834502527895125,50.815511887891574,0.07345219489062163,0.07692307692307693,0.6153846153846154,0.125,2.800769230769231,2.62,0.8615384615384616,4.923076923076923,0.5206589844231974,0,0.0,0.0,0.0,0.0,Training
mp-aaabfonq,Bulk ZnO,0.46830000000000016,5.76418024469702,383.2573719277575,32,11.976792872742422,2,11.976792872742422,0,0.0,0.015039972266426605,0.08349480621610032,4.4054114129832636,38.02394721079312,0.08349479924471824,0.125,0.125,1.0,2.4550000000000005,1.79,0.975,4.0,0.3468653656014054,0,0.0,0.0,0.0,0.0,Training
mp-aaabfooq,Bulk ZnO,2.8511,4.23209149396811,919.2470212035054,64,14.363234706304771,2,14.363234706304771,0,0.0,0.004603867509330986,0.06962220004391127,6.582172053103348,57.45293882521909,0.06962219519666088,0.1875,0.625,0.3,2.7943749999999996,1.81,0.884375,4.75,0.41532589450468377,0,0.0,0.0,0.0,0.0,Training
mp-aaabfoqs,Bulk ZnO,4.4697,2.8394507232672916,1419.9828627500556,104,13.653681372596688,2,13.653681372596688,0,0.0,0.001999637317994231,0.07324032051949209,9.252781463952374,64.20874925294673,0.07324031515534793,0.07692307692307693,0.6153846153846154,0.125,2.783846153846154,2.51,0.903846153846154,4.923076923076923,0.4911899244422847,0,0.0,0.0,0.0,0.0,Test
mp-aaabfouf,Bulk ZnO,1.2488,4.215406490916149,354.20745990688965,28,12.650266425246059,1,12.650266425246059,0,0.0,0.011900953446955215,0.0790497185106162,3.9573591231524543,38.413659518191146,0.0790497122617587,0.2857142857142857,0.42857142857142855,0.6666666666666666,2.2114285714285713,2.51,1.157142857142857,3.4285714285714284,0.4421235698630743,0,0.0,0.0,0.0,0.0,Training
mp-aaabfown,Bulk ZnO,4.0893999999999995,3.008424390118658,701.5200738178311,52,13.490770650342906,2,13.490770650342906,0,0.0,0.004288436642655329,0.07412474986924356,5.8522559166259915,50.354451966467586,0.07412474437476542,0.07692307692307693,0.6153846153846154,0.125,2.7592307692307694,2.44,0.8653846153846154,4.923076923076923,0.4343748168126756,0,0.0,0.0,0.0,0.0,Test
mp-aaabfowo,Bulk ZnO,2.8081,6.033975459653059,513.8154362922604,40,12.845385907306511,2,12.845385907306511,0,0.0,0.011743468633785668,0.07784896516275122,4.994104307700214,43.93060185454791,0.07784895910229031,0.2,0.6,0.33333333333333337,2.815,1.79,0.89,5.0,0.4269662921343518,0,0.0,0.0,0.0,0.0,Test
mp-aaabfowt,Bulk ZnO,0.9687000000000001,3.4518499537913696,771.6566936432478,54,14.289938771171254,3,14.289938771171254,0,0.0,0.00447329749385577,0.06997930614072438,5.887339092704452,54.01258397852263,0.06997930124362144,0.14814814814814814,0.5555555555555556,0.26666666666666666,2.6125925925925926,2.62,0.962962962962963,4.444444444444445,0.4933132758857956,0,0.0,0.0,0.0,0.0,Training
mp-aaabfphk,Bulk ZnO,2.2984000000000004,7.7851283974426195,1533.3909107070676,102,15.03324422261831,3,15.03324422261831,0,0.0,0.005077067004298851,0.0665192413022498,8.845367409626022,70.24025886172028,0.06651923687744063,0.0784313725490196,0.5588235294117647,0.14035087719298245,2.482450980392157,2.55,1.1269607843137255,4.235294117647059,0.5586427421735298,0,0.0,0.0,0.0,0.0,Training
mp-aaabfpls,Bulk ZnO,2.7950999999999997,3.596679115925175,590.5519237174191,45,13.123376082609314,2,13.123376082609314,0,0.0,0.006090368977692463,0.07619990417901448,5.3636424289024,46.6784485205381,0.07619989837258952,0.2,0.5333333333333333,0.375,2.542,2.51,0.9766666666666668,4.266666666666667,0.4532443768195777,0,0.0,0.0,0.0,0.0,Training
mp-aaabfpmk,2D ZnO,3.9234000000000004,3.0006011385456057,327.36281788504044,22,14.880128085683657,2,14.880128085683657,1,0.0,0.009165980296514074,0.0672037225917505,3.192122607795221,41.694704141275466,0.06720371807541048,0.09090909090909091,0.5454545454545454,0.16666666666666669,2.5209090909090905,2.62,1.0499999999999998,4.363636363636363,0.571067707122111,0,0.0,0.0,0.0,0.0,Training
mp-aaabfpnw,Bulk ZnO,2.2975000000000003,7.575115013995467,1034.4948278673364,66,15.674164058596006,3,15.674164058596006,0,0.0,0.007322525748738591,0.06379925565801266,6.525811040312395,63.34305908339613,0.0637992515876679,0.06060606060606061,0.5606060606060606,0.10810810810810813,2.4898484848484843,2.55,1.1356060606060605,4.242424242424242,0.5671628021251144,0,0.0,0.0,0.0,0.0,Training
mp-aaabfpwa,2D ZnO,4.2665,2.7704970428986004,997.2034136755061,68,14.664756083463326,2,14.664756083463326,1,0.0,0.0027782667055732033,0.06819070118238431,6.806350773009806,59.85647648644155,0.0681906965324129,0.058823529411764705,0.5882352941176471,0.09999999999999999,2.6641176470588235,2.62,0.9500000000000002,4.705882352941177,0.5475589094590928,0,0.0,0.0,0.0,0.0,Training
mp-aaabfpxp,Bulk ZnO,1.8049999999999997,5.040807724418205,461.6150546251065,29,15.917760504314018,2,15.917760504314018,0,0.0,0.010919937887450439,0.06282290776576145,3.7523615449545806,48.9044034246416,0.06282290381904396,0.13793103448275862,0.4827586206896552,0.2857142857142857,2.314137931034483,2.49,1.1896551724137931,3.931034482758621,0.5160926339377895,0,0.0,0.0,0.0,0.0,Training
mp-aaabfpzg,2D ZnO,4.398499999999999,2.8031991283424134,795.511249134019,52,15.298293252577288,2,15.298293252577288,1,0.0,0.003523770570678833,0.06536676892577746,5.612046168964113,57.10105024550676,0.06536676465296326,0.07692307692307693,0.6153846153846154,0.125,2.766923076923077,2.62,0.9653846153846155,4.923076923076923,0.5934516711186022,0,0.0,0.0,0.0,0.0,Training
mp-aaabfqat,2D ZnO,4.3754,4.0972191198258,659.7145193894412,40,16.49286298473603,2,16.49286298473603,1,0.0,0.0062105941273169684,0.06063228688224048,4.594884973048234,56.404797991466104,0.060632283205966496,0.1,0.6,0.16666666666666669,2.834,2.49,0.9249999999999999,5.199999999999999,0.49201067766751616,0,0.0,0.0,0.0,0.0,Training
mp-aaabfqct,Bulk ZnO,4.1939,3.1661788411544016,1404.0579391382873,112,12.536231599448994,2,12.536231599448994,0,0.0,0.002255020076377746,0.07976878793815145,10.002065159802713,60.42820322264213,0.07976878157509243,0.14285714285714285,0.5714285714285714,0.25,2.654285714285714,2.46,0.8857142857142857,4.571428571428571,0.3988471941569122,0,0.0,0.0,0.0,0.0,Training
mp-aaabfqeb,Bulk ZnO,1.1263999999999998,5.785339804181162,381.8556293450348,32,11.932988417032337,2,11.932988417032337,0,0.0,0.015150594516844688,0.08380130484101266,4.410795395380249,37.88487673264295,0.08380129781835456,0.125,0.125,1.0,2.4550000000000005,1.79,0.975,4.0,0.3468653656014054,0,0.0,0.0,0.0,0.0,Training
mp-aaabfqev,Bulk ZnO,1.62,4.905990371263688,1504.0974431001425,120,12.534145359167855,1,12.534145359167855,0,0.0,0.003261750356514002,0.07978206501878245,10.473437732604788,61.82372125238599,0.07978205865360505,0.26666666666666666,0.6,0.4444444444444445,2.7946666666666666,1.79,0.8733333333333334,4.8,0.38935039484861045,0,0.0,0.0,0.0,0.0,Training
mp-aaabfqfa,Bulk ZnO,2.4707999999999997,4.220019547679264,841.8077194831957,58,14.513926197986132,2,14.513926197986132,0,0.0,0.005013044487487033,0.06889934441989612,6.142667751702602,56.18161788358034,0.0688993396727768,0.10344827586206896,0.6206896551724138,0.16666666666666666,2.959655172413793,1.79,0.846551724137931,5.310344827586207,0.38117655300522524,0,0.0,0.0,0.0,0.0,Training
mp-aaabfqia,Bulk ZnO,2.5197999999999996,7.042067402322115,581.9495646982003,48,12.12394926454584,2,12.12394926454584,0,0.0,0.012100820809057807,0.08248137452408415,5.749271105120742,44.06135575011665,0.08248136772090757,0.08333333333333333,0.5833333333333334,0.14285714285714285,2.8208333333333333,1.79,0.8708333333333333,5.0,0.44564440215731504,0,0.0,0.0,0.0,0.0,Training
mp-aaabfqld,Bulk ZnO,1.8503999999999996,4.633105767144526,1094.796478873186,80,13.684955985914826,2,13.684955985914826,0,0.0,0.004231933383557397,0.07307294236307703,7.762093259045898,58.96668781522877,0.07307293702342252,0.15,0.6,0.25,2.6715,2.44,0.9725,4.8,0.4884251115748915,0,0.0,0.0,0.0,0.0,Training
mp-aaabfqlh,Bulk ZnO,1.9407,5.9120251210112675,949.4965867151915,84,11.30353079422847,2,11.30353079422847,0,0.0,0.006226483805975622,0.08846793256055845,8.546365917477234,49.504029461635746,0.08846792473398406,0.07142857142857142,0.5714285714285714,0.125,2.6435714285714282,2.46,0.9571428571428571,4.571428571428571,0.43161175345988506,0,0.0,0.0,0.0,0.0,Training
mp-aaabfqlt,Bulk ZnO,1.5006,4.229893470463761,842.7535165096676,40,21.068837912741692,1,21.068837912741692,0,0.0,0.005019134761943456,0.04746346258590917,4.234737228186525,72.05441211043673,0.047463460333128996,0.2,0.4,0.5,2.0340000000000003,2.62,1.45,3.2,0.5408409359085278,0,0.0,0.0,0.0,0.0,Training
mp-aaabfqlw,2D ZnO,4.808199999999999,3.2562524511411866,1285.6967395640127,90,14.285519328489029,2,14.285519328489029,1,0.0,0.0025326753587672636,0.07000095530344079,8.276810180540066,64.01919412572487,0.0700009504033074,0.06666666666666667,0.6666666666666666,0.1,2.929555555555555,2.55,0.8077777777777777,5.333333333333334,0.457647983502986,0,0.0,0.0,0.0,0.0,Test
mp-aaabfqpp,Bulk ZnO,2.1225999999999994,6.107408569050129,830.7670706461,53,15.674850389549057,4,15.674850389549057,0,0.0,0.007351529429663487,0.06379646217655342,5.6378836837748825,58.87921721780975,0.06379645810656509,0.018867924528301886,0.6037735849056604,0.03125,2.9575471698113205,2.33,0.9462264150943396,5.056603773584906,0.5227864822391575,0,0.0,0.0,0.0,0.0,Training
mp-aaabfqsx,Bulk ZnO,2.6814000000000004,4.487559755341636,164.96091650463845,14,11.782922607474175,1,11.782922607474175,0,0.0,0.0272037755998734,0.08486858764273622,2.5527072709914016,28.398519771779316,0.08486858044005967,0.2857142857142857,0.5714285714285714,0.5,2.708571428571428,1.79,0.8857142857142857,4.571428571428571,0.38253358792316244,0,0.0,0.0,0.0,0.0,Training
mp-aaabfqth,Bulk ZnO,2.2259,2.2075681041070534,875.6800115963484,51,17.170196305810755,5,17.170196305810755,0,0.0,0.002520975784388064,0.058240452362305205,5.3307505932451145,63.67446712461296,0.0582404489703551,0.0196078431372549,0.11764705882352941,0.16666666666666666,3.081372549019608,2.33,0.7303921568627452,5.647058823529411,0.29888009216125266,0,0.0,0.0,0.0,0.0,Training
mp-aaabfran,Bulk ZnO,2.7793,3.9236228823926105,621.124664478415,44,14.116469647236704,2,14.116469647236704,0,0.0,0.006316965187153605,0.0708392413251673,5.1569519486896604,49.836055119803,0.07083923630696953,0.09090909090909091,0.6363636363636364,0.14285714285714288,2.7218181818181817,2.49,0.9318181818181819,4.545454545454546,0.5050606480207179,0,0.0,0.0,0.0,0.0,Training
mp-aaabfrbd,Bulk ZnO,2.2995,7.6843455132736125,1545.099038279487,102,15.148029787053796,3,15.148029787053796,0,0.0,0.004973367611328239,0.0660151857408312,8.822968547264722,70.77657475203266,0.06601518138282675,0.0784313725490196,0.5588235294117647,0.14035087719298245,2.4808823529411765,2.55,1.1269607843137255,4.235294117647059,0.5586427421735298,0,0.0,0.0,0.0,0.0,Training
mp-aaabfrbl,2D ZnO,3.147,3.821280968463008,1796.8625504588372,48,37.43463646789244,3,37.43463646789244,1,0.0,0.0021266406645779477,0.026713228559270143,3.948234613565725,136.0464976219847,0.026713227845673586,0.08333333333333333,0.25,0.3333333333333333,2.335,2.65,1.4333333333333333,4.666666666666666,0.524868316431837,0,0.0,0.0,0.0,0.0,Training
mp-aaabfrnc,2D ZnO,3.4336,4.54920098534429,832.1545982567941,52,16.002973043399887,2,16.002973043399887,1,0.0,0.005466773836104496,0.06248838870677411,5.528432412604607,59.73127542673576,0.062488384801975626,0.07692307692307693,0.6153846153846154,0.125,2.6315384615384616,2.55,1.0115384615384615,4.461538461538462,0.5679544441009697,0,0.0,0.0,0.0,0.0,Training
mp-aaabfrve,Bulk ZnO,2.8884,3.4147279866866125,377.0688009386184,28,13.466742890664943,2,13.466742890664943,0,0.0,0.009055981237870919,0.07425700543322866,3.8757090289870355,40.89296294887815,0.07425699991912621,0.14285714285714285,0.6428571428571429,0.22222222222222218,2.876428571428572,1.81,0.8178571428571428,5.0,0.37870610996938536,0,0.0,0.0,0.0,0.0,Training
mp-aaabfrxn,Bulk ZnO,0.7656000000000001,3.91613133695054,655.1468548617518,44,14.889701246857994,2,14.889701246857994,0,0.0,0.0059774862809604985,0.06716051473571498,5.066092591479122,52.565832010347535,0.06716051022518055,0.09090909090909091,0.6363636363636364,0.14285714285714288,2.9509090909090907,1.81,0.8363636363636364,5.272727272727273,0.3807452149590446,0,0.0,0.0,0.0,0.0,Training
mp-aaabfscn,2D ZnO,4.1684,3.2967096142468026,720.3347285272761,46,15.659450620158175,2,15.659450620158175,1,0.0,0.00457663567184512,0.06385920069971772,5.1315241907123115,56.1085612058371,0.06385919662172047,0.13043478260869565,0.6086956521739131,0.21428571428571427,2.761304347826087,2.62,0.9195652173913044,4.869565217391305,0.560208870725988,0,0.0,0.0,0.0,0.0,Training
mp-aaabfsec,2D ZnO,3.6546,3.8239343943927526,1310.8138164495774,64,20.481465882024647,2,20.481465882024647,1,0.0,0.0029172216118000054,0.04882463031504205,5.847895956226394,81.9258635280986,0.048824627931197635,0.25,0.375,0.6666666666666666,2.755,1.79,0.9874999999999999,5.25,0.33657558988088276,0,0.0,0.0,0.0,0.0,Training
mp-aaabfsgd,2D ZnO,1.7792,3.3655933128693665,157.3862898158647,10,15.73862898158647,2,15.73862898158647,1,0.0,0.021384285230987832,0.06353793593901716,1.8521565884123037,33.90784825147107,0.06353793190194812,0.2,0.4,0.5,2.056,2.62,1.31,3.2,0.48783344453918354,0,0.0,0.0,0.0,0.0,Training
mp-aaabfsln,2D ZnO,3.2787,2.9452314576917686,366.7753324526893,24,15.282305518862055,2,15.282305518862055,1,0.0,0.00803006962871931,0.06543515301181216,3.352827437986906,44.08179713577067,0.0654351487300532,0.08333333333333333,0.5833333333333334,0.14285714285714285,2.5708333333333333,2.51,0.9875,4.166666666666667,0.48614846505448295,0,0.0,0.0,0.0,0.0,Training
mp-aaabfsls,Bulk ZnO,2.4602,5.0866089092465705,120.59091343594675,12,10.049242786328895,2,10.049242786328895,0,0.0,0.04218069806684383,0.0995099851065805,2.428900463638175,23.007022688774033,0.09950997520434438,0.16666666666666666,0.5,0.3333333333333333,2.410833333333333,2.46,1.0083333333333333,4.0,0.40630573729817077,0,0.0,0.0,0.0,0.0,Training
mp-aaabfsmh,Bulk ZnO,3.1818,4.228213571336432,274.9157398568852,24,11.454822494036883,2,11.454822494036883,0,0.0,0.015380034528170496,0.08729947587756834,3.691005621033506,33.04142563994466,0.08729946825637051,0.25,0.5833333333333334,0.42857142857142855,2.771666666666667,1.79,0.8416666666666667,4.666666666666666,0.3771484545488769,0,0.0,0.0,0.0,0.0,Test
mp-aaabfsmn,Bulk ZnO,1.9057999999999997,5.363013136445741,346.8022520453563,30,11.560075068178543,2,11.560075068178543,0,0.0,0.015464181979257573,0.08650462856878009,4.269994199340589,35.91984102311115,0.08650462108572997,0.06666666666666667,0.6,0.11111111111111112,2.6973333333333334,1.89,0.9233333333333332,4.3999999999999995,0.42952703877890946,0,0.0,0.0,0.0,0.0,Training
mp-aaabfssy,Bulk ZnO,3.5046999999999997,3.2023058052282605,505.36222693070835,40,12.634055673267708,3,12.634055673267708,0,0.0,0.006336654452148711,0.07915114717405367,5.021795988628897,43.2078626205241,0.07915114090915007,0.1,0.55,0.18181818181818182,2.5810000000000004,2.62,0.9550000000000001,4.4,0.5172128327225926,0,0.0,0.0,0.0,0.0,Training
mp-aaabfstt,Bulk ZnO,2.9715999999999996,3.948380377309034,265.60950333874797,23,11.548239275597737,2,11.548239275597737,0,0.0,0.014865358082739321,0.08659328717868464,3.5780518753206727,32.841656351297374,0.08659327968028792,0.17391304347826086,0.043478260869565216,4.0,2.593913043478261,1.79,0.8608695652173913,4.521739130434783,0.31345698281141166,0,0.0,0.0,0.0,0.0,Test
mp-aaabfsue,Bulk ZnO,2.4032,5.352608215682955,1207.384461408581,88,13.720277970552058,2,13.720277970552058,0,0.0,0.004433226024325671,0.07288482071181852,8.264199856699587,61.02725008716911,0.07288481539962183,0.09090909090909091,0.6363636363636364,0.14285714285714288,2.847272727272727,1.81,0.9136363636363636,4.7272727272727275,0.4719817403231222,0,0.0,0.0,0.0,0.0,Test
mp-aaabfsvt,2D ZnO,4.5196,4.039933437421281,833.0916857201086,56,14.87663724500194,2,14.87663724500194,1,0.0,0.004849326318662321,0.06721949211579836,5.951463305797147,56.91596656151468,0.06721948759733853,0.07142857142857142,0.6428571428571429,0.11111111111111109,2.9142857142857146,1.8199999999999998,0.8321428571428571,5.2857142857142865,0.4517052693430214,0,0.0,0.0,0.0,0.0,Training
mp-aaabfsyk,Bulk ZnO,4.8807,3.163638741432078,369.12951866463777,26,14.197289179409145,3,14.197289179409145,0,0.0,0.008570538473533224,0.070435981641505,3.624491529845948,42.0594133760421,0.07043597668027783,0.07692307692307693,0.6153846153846154,0.125,2.800769230769231,2.62,0.8730769230769231,4.923076923076923,0.5537008593612558,0,0.0,0.0,0.0,0.0,Training
mp-aaabfszj,Bulk ZnO,2.7833,3.9812910431919355,523.6015580342996,44,11.900035409870446,1,11.900035409870446,0,0.0,0.007603665386593698,0.08403336339407472,5.459074649979369,42.01127019955734,0.08403335633246915,0.2727272727272727,0.5454545454545454,0.5,2.6972727272727273,1.79,0.8499999999999999,4.363636363636363,0.3762365582741641,0,0.0,0.0,0.0,0.0,Test
mp-aaabfszt,2D ZnO,4.7325,4.227355545902371,921.6401072543193,56,16.457859058112845,2,16.457859058112845,1,0.0,0.004586774721096057,0.060761244610796045,5.754411365606384,62.965503587874174,0.06076124091886742,0.14285714285714285,0.5714285714285714,0.25,2.627142857142857,2.65,1.0499999999999998,4.571428571428571,0.6544062113635258,0,0.0,0.0,0.0,0.0,Training
mp-aaabftbp,Bulk ZnO,2.3147,7.976316191991466,1509.9731111187884,102,14.803657952144984,3,14.803657952144984,0,0.0,0.005282422669157037,0.06755087176646798,8.890859908555132,69.16755633455182,0.06755086720334803,0.0784313725490196,0.5588235294117647,0.14035087719298245,2.4855882352941174,2.55,1.1269607843137255,4.235294117647059,0.5586427421735298,0,0.0,0.0,0.0,0.0,Test
mp-aaabftbu,2D ZnO,4.0926,3.678207697650491,1187.0773577189962,64,18.548083714359315,2,18.548083714359315,1,0.0,0.0030985408606548394,0.05391392530894353,6.044406076917544,74.19233485743727,0.05391392240223234,0.25,0.375,0.6666666666666666,2.8112500000000002,1.79,0.9562499999999999,5.25,0.31636957673904037,0,0.0,0.0,0.0,0.0,Training
mp-aaabftce,Bulk ZnO,4.676,2.767579400877138,679.4742301934657,60,11.324570503224429,2,11.324570503224429,0,0.0,0.004073119005689339,0.08830356963341536,6.824857484661906,44.334194613208716,0.08830356183589565,0.06666666666666667,0.5333333333333333,0.125,2.498,2.46,0.9299999999999999,4.266666666666667,0.40604747502105176,0,0.0,0.0,0.0,0.0,Training
mp-aaabftim,Bulk ZnO,3.4214,3.839413888531861,334.0353150523495,26,12.847512117398058,1,12.847512117398058,0,0.0,0.011494035856448752,0.07783608148116111,3.747220247080257,38.06070413660781,0.07783607542270601,0.23076923076923078,0.6153846153846154,0.375,2.8346153846153848,1.79,0.8346153846153848,4.923076923076923,0.377711550547864,0,0.0,0.0,0.0,0.0,Training
mp-aaabftjq,Bulk ZnO,1.6552999999999995,7.497487972506014,138.91922704553247,10,13.891922704553247,2,13.891922704553247,0,0.0,0.05397012445259734,0.0719842761342343,1.9308381920747468,29.929240185931064,0.07198427095249867,0.1,0.6,0.16666666666666669,2.787,1.9,0.9550000000000001,5.0,0.46147607852140804,0,0.0,0.0,0.0,0.0,Test
mp-aaabftjv,Bulk ZnO,3.5446999999999997,3.171472649743275,949.917494214886,72,13.193298530762306,2,13.193298530762306,0,0.0,0.0033386822214117877,0.07579605643488917,7.324374373345473,54.88633369306626,0.07579605068984743,0.05555555555555555,0.5555555555555556,0.09999999999999999,2.5272222222222225,2.44,0.9861111111111109,4.444444444444445,0.4713661784549016,0,0.0,0.0,0.0,0.0,Test
mp-aaabftko,Bulk ZnO,3.2287,4.411742803104977,580.791062079664,44,13.19979686544691,2,13.19979686544691,0,0.0,0.0075960927967928015,0.07575874160743326,5.273666981236414,46.59988089057269,0.07575873586804678,0.18181818181818182,0.5454545454545454,0.33333333333333337,2.628181818181818,2.55,0.9227272727272726,4.363636363636363,0.5173586543094344,0,0.0,0.0,0.0,0.0,Training
mp-aaabftpg,Bulk ZnO,2.3529999999999998,5.266284430091734,140.56817096329766,14,10.040583640235548,1,10.040583640235548,0,0.0,0.03746427369725655,0.09959580397226196,2.692561950662502,24.19923498831808,0.09959579405293878,0.2857142857142857,0.5714285714285714,0.5,2.708571428571428,1.79,0.8857142857142857,4.571428571428571,0.38253358792316244,0,0.0,0.0,0.0,0.0,Training
mp-aaabftur,Bulk ZnO,3.8335,3.2383434443567887,376.1099121145365,28,13.432496861233446,2,13.432496861233446,0,0.0,0.008610098644171383,0.07444632299792509,3.8789999289182044,40.78897183357594,0.0744463174556705,0.14285714285714285,0.5714285714285714,0.25,2.647142857142857,2.51,0.9357142857142855,4.571428571428571,0.4734055491205218,0,0.0,0.0,0.0,0.0,Training
mp-aaabftxa,Bulk ZnO,2.9590999999999994,6.584872738178803,332.6846012273286,23,14.46454787944907,3,14.46454787944907,0,0.0,0.01979313954985027,0.06913454940550055,3.3193287653104706,41.135250092847194,0.06913454462591496,0.13043478260869565,0.6086956521739131,0.21428571428571427,2.8939130434782614,1.79,0.9369565217391305,5.130434782608695,0.4794314241337464,0,0.0,0.0,0.0,0.0,Training
mp-aaabftyv,Bulk ZnO,2.2666,4.07033979459434,558.850646796701,38,14.706595968334236,2,14.706595968334236,0,0.0,0.007283412514462117,0.06799670040253826,4.613370603701382,49.4432139632685,0.0679966957789873,0.05263157894736842,0.631578947368421,0.08333333333333333,2.9889473684210524,1.79,0.8394736842105263,5.368421052631579,0.3828817077610192,0,0.0,0.0,0.0,0.0,Test
mp-aaabftza,2D ZnO,3.2928,4.463005498349836,1387.7347886077584,64,21.683356071996226,2,21.683356071996226,1,0.0,0.003216036331284406,0.04611832212133836,5.737787791801437,86.73342428798492,0.04611831999443882,0.25,0.375,0.6666666666666666,2.705,1.79,1.025,5.25,0.33174318313956525,0,0.0,0.0,0.0,0.0,Training
mp-aaabfueb,Bulk ZnO,0.31420000000000003,5.6220923842811565,97.55025285031117,8,12.193781606288896,2,12.193781606288896,0,0.0,0.05763278125899007,0.08200901346996849,1.7378562649069622,24.387563212577795,0.08200900674449076,0.25,0.25,1.0,2.485,1.79,0.9750000000000001,4.0,0.35988894481035394,0,0.0,0.0,0.0,0.0,Test
mp-aaabfuey,2D ZnO,3.7598,4.202386952769096,1420.1089272616978,64,22.189201988464028,3,22.189201988464028,1,0.0,0.0029592004332176696,0.04506696547806863,5.693850869485944,88.75680795385612,0.04506696344703734,0.125,0.375,0.3333333333333333,2.66,2.55,1.0875,5.25,0.4624919434186715,0,0.0,0.0,0.0,0.0,Test
mp-aaabfufw,Bulk ZnO,2.9017999999999997,6.359314631526265,254.3736118607243,20,12.718680593036215,2,12.718680593036215,0,0.0,0.024999899105132586,0.07862450768262269,3.1565013310562975,34.52381066158126,0.07862450150080998,0.1,0.6,0.16666666666666669,2.603,2.34,1.025,4.3999999999999995,0.5380246771678349,0,0.0,0.0,0.0,0.0,Training
mp-aaabfuhw,Bulk ZnO,3.6118000000000006,3.0619890850635985,285.85662500209,22,12.993482954640456,2,12.993482954640456,0,0.0,0.010711625399765392,0.07696165866311179,3.3396933632983665,36.40825028110293,0.07696165274001535,0.09090909090909091,0.5454545454545454,0.16666666666666669,2.540909090909091,2.51,0.9772727272727273,4.363636363636363,0.4756482013686104,0,0.0,0.0,0.0,0.0,Training
mp-aaabfujg,Bulk ZnO,4.4518,3.7455143355722393,579.8405984470664,44,13.17819541925151,2,13.17819541925151,0,0.0,0.006459558619392131,0.0758829238894985,5.276546906294983,46.52362026095613,0.07588291813128079,0.09090909090909091,0.6363636363636364,0.14285714285714288,2.8236363636363633,2.49,0.8681818181818182,5.090909090909092,0.4974097539895264,0,0.0,0.0,0.0,0.0,Training
mp-aaabfujt,2D ZnO,4.0027,4.548273847973417,371.1014187351236,24,15.462559113963485,2,15.462559113963485,1,0.0,0.012256147830088953,0.06467234774203377,3.3397480387522283,44.60173847593347,0.06467234355952148,0.08333333333333333,0.5833333333333334,0.14285714285714285,2.609166666666667,2.55,1.0041666666666667,4.666666666666666,0.5682526787458076,0,0.0,0.0,0.0,0.0,Training
mp-aaabfuls,Bulk ZnO,4.2768999999999995,3.589273092808146,552.3190597985699,42,13.150453804727855,2,13.150453804727855,0,0.0,0.006498550120861571,0.07604300314263525,5.1190096343882585,45.71132781758242,0.07604299736009737,0.047619047619047616,0.5714285714285714,0.08333333333333333,2.7119047619047616,2.55,0.8547619047619046,4.571428571428571,0.5342673571587504,0,0.0,0.0,0.0,0.0,Training
mp-aaabfumc,Bulk ZnO,5.3796,3.927534970128226,186.57807286097986,24,7.774086369207494,1,7.774086369207494,0,0.0,0.02105035661427723,0.1286324787901658,4.200081400220095,22.424345451044378,0.12863246224385333,0.08333333333333333,0.5833333333333334,0.14285714285714285,2.8241666666666667,1.79,0.7458333333333333,4.666666666666667,0.2889407942115847,0,0.0,0.0,0.0,0.0,Training
mp-aaabfurm,Bulk ZnO,3.0952,5.086003792677434,251.3631142081916,18,13.964617456010645,2,13.964617456010645,0,0.0,0.020233691839387974,0.07160955200885796,2.8521475493439037,36.59765102125923,0.0716095468809304,0.1111111111111111,0.6666666666666666,0.16666666666666666,2.9499999999999997,1.79,0.8666666666666666,5.111111111111111,0.43599169418236755,0,0.0,0.0,0.0,0.0,Test
mp-aaabfuvi,Bulk ZnO,4.7158999999999995,3.1210564767365065,475.33424559792905,36,13.203729044386918,1,13.203729044386918,0,0.0,0.006566024867008034,0.0757361800320428,4.612851417857841,43.597752718682585,0.07573617429607427,0.1111111111111111,0.6666666666666666,0.16666666666666666,2.963333333333333,1.79,0.7722222222222221,5.333333333333334,0.33866481427121103,0,0.0,0.0,0.0,0.0,Test
mp-aaabfuvq,Bulk ZnO,2.2989,5.903682629547151,882.6481500908423,68,12.980119854277092,3,12.980119854277092,0,0.0,0.006688602507057363,0.07704089108780371,7.088913998509747,52.98037242670876,0.07704088515250528,0.23529411764705882,0.5882352941176471,0.39999999999999997,2.7841176470588236,1.79,0.9235294117647059,4.823529411764706,0.4394904458593968,0,0.0,0.0,0.0,0.0,Training
mp-aaabfvci,Bulk ZnO,0.7918000000000001,4.704856461969447,411.2801818232697,30,13.709339394108989,1,13.709339394108989,0,0.0,0.011439540901562724,0.07294297494959588,4.034056660014902,42.59810500052924,0.07294296962891868,0.4,0.4666666666666667,0.8571428571428572,2.3746666666666667,2.62,1.1133333333333333,3.7333333333333334,0.49427501616204017,0,0.0,0.0,0.0,0.0,Training
mp-aaabfvcx,Bulk ZnO,4.2225,2.823240777152249,433.88379275174486,31,13.996251379088545,2,13.996251379088545,0,0.0,0.006506905361103501,0.07144770216788729,4.0948426484579565,43.96755328827511,0.0714476970631135,0.06451612903225806,0.6129032258064516,0.10526315789473684,2.758064516129032,2.62,0.8806451612903226,4.903225806451613,0.4913138079397182,0,0.0,0.0,0.0,0.0,Training
mp-aaabfvdi,2D ZnO,3.3327999999999998,4.374477635858595,1389.8762944185619,88,15.79404880021093,2,15.79404880021093,1,0.0,0.0031473863202254307,0.06331498735059277,7.8854041346012265,70.25130016229859,0.06331498334180541,0.09090909090909091,0.5454545454545454,0.16666666666666669,2.559090909090909,2.55,0.9954545454545454,4.363636363636363,0.588279568621326,0,0.0,0.0,0.0,0.0,Training
mp-aaabfvfc,2D ZnO,3.4961000000000007,5.851679509297239,746.8467826242442,50,14.936935652484884,3,14.936935652484884,1,0.0,0.007835180716365693,0.06694813603442429,5.51094613531159,55.028141436918915,0.06694813155237167,0.08,0.6,0.13333333333333333,2.9,1.79,0.928,5.119999999999999,0.4869640564462584,0,0.0,0.0,0.0,0.0,Test
mp-aaabfvjx,2D ZnO,3.3079,2.4039580939375105,1067.960196092998,48,22.24917075193746,3,22.24917075193746,1,0.0,0.0022509809848083265,0.044945495324265956,4.695943704527455,80.85885269356821,0.0449454933041685,0.08333333333333333,0.25,0.3333333333333333,2.5091666666666663,2.62,1.2,4.666666666666666,0.5139827241652198,0,0.0,0.0,0.0,0.0,Training
mp-aaabfvkh,Bulk ZnO,3.6862,3.7408592063385515,1082.2499480125834,88,12.298294863779358,1,12.298294863779358,0,0.0,0.0034565575292548373,0.08131208521802287,8.571170762873189,54.702325849992334,0.0813120786063682,0.18181818181818182,0.6363636363636364,0.28571428571428575,2.887272727272727,1.79,0.8090909090909091,5.090909090909092,0.36590246040255414,0,0.0,0.0,0.0,0.0,Training
mp-aaabfvly,2D ZnO,4.2269,4.229154126530044,758.0443858780336,40,18.95110964695084,2,18.95110964695084,1,0.0,0.005579032316994823,0.05276735867342185,4.386940856757296,64.8118833182373,0.05276735588902786,0.05,0.6,0.08333333333333334,2.6645000000000003,2.62,1.07,4.199999999999999,0.5937338382898597,0,0.0,0.0,0.0,0.0,Training
mp-aaabfvov,2D ZnO,3.2028,3.239904819770899,157.27202028377692,14,11.233715734555494,1,11.233715734555494,1,0.0,0.02060064348334123,0.0890177412024009,2.5936470772672404,27.07485307558249,0.08901773327824337,0.14285714285714285,0.5714285714285714,0.25,2.9299999999999997,1.79,0.7357142857142857,4.857142857142857,0.3459908675957523,0,0.0,0.0,0.0,0.0,Training
mp-aaabfvsu,2D ZnO,4.5467,3.064941804489791,611.9837085052178,32,19.124490890788056,3,19.124490890788056,1,0.0,0.005008208162887165,0.05228897363650517,3.7690915921795223,60.71647391678643,0.052288970902368545,0.125,0.5,0.25,2.74625,2.62,1.0125,5.0,0.5612873047732385,0,0.0,0.0,0.0,0.0,Training
mp-aaabfway,2D ZnO,3.965,4.193612390316792,464.52796015719576,28,16.59028429132842,2,16.59028429132842,1,0.0,0.009027685629294905,0.060276242554968766,3.6153810569351386,50.377874319329926,0.060276238921743566,0.14285714285714285,0.5714285714285714,0.25,2.627142857142857,2.65,1.0499999999999998,4.571428571428571,0.6544062113635258,0,0.0,0.0,0.0,0.0,Training
mp-aaabfwcp,Bulk ZnO,1.5706,3.9431340037626166,714.2886488601367,32,22.321520276879273,2,22.321520276879273,0,0.0,0.005520364925377266,0.0447998159442484,3.579799712245803,70.86640953809531,0.04479981393722498,0.125,0.375,0.3333333333333333,1.913125,2.62,1.5343749999999998,3.0,0.516103437059835,0,0.0,0.0,0.0,0.0,Training
mp-aaabfwhy,Bulk ZnO,4.13,3.2023333831738503,347.0515095346305,28,12.394696769093946,2,12.394696769093946,0,0.0,0.009227256747760395,0.08067966636291499,3.9843735838684697,37.63759951877359,0.08067965985370697,0.14285714285714285,0.5714285714285714,0.25,2.654285714285714,2.46,0.8857142857142857,4.571428571428571,0.3988471941569122,0,0.0,0.0,0.0,0.0,Training
mp-aaabfwin,Bulk ZnO,2.7175,4.04849381622082,514.9100598476984,44,11.702501360174965,1,11.702501360174965,0,0.0,0.00786252616120628,0.08545181660077576,5.489619173465826,41.313906196044684,0.08545180929876343,0.2727272727272727,0.5454545454545454,0.5,2.6972727272727273,1.79,0.8499999999999999,4.363636363636363,0.3762365582741641,0,0.0,0.0,0.0,0.0,Training
mp-aaabfwqc,Bulk ZnO,2.2817,6.393416034292255,1551.248882923806,102,15.20832238160594,3,15.20832238160594,0,0.0,0.004121463747481896,0.0657534720075025,8.811293707227286,71.05828157366572,0.06575346768398371,0.0784313725490196,0.5588235294117647,0.14035087719298245,2.4808823529411765,2.55,1.1348039215686274,4.235294117647059,0.5618083828085704,0,0.0,0.0,0.0,0.0,Test
mp-aaabfwqo,Bulk ZnO,4.2757,2.7379064506719257,845.2840413228051,76,11.122158438457962,2,11.122158438457962,0,0.0,0.003239037195576662,0.08991060552978829,8.037963610253454,47.11150102143982,0.08991059744587204,0.05263157894736842,0.5263157894736842,0.1,2.581052631578947,2.51,0.8947368421052632,4.2105263157894735,0.48272940832352323,0,0.0,0.0,0.0,0.0,Training
mp-aaabfwre,2D ZnO,4.8259,2.6983903491467447,1601.5405479210883,112,14.29946917786686,2,14.29946917786686,1,0.0,0.0016848717022178703,0.06993266586062016,9.572793922809751,68.92751004169591,0.06993266097004276,0.07142857142857142,0.6428571428571429,0.11111111111111109,2.865,2.51,0.825,5.142857142857143,0.4314477791653759,0,0.0,0.0,0.0,0.0,Training
mp-aaabfwsc,Bulk ZnO,2.9724000000000004,6.0677310396343955,568.6811343433305,40,14.217028358583264,1,14.217028358583264,0,0.0,0.01066983002107314,0.07033818705132348,4.828034716945335,48.62155305279573,0.07033818210386328,0.05,0.65,0.07692307692307693,2.9485,1.79,0.8775,5.800000000000001,0.43112294978623694,0,0.0,0.0,0.0,0.0,Training
mp-aaabfwtw,2D ZnO,4.9295,3.4037547047969037,389.3748843362254,26,14.975957089854823,3,14.975957089854823,1,0.0,0.00874158771334044,0.06677369559755422,3.5605523020551133,44.36621399933241,0.0667736911388281,0.07692307692307693,0.6153846153846154,0.125,2.798461538461539,2.65,0.8923076923076924,4.923076923076923,0.6086292370204752,0,0.0,0.0,0.0,0.0,Training
mp-aaabfwzu,2D ZnO,2.8788,3.582244911591964,356.82183306670873,22,16.219174230304944,2,16.219174230304944,1,0.0,0.010039309760852707,0.0616554200479292,3.1017410720268543,45.446764104066766,0.06165541624653861,0.09090909090909091,0.5454545454545454,0.16666666666666669,2.540909090909091,2.62,1.0772727272727272,4.363636363636363,0.5612924607021251,0,0.0,0.0,0.0,0.0,Training
mp-aaabfxap,Bulk ZnO,3.4541,3.4167462190930853,1138.5007410483902,80,14.231259263104878,2,14.231259263104878,0,0.0,0.003001092661517962,0.07026785061758667,7.6614719245124965,61.32063727854147,0.07026784568001618,0.2,0.6,0.33333333333333337,2.7635,2.62,0.89,4.8,0.477230574866774,0,0.0,0.0,0.0,0.0,Test
mp-aaabfxbl,2D ZnO,3.3032000000000004,4.125787692859328,351.21186259038654,24,14.633827607932773,2,14.633827607932773,1,0.0,0.01174729026072555,0.0683348216742635,3.401638693476039,42.211263158987464,0.06833481700461597,0.16666666666666666,0.5833333333333334,0.2857142857142857,2.6725000000000003,2.55,0.9375,4.666666666666666,0.5022615520484606,0,0.0,0.0,0.0,0.0,Training
mp-aaabfxcp,Bulk ZnO,3.3261999999999996,4.857520437854515,623.0356027127608,44,14.159900061653655,2,14.159900061653655,0,0.0,0.007796537495938232,0.07062196736176793,5.151674182336932,49.98937961104241,0.070621962374306,0.18181818181818182,0.5454545454545454,0.33333333333333337,2.759090909090909,1.79,0.8909090909090909,4.545454545454545,0.4488636213856752,0,0.0,0.0,0.0,0.0,Training
mp-aaabfxdo,2D ZnO,2.9854000000000003,4.191123612556548,660.2574546049209,44,15.00585124102093,2,15.00585124102093,1,0.0,0.006347711159224088,0.06664067129136518,5.052987672602981,52.975881948888784,0.06664066685038642,0.09090909090909091,0.6363636363636364,0.14285714285714288,2.7163636363636363,2.55,0.9454545454545455,4.545454545454546,0.5314620617469563,0,0.0,0.0,0.0,0.0,Training
mp-aaabfxfk,Bulk ZnO,1.6191,6.091077647487041,624.1079566386512,42,14.85971325330122,2,14.85971325330122,0,0.0,0.009759653891119482,0.06729604959085203,4.914689108581216,51.65275920384736,0.06729604506209405,0.23809523809523808,0.5238095238095238,0.4545454545454545,2.491428571428571,2.55,1.0904761904761906,4.190476190476191,0.5207961394137648,0,0.0,0.0,0.0,0.0,Training
mp-aaabfxke,2D ZnO,4.110399999999999,3.0379730097653677,1360.6052146896518,92,14.789187116191867,2,14.789187116191867,1,0.0,0.0022328100590576646,0.06761696854218276,8.302529938308437,66.76367682259708,0.06761696397012863,0.13043478260869565,0.6086956521739131,0.21428571428571427,2.761304347826087,2.62,0.9065217391304348,4.869565217391305,0.5288626172509018,0,0.0,0.0,0.0,0.0,Training
mp-aaabfxob,Bulk ZnO,2.5064,3.306216926054979,974.3658177821575,76,12.820602865554704,3,12.820602865554704,0,0.0,0.003393198802458567,0.07799945216981287,7.666072326282291,54.30581198228249,0.07799944608589882,0.05263157894736842,0.631578947368421,0.08333333333333333,2.846842105263158,2.51,0.8499999999999999,4.947368421052632,0.43310469384750416,0,0.0,0.0,0.0,0.0,Training
mp-aaabfxrs,Bulk ZnO,3.8887000000000005,4.197205268948996,635.6426129157242,52,12.223896402225465,3,12.223896402225465,0,0.0,0.006603089823849611,0.08180697603244916,6.047822117008936,45.625829701084776,0.08180696934006837,0.07692307692307693,0.6153846153846154,0.125,2.800769230769231,2.49,0.8846153846153847,4.923076923076923,0.4808231756846479,0,0.0,0.0,0.0,0.0,Test
mp-aaabfxuk,Bulk ZnO,3.6633,3.269445834604765,1529.6004415550133,108,14.162967051435308,2,14.162967051435308,0,0.0,0.0021374508961837122,0.07060667417839242,9.37341305568136,67.44692638931808,0.07060666919309035,0.18518518518518517,0.5925925925925926,0.3125,2.737407407407407,2.51,0.887037037037037,4.7407407407407405,0.43973357239262423,0,0.0,0.0,0.0,0.0,Training
mp-aaabfybg,2D ZnO,4.0939000000000005,3.674120722325724,594.1989124549957,32,18.568716014218616,2,18.568716014218616,1,0.0,0.006183317817169515,0.05385401980590744,3.806326402622936,58.95199866933878,0.05385401690565214,0.25,0.375,0.6666666666666666,2.8112500000000002,1.79,0.9562499999999999,5.25,0.31636957673904037,0,0.0,0.0,0.0,0.0,Test
mp-aaabfygn,Bulk ZnO,2.3049,7.883161373420343,1522.1704061125731,102,14.923239275613462,3,14.923239275613462,0,0.0,0.005178895438883824,0.0670095802614471,8.867048427366935,69.72627958756833,0.06700957577116357,0.0784313725490196,0.5588235294117647,0.14035087719298245,2.484019607843137,2.55,1.1269607843137255,4.235294117647059,0.5586427421735298,0,0.0,0.0,0.0,0.0,Training
mp-aaabfygt,Bulk ZnO,2.5947999999999998,7.038753335569762,775.3200179518548,50,15.506400359037094,3,15.506400359037094,0,0.0,0.009078513610629939,0.0644894996160216,5.442640787308895,57.126067353221266,0.06448949545712632,0.04,0.56,0.07142857142857142,2.9708,2.33,0.8940000000000001,5.600000000000001,0.4871412811793375,0,0.0,0.0,0.0,0.0,Test
mp-aaabfyir,2D ZnO,3.5871000000000004,4.49311053815254,653.7457242462507,42,15.565374386815492,2,15.565374386815492,1,0.0,0.006872871777988242,0.06424516205964444,4.839267953185767,54.105656106203746,0.06424515793220387,0.14285714285714285,0.5714285714285714,0.25,2.5999999999999996,2.55,1.0,4.571428571428571,0.5470701182527845,0,0.0,0.0,0.0,0.0,Training
mp-aaabfyyb,Bulk ZnO,1.9122999999999999,4.408423567123889,1385.4025778540795,64,21.646915278969992,3,21.646915278969992,0,0.0,0.0031820523778383035,0.046195958505529024,5.7410056839882815,86.58766111587998,0.04619595637146254,0.125,0.375,0.3333333333333333,2.73375,1.79,1.025,5.25,0.33174318313956525,0,0.0,0.0,0.0,0.0,Training
mp-aaabfzqk,Bulk ZnO,3.4382999999999995,4.003285829352807,234.7613099162203,20,11.738065495811016,1,11.738065495811016,0,0.0,0.01705257919536003,0.08519291363273376,3.24206079372928,31.86201176657425,0.08519290637490184,0.2,0.6,0.33333333333333337,2.774,1.79,0.8500000000000001,4.8,0.3720326659017246,0,0.0,0.0,0.0,0.0,Training
mp-aaabfzzw,Bulk ZnO,2.9504,3.9630954232721525,499.92715803307044,44,11.361980864387965,2,11.361980864387965,0,0.0,0.007927345733455816,0.08801282205414689,5.543921852727021,40.11175023059864,0.08801281430789074,0.09090909090909091,0.6363636363636364,0.14285714285714288,2.908181818181818,1.79,0.8090909090909091,5.090909090909092,0.36590246040255414,0,0.0,0.0,0.0,0.0,Training
mp-aaabjfta,Bulk ZnO,3.3916999999999997,4.0957035505055375,917.856103283554,80,11.473201291044425,1,11.473201291044425,0,0.0,0.004462250167377542,0.08715963179174452,8.231869058262252,49.43652573428942,0.08715962419494377,0.2,0.6,0.33333333333333337,2.774,1.79,0.8500000000000001,4.8,0.3720326659017246,0,0.0,0.0,0.0,0.0,Training
mp-aaabjknk,2D ZnO,1.0540000000000003,6.488903893846979,381.66513967910504,18,21.20361887106139,3,21.20361887106139,1,0.0,0.017001562938922573,0.04716176073909703,2.4814851102844764,55.569201682419504,0.047161758514865454,0.1111111111111111,0.2222222222222222,0.5,2.141111111111111,2.55,1.3722222222222222,3.7777777777777777,0.3921068830054875,0,0.0,0.0,0.0,0.0,Training
mp-aaabkclh,Bulk ZnO,2.0130999999999997,4.322016445510716,132.43413359202688,11,12.039466690184263,1,12.039466690184263,0,0.0,0.03263521516911196,0.08306015754130511,2.1580394205636537,26.775534220042257,0.08306015064231591,0.18181818181818182,0.6363636363636364,0.28571428571428575,2.785454545454545,1.81,0.8727272727272728,4.545454545454546,0.41339864235336865,0,0.0,0.0,0.0,0.0,Training
mp-aaabkekn,2D ZnO,3.1234,3.6139220656287834,148.20580247472665,10,14.820580247472666,1,14.820580247472666,1,0.0,0.024384484313595352,0.06747374146639966,1.889636478766983,31.929972211556432,0.06747373691369417,0.2,0.6,0.33333333333333337,2.702,1.9,0.91,4.3999999999999995,0.4175824175819587,0,0.0,0.0,0.0,0.0,Training
mp-aaabkgtj,Bulk ZnO,0.14360000000000017,1.4776264755945518,1897.0471598623456,84,22.58389476026602,3,22.58389476026602,0,0.0,0.0007789086675640537,0.044279342009660556,6.785573779262231,98.90659935579885,0.044279340049000505,0.07142857142857142,0.07142857142857142,1.0,2.7078571428571427,1.79,0.7678571428571428,4.285714285714286,0.3252157415142433,0,0.0,0.0,0.0,0.0,Training
mp-aaabkjrq,2D ZnO,4.0847,4.266116369641619,710.9877794353596,40,17.77469448588399,2,17.77469448588399,1,0.0,0.006000266802095547,0.05625975742053757,4.481663854246564,60.78860006077709,0.05625975425537744,0.1,0.6,0.16666666666666669,2.8280000000000003,2.55,0.94,5.199999999999999,0.5226858934691566,0,0.0,0.0,0.0,0.0,Test
mp-aaabknpd,Bulk ZnO,3.3367999999999993,4.108569783700309,457.4908908673707,40,11.437272271684268,1,11.437272271684268,0,0.0,0.00898065921249437,0.0874334348475503,5.191177047198708,39.11492096034489,0.08743342720294543,0.2,0.6,0.33333333333333337,2.774,1.79,0.8500000000000001,4.8,0.3720326659017246,0,0.0,0.0,0.0,0.0,Test
mp-aaabksim,Bulk ZnO,2.1359,7.9723207000259935,260.9820839267841,24,10.874253496949338,1,10.874253496949338,0,0.0,0.030547386931980156,0.09196033550997683,3.7555568757307944,31.366774866778034,0.09196032705327431,0.16666666666666666,0.6666666666666666,0.25,2.961666666666666,1.79,0.85,4.666666666666667,0.4159451654033622,0,0.0,0.0,0.0,0.0,Training
mp-aaabkssd,Bulk ZnO,2.7511,7.564684625971213,711.7588535711274,48,14.828309449398487,2,14.828309449398487,0,0.0,0.01062815669663498,0.06743857102608317,5.3760538638864235,53.8896529147788,0.06743856647812262,0.041666666666666664,0.625,0.06666666666666667,2.90625,1.79,0.9145833333333334,5.5,0.473842428797874,0,0.0,0.0,0.0,0.0,Training
mp-aaabldfj,Bulk ZnO,4.1996,3.178890450976561,1398.4434529,112,12.486102258035714,2,12.486102258035714,0,0.0,0.002273163383463512,0.0800890445500258,10.015432753544825,60.186565533811304,0.08008903813577126,0.14285714285714285,0.5714285714285714,0.25,2.654285714285714,2.46,0.8857142857142857,4.571428571428571,0.3988471941569122,0,0.0,0.0,0.0,0.0,Test
mp-aaablfkv,2D ZnO,3.8873,3.110320386904213,2555.9459126710613,168,15.213963765899175,2,15.213963765899175,1,0.0,0.0012168960115645831,0.06572909041898839,12.287364131487323,83.94834490465121,0.06572908609867535,0.14285714285714285,0.5714285714285714,0.25,2.6314285714285712,2.62,0.9928571428571427,4.571428571428571,0.5649200123562824,0,0.0,0.0,0.0,0.0,Training
mp-aaablkkv,Bulk ZnO,0.6963000000000001,3.998565397135671,758.5612096371117,40,18.96403024092779,2,18.96403024092779,0,0.0,0.005271249500153779,0.0527314071584752,4.385944325277796,64.85607112807203,0.05273140437787405,0.1,0.6,0.16666666666666669,2.8280000000000003,2.55,0.94,5.199999999999999,0.5226858934691566,0,0.0,0.0,0.0,0.0,Training
mp-aaablnen,Bulk ZnO,0.11430000000000007,2.220215909808713,1674.7382068247923,96,17.44518965442492,2,17.44518965442492,0,0.0,0.0013257092366801108,0.05732239200657546,8.08392465253566,79.879028245857,0.05732238872071903,0.125,0.5416666666666666,0.23076923076923078,2.787916666666667,1.79,0.7895833333333333,4.666666666666666,0.32339933582978453,0,0.0,0.0,0.0,0.0,Training
mp-aaablsbq,Bulk ZnO,3.7521,2.9688413707280628,294.8254070694476,22,13.401154866793071,2,13.401154866793071,0,0.0,0.010069828785240133,0.07462043457746433,3.305478818434751,37.550563012958044,0.07462042900925549,0.09090909090909091,0.5454545454545454,0.16666666666666669,2.540909090909091,2.51,0.9772727272727273,4.363636363636363,0.4756482013686104,0,0.0,0.0,0.0,0.0,Training
mp-aaabmgkt,Bulk ZnO,2.9687,3.7051160979068705,630.6643051341277,32,19.708259535441492,2,19.708259535441492,0,0.0,0.005874941815707927,0.05074014771328201,3.731503854885871,62.56982383804426,0.05074014513871955,0.125,0.5625,0.2222222222222222,2.65125,2.51,0.9937499999999999,4.875,0.4668937724012274,0,0.0,0.0,0.0,0.0,Training
mp-aaabmgmg,Bulk ZnO,2.9042000000000003,5.670663448078785,323.276747421403,23,14.055510757452305,3,14.055510757452305,0,0.0,0.017541204226132815,0.07114647181852106,3.351220572294413,39.97200292806708,0.07114646675670097,0.13043478260869565,0.6086956521739131,0.21428571428571427,2.7165217391304353,2.34,0.967391304347826,4.739130434782609,0.5108888808282441,0,0.0,0.0,0.0,0.0,Test
mp-aaabmlsf,Bulk ZnO,0.6033,5.946568662481189,498.9382964624441,42,11.879483249105812,1,11.879483249105812,0,0.0,0.011918445035475038,0.08417874574428745,5.295419175794892,41.293400301374064,0.08417873865822682,0.3333333333333333,0.5714285714285714,0.5833333333333334,2.7109523809523806,1.79,0.930952380952381,4.571428571428571,0.4115343035394184,0,0.0,0.0,0.0,0.0,Training
mp-aaabmmrg,2D ZnO,3.1448,4.052148221592877,292.73336959673594,18,16.26296497759644,3,16.26296497759644,1,0.0,0.013842454063829626,0.06148940253991701,2.710909968101315,42.621025509356556,0.06148939875897062,0.1111111111111111,0.1111111111111111,1.0,3.035555555555556,3.19,0.9388888888888889,5.111111111111112,0.7292284261769226,0,0.0,0.0,0.0,0.0,Training
mp-aaabmmsp,Bulk ZnO,4.2378,2.9127629437909923,307.0315749136052,24,12.792982288066883,3,12.792982288066883,0,0.0,0.009486851456924609,0.07816785621072783,3.557543574801608,36.9013464158295,0.07816785010051457,0.08333333333333333,0.5833333333333334,0.14285714285714285,2.6683333333333334,2.51,0.8999999999999999,4.666666666666666,0.4496226126727962,0,0.0,0.0,0.0,0.0,Training
mp-aaabmmzp,Bulk ZnO,2.2354,7.257434684393525,556.6705867826716,40,13.916764669566792,3,13.916764669566792,0,0.0,0.01303721600657676,0.07185578140778669,4.862510659690608,47.59466568103858,0.07185577624453374,0.05,0.6,0.08333333333333334,2.5515000000000003,2.55,1.0724999999999998,4.3999999999999995,0.5819995160005745,0,0.0,0.0,0.0,0.0,Training
mp-aaabmntv,Bulk ZnO,0.4330999999999996,6.78887706981595,131.76633715271083,10,13.176633715271084,3,13.176633715271084,0,0.0,0.05152208990941266,0.07589191758749796,1.9651626839261347,28.38819677402373,0.07589191182791523,0.1,0.6,0.16666666666666669,2.648,2.55,1.0350000000000001,4.3999999999999995,0.562153635442239,0,0.0,0.0,0.0,0.0,Training
mp-aaabmnvj,Bulk ZnO,2.4057,5.758295043852186,730.9684104376975,60,12.182806840628292,3,12.182806840628292,0,0.0,0.007877625026783538,0.08208289050969046,6.660677108596763,47.69407627898638,0.0820828837720901,0.06666666666666667,0.6,0.11111111111111112,2.598,2.44,1.0033333333333334,4.3999999999999995,0.5125762449670072,0,0.0,0.0,0.0,0.0,Test
mp-aaabmogm,Bulk ZnO,2.4644,5.180725670290804,1249.232989987344,78,16.015807563940307,3,16.015807563940307,0,0.0,0.0041471252455022745,0.06243831264877997,7.242360206934962,68.43007923247272,0.06243830875023733,0.10256410256410256,0.5384615384615384,0.19047619047619047,2.5043589743589743,2.62,1.082051282051282,4.307692307692308,0.5455926352549778,0,0.0,0.0,0.0,0.0,Training
mp-aaabmolq,Bulk ZnO,0.7329000000000003,4.688839262613655,939.2204155163884,77,12.19766773397907,1,12.19766773397907,0,0.0,0.004992267187927028,0.08198288572940036,7.862636844097381,51.89279234640724,0.08198287900820736,0.14285714285714285,0.5714285714285714,0.25,2.724285714285714,1.79,0.9357142857142857,4.285714285714286,0.4146099424117789,0,0.0,0.0,0.0,0.0,Training
mp-aaabmvhs,Bulk ZnO,0.6833,6.026290517396148,575.1916006582294,44,13.072536378596123,1,13.072536378596123,0,0.0,0.010477014112340774,0.07649624916227553,5.290724709660079,46.15060704266623,0.07649624331059984,0.2727272727272727,0.5454545454545454,0.5,2.65,1.79,0.9772727272727273,4.363636363636363,0.42826072334531456,0,0.0,0.0,0.0,0.0,Training
mp-aaabmyxl,Bulk ZnO,0.22969999999999935,7.951559214714017,275.63334907591485,20,13.781667453795743,3,13.781667453795743,0,0.0,0.028848320572863632,0.07256016032548952,3.0731663911089675,37.40920092263584,0.07256015506051304,0.05,0.6,0.08333333333333334,2.8495,1.9,1.0025,4.8,0.5070322815815719,0,0.0,0.0,0.0,0.0,Training
mp-aaabmyxn,Bulk ZnO,0.3401999999999994,7.89207542980715,277.7108399711066,20,13.88554199855533,3,13.88554199855533,0,0.0,0.0284183196832657,0.07201735446149968,3.0654839854851175,37.69115981684704,0.07201734927500072,0.05,0.6,0.08333333333333334,2.8495,1.9,1.0025,4.8,0.5070322815815719,0,0.0,0.0,0.0,0.0,Training
mp-aaabmzhv,Bulk ZnO,4.549300000000001,3.4004281905049303,466.61862805409777,40,11.665465701352444,4,11.665465701352444,0,0.0,0.0072873819990544805,0.08572311004129601,5.157104920890435,39.89533151218938,0.08572310269284505,0.05,0.6,0.08333333333333334,2.691,2.51,0.9075000000000001,4.75,0.46434057520476474,0,0.0,0.0,0.0,0.0,Test
mp-aaabmzia,Bulk ZnO,2.0437999999999996,7.411659495992093,263.99914259141025,19,13.894691715337382,4,13.894691715337382,0,0.0,0.028074558967273126,0.07196993071074544,2.961779768264354,37.07661828168942,0.07196992553107488,0.05263157894736842,0.631578947368421,0.08333333333333333,2.6821052631578945,2.55,1.0342105263157895,4.526315789473684,0.5925421422922307,0,0.0,0.0,0.0,0.0,Training
mp-aaabnawg,Bulk ZnO,1.8634000000000002,3.729739752292549,527.919710727,39,13.536402839153848,1,13.536402839153848,0,0.0,0.007064975367478346,0.07387486999925229,4.825496236380594,45.90480420538799,0.07387486454175628,0.3076923076923077,0.5384615384615384,0.5714285714285715,2.6738461538461538,1.79,0.8692307692307693,4.307692307692308,0.3819176217170843,0,0.0,0.0,0.0,0.0,Training
mp-aaabnbbr,Bulk ZnO,1.9832,8.634133345812085,2256.017963697379,127,17.76392097399511,1,17.76392097399511,0,0.0,0.0038271562925242127,0.056293877993710745,9.6832884681921,89.29080522530448,0.05629387482471022,0.007874015748031496,0.5984251968503937,0.013157894736842105,2.8668503937007874,1.79,0.9996062992125985,5.5748031496063,0.4885003475717128,0,0.0,0.0,0.0,0.0,Training
mp-aaabnbru,Bulk ZnO,2.4402,5.648207733704648,737.3732383508792,60,12.289553972514653,3,12.289553972514653,0,0.0,0.007659903343301086,0.08136991808136246,6.64133610896592,48.111977171395885,0.08136991146029944,0.06666666666666667,0.6,0.11111111111111112,2.5966666666666667,2.44,1.0033333333333334,4.3999999999999995,0.5125762449670072,0,0.0,0.0,0.0,0.0,Training
mp-aaabnbsg,Bulk ZnO,1.6732,5.260395764850877,935.9791419120518,84,11.142608832286331,3,11.142608832286331,0,0.0,0.005620206187613061,0.08974558965961761,8.58731174098393,48.799268649281835,0.08974558160534747,0.27380952380952384,0.5714285714285714,0.47916666666666674,2.657857142857143,1.94,0.924404761904762,4.321428571428571,0.4062664845581768,0,0.0,0.0,0.0,0.0,Training
mp-aaabnlvr,Bulk ZnO,4.2163,3.5546391039209317,927.8252532946352,80,11.59781566618294,4,11.59781566618294,0,0.0,0.0038311514924805994,0.08622313276764804,8.202280001092271,49.97347279963954,0.08622312533322006,0.075,0.6,0.125,2.7,2.51,0.90125,4.7749999999999995,0.458073648770928,0,0.0,0.0,0.0,0.0,Training
mp-aaabnnxz,Bulk ZnO,0.22609999999999997,4.324089654750247,824.401076282868,52,15.853866851593615,3,15.853866851593615,0,0.0,0.005245128589893505,0.06307609426526002,5.54571006198418,59.17473490226832,0.06307609028666661,0.19230769230769232,0.5384615384615384,0.3571428571428572,2.526153846153846,2.55,1.048076923076923,4.153846153846154,0.5020050698383897,0,0.0,0.0,0.0,0.0,Training
mp-aaabnocf,2D ZnO,3.5152,3.11759446727176,1913.2874046964391,106,18.0498811763815,3,18.0498811763815,1,0.0,0.0016294438878441241,0.05540202676284167,8.538451733297755,85.42329166805061,0.055402023693457265,0.03773584905660377,0.6792452830188679,0.05555555555555556,2.9033962264150945,2.51,0.8933962264150943,4.679245283018868,0.4848690518633832,0,0.0,0.0,0.0,0.0,Training
mp-aaabnoph,Bulk ZnO,1.9482,7.4255414783730345,411.35742934577075,30,13.711914311525693,3,13.711914311525693,0,0.0,0.01805131243206846,0.07292927721692657,4.033804129921021,42.60610586762656,0.07292927189824748,0.03333333333333333,0.6,0.05555555555555556,2.8209999999999997,1.9,0.985,4.866666666666666,0.49304820513895375,0,0.0,0.0,0.0,0.0,Training
mp-aaabnoxt,Bulk ZnO,1.6626000000000003,5.272221621944072,933.8796938295976,84,11.117615402733305,3,11.117615402733305,0,0.0,0.005645504080214084,0.08994734606075207,8.593741948977488,48.68980944618292,0.08994733797022773,0.27380952380952384,0.5714285714285714,0.47916666666666674,2.657857142857143,1.94,0.924404761904762,4.321428571428571,0.4062664845581768,0,0.0,0.0,0.0,0.0,Training
mp-aaabnrkg,2D ZnO,4.0278,3.857561684501848,890.123211848615,52,17.117754074011827,3,17.117754074011827,1,0.0,0.004333739007311621,0.058418878766239545,5.405716947012291,63.89220806090306,0.05841887535347434,0.07692307692307693,0.6153846153846154,0.125,2.7084615384615387,2.62,1.0230769230769232,4.307692307692308,0.583676127980939,0,0.0,0.0,0.0,0.0,Test
mp-aaabntnw,Bulk ZnO,1.7278,4.577154913106114,269.0630717878141,21,12.812527227991149,3,12.812527227991149,0,0.0,0.01701145713788515,0.07804861462579604,3.252879154341442,35.34879112984617,0.07804860853421028,0.047619047619047616,0.5714285714285714,0.08333333333333333,2.913333333333333,2.38,0.8619047619047621,4.761904761904763,0.45498839314672707,0,0.0,0.0,0.0,0.0,Training
mp-aaabocvf,Bulk ZnO,1.5421,4.318832398697502,572.2723984492344,56,10.219149972307758,2,10.219149972307758,0,0.0,0.007546812340418372,0.09785549705306588,6.74507982561078,39.09706128691022,0.09785548747736851,0.07142857142857142,0.5714285714285714,0.125,2.555714285714286,2.46,0.9464285714285715,4.142857142857143,0.42333164677459284,0,0.0,0.0,0.0,0.0,Training
mp-aaabodqb,Bulk ZnO,4.1363,3.6254280620575514,690.8790674003858,60,11.514651123339764,4,11.514651123339764,0,0.0,0.00524755812286972,0.08684587915764445,6.787094647745815,45.07833508211155,0.08684587161543839,0.08333333333333333,0.6,0.1388888888888889,2.7030000000000003,2.51,0.8991666666666667,4.783333333333333,0.4558976925867464,0,0.0,0.0,0.0,0.0,Training
mp-aaaboesx,Bulk ZnO,3.0254000000000003,3.8459664165964633,999.5808322645316,80,12.494760403306646,3,12.494760403306646,0,0.0,0.00384757919765578,0.08003354748085906,8.00111809308817,53.83829051304122,0.08003354107549084,0.1,0.6,0.16666666666666669,2.62,2.51,0.9675,4.35,0.4865228925425423,0,0.0,0.0,0.0,0.0,Training
mp-aaabpadk,Bulk ZnO,4.0947,3.6765706083850813,1146.7515784254133,100,11.467515784254132,4,11.467515784254132,0,0.0,0.003206074164234701,0.08720284487186705,9.553816256534716,53.227493213472286,0.08720283726753157,0.09,0.6,0.15,2.7054,2.51,0.8975000000000001,4.789999999999999,0.4541244344307774,0,0.0,0.0,0.0,0.0,Test
mp-aaabpaoh,Bulk ZnO,3.6943,2.9161995508126957,1045.4458167595128,80,13.06807270949391,4,13.06807270949391,0,0.0,0.002789431555479186,0.07652237803004443,7.882357786213322,56.30861835438527,0.07652237217437055,0.025,0.6,0.04166666666666667,2.682,2.51,0.9137500000000001,4.725,0.47023616454772704,0,0.0,0.0,0.0,0.0,Training
mp-aaabpfsg,2D ZnO,0.14839999999999987,2.1892382560651793,261.9641956206043,14,18.711728258614592,2,18.711728258614592,1,0.0,0.008357013258543905,0.053442417834366276,2.188000363704448,45.09792711184901,0.053442414978274407,0.07142857142857142,0.5714285714285714,0.125,3.1064285714285713,1.79,0.7285714285714285,5.142857142857142,0.37830943885388735,0,0.0,0.0,0.0,0.0,Training
mp-aaabpict,2D ZnO,2.5759,2.2492891176033374,282.534598521983,14,20.181042751570214,1,20.181042751570214,1,0.0,0.007961110353811512,0.04955145342636934,2.1335565400470284,48.63918407068656,0.049551450971022926,0.14285714285714285,0.5714285714285714,0.25,2.827142857142857,1.79,0.8214285714285714,5.142857142857142,0.3379018996122052,0,0.0,0.0,0.0,0.0,Training
mp-aaabpize,2D ZnO,0.9738000000000001,2.7686158865716033,902.5807538198482,28,32.235026922137436,2,32.235026922137436,1,0.0,0.003067443965378647,0.031022154950125048,2.897316958836166,97.88452725987763,0.031022153987750982,0.14285714285714285,0.2857142857142857,0.5,2.6042857142857145,2.62,1.1714285714285715,5.142857142857143,0.4261318343814935,0,0.0,0.0,0.0,0.0,Test
mp-aaabpjaz,2D ZnO,0.9848,2.4040956572010304,626.7959548439594,24,26.11649811849831,2,26.11649811849831,1,0.0,0.003835531545189262,0.03828997270088444,2.8043734491825303,75.33301637867685,0.03828997123476248,0.16666666666666666,0.16666666666666666,1.0,2.5650000000000004,2.62,1.191666666666667,5.000000000000001,0.4198716937696636,0,0.0,0.0,0.0,0.0,Training
mp-aaabpjgs,Bulk ZnO,2.3995,1.0248453634468955,860.3104128737857,30,28.677013762459524,2,28.677013762459524,0,0.0,0.00119125067895377,0.03487113436159378,3.1542990239287096,89.10614933640042,0.03487113314559781,0.06666666666666667,0.26666666666666666,0.25,2.988666666666667,1.79,0.6900000000000001,4.933333333333334,0.2595241742713783,0,0.0,0.0,0.0,0.0,Training
mp-aaabplpk,Bulk ZnO,1.6137,3.065540767859881,557.5943995097144,32,17.424824984678576,1,17.424824984678576,0,0.0,0.005497796912155809,0.05738938559665805,3.8878590406912785,55.32037102208108,0.05738938230311666,0.125,0.75,0.16666666666666666,3.05625,1.79,0.7999999999999999,5.0,0.4341388746697638,0,0.0,0.0,0.0,0.0,Training
mp-aaabpmrr,Bulk ZnO,0.41290000000000004,1.5140369143503134,1838.0311066652403,92,19.978598985491743,2,19.978598985491743,0,0.0,0.0008237275793973079,0.05005355984802488,7.510523482402556,90.190536880508,0.050053557342666144,0.08695652173913043,0.043478260869565216,2.0,2.851304347826087,1.79,0.717391304347826,4.608695652173913,0.2739031888111738,0,0.0,0.0,0.0,0.0,Test
mp-aaabpniu,2D ZnO,3.6077,1.5471755015915514,1019.4428848249715,52,19.604670862018683,2,19.604670862018683,1,0.0,0.0015176676639978575,0.05100825242301622,5.166729328827057,73.17465271821477,0.05100824982117454,0.07692307692307693,0.46153846153846156,0.16666666666666666,2.966923076923077,1.79,0.6961538461538462,4.923076923076923,0.27811520328475453,0,0.0,0.0,0.0,0.0,Training
mp-aaabporb,Bulk ZnO,0.4344000000000001,3.2586265705997586,137.9996352251874,10,13.799963522518741,1,13.799963522518741,0,0.0,0.023613298435770074,0.07246395965961815,1.935117559773905,29.731120134088968,0.07246395440859309,0.2,0.4,0.5,3.298,2.33,0.71,5.6000000000000005,0.45508434989804963,0,0.0,0.0,0.0,0.0,Training
mp-aaabpqfv,2D ZnO,3.4528,3.5316062474213887,1316.1541219966791,90,14.62393468885199,3,14.62393468885199,1,0.0,0.0026832771241590957,0.06838104937396312,8.21246616607919,65.53577032796329,0.06838104469799552,0.022222222222222223,0.6222222222222222,0.03571428571428571,2.6533333333333333,2.44,0.9688888888888889,4.555555555555555,0.5078812409765897,0,0.0,0.0,0.0,0.0,Training
mp-aaabpqjd,Bulk ZnO,0.2072,3.043833414977262,485.22537941894956,36,13.478482761637487,2,13.478482761637487,0,0.0,0.006273030109476567,0.0741923269617708,4.581292258529107,44.50496950440733,0.07419232145726984,0.1111111111111111,0.5555555555555556,0.19999999999999998,2.5444444444444443,2.51,0.9944444444444442,4.333333333333334,0.4974263528386523,0,0.0,0.0,0.0,0.0,Training
mp-aaabpqjr,Bulk ZnO,1.13,3.6539199862349476,470.5952614813793,36,13.07209059670498,1,13.07209059670498,0,0.0,0.007764464042270276,0.07649885782248673,4.628283828874005,43.1630921412794,0.07649885197041194,0.2222222222222222,0.6666666666666666,0.3333333333333333,2.9466666666666663,1.79,0.8111111111111111,5.111111111111111,0.38636451441515257,0,0.0,0.0,0.0,0.0,Training
mp-aaabprcf,2D ZnO,1.5575,1.9643598686894914,821.2079537059828,28,29.328855489499386,2,29.328855489499386,1,0.0,0.0023920370715172,0.034096113991152165,2.990016941141184,89.05967913714883,0.034096112828607215,0.14285714285714285,0.2857142857142857,0.5,2.6900000000000004,2.62,1.1071428571428574,5.142857142857143,0.4582916292945032,0,0.0,0.0,0.0,0.0,Test
mp-aaabqads,Bulk ZnO,1.3798,3.4954186416288966,1472.62424164732,52,28.319696954756157,2,28.319696954756157,0,0.0,0.002373598466448454,0.03531111231866677,4.570594526244772,105.70358484131083,0.03531111107179216,0.07692307692307693,0.15384615384615385,0.5,2.991538461538462,1.79,1.0192307692307692,5.692307692307693,0.22483726958115652,0,0.0,0.0,0.0,0.0,Training
mp-aaabqhxz,Bulk ZnO,0.6730999999999998,5.213312765785743,767.9384331422083,70,10.97054904488869,1,10.97054904488869,0,0.0,0.0067887118820895535,0.09115314064120719,7.644033333668973,45.21276250952857,0.09115313233231291,0.14285714285714285,0.5714285714285714,0.25,2.724285714285714,1.79,0.9357142857142857,4.285714285714286,0.4146099424117789,0,0.0,0.0,0.0,0.0,Test
mp-aaabqvcl,Bulk ZnO,0.6286999999999998,5.963365186769292,142.84751414126717,14,10.20339386723337,1,10.20339386723337,0,0.0,0.04174637005493775,0.09800660574432457,2.678163827549892,24.59163079744549,0.09800659613903075,0.14285714285714285,0.5714285714285714,0.25,2.7442857142857138,1.79,0.9214285714285715,4.285714285714286,0.4028025133876739,0,0.0,0.0,0.0,0.0,Training
mp-aaabqvyo,Bulk ZnO,0.21309999999999985,5.52697184295455,207.1137448730862,20,10.35568724365431,1,10.35568724365431,0,0.0,0.026685683494069076,0.09656529561693487,3.380339772070359,28.10965988612241,0.09656528629207947,0.2,0.6,0.33333333333333337,2.77,1.79,0.9,4.3999999999999995,0.4082482904634095,0,0.0,0.0,0.0,0.0,Training
mp-aaabqwpa,Bulk ZnO,2.0625,6.558212996046335,190.82250646570412,20,9.541125323285206,1,9.541125323285206,0,0.0,0.03436813150352901,0.10480943977954997,3.473922538459216,25.89859865966514,0.10480942879453246,0.05,0.5,0.1,2.662,1.79,0.9750000000000001,4.0,0.3846153846149902,0,0.0,0.0,0.0,0.0,Training
mp-aaabqxcp,Bulk ZnO,2.0976,6.559556878616309,190.78341189801554,20,9.539170594900778,1,9.539170594900778,0,0.0,0.03438221810459476,0.10483091690744646,3.4741598096539543,25.893292710502788,0.10483090591792647,0.05,0.5,0.1,2.662,1.79,0.9750000000000001,4.0,0.3846153846149902,0,0.0,0.0,0.0,0.0,Training
mp-aaabqxle,Bulk ZnO,1.7526000000000002,6.625875343836261,192.2399091568952,20,9.61199545784476,1,9.61199545784476,0,0.0,0.034466700347993824,0.10403667005313212,3.4653636175345617,26.090969801404043,0.10403665922950456,0.15,0.5,0.3,2.636,1.79,0.9750000000000001,4.0,0.3846153846149902,0,0.0,0.0,0.0,0.0,Test
mp-aaabqxuc,Bulk ZnO,1.7745,4.746963218664974,137.35566490618262,11,12.486878627834784,1,12.486878627834784,0,0.0,0.03455964646166774,0.08008406502573648,2.1319507112043445,27.770569461660056,0.08008405861227953,0.18181818181818182,0.6363636363636364,0.28571428571428575,2.8854545454545453,1.79,0.8363636363636364,5.090909090909092,0.3807452149590446,0,0.0,0.0,0.0,0.0,Test
mp-aaabqxwg,Bulk ZnO,1.8748999999999998,5.734848875713831,97.48952847675997,10,9.748952847675998,1,9.748952847675998,0,0.0,0.05882528067700042,0.10257511915634969,2.172771269862332,21.00348220651829,0.1025751086346957,0.2,0.6,0.33333333333333337,2.704,1.89,0.91,4.3999999999999995,0.4175824175819587,0,0.0,0.0,0.0,0.0,Training
mp-aaabqxxu,Bulk ZnO,1.8390999999999997,4.751496153299826,145.63870780690198,12,12.136558983908499,1,12.136558983908499,0,0.0,0.03262522872421865,0.08239567750017696,2.2808092925776404,27.785783848937307,0.08239567071112985,0.16666666666666666,0.6666666666666666,0.25,2.993333333333333,1.79,0.8166666666666667,5.333333333333333,0.38180177416013883,0,0.0,0.0,0.0,0.0,Training
mp-aaabqybc,Bulk ZnO,0.2388,5.8543864661892675,195.79282617374332,14,13.985201869553094,1,13.985201869553094,0,0.0,0.029900924260596665,0.07150415198346763,2.410992044005749,33.706326098832356,0.07150414687062424,0.14285714285714285,0.5714285714285714,0.25,2.7528571428571427,1.79,0.9928571428571429,4.285714285714286,0.4634567887306529,0,0.0,0.0,0.0,0.0,Training
mp-aaabqyij,Bulk ZnO,1.0065000000000004,6.473383105827458,160.41709630169754,16,10.026068518856096,1,10.026068518856096,0,0.0,0.04035344894694342,0.09973999261218823,2.9446686474719868,25.26410954919022,0.0997399826641231,0.25,0.5,0.5,2.6025,1.79,0.9750000000000001,4.0,0.3846153846149902,0,0.0,0.0,0.0,0.0,Test
mp-aaabraey,Bulk ZnO,2.0907999999999998,4.19473886302702,143.62098828731487,12,11.968415690609573,1,11.968415690609573,0,0.0,0.029207004582334533,0.08355324763532408,2.2914406284159647,27.4008318036791,0.08355324065417949,0.16666666666666666,0.6666666666666666,0.25,2.8449999999999998,1.79,0.8583333333333333,4.666666666666667,0.42596914501853883,0,0.0,0.0,0.0,0.0,Training
mp-aaabragw,Bulk ZnO,1.5716,4.59502339651388,297.513385289378,26,11.442822511129922,1,11.442822511129922,0,0.0,0.01544476189548415,0.08739102603639483,3.894674598746838,33.89931670070576,0.08739101839920409,0.15384615384615385,0.6153846153846154,0.25,2.746923076923077,1.81,0.8884615384615385,4.461538461538462,0.41068541041101564,0,0.0,0.0,0.0,0.0,Training
mp-aaabraqi,Bulk ZnO,3.4097000000000004,3.616881347650976,596.9849378965606,56,10.66044531958144,3,10.66044531958144,0,0.0,0.00605858057389996,0.09380471171904693,6.650693021041695,40.785396548134614,0.09380470291972381,0.07142857142857142,0.5714285714285714,0.125,2.667142857142857,2.46,0.8892857142857142,4.571428571428571,0.4027493776234395,0,0.0,0.0,0.0,0.0,Training
mp-aaabrauj,Bulk ZnO,1.1790999999999996,6.423869057579629,185.62154968060707,14,13.258682120043362,1,13.258682120043362,0,0.0,0.03460734526046663,0.07542227733843049,2.4542487076489863,31.955310144780952,0.075422271649911,0.14285714285714285,0.5714285714285714,0.25,2.71,1.79,0.9785714285714284,4.571428571428571,0.4511397705210703,0,0.0,0.0,0.0,0.0,Training
mp-aaabrbfz,2D ZnO,3.033,5.516437531113043,490.3168981109131,28,17.511317789675466,1,17.511317789675466,1,0.0,0.011250759564613633,0.05710592498010584,3.55085069038307,53.17467448313864,0.057105921719019355,0.14285714285714285,0.5714285714285714,0.25,2.5157142857142856,2.34,1.0928571428571427,4.285714285714286,0.5476172566178887,0,0.0,0.0,0.0,0.0,Test
mp-aaabrbnl,Bulk ZnO,2.8733,4.734392270698933,225.49378728923637,19,11.868094067854546,2,11.868094067854546,0,0.0,0.020995666122837448,0.08425952762782364,3.1215867406157143,31.668841777850208,0.08425952052815625,0.05263157894736842,0.631578947368421,0.08333333333333333,2.6994736842105262,2.46,0.9078947368421052,4.421052631578947,0.4446418381222849,0,0.0,0.0,0.0,0.0,Training
mp-aaabrbsa,Bulk ZnO,2.9774,3.409173017104341,255.539950311212,24,10.647497929633834,2,10.647497929633834,0,0.0,0.013341056899136295,0.09391877853451622,3.7820300312391235,30.712698627726834,0.09391876971378009,0.16666666666666666,0.5,0.3333333333333333,2.498333333333333,2.46,0.9083333333333334,4.0,0.39619858498468646,0,0.0,0.0,0.0,0.0,Test
mp-aaabrchy,Bulk ZnO,1.1355999999999997,5.0165935865401465,472.49973710291,42,11.249993740545476,1,11.249993740545476,0,0.0,0.010617135191013953,0.08888893834633486,5.392399999655074,39.10527799694186,0.08888893044509222,0.09523809523809523,0.5714285714285714,0.16666666666666666,2.7328571428571427,1.79,0.9380952380952381,4.285714285714286,0.41641385649816914,0,0.0,0.0,0.0,0.0,Training
mp-aaabrcxe,Bulk ZnO,2.8891,4.859680125212521,695.7780437065912,42,16.56614389777598,2,16.56614389777598,0,0.0,0.006984526414952299,0.060364077854850144,4.739789455417376,57.58435759169239,0.06036407421102847,0.14285714285714285,0.5714285714285714,0.25,2.6157142857142857,2.55,1.0214285714285714,4.571428571428571,0.5418565210571064,0,0.0,0.0,0.0,0.0,Training
mp-aaabreot,Bulk ZnO,3.3925,3.4485962167455866,505.2374059699536,48,10.5257792910407,2,10.5257792910407,0,0.0,0.006825694566547343,0.095004842145149,6.026651407560604,38.253220610712276,0.09500483311922982,0.16666666666666666,0.5,0.3333333333333333,2.498333333333333,2.46,0.9083333333333334,4.0,0.39619858498468646,0,0.0,0.0,0.0,0.0,Test
mp-aaabrfds,Bulk ZnO,3.2302,4.506220358586174,781.7215717141231,69,11.329298140784394,2,11.329298140784394,0,0.0,0.005764482549336768,0.0882667211660796,7.4902858499696885,46.46786326168142,0.08826671337506622,0.014492753623188406,0.6086956521739131,0.023809523809523808,2.612898550724638,2.46,0.9311594202898551,4.260869565217392,0.4437449347757392,0,0.0,0.0,0.0,0.0,Training
mp-aaabrfgs,Bulk ZnO,3.0476,4.714555273049195,679.3277298511695,57,11.91803034826613,2,11.91803034826613,0,0.0,0.00694003065954938,0.08390648209294775,6.484080651313119,45.86655327789351,0.08390647505265061,0.05263157894736842,0.631578947368421,0.08333333333333333,2.6994736842105262,2.46,0.9078947368421052,4.421052631578947,0.4446418381222849,0,0.0,0.0,0.0,0.0,Training
mp-aaabrgaz,Bulk ZnO,2.8292,4.122407635287762,606.8717681699204,54,11.238366077220748,2,11.238366077220748,0,0.0,0.0067928808877026434,0.08898090639945593,6.378150778258127,42.47836196134468,0.08898089848185493,0.1111111111111111,0.5925925925925926,0.1875,2.6366666666666663,2.46,0.9240740740740739,4.296296296296296,0.42359060220539246,0,0.0,0.0,0.0,0.0,Training
mp-aaabrgue,Bulk ZnO,2.7679,3.5018060395015924,385.13523986511535,33,11.670764844397436,2,11.670764844397436,0,0.0,0.009092406191466713,0.08568418722617406,4.535684668452842,37.434378895713174,0.08568417988439475,0.09090909090909091,0.48484848484848486,0.1875,2.3584848484848484,2.46,1.0045454545454544,3.878787878787879,0.39523101833927426,0,0.0,0.0,0.0,0.0,Training
mp-aaabrhlj,Bulk ZnO,4.2410000000000005,3.802958950117284,258.1503674253176,27,9.561124719456208,1,9.561124719456208,0,0.0,0.014731565126350139,0.10459020558167924,4.240393710270637,28.68337415836863,0.10459019464256929,0.037037037037037035,0.5925925925925926,0.0625,2.6959259259259256,1.8299999999999998,0.8685185185185185,4.7407407407407405,0.37346923745477373,0,0.0,0.0,0.0,0.0,Training
mp-aaabrozu,Bulk ZnO,1.9107000000000003,6.588609841214024,191.63468295158705,20,9.581734147579352,1,9.581734147579352,0,0.0,0.034381092919795284,0.10436524167732533,3.4690079209518574,26.00882796771838,0.10436523078522282,0.1,0.5,0.2,2.649,1.79,0.9750000000000001,4.0,0.3846153846149902,0,0.0,0.0,0.0,0.0,Training
mp-aaabrrbj,Bulk ZnO,4.3302,2.97417497116519,269.3468870102466,26,10.359495654240252,3,10.359495654240252,0,0.0,0.011042173177416547,0.09652979579084907,4.025959123916794,30.689965146369996,0.0965297864728485,0.07692307692307693,0.5384615384615384,0.14285714285714288,2.57,2.46,0.8923076923076924,4.307692307692308,0.41576398454393043,0,0.0,0.0,0.0,0.0,Test
mp-aaabrrkz,Bulk ZnO,3.7857999999999996,3.076554591557317,312.35669372791267,26,12.013718989535104,3,12.013718989535104,0,0.0,0.00984949147347948,0.08323817136650848,3.831978604487311,35.59059527344872,0.08323816443791589,0.07692307692307693,0.5384615384615384,0.14285714285714288,2.5584615384615383,2.51,0.9730769230769232,4.307692307692308,0.5132864215250986,0,0.0,0.0,0.0,0.0,Training
mp-aaabrrng,Bulk ZnO,3.2580000000000005,4.505356027187888,781.8715413269733,69,11.331471613434395,2,11.331471613434395,0,0.0,0.005762271407834474,0.08824979085809273,7.489806919165924,46.47677790305182,0.08824978307006784,0.014492753623188406,0.6086956521739131,0.023809523809523808,2.612898550724638,2.46,0.9311594202898551,4.260869565217392,0.4437449347757392,0,0.0,0.0,0.0,0.0,Training
