density,volume,nsites,formation_energy_per_atom,cbm,vbm,avg_atomic_volume,dopant_count,energy_density,band_width,volume_per_site,density_squared,volume_squared,energy_squared,density_volume,energy_volume,band_gap_density_ratio,formation_energy_ratio,dopant_Ag,dopant_Al,dopant_As,dopant_Au,dopant_B,dopant_Ba,dopant_Be,dopant_Bi,dopant_Br,dopant_C,dopant_Ca,dopant_Cd,dopant_Cl,dopant_Co,dopant_Cr,dopant_Cs,dopant_Cu,dopant_Er,dopant_F,dopant_Fe,dopant_Ga,dopant_Ge,dopant_Hf,dopant_I,dopant_In,dopant_Ir,dopant_K,dopant_La,dopant_Li,dopant_Mg,dopant_Mn,dopant_Mo,dopant_N,dopant_Na,dopant_Nb,dopant_Ni,dopant_Os,dopant_P,dopant_Pb,dopant_Pd,dopant_Pt,dopant_Rb,dopant_Re,dopant_Rh,dopant_S,dopant_Sb,dopant_Se,dopant_Si,dopant_Sn,dopant_Sr,dopant_Ta,dopant_Te,dopant_Ti,dopant_V,dopant_W,dopant_Yb,dopant_Zr,dopant_none,band_gap,structure_type
4.835097081422673,1118.3380707600907,80.0,-1.541949366625,1.5209000000000001,0.2446,13.979225884501133,0,-7.455474882270077,1.2763000000000002,13.979225884501133,23.378163786782054,1250680.0405114016,2.3776078492352384,5407.2731419759775,-1724.420679881146,0.26396574432885284,-0.0013787864393966284,0.0,0.0,0.0,0.0,0.0,0.0,0.0,0.0,0.0,0.0,0.0,0.0,0.0,0.0,0.0,0.0,0.0,0.0,0.0,0.0,0.0,0.0,0.0,0.0,0.0,0.0,0.0,0.0,0.0,0.0,0.0,0.0,0.0,0.0,0.0,0.0,0.0,0.0,0.0,0.0,0.0,0.0,0.0,0.0,0.0,0.0,0.0,0.0,0.0,0.0,0.0,0.0,0.0,0.0,0.0,0.0,0.0,1.0,1.2763,Normal ZnO
5.110085339072356,1058.1571115126565,80.0,-1.543852975125,1.8226,0.605,13.226963893908206,0,-7.889220453869501,1.2176,13.226963893908206,26.112972172602234,1119696.4726448085,2.3834820088023143,5407.2731419759775,-1633.6390047584912,0.23827390722618214,-0.0014590016532781524,0.0,0.0,0.0,0.0,0.0,0.0,0.0,0.0,0.0,0.0,0.0,0.0,0.0,0.0,0.0,0.0,0.0,0.0,0.0,0.0,0.0,0.0,0.0,0.0,0.0,0.0,0.0,0.0,0.0,0.0,0.0,0.0,0.0,0.0,0.0,0.0,0.0,0.0,0.0,0.0,0.0,0.0,0.0,0.0,0.0,0.0,0.0,0.0,0.0,0.0,0.0,0.0,0.0,0.0,0.0,0.0,0.0,1.0,1.2176,Normal ZnO
4.98360330117961,1085.0127538634717,80.0,-1.5460531986250001,1.6933,0.45120000000000005,13.562659423293397,0,-7.704915824466846,1.2421,13.562659423293397,24.836301863528302,1177252.6760463947,2.390280492978594,5407.2731419759775,-1677.4874386595404,0.24923733389975025,-0.0014249170741264315,0.0,0.0,0.0,0.0,0.0,0.0,0.0,0.0,0.0,0.0,0.0,0.0,0.0,0.0,0.0,0.0,0.0,0.0,0.0,0.0,0.0,0.0,0.0,0.0,0.0,0.0,0.0,0.0,0.0,0.0,0.0,0.0,0.0,0.0,0.0,0.0,0.0,0.0,0.0,0.0,0.0,0.0,0.0,0.0,0.0,0.0,0.0,0.0,0.0,0.0,0.0,0.0,0.0,0.0,0.0,0.0,0.0,1.0,1.2421,Normal ZnO
4.982001878640084,1085.3615220739296,80.0,-1.402543445624999,1.5394,0.6094,13.56701902592412,0,-6.987474080978081,0.93,13.56701902592412,24.820342718773322,1178009.633598637,1.9671281168656445,5407.2731419759775,-1522.2666889183627,0.18667194887807997,-0.001292236196972408,0.0,0.0,0.0,0.0,0.0,0.0,0.0,0.0,0.0,0.0,0.0,0.0,0.0,0.0,0.0,0.0,0.0,0.0,0.0,0.0,0.0,0.0,0.0,0.0,0.0,0.0,0.0,0.0,0.0,0.0,0.0,0.0,0.0,0.0,0.0,0.0,0.0,0.0,0.0,0.0,0.0,0.0,0.0,0.0,0.0,0.0,0.0,0.0,0.0,0.0,0.0,0.0,0.0,0.0,0.0,0.0,0.0,1.0,0.93,Normal ZnO
5.450391709469147,99.20889048362783,8.0,-1.7579994199999982,1.3403,0.6027,12.401111310453478,0,-9.581785464019559,0.7376,12.401111310453478,29.706769786650014,9842.40395099246,3.09056196072033,540.7273141975977,-174.40917192906105,0.13532972294790171,-0.0177201802321347,0.0,0.0,0.0,0.0,0.0,0.0,0.0,0.0,0.0,0.0,0.0,0.0,0.0,0.0,0.0,0.0,0.0,0.0,0.0,0.0,0.0,0.0,0.0,0.0,0.0,0.0,0.0,0.0,0.0,0.0,0.0,0.0,0.0,0.0,0.0,0.0,0.0,0.0,0.0,0.0,0.0,0.0,0.0,0.0,0.0,0.0,0.0,0.0,0.0,0.0,0.0,0.0,0.0,0.0,0.0,0.0,0.0,1.0,0.7376,Normal ZnO
4.69455051478437,34.45472719532318,3.0,-0.7347435933333331,2.5886,2.08316,11.484909065107727,0,-3.4492909143175168,0.5054400000000001,11.484909065107727,22.038804535862194,1187.1282261041426,0.5398481479443783,161.74945729155948,-25.315390066811467,0.0,-0.02132489945916814,0.0,0.0,0.0,0.0,0.0,0.0,0.0,0.0,0.0,0.0,0.0,0.0,0.0,0.0,0.0,0.0,0.0,0.0,0.0,0.0,0.0,0.0,0.0,0.0,0.0,0.0,0.0,0.0,0.0,0.0,0.0,0.0,0.0,0.0,0.0,0.0,0.0,0.0,0.0,0.0,0.0,0.0,0.0,0.0,0.0,0.0,0.0,0.0,0.0,0.0,0.0,0.0,0.0,0.0,0.0,0.0,0.0,1.0,0.0,Normal ZnO
5.508144570126769,49.08434295009371,4.0,-1.4906765199999992,1.2834,0.8318000000000001,12.271085737523428,0,-8.210861779453463,0.4516,12.271085737523428,30.339656605417005,2409.2727228424146,2.2221164872793078,270.3636570987988,-73.16887753533219,0.08198768101498952,-0.030369694904862795,0.0,0.0,0.0,0.0,0.0,0.0,0.0,0.0,0.0,0.0,0.0,0.0,0.0,0.0,0.0,0.0,0.0,0.0,0.0,0.0,0.0,0.0,0.0,0.0,0.0,0.0,0.0,0.0,0.0,0.0,0.0,0.0,0.0,0.0,0.0,0.0,0.0,0.0,0.0,0.0,0.0,0.0,0.0,0.0,0.0,0.0,0.0,0.0,0.0,0.0,0.0,0.0,0.0,0.0,0.0,0.0,0.0,1.0,0.45160000000000006,Normal ZnO
5.70421780686615,47.397148259900405,4.0,-1.7908991124999991,1.5627,0.84,11.849287064975101,0,-10.215678607823278,0.7227,11.849287064975101,32.53810078816887,2246.48966317098,3.2073196311532843,270.36365709879885,-84.88351075368651,0.12669572314193336,-0.03778495496563789,0.0,0.0,0.0,0.0,0.0,0.0,0.0,0.0,0.0,0.0,0.0,0.0,0.0,0.0,0.0,0.0,0.0,0.0,0.0,0.0,0.0,0.0,0.0,0.0,0.0,0.0,0.0,0.0,0.0,0.0,0.0,0.0,0.0,0.0,0.0,0.0,0.0,0.0,0.0,0.0,0.0,0.0,0.0,0.0,0.0,0.0,0.0,0.0,0.0,0.0,0.0,0.0,0.0,0.0,0.0,0.0,0.0,1.0,0.7227,Normal ZnO
5.155162725014884,125.50483150158364,12.0,-1.0260979225,3.7827,2.5083,10.458735958465303,0,-5.289701762287211,1.2744,10.458735958465303,26.57570272138289,15751.4627302409,1.052876946558816,646.9978291662378,-128.78024686748753,0.24720849136654952,-0.008175764313002185,0.0,0.0,0.0,0.0,0.0,0.0,0.0,0.0,0.0,0.0,0.0,0.0,0.0,0.0,0.0,0.0,0.0,0.0,0.0,0.0,0.0,0.0,0.0,0.0,0.0,0.0,0.0,0.0,0.0,0.0,0.0,0.0,0.0,0.0,0.0,0.0,0.0,0.0,0.0,0.0,0.0,0.0,0.0,0.0,0.0,0.0,0.0,0.0,0.0,0.0,0.0,0.0,0.0,0.0,0.0,0.0,0.0,1.0,1.2744,Normal ZnO
4.049918983853431,66.75779396494303,4.0,-1.5668722149999992,0.07350000000000001,-0.7643000000000001,16.68944849123576,0,-6.345705528800971,0.8378000000000001,16.68944849123576,16.401843775776403,4456.603055065784,2.4550885381390035,270.3636570987988,-104.60093249836387,0.20686833572232283,-0.023471000492059718,0.0,0.0,0.0,0.0,0.0,0.0,0.0,0.0,0.0,0.0,0.0,0.0,0.0,0.0,0.0,0.0,0.0,0.0,0.0,0.0,0.0,0.0,0.0,0.0,0.0,0.0,0.0,0.0,0.0,0.0,0.0,0.0,0.0,0.0,0.0,0.0,0.0,0.0,0.0,0.0,0.0,0.0,0.0,0.0,0.0,0.0,0.0,0.0,0.0,0.0,0.0,0.0,0.0,0.0,0.0,0.0,0.0,1.0,0.8378,Normal ZnO
6.597744974458736,245.86914906117198,24.0,-1.617655459166667,2.8735,2.3309,10.244547877548833,0,-10.672878176122616,0.5425999999999997,10.244547877548833,43.53023874799551,60451.63846006481,2.61680918457172,1622.1819425927933,-397.73157121946787,0.08224022027230792,-0.0065793348427142274,0.0,0.0,0.0,0.0,0.0,0.0,0.0,0.0,0.0,0.0,0.0,0.0,0.0,0.0,0.0,0.0,0.0,0.0,0.0,0.0,0.0,0.0,0.0,0.0,0.0,0.0,0.0,0.0,0.0,0.0,0.0,0.0,0.0,0.0,0.0,0.0,0.0,0.0,0.0,0.0,0.0,0.0,0.0,0.0,0.0,0.0,0.0,0.0,0.0,0.0,0.0,0.0,0.0,0.0,0.0,0.0,0.0,1.0,0.5425999999999991,Normal ZnO
5.310802143868639,121.82676206704514,12.0,-1.058444209166666,4.8174,2.6598,10.152230172253761,0,-5.621187775207675,2.1576,10.152230172253761,28.20461941131973,14841.759955740428,1.120304143918449,646.9978291662378,-128.94683083138918,0.40626631185855144,-0.008688109174108808,0.0,0.0,0.0,0.0,0.0,0.0,0.0,0.0,0.0,0.0,0.0,0.0,0.0,0.0,0.0,0.0,0.0,0.0,0.0,0.0,0.0,0.0,0.0,0.0,0.0,0.0,0.0,0.0,0.0,0.0,0.0,0.0,0.0,0.0,0.0,0.0,0.0,0.0,0.0,0.0,0.0,0.0,0.0,0.0,0.0,0.0,0.0,0.0,0.0,0.0,0.0,0.0,0.0,0.0,0.0,0.0,0.0,1.0,2.1576,Normal ZnO
5.708336616549273,23.681474592351165,2.0,-1.782830182499999,1.4724,0.8415,11.840737296175583,0,-10.176994811853968,0.6308999999999999,11.840737296175583,32.5851069278372,560.8122388681738,3.1784834596329796,135.18182854939943,-42.22004766935052,0.1105225641688563,-0.0752837487187488,0.0,0.0,0.0,0.0,0.0,0.0,0.0,0.0,0.0,0.0,0.0,0.0,0.0,0.0,0.0,0.0,0.0,0.0,0.0,0.0,0.0,0.0,0.0,0.0,0.0,0.0,0.0,0.0,0.0,0.0,0.0,0.0,0.0,0.0,0.0,0.0,0.0,0.0,0.0,0.0,0.0,0.0,0.0,0.0,0.0,0.0,0.0,0.0,0.0,0.0,0.0,0.0,0.0,0.0,0.0,0.0,0.0,1.0,0.630899999999999,Normal ZnO
6.93047251446635,19.505427410212953,2.0,-1.0736901225,2.5886,2.08316,9.752713705106476,0,-7.441179883040259,0.5054400000000001,9.752713705106476,48.03144927377354,380.4616984550868,1.152810479154065,135.18182854939943,-20.942784745486403,0.0,-0.0550457111202711,0.0,0.0,0.0,0.0,0.0,0.0,0.0,0.0,0.0,0.0,0.0,0.0,0.0,0.0,0.0,0.0,0.0,0.0,0.0,0.0,0.0,0.0,0.0,0.0,0.0,0.0,0.0,0.0,0.0,0.0,0.0,0.0,0.0,0.0,0.0,0.0,0.0,0.0,0.0,0.0,0.0,0.0,0.0,0.0,0.0,0.0,0.0,0.0,0.0,0.0,0.0,0.0,0.0,0.0,0.0,0.0,0.0,1.0,0.0,Normal ZnO
6.619789652587246,20.420864656411798,2.0,-1.6436317724999991,3.0448,2.3229,10.210432328205899,0,-10.880496600259129,0.7218999999999998,10.210432328205899,43.82161504450118,417.0117133154885,2.701525403571489,135.18182854939943,-33.56438197120071,0.10905180343877773,-0.08048786376848775,0.0,0.0,0.0,0.0,0.0,0.0,0.0,0.0,0.0,0.0,0.0,0.0,0.0,0.0,0.0,0.0,0.0,0.0,0.0,0.0,0.0,0.0,0.0,0.0,0.0,0.0,0.0,0.0,0.0,0.0,0.0,0.0,0.0,0.0,0.0,0.0,0.0,0.0,0.0,0.0,0.0,0.0,0.0,0.0,0.0,0.0,0.0,0.0,0.0,0.0,0.0,0.0,0.0,0.0,0.0,0.0,0.0,1.0,0.7218999999999991,Normal ZnO
4.790161309224454,135.0680671066982,12.0,-0.733435200833332,1.1971,1.2227000000000001,11.255672258891517,0,-3.513272921855094,-0.025600000000000067,11.255672258891517,22.945645368390938,18243.38275193953,0.5379271938214301,646.9978291662379,-99.06367492457117,0.0,-0.0054301154709939575,0.0,0.0,0.0,0.0,0.0,0.0,0.0,0.0,0.0,0.0,0.0,0.0,0.0,0.0,0.0,0.0,0.0,0.0,0.0,0.0,0.0,0.0,0.0,0.0,0.0,0.0,0.0,0.0,0.0,0.0,0.0,0.0,0.0,0.0,0.0,0.0,0.0,0.0,0.0,0.0,0.0,0.0,0.0,0.0,0.0,0.0,0.0,0.0,0.0,0.0,0.0,0.0,0.0,0.0,0.0,0.0,0.0,1.0,0.0,Normal ZnO
4.989704800572933,129.666554440645,12.0,-0.7270423933333331,3.2334000000000005,1.8854200000000003,10.805546203387083,0,-3.6277269202353666,1.3479800000000002,10.805546203387083,24.897153996860574,16813.415340508753,0.528590641703861,646.9978291662379,-94.27308207581348,0.0,-0.0056070155983526,0.0,0.0,0.0,0.0,0.0,0.0,0.0,0.0,0.0,0.0,0.0,0.0,0.0,0.0,0.0,0.0,0.0,0.0,0.0,0.0,0.0,0.0,0.0,0.0,0.0,0.0,0.0,0.0,0.0,0.0,0.0,0.0,0.0,0.0,0.0,0.0,0.0,0.0,0.0,0.0,0.0,0.0,0.0,0.0,0.0,0.0,0.0,0.0,0.0,0.0,0.0,0.0,0.0,0.0,0.0,0.0,0.0,1.0,0.0,Normal ZnO
3.799771946307514,255.40920809535734,18.0,-0.38273489611111006,3.53606,2.25872,14.189400449742074,0,-1.4543053211159167,1.2773400000000001,14.189400449742074,14.438266843945593,65233.86357989755,0.1464860007011822,970.4967437493568,-97.75401672619748,0.0,-0.0014985164355085252,0.0,0.0,0.0,0.0,0.0,0.0,0.0,0.0,0.0,0.0,0.0,0.0,0.0,0.0,0.0,0.0,0.0,0.0,0.0,0.0,0.0,0.0,0.0,0.0,0.0,0.0,0.0,0.0,0.0,0.0,0.0,0.0,0.0,0.0,0.0,0.0,0.0,0.0,0.0,0.0,0.0,0.0,0.0,0.0,0.0,0.0,0.0,0.0,0.0,0.0,0.0,0.0,0.0,0.0,0.0,0.0,0.0,1.0,0.0,Normal ZnO
5.683590721829489,432.6244820954948,42.0,-1.200087112619047,4.32838,2.55534,10.30058290703559,1,-6.820803978668757,1.77304,10.30058290703559,32.30320349326625,187163.9425083951,1.4402090778743215,2458.860492474242,-519.187065566293,0.0,-0.0027739694869005297,0.0,0.0,0.0,0.0,0.0,0.0,0.0,0.0,0.0,0.0,0.0,0.0,0.0,0.0,0.0,0.0,0.0,0.0,0.0,0.0,0.0,0.0,0.0,0.0,0.0,0.0,0.0,0.0,0.0,0.0,0.0,0.0,0.0,0.0,0.0,1.0,0.0,0.0,0.0,0.0,0.0,0.0,0.0,0.0,0.0,0.0,0.0,0.0,0.0,0.0,0.0,0.0,0.0,0.0,0.0,0.0,0.0,0.0,0.0,Normal ZnO
5.894125800502135,543.0921927349801,42.0,-1.715923067619048,5.1661,4.072,12.930766493690003,1,-10.1138664245302,1.0941,12.930766493690003,34.74071895214493,294949.1298096888,2.944391973987164,3201.053705250524,-931.9044213577623,0.1856254917237754,-0.0031595428742544817,0.0,0.0,0.0,0.0,0.0,0.0,0.0,0.0,0.0,0.0,0.0,0.0,0.0,0.0,0.0,0.0,0.0,0.0,0.0,0.0,0.0,0.0,0.0,0.0,0.0,0.0,0.0,0.0,0.0,0.0,0.0,1.0,0.0,0.0,0.0,0.0,0.0,0.0,0.0,0.0,0.0,0.0,0.0,0.0,0.0,0.0,0.0,0.0,0.0,0.0,0.0,0.0,0.0,0.0,0.0,0.0,0.0,0.0,1.0941,Normal ZnO
4.977410308150689,478.9698619647427,42.0,-1.934169821075534,4.0190600000000005,3.0559800000000004,11.404044332493873,1,-9.627156805135337,0.9630800000000002,11.404044332493873,24.774613375684737,229412.12867052466,3.741012896759363,2384.029528236823,-926.4090522169196,0.0,-0.004038186897901124,0.0,0.0,0.0,0.0,0.0,0.0,0.0,0.0,0.0,0.0,0.0,0.0,0.0,0.0,0.0,0.0,0.0,0.0,0.0,0.0,0.0,0.0,0.0,0.0,0.0,0.0,0.0,0.0,0.0,0.0,1.0,0.0,0.0,0.0,0.0,0.0,0.0,0.0,0.0,0.0,0.0,0.0,0.0,0.0,0.0,0.0,0.0,0.0,0.0,0.0,0.0,0.0,0.0,0.0,0.0,0.0,0.0,0.0,0.0,Normal ZnO
8.644086753568397,381.963643963947,28.0,-1.4086734692857141,3.742099999999999,3.0903,13.641558712998107,1,-12.176695675955878,0.6517999999999988,13.641558712998107,74.72023580321662,145896.22531021686,1.9843609430694498,3301.7268751334695,-538.0620514837066,0.07540414835967815,-0.0036879778783833073,0.0,0.0,0.0,0.0,0.0,0.0,0.0,0.0,0.0,0.0,0.0,0.0,0.0,0.0,0.0,0.0,0.0,0.0,0.0,0.0,0.0,0.0,0.0,0.0,0.0,0.0,0.0,0.0,0.0,0.0,0.0,0.0,0.0,0.0,0.0,0.0,0.0,0.0,0.0,0.0,0.0,0.0,0.0,0.0,0.0,0.0,0.0,0.0,0.0,0.0,0.0,0.0,0.0,0.0,1.0,0.0,0.0,0.0,0.6518,Normal ZnO
6.105342862309938,199.53994843709364,14.0,-1.616233809285713,2.6991,2.3706800000000006,14.252853459792403,1,-9.86766155134653,0.3284199999999995,14.252853459792403,37.27521146635891,39816.19102227799,2.6122117262782063,1218.2597999361028,-322.5032109671586,0.0,-0.008099800676230213,0.0,0.0,0.0,0.0,0.0,0.0,0.0,0.0,0.0,0.0,0.0,0.0,0.0,0.0,0.0,0.0,0.0,0.0,0.0,0.0,0.0,0.0,0.0,0.0,0.0,0.0,0.0,0.0,0.0,0.0,0.0,0.0,0.0,0.0,0.0,0.0,0.0,0.0,0.0,0.0,0.0,0.0,0.0,0.0,0.0,0.0,0.0,0.0,1.0,0.0,0.0,0.0,0.0,0.0,0.0,0.0,0.0,0.0,0.0,Normal ZnO
8.745291311563706,188.77169195997328,14.0,-1.590829594285714,3.7681,3.625099999999999,13.483692282855234,1,-13.91226822908527,0.14300000000000113,13.483692282855234,76.48012012411165,35634.75168543104,2.5307387980552494,1650.8634375667348,-300.30359413331206,0.016351656554986712,-0.008427267763341496,0.0,0.0,0.0,0.0,0.0,0.0,0.0,0.0,0.0,0.0,0.0,0.0,0.0,0.0,0.0,0.0,0.0,0.0,0.0,0.0,0.0,0.0,0.0,0.0,0.0,0.0,0.0,0.0,0.0,0.0,0.0,0.0,0.0,0.0,0.0,0.0,0.0,0.0,0.0,0.0,0.0,0.0,0.0,0.0,0.0,0.0,0.0,0.0,0.0,0.0,0.0,0.0,0.0,0.0,1.0,0.0,0.0,0.0,0.14299999999999902,Normal ZnO
5.795027906671714,184.12644752266613,14.0,-1.719850776428571,4.6683,4.7017,13.151889108761866,1,-9.966583244714585,-0.03339999999999943,13.151889108761866,33.582348439103946,33902.54867731712,2.9578866931819587,1067.017901750175,-316.6700137328919,0.0,-0.009340596093436583,0.0,0.0,0.0,0.0,0.0,0.0,0.0,0.0,0.0,0.0,0.0,0.0,0.0,0.0,0.0,0.0,0.0,0.0,0.0,0.0,0.0,0.0,0.0,0.0,0.0,0.0,0.0,0.0,0.0,0.0,0.0,1.0,0.0,0.0,0.0,0.0,0.0,0.0,0.0,0.0,0.0,0.0,0.0,0.0,0.0,0.0,0.0,0.0,0.0,0.0,0.0,0.0,0.0,0.0,0.0,0.0,0.0,0.0,0.0,Normal ZnO
5.296140788868883,701.5589799755708,42.0,-1.620684996666666,5.3284,3.6097,16.70378523751359,1,-8.58337591675416,1.7187000000000001,16.70378523751359,28.049107255520717,492185.0023843633,2.6266198584204314,3715.5551296458684,-1137.0061131231776,0.3245193185974705,-0.0023101193811575194,0.0,0.0,0.0,0.0,0.0,0.0,0.0,0.0,0.0,0.0,0.0,0.0,0.0,0.0,0.0,0.0,0.0,0.0,0.0,0.0,0.0,0.0,0.0,0.0,0.0,0.0,0.0,0.0,0.0,0.0,0.0,0.0,0.0,0.0,0.0,0.0,0.0,0.0,0.0,0.0,0.0,0.0,0.0,0.0,0.0,1.0,0.0,0.0,0.0,0.0,0.0,0.0,0.0,0.0,0.0,0.0,0.0,0.0,1.7187000000000001,Normal ZnO
5.308100094872814,699.9783469107502,42.0,-1.575086522857142,5.2132,3.5018000000000002,16.666151116922624,1,-8.360716921410887,1.7113999999999994,16.666151116922624,28.17592661718878,489969.6861439066,2.480897554486202,3715.555129645869,-1102.526460510944,0.32241291034678676,-0.0022501932092736164,0.0,0.0,0.0,0.0,0.0,0.0,0.0,0.0,0.0,0.0,0.0,0.0,0.0,0.0,0.0,0.0,0.0,0.0,0.0,0.0,0.0,0.0,0.0,0.0,0.0,0.0,0.0,0.0,0.0,0.0,0.0,0.0,0.0,0.0,0.0,0.0,0.0,0.0,0.0,0.0,0.0,0.0,0.0,0.0,0.0,1.0,0.0,0.0,0.0,0.0,0.0,0.0,0.0,0.0,0.0,0.0,0.0,0.0,1.711399999999999,Normal ZnO
5.260860961605823,272.86183954050244,16.0,-1.483076833749999,4.12106,1.7821800000000003,17.053864971281403,1,-7.802261017737339,2.3388799999999996,17.053864971281403,27.676658057348142,74453.5834774269,2.1995168948059223,1435.4881995505814,-404.67507303692867,0.0,-0.005435266566579961,0.0,0.0,0.0,0.0,0.0,0.0,0.0,0.0,0.0,0.0,0.0,0.0,0.0,0.0,0.0,0.0,0.0,0.0,0.0,0.0,0.0,0.0,0.0,0.0,0.0,0.0,0.0,0.0,0.0,0.0,0.0,0.0,0.0,0.0,0.0,0.0,0.0,0.0,0.0,0.0,0.0,0.0,0.0,0.0,0.0,0.0,0.0,0.0,1.0,0.0,0.0,0.0,0.0,0.0,0.0,0.0,0.0,0.0,0.0,Normal ZnO
4.846479399364903,233.13916838054647,13.0,-1.677023276153845,4.4031,2.5449,17.933782183118957,1,-8.12765876013505,1.8582,17.933782183118957,23.488362568468393,54353.871833172794,2.8124070687617757,1129.904176741384,-390.97981195732694,0.3834123384994691,-0.007193228352845831,0.0,0.0,0.0,0.0,0.0,0.0,0.0,0.0,0.0,0.0,0.0,0.0,0.0,0.0,0.0,0.0,0.0,0.0,0.0,0.0,0.0,0.0,0.0,0.0,0.0,0.0,0.0,0.0,0.0,0.0,0.0,0.0,0.0,0.0,0.0,0.0,0.0,0.0,0.0,0.0,0.0,0.0,0.0,0.0,0.0,1.0,0.0,0.0,0.0,0.0,0.0,0.0,0.0,0.0,0.0,0.0,0.0,0.0,1.8582,Normal ZnO
4.637564480786934,212.4734301147336,16.0,-1.838664503125,2.7232399999999997,2.09818,13.27958938217085,1,-8.526925191776257,0.6250599999999995,13.27958938217085,21.507004313456584,45144.95850472058,3.380687155051903,985.3592326110534,-390.66735380917106,0.0,-0.008653620841590118,0.0,0.0,0.0,0.0,0.0,0.0,0.0,0.0,0.0,0.0,0.0,0.0,0.0,0.0,0.0,0.0,0.0,0.0,0.0,0.0,0.0,0.0,0.0,0.0,0.0,0.0,0.0,0.0,0.0,0.0,0.0,0.0,0.0,0.0,0.0,0.0,0.0,0.0,0.0,0.0,0.0,0.0,0.0,0.0,0.0,0.0,0.0,0.0,0.0,0.0,0.0,0.0,0.0,1.0,0.0,0.0,0.0,0.0,0.0,Normal ZnO
5.124667724644397,187.01772552667103,13.0,-1.742467646153847,3.7977,3.5669,14.385978886667003,1,-8.929567707481713,0.2307999999999999,14.385978886667003,26.262219288011977,34975.62966116926,3.0361934978929286,958.4037019429355,-325.8723359875047,0.04503706628433443,-0.009317125642752775,0.0,0.0,0.0,0.0,0.0,0.0,0.0,0.0,0.0,0.0,0.0,0.0,0.0,0.0,0.0,0.0,0.0,0.0,0.0,0.0,0.0,0.0,0.0,0.0,0.0,0.0,0.0,0.0,0.0,0.0,0.0,1.0,0.0,0.0,0.0,0.0,0.0,0.0,0.0,0.0,0.0,0.0,0.0,0.0,0.0,0.0,0.0,0.0,0.0,0.0,0.0,0.0,0.0,0.0,0.0,0.0,0.0,0.0,0.230799999999999,Normal ZnO
8.112077171199235,190.11767334204237,13.0,-1.695347640769231,4.2507,4.1474,14.624436410926336,1,-13.75279089393056,0.10329999999999995,14.624436410926336,65.8057960314918,36144.729716991525,2.8742036230617973,1542.2492377594954,-322.3155489689668,0.012734099765070136,-0.008917359501444752,0.0,0.0,0.0,0.0,0.0,0.0,0.0,0.0,0.0,0.0,0.0,0.0,0.0,0.0,0.0,0.0,0.0,0.0,0.0,0.0,0.0,0.0,0.0,0.0,0.0,0.0,0.0,0.0,0.0,0.0,0.0,0.0,0.0,0.0,0.0,0.0,0.0,0.0,0.0,0.0,0.0,0.0,0.0,0.0,0.0,0.0,0.0,0.0,0.0,0.0,0.0,0.0,0.0,0.0,1.0,0.0,0.0,0.0,0.103299999999999,Normal ZnO
6.7265248218143725,310.44463751819984,18.0,-1.478425167222223,3.8606,2.4384,17.246924306566658,1,-9.944663584515348,1.4221999999999997,17.246924306566658,45.246136178484875,96375.8729638065,2.185740975076058,2088.2135600653364,-458.96916513608704,0.21143161404649113,-0.004762282830978359,0.0,0.0,0.0,0.0,0.0,0.0,0.0,1.0,0.0,0.0,0.0,0.0,0.0,0.0,0.0,0.0,0.0,0.0,0.0,0.0,0.0,0.0,0.0,0.0,0.0,0.0,0.0,0.0,0.0,0.0,0.0,0.0,0.0,0.0,0.0,0.0,0.0,0.0,0.0,0.0,0.0,0.0,0.0,0.0,0.0,0.0,0.0,0.0,0.0,0.0,0.0,0.0,0.0,0.0,0.0,0.0,0.0,0.0,1.422199999999999,Normal ZnO
5.27292715094076,272.2374420239186,16.0,-1.5604703549999992,4.6185,3.4201,17.014840126494914,1,-8.228246503117662,1.1984,17.014840126494914,27.803760739128236,74113.22483972645,2.4350677288338236,1435.4881995505814,-424.818457799356,0.22727414312678104,-0.005732019605381456,0.0,0.0,0.0,0.0,0.0,0.0,0.0,0.0,0.0,0.0,0.0,0.0,0.0,0.0,0.0,0.0,0.0,0.0,0.0,0.0,0.0,0.0,0.0,0.0,0.0,0.0,0.0,0.0,0.0,0.0,0.0,0.0,0.0,0.0,0.0,0.0,0.0,0.0,0.0,0.0,0.0,0.0,0.0,0.0,0.0,0.0,0.0,0.0,1.0,0.0,0.0,0.0,0.0,0.0,0.0,0.0,0.0,0.0,1.1984,Normal ZnO
8.091088351667313,674.0193002311996,42.0,-1.543169016666667,5.2979,3.964,16.048078576933325,1,-12.48591685540557,1.3339000000000003,16.048078576933325,65.46571071448648,454302.017084156,2.3813706139999677,5453.549708899613,-1040.1257007521353,0.16486039232597505,-0.0022895027132566305,0.0,0.0,0.0,0.0,0.0,0.0,0.0,1.0,0.0,0.0,0.0,0.0,0.0,0.0,0.0,0.0,0.0,0.0,0.0,0.0,0.0,0.0,0.0,0.0,0.0,0.0,0.0,0.0,0.0,0.0,0.0,0.0,0.0,0.0,0.0,0.0,0.0,0.0,0.0,0.0,0.0,0.0,0.0,0.0,0.0,0.0,0.0,0.0,0.0,0.0,0.0,0.0,0.0,0.0,0.0,0.0,0.0,0.0,1.3339,Normal ZnO
5.896385836083419,542.8840300207991,42.0,-1.601568954047619,5.1599,4.8494,12.925810238590454,1,-9.443468496157317,0.3105000000000002,12.925810238590454,34.76736592796516,294723.07005162386,2.5650231145691844,3201.053705250525,-869.4662081295673,0.052659376206331286,-0.002950112483482447,0.0,0.0,0.0,0.0,0.0,0.0,0.0,0.0,0.0,0.0,0.0,0.0,0.0,0.0,0.0,0.0,0.0,0.0,0.0,0.0,0.0,0.0,0.0,0.0,0.0,0.0,0.0,0.0,0.0,0.0,0.0,1.0,0.0,0.0,0.0,0.0,0.0,0.0,0.0,0.0,0.0,0.0,0.0,0.0,0.0,0.0,0.0,0.0,0.0,0.0,0.0,0.0,0.0,0.0,0.0,0.0,0.0,0.0,0.3105,Normal ZnO
7.230443085820332,236.39432367724336,13.0,-1.44844592,2.8629000000000002,2.6032,18.184178744403336,1,-10.47290578744867,0.25970000000000004,18.184178744403336,52.27930721728705,55882.2762668213,2.0979955831646464,1709.235703159298,-342.40439364146255,0.03591757751461987,-0.006127244924787657,0.0,0.0,0.0,0.0,0.0,0.0,0.0,1.0,0.0,0.0,0.0,0.0,0.0,0.0,0.0,0.0,0.0,0.0,0.0,0.0,0.0,0.0,0.0,0.0,0.0,0.0,0.0,0.0,0.0,0.0,0.0,0.0,0.0,0.0,0.0,0.0,0.0,0.0,0.0,0.0,0.0,0.0,0.0,0.0,0.0,0.0,0.0,0.0,0.0,0.0,0.0,0.0,0.0,0.0,0.0,0.0,0.0,0.0,0.25969999999999904,Normal ZnO
5.480888136193056,195.05603192504847,16.0,-1.180529732499999,2.0331,1.74212,12.19100199531553,1,-6.470351405282407,0.29098000000000024,12.19100199531553,30.040134761461793,38046.85559034553,1.3936504493165194,1069.080291270892,-230.26944519098873,0.0,-0.006052259552545522,0.0,0.0,0.0,0.0,0.0,0.0,0.0,0.0,0.0,0.0,0.0,0.0,0.0,0.0,0.0,0.0,1.0,0.0,0.0,0.0,0.0,0.0,0.0,0.0,0.0,0.0,0.0,0.0,0.0,0.0,0.0,0.0,0.0,0.0,0.0,0.0,0.0,0.0,0.0,0.0,0.0,0.0,0.0,0.0,0.0,0.0,0.0,0.0,0.0,0.0,0.0,0.0,0.0,0.0,0.0,0.0,0.0,0.0,0.0,Normal ZnO
3.084669012478719,125.44255962898096,7.0,-1.046782619285714,3.9052999999999995,2.0617799999999997,17.920365661282993,1,-3.2289779085119497,1.8435199999999998,17.920365661282993,9.515182916546435,15735.835766270444,1.0957538520386598,386.9487765335315,-131.31109113832903,0.0,-0.008344716676555092,0.0,0.0,0.0,0.0,0.0,0.0,0.0,0.0,0.0,0.0,0.0,0.0,0.0,0.0,0.0,0.0,0.0,0.0,0.0,0.0,0.0,0.0,0.0,0.0,0.0,0.0,0.0,0.0,0.0,0.0,0.0,0.0,0.0,0.0,0.0,0.0,0.0,0.0,0.0,0.0,0.0,0.0,0.0,0.0,0.0,0.0,0.0,0.0,0.0,1.0,0.0,0.0,0.0,0.0,0.0,0.0,0.0,0.0,0.0,Normal ZnO
4.9201005628004,1425.9320473423566,126.0,-1.62710895515873,3.8665000000000003,3.5028,11.316921010653623,1,-8.005539686014039,0.36370000000000013,11.316921010653623,24.20738954806881,2033282.2036379646,2.6474835519577344,7015.729068644255,-2320.1468036785704,0.07392125330726776,-0.0011410844985154278,0.0,0.0,0.0,0.0,0.0,0.0,0.0,0.0,0.0,0.0,0.0,0.0,0.0,0.0,0.0,0.0,0.0,0.0,0.0,1.0,0.0,0.0,0.0,0.0,0.0,0.0,0.0,0.0,0.0,0.0,0.0,0.0,0.0,0.0,0.0,0.0,0.0,0.0,0.0,0.0,0.0,0.0,0.0,0.0,0.0,0.0,0.0,0.0,0.0,0.0,0.0,0.0,0.0,0.0,0.0,0.0,0.0,0.0,0.363699999999999,Normal ZnO
2.305387335689309,489.91256783389684,18.0,-0.6771535472222211,3.0786000000000002,1.5224199999999999,27.217364879660934,1,-1.5611012120832009,1.5561800000000003,27.217364879660934,5.31481076755665,240014.32412160258,0.4585369265156368,1129.4382294792952,-331.74603313747025,0.0,-0.0013821926435081935,0.0,0.0,0.0,0.0,0.0,0.0,0.0,0.0,0.0,0.0,0.0,0.0,1.0,0.0,0.0,0.0,0.0,0.0,0.0,0.0,0.0,0.0,0.0,0.0,0.0,0.0,0.0,0.0,0.0,0.0,0.0,0.0,0.0,0.0,0.0,0.0,0.0,0.0,0.0,0.0,0.0,0.0,0.0,0.0,0.0,0.0,0.0,0.0,0.0,0.0,0.0,0.0,0.0,0.0,0.0,0.0,0.0,0.0,0.0,Normal ZnO
2.9715799219803762,130.21651333397548,7.0,-0.9903791350000001,0.1613,-0.6562,18.602359047710785,1,-2.9429907527142927,0.8175,18.602359047710785,8.830287232716898,16956.340344857414,0.9808508310433484,386.9487765335315,-128.9637178384186,0.2751061796968887,-0.007605633952584069,0.0,0.0,0.0,0.0,0.0,0.0,0.0,0.0,0.0,0.0,0.0,0.0,0.0,0.0,0.0,0.0,0.0,0.0,0.0,0.0,0.0,0.0,0.0,0.0,0.0,0.0,0.0,0.0,0.0,0.0,0.0,0.0,0.0,0.0,0.0,0.0,0.0,0.0,0.0,0.0,0.0,0.0,0.0,0.0,0.0,0.0,0.0,0.0,0.0,1.0,0.0,0.0,0.0,0.0,0.0,0.0,0.0,0.0,0.8175,Normal ZnO
3.075917797470164,607.3864517231531,40.0,-2.070997193446428,0.72462,0.15785999999999997,15.184661293078827,1,-6.370217125832628,0.56676,15.184661293078827,9.461270296793705,368918.30173684214,4.289029375262982,1868.270796797499,-1257.8956368560343,0.0,-0.0034096861850820294,0.0,0.0,0.0,0.0,0.0,0.0,0.0,0.0,0.0,0.0,0.0,0.0,0.0,0.0,0.0,0.0,0.0,0.0,0.0,0.0,0.0,0.0,0.0,0.0,0.0,0.0,0.0,0.0,0.0,0.0,0.0,0.0,0.0,0.0,0.0,0.0,0.0,1.0,0.0,0.0,0.0,0.0,0.0,0.0,0.0,0.0,0.0,0.0,0.0,0.0,0.0,0.0,0.0,0.0,0.0,0.0,0.0,0.0,0.0,Normal ZnO
5.192154511269011,715.6095069169567,42.0,-1.644203928571428,5.405,3.3589,17.03832159326087,1,-8.53696084517837,2.0461,17.03832159326087,26.958468468891137,512096.9663899298,2.703406558729718,3715.555129645869,-1176.6079625959226,0.3940753295301904,-0.0022976272851028944,0.0,0.0,0.0,0.0,0.0,0.0,0.0,0.0,0.0,0.0,0.0,0.0,0.0,0.0,0.0,0.0,0.0,0.0,0.0,0.0,0.0,0.0,0.0,0.0,0.0,0.0,0.0,0.0,0.0,0.0,0.0,0.0,0.0,0.0,0.0,0.0,0.0,0.0,0.0,0.0,0.0,0.0,0.0,0.0,0.0,1.0,0.0,0.0,0.0,0.0,0.0,0.0,0.0,0.0,0.0,0.0,0.0,0.0,2.0461,Normal ZnO
8.883981609017832,557.4741743806625,42.0,-1.369070879285713,4.9964,4.4633,13.27319462811101,1,-12.162800513016146,0.5331000000000001,13.27319462811101,78.92512922936707,310777.45510140125,1.874355072508155,4952.590312700206,-763.2216580984104,0.06000687793622491,-0.002455846283474406,0.0,0.0,0.0,0.0,0.0,0.0,0.0,0.0,0.0,0.0,0.0,0.0,0.0,0.0,0.0,0.0,0.0,0.0,0.0,0.0,0.0,0.0,0.0,0.0,0.0,0.0,0.0,0.0,0.0,0.0,0.0,0.0,0.0,0.0,0.0,0.0,0.0,0.0,0.0,0.0,0.0,0.0,0.0,0.0,0.0,0.0,0.0,0.0,0.0,0.0,0.0,0.0,0.0,0.0,1.0,0.0,0.0,0.0,0.5331,Normal ZnO
5.894125278431393,543.0922408392416,42.0,1.454760631904761,3.6179200000000007,3.1302600000000007,12.930767639029563,1,8.574541414576679,0.48766,12.930767639029563,34.74071279784395,294949.18205978884,2.1163284961399396,3201.0537052505247,790.0692114658679,0.0,0.002678662154437552,0.0,0.0,0.0,0.0,0.0,0.0,0.0,0.0,0.0,0.0,0.0,0.0,0.0,0.0,0.0,0.0,0.0,0.0,0.0,0.0,0.0,0.0,0.0,0.0,0.0,0.0,0.0,0.0,0.0,0.0,0.0,1.0,0.0,0.0,0.0,0.0,0.0,0.0,0.0,0.0,0.0,0.0,0.0,0.0,0.0,0.0,0.0,0.0,0.0,0.0,0.0,0.0,0.0,0.0,0.0,0.0,0.0,0.0,0.0,Normal ZnO
4.749509194113117,271.9551813130316,16.0,-1.5651329331250001,4.05432,1.8770200000000004,16.997198832064473,1,-7.433613255886419,2.1772999999999993,16.997198832064473,22.557837584965032,73959.62064300387,2.449641098352466,1291.6536340329433,-425.6460106070063,0.0,-0.005755113491746524,0.0,0.0,0.0,0.0,0.0,0.0,0.0,0.0,0.0,0.0,0.0,0.0,0.0,0.0,0.0,0.0,0.0,0.0,0.0,0.0,0.0,0.0,0.0,0.0,0.0,0.0,0.0,0.0,0.0,0.0,0.0,0.0,0.0,0.0,0.0,0.0,0.0,0.0,0.0,0.0,0.0,0.0,0.0,0.0,0.0,1.0,0.0,0.0,0.0,0.0,0.0,0.0,0.0,0.0,0.0,0.0,0.0,0.0,0.0,Normal ZnO
4.625715829427811,213.01767530603794,16.0,-1.8495060975,3.1812,3.2165,13.313604706627371,1,-8.555289631829007,-0.03529999999999989,13.313604706627371,21.397246934619023,45376.52999278861,3.4206728046896795,985.3592326110535,-393.97748935379235,0.0,-0.008682406729126369,0.0,0.0,0.0,0.0,0.0,0.0,0.0,0.0,0.0,0.0,0.0,0.0,0.0,0.0,0.0,0.0,0.0,0.0,0.0,0.0,0.0,0.0,0.0,0.0,0.0,0.0,0.0,0.0,0.0,0.0,0.0,0.0,0.0,0.0,0.0,0.0,0.0,0.0,0.0,0.0,0.0,0.0,0.0,0.0,0.0,0.0,0.0,0.0,0.0,0.0,0.0,0.0,0.0,1.0,0.0,0.0,0.0,0.0,0.0,Normal ZnO
7.312681954438354,255.85485217434942,16.0,-1.329269065000001,3.0436,2.7779,15.990928260896839,1,-9.72052190421865,0.26570000000000027,15.990928260896839,53.47531736676834,65461.70538115819,1.7669562471659768,1870.9851604508576,-340.0999401255109,0.03633413864508852,-0.005195402993937303,0.0,0.0,0.0,0.0,0.0,0.0,0.0,1.0,0.0,0.0,0.0,0.0,0.0,0.0,0.0,0.0,0.0,0.0,0.0,0.0,0.0,0.0,0.0,0.0,0.0,0.0,0.0,0.0,0.0,0.0,0.0,0.0,0.0,0.0,0.0,0.0,0.0,0.0,0.0,0.0,0.0,0.0,0.0,0.0,0.0,0.0,0.0,0.0,0.0,0.0,0.0,0.0,0.0,0.0,0.0,0.0,0.0,0.0,0.26570000000000005,Normal ZnO
5.03585664837053,200.93997499991957,16.0,-1.657280017607759,2.7126,2.7543,12.558748437494973,1,-8.34582459488166,-0.04170000000000007,12.558748437494973,25.359852182937665,40376.8735529683,2.7465770567619736,1011.904909026753,-333.01380530596936,0.0,-0.008247637224043758,0.0,0.0,0.0,0.0,0.0,0.0,0.0,0.0,0.0,0.0,0.0,0.0,0.0,0.0,0.0,0.0,0.0,0.0,0.0,0.0,0.0,0.0,0.0,0.0,0.0,0.0,0.0,0.0,0.0,0.0,1.0,0.0,0.0,0.0,0.0,0.0,0.0,0.0,0.0,0.0,0.0,0.0,0.0,0.0,0.0,0.0,0.0,0.0,0.0,0.0,0.0,0.0,0.0,0.0,0.0,0.0,0.0,0.0,0.0,Normal ZnO
5.182741626701821,190.12316329535295,16.0,-1.854978619375001,4.3866,3.848799999999999,11.88269770595956,1,-9.613874907276692,0.5378000000000007,11.88269770595956,26.86081076914784,36146.81722143145,3.440945678338385,985.3592326110536,-352.6744029608217,0.1037674726498459,-0.009756720786795056,0.0,0.0,0.0,0.0,0.0,0.0,0.0,0.0,0.0,0.0,0.0,0.0,0.0,0.0,0.0,0.0,0.0,0.0,0.0,0.0,0.0,0.0,0.0,0.0,0.0,0.0,0.0,0.0,0.0,0.0,0.0,0.0,0.0,0.0,0.0,0.0,0.0,0.0,0.0,0.0,0.0,0.0,0.0,0.0,0.0,0.0,0.0,0.0,0.0,0.0,0.0,0.0,0.0,1.0,0.0,0.0,0.0,0.0,0.5377999999999991,Normal ZnO
5.571553898289021,182.70110357829324,16.0,-1.38045113125,3.966,3.4984,11.418818973643328,1,-7.691257881713426,0.4676,11.418818973643328,31.042212841539584,33379.69324872624,1.905645325769405,1017.9290458633459,-252.20994511527834,0.08392631724223222,-0.007555789780210237,0.0,0.0,0.0,0.0,0.0,0.0,0.0,0.0,0.0,0.0,0.0,0.0,0.0,0.0,0.0,0.0,0.0,0.0,0.0,1.0,0.0,0.0,0.0,0.0,0.0,0.0,0.0,0.0,0.0,0.0,0.0,0.0,0.0,0.0,0.0,0.0,0.0,0.0,0.0,0.0,0.0,0.0,0.0,0.0,0.0,0.0,0.0,0.0,0.0,0.0,0.0,0.0,0.0,0.0,0.0,0.0,0.0,0.0,0.4676,Normal ZnO
5.17800025594637,185.09147442438095,13.0,-1.759228370769231,3.6184000000000003,3.6481,14.23780572495238,1,-9.109284954111194,-0.029699999999999616,14.23780572495238,26.811686650580672,34258.85390459127,3.0948844605193635,958.4037019429355,-325.6181729948785,0.0,-0.009504642913674359,0.0,0.0,0.0,0.0,0.0,0.0,0.0,0.0,0.0,0.0,0.0,0.0,0.0,0.0,0.0,0.0,0.0,0.0,0.0,0.0,0.0,0.0,0.0,0.0,0.0,0.0,0.0,0.0,0.0,0.0,0.0,1.0,0.0,0.0,0.0,0.0,0.0,0.0,0.0,0.0,0.0,0.0,0.0,0.0,0.0,0.0,0.0,0.0,0.0,0.0,0.0,0.0,0.0,0.0,0.0,0.0,0.0,0.0,0.0,Normal ZnO
4.187075021542244,235.33355087774655,16.0,-1.772517015000001,3.1604,2.7497,14.70834692985916,1,-7.421661718765122,0.4107000000000003,14.70834692985916,17.53159723602298,55381.88016872892,3.1418165684645136,985.3592326110534,-417.13272313117415,0.09808756659170752,-0.007531935027491282,0.0,0.0,0.0,0.0,0.0,0.0,0.0,0.0,0.0,0.0,0.0,0.0,0.0,0.0,0.0,0.0,0.0,0.0,0.0,0.0,0.0,0.0,0.0,0.0,0.0,0.0,0.0,0.0,0.0,0.0,0.0,0.0,0.0,0.0,0.0,0.0,0.0,0.0,0.0,0.0,0.0,0.0,0.0,0.0,0.0,0.0,0.0,0.0,0.0,0.0,0.0,0.0,0.0,1.0,0.0,0.0,0.0,0.0,0.4107,Normal ZnO
5.374195006083616,236.57404615597264,16.0,-1.756231846875,2.2185200000000003,1.75532,14.78587788474829,1,-9.43833242100063,0.4632000000000003,14.78587788474829,28.881971963414074,55967.27931460827,3.0843502999779733,1271.395057420423,-415.4788740031953,0.0,-0.007423603203358668,0.0,0.0,0.0,0.0,0.0,0.0,0.0,0.0,0.0,0.0,0.0,0.0,0.0,0.0,0.0,0.0,0.0,0.0,0.0,0.0,0.0,0.0,0.0,0.0,0.0,0.0,0.0,0.0,0.0,0.0,0.0,0.0,0.0,0.0,0.0,0.0,0.0,0.0,0.0,0.0,0.0,0.0,0.0,0.0,0.0,0.0,0.0,0.0,1.0,0.0,0.0,0.0,0.0,0.0,0.0,0.0,0.0,0.0,0.0,Normal ZnO
5.56048648041423,192.26380552070881,16.0,-1.171677519999999,2.625099999999999,2.6775,12.016487845044301,1,-6.515097009365268,-0.052400000000001334,12.016487845044301,30.919009898869433,36965.37091330494,1.3728282108733478,1069.0802912708923,-225.2711788382662,0.0,-0.006094113849597121,0.0,0.0,0.0,0.0,0.0,0.0,0.0,0.0,0.0,0.0,0.0,0.0,0.0,0.0,0.0,0.0,1.0,0.0,0.0,0.0,0.0,0.0,0.0,0.0,0.0,0.0,0.0,0.0,0.0,0.0,0.0,0.0,0.0,0.0,0.0,0.0,0.0,0.0,0.0,0.0,0.0,0.0,0.0,0.0,0.0,0.0,0.0,0.0,0.0,0.0,0.0,0.0,0.0,0.0,0.0,0.0,0.0,0.0,0.0,Normal ZnO
5.253853699801823,188.88307655902773,16.0,-1.6492824018749999,4.0657,4.1037,11.805192284939233,1,-8.665088449109005,-0.038000000000000256,11.805192284939233,27.602978698921305,35676.81661040353,2.7201324411345684,992.3640506095988,-311.52153418081275,0.0,-0.008731763755232902,0.0,0.0,0.0,0.0,0.0,0.0,0.0,0.0,0.0,0.0,0.0,0.0,0.0,0.0,1.0,0.0,0.0,0.0,0.0,0.0,0.0,0.0,0.0,0.0,0.0,0.0,0.0,0.0,0.0,0.0,0.0,0.0,0.0,0.0,0.0,0.0,0.0,0.0,0.0,0.0,0.0,0.0,0.0,0.0,0.0,0.0,0.0,0.0,0.0,0.0,0.0,0.0,0.0,0.0,0.0,0.0,0.0,0.0,0.0,Normal ZnO
5.360928502780446,185.1104804130309,16.0,-1.73540004375,4.1516,4.0346,11.569405025814431,1,-9.303355558265807,0.11699999999999999,11.569405025814431,28.739554411923795,34265.88995874309,3.0116133118475017,992.3640506095988,-321.24073580735734,0.021824577578178284,-0.00937494214200006,0.0,0.0,0.0,0.0,0.0,0.0,0.0,0.0,0.0,0.0,0.0,0.0,0.0,0.0,1.0,0.0,0.0,0.0,0.0,0.0,0.0,0.0,0.0,0.0,0.0,0.0,0.0,0.0,0.0,0.0,0.0,0.0,0.0,0.0,0.0,0.0,0.0,0.0,0.0,0.0,0.0,0.0,0.0,0.0,0.0,0.0,0.0,0.0,0.0,0.0,0.0,0.0,0.0,0.0,0.0,0.0,0.0,0.0,0.11699999999999901,Normal ZnO
5.335679101968501,271.137762814881,26.0,-1.255663569615384,2.1367,2.1119,10.428375492880038,1,-6.699817867499974,0.024799999999999933,10.428375492880038,28.46947147918339,73515.68642425866,1.5766910000592482,1446.7040948058527,-340.4578111136628,0.004647955682126666,-0.004631090691976709,0.0,0.0,0.0,0.0,0.0,0.0,0.0,0.0,0.0,0.0,0.0,0.0,0.0,1.0,0.0,0.0,0.0,0.0,0.0,0.0,0.0,0.0,0.0,0.0,0.0,0.0,0.0,0.0,0.0,0.0,0.0,0.0,0.0,0.0,0.0,0.0,0.0,0.0,0.0,0.0,0.0,0.0,0.0,0.0,0.0,0.0,0.0,0.0,0.0,0.0,0.0,0.0,0.0,0.0,0.0,0.0,0.0,0.0,0.024799999999999003,Normal ZnO
4.472684551941859,153.38937983166602,13.0,-1.778669174748011,3.58808,3.35282,11.79918306397431,1,-7.955426140910604,0.23526000000000025,11.79918306397431,20.004907101179352,23528.30184514311,3.1636640331987707,686.0623096050348,-272.8289616402986,0.0,-0.011595777860892158,0.0,0.0,0.0,0.0,0.0,0.0,0.0,0.0,0.0,0.0,0.0,0.0,0.0,0.0,0.0,0.0,0.0,0.0,0.0,0.0,0.0,0.0,0.0,0.0,0.0,0.0,0.0,0.0,0.0,0.0,1.0,0.0,0.0,0.0,0.0,0.0,0.0,0.0,0.0,0.0,0.0,0.0,0.0,0.0,0.0,0.0,0.0,0.0,0.0,0.0,0.0,0.0,0.0,0.0,0.0,0.0,0.0,0.0,0.0,Normal ZnO
5.280647143104107,758.1463261510347,70.0,-1.6510703792857142,3.8389800000000003,1.5797599999999998,10.830661802157639,1,-8.71872008143892,2.2592200000000005,10.830661802157639,27.88523424997357,574785.8518563111,2.726033397354672,4003.5032312443363,-1251.7529422722596,0.0,-0.0021777727100095383,0.0,0.0,0.0,0.0,0.0,0.0,0.0,0.0,0.0,0.0,0.0,0.0,0.0,0.0,0.0,0.0,0.0,0.0,0.0,1.0,0.0,0.0,0.0,0.0,0.0,0.0,0.0,0.0,0.0,0.0,0.0,0.0,0.0,0.0,0.0,0.0,0.0,0.0,0.0,0.0,0.0,0.0,0.0,0.0,0.0,0.0,0.0,0.0,0.0,0.0,0.0,0.0,0.0,0.0,0.0,0.0,0.0,0.0,0.0,Normal ZnO
4.688839256062707,939.2204155163884,77.0,-1.554290825714286,2.9296,2.1967,12.19766773397907,1,-7.2878198389472635,0.7329000000000003,12.19766773397907,21.985213569194677,882134.9889227772,2.415819970899597,4403.8535543687685,-1459.8216751606822,0.1563073417482492,-0.0016548733396725929,0.0,0.0,0.0,0.0,0.0,0.0,0.0,0.0,0.0,0.0,0.0,0.0,0.0,0.0,0.0,0.0,0.0,0.0,0.0,1.0,0.0,0.0,0.0,0.0,0.0,0.0,0.0,0.0,0.0,0.0,0.0,0.0,0.0,0.0,0.0,0.0,0.0,0.0,0.0,0.0,0.0,0.0,0.0,0.0,0.0,0.0,0.0,0.0,0.0,0.0,0.0,0.0,0.0,0.0,0.0,0.0,0.0,0.0,0.7329000000000001,Normal ZnO
6.026290508976597,575.1916006582294,44.0,-1.8462847241666671,4.064,2.8068,13.072536378596123,1,-11.12624811011406,1.2572,13.072536378596123,36.316177298581415,330845.377467776,3.408767282691186,3466.271683889745,-1061.967465764263,0.20861921577250706,-0.0032098603700990115,0.0,0.0,0.0,0.0,0.0,0.0,0.0,0.0,0.0,0.0,0.0,0.0,0.0,0.0,0.0,0.0,0.0,0.0,0.0,0.0,0.0,0.0,0.0,0.0,1.0,0.0,0.0,0.0,0.0,0.0,0.0,0.0,0.0,0.0,0.0,0.0,0.0,0.0,0.0,0.0,0.0,0.0,0.0,0.0,0.0,0.0,0.0,0.0,0.0,0.0,0.0,0.0,0.0,0.0,0.0,0.0,0.0,0.0,1.2572,Normal ZnO
8.634133333749023,2256.017963697379,127.0,-1.605189519055119,6.0267,4.0441,17.76392097399511,1,-13.859420333458367,1.9825999999999997,17.76392097399511,74.54825842495602,5089617.052525268,2.5766333920844047,19478.759901896134,-3621.336390127105,0.22962350977954324,-0.000711514511358048,0.0,0.0,0.0,0.0,0.0,0.0,0.0,1.0,0.0,0.0,0.0,0.0,0.0,0.0,0.0,0.0,0.0,0.0,0.0,0.0,0.0,0.0,0.0,0.0,0.0,0.0,0.0,0.0,0.0,0.0,0.0,0.0,0.0,0.0,0.0,0.0,0.0,0.0,0.0,0.0,0.0,0.0,0.0,0.0,0.0,0.0,0.0,0.0,0.0,0.0,0.0,0.0,0.0,0.0,0.0,0.0,0.0,0.0,1.982599999999999,Normal ZnO
5.213312758502035,767.9384331422083,70.0,-1.655812901571428,3.8028,3.1297,10.97054904488869,1,-8.632270525454599,0.6730999999999998,10.97054904488869,27.178629917960095,589729.4370969099,2.7417163650103915,4003.5032312443363,-1271.562365209416,0.12911176274668854,-0.0021561792327495105,0.0,0.0,0.0,0.0,0.0,0.0,0.0,0.0,0.0,0.0,0.0,0.0,0.0,0.0,0.0,0.0,0.0,0.0,0.0,1.0,0.0,0.0,0.0,0.0,0.0,0.0,0.0,0.0,0.0,0.0,0.0,0.0,0.0,0.0,0.0,0.0,0.0,0.0,0.0,0.0,0.0,0.0,0.0,0.0,0.0,0.0,0.0,0.0,0.0,0.0,0.0,0.0,0.0,0.0,0.0,0.0,0.0,0.0,0.673099999999999,Normal ZnO
5.188415556382406,620.3597120645134,56.0,-1.6387411214285712,3.8380400000000003,1.7159599999999997,11.077852001152024,1,-8.502469927303547,2.1220800000000004,11.077852001152024,26.91965598571095,384846.1723527659,2.685472463060971,3218.683980628431,-1016.6089702377061,0.0,-0.002641598236569806,0.0,0.0,0.0,0.0,0.0,0.0,0.0,0.0,0.0,0.0,0.0,0.0,0.0,0.0,0.0,0.0,0.0,0.0,0.0,1.0,0.0,0.0,0.0,0.0,0.0,0.0,0.0,0.0,0.0,0.0,0.0,0.0,0.0,0.0,0.0,0.0,0.0,0.0,0.0,0.0,0.0,0.0,0.0,0.0,0.0,0.0,0.0,0.0,0.0,0.0,0.0,0.0,0.0,0.0,0.0,0.0,0.0,0.0,0.0,Normal ZnO
5.180381159200952,508.4735602786882,40.0,-1.8204372597931031,2.2589,1.6935,12.711839006967205,1,-9.4305588821396,0.5654000000000001,12.711839006967205,26.836348954604194,258545.36150248474,3.313991816843022,2634.0868516195455,-925.6442147509783,0.10914254813003184,-0.0035802004312581043,0.0,0.0,0.0,0.0,0.0,0.0,0.0,0.0,0.0,0.0,0.0,0.0,0.0,0.0,0.0,0.0,0.0,0.0,0.0,0.0,0.0,0.0,0.0,0.0,0.0,0.0,0.0,0.0,0.0,0.0,1.0,0.0,0.0,0.0,0.0,0.0,0.0,0.0,0.0,0.0,0.0,0.0,0.0,0.0,0.0,0.0,0.0,0.0,0.0,0.0,0.0,0.0,0.0,0.0,0.0,0.0,0.0,0.0,0.5654,Normal ZnO
5.968948409918063,580.7173133093517,44.0,-1.847204738939393,3.4135,2.7574,13.19812075703072,1,-11.025869789285402,0.6560999999999999,13.19812075703072,35.628345120263376,337232.59797723166,3.412165347560151,3466.271683889744,-1072.7037731291866,0.10991885922649572,-0.003180901785780538,0.0,0.0,0.0,0.0,0.0,0.0,0.0,0.0,0.0,0.0,0.0,0.0,0.0,0.0,0.0,0.0,0.0,0.0,0.0,0.0,0.0,0.0,0.0,0.0,1.0,0.0,0.0,0.0,0.0,0.0,0.0,0.0,0.0,0.0,0.0,0.0,0.0,0.0,0.0,0.0,0.0,0.0,0.0,0.0,0.0,0.0,0.0,0.0,0.0,0.0,0.0,0.0,0.0,0.0,0.0,0.0,0.0,0.0,0.656099999999999,Normal ZnO
4.70485645539612,411.2801818232697,30.0,-1.728494229299999,1.8972,1.1054,13.709339394108989,1,-8.132317232837043,0.7918000000000001,13.709339394108989,22.135674265882546,169151.38796058178,2.9876923007233973,1935.0142184277004,-710.895420906976,0.16829418867643972,-0.004202717042278362,0.0,0.0,0.0,0.0,0.0,0.0,0.0,0.0,0.0,0.0,0.0,0.0,0.0,0.0,0.0,0.0,0.0,0.0,0.0,0.0,0.0,0.0,0.0,0.0,0.0,0.0,1.0,0.0,0.0,0.0,0.0,0.0,0.0,0.0,0.0,0.0,0.0,0.0,0.0,0.0,0.0,0.0,0.0,0.0,0.0,0.0,0.0,0.0,0.0,0.0,0.0,0.0,0.0,0.0,0.0,0.0,0.0,0.0,0.7918000000000001,Normal ZnO
6.27048154916779,525.888615953107,38.0,-1.125740696578948,5.3722,5.4019,13.839174104029132,1,-7.058936267045588,-0.02970000000000006,13.839174104029132,39.318938858453684,276558.83638907445,1.267292115934055,3297.5748632513432,-592.0142168459895,0.0,-0.0021406447343201842,0.0,0.0,0.0,0.0,0.0,0.0,0.0,0.0,0.0,0.0,0.0,0.0,0.0,0.0,0.0,0.0,0.0,0.0,0.0,0.0,0.0,0.0,0.0,0.0,0.0,0.0,0.0,0.0,0.0,0.0,0.0,1.0,0.0,0.0,0.0,0.0,0.0,0.0,0.0,0.0,0.0,0.0,0.0,0.0,0.0,0.0,0.0,0.0,0.0,0.0,0.0,0.0,0.0,0.0,0.0,0.0,0.0,0.0,0.0,Normal ZnO
5.971797444326734,580.4402637907178,44.0,-1.845857040984849,4.0684,2.7826,13.191824177061768,1,-11.023084359945829,1.2857999999999996,13.191824177061768,35.662364716067316,336910.89982943813,3.4071882157533424,3466.271683889744,-1071.4097477891996,0.21531205838562417,-0.0031800982049901123,0.0,0.0,0.0,0.0,0.0,0.0,0.0,0.0,0.0,0.0,0.0,0.0,0.0,0.0,0.0,0.0,0.0,0.0,0.0,0.0,0.0,0.0,0.0,0.0,1.0,0.0,0.0,0.0,0.0,0.0,0.0,0.0,0.0,0.0,0.0,0.0,0.0,0.0,0.0,0.0,0.0,0.0,0.0,0.0,0.0,0.0,0.0,0.0,0.0,0.0,0.0,0.0,0.0,0.0,0.0,0.0,0.0,0.0,1.285799999999999,Normal ZnO
6.348342089104972,246.05121608245983,20.0,-1.6620442704999991,6.182,5.8272,12.302560804122992,1,-10.551225596370914,0.3548,12.302560804122992,40.30144728030168,60541.20093565734,2.762391157101874,1562.017291131742,-408.94801393940963,0.05588860761125459,-0.00675487118886254,0.0,0.0,0.0,0.0,0.0,0.0,0.0,0.0,0.0,0.0,0.0,0.0,0.0,0.0,0.0,0.0,0.0,0.0,0.0,0.0,0.0,0.0,0.0,0.0,0.0,0.0,0.0,0.0,0.0,0.0,0.0,0.0,0.0,0.0,0.0,0.0,0.0,0.0,0.0,0.0,0.0,0.0,0.0,0.0,0.0,1.0,0.0,0.0,0.0,0.0,0.0,0.0,0.0,0.0,0.0,0.0,0.0,0.0,0.3548,Normal ZnO
4.310849943102647,409.9309908080126,28.0,-1.8923423817857152,3.0794,-0.0855,14.640392528857593,1,-8.157604048851677,3.1649000000000003,14.640392528857593,18.583427231948093,168043.41722483892,3.580959689902434,1767.1509884007328,-775.7297875134127,0.734170764877547,-0.004616246207820809,0.0,0.0,0.0,0.0,0.0,0.0,0.0,0.0,0.0,0.0,0.0,0.0,0.0,0.0,0.0,0.0,0.0,0.0,0.0,0.0,0.0,0.0,0.0,0.0,0.0,0.0,0.0,0.0,0.0,0.0,0.0,1.0,0.0,0.0,0.0,0.0,0.0,0.0,0.0,0.0,0.0,0.0,0.0,0.0,0.0,0.0,0.0,0.0,0.0,0.0,0.0,0.0,0.0,0.0,0.0,0.0,0.0,0.0,3.1649,2D ZnO
3.897318021050869,344.56599375032255,28.0,-1.860329990714285,3.8465,0.48260000000000003,12.305928348225805,1,-7.250297597912178,3.3638999999999997,12.305928348225805,15.189087757207862,118725.72404914732,3.4608276743510116,1342.8832568844332,-641.0064519539959,0.8631320261344648,-0.0053990527923725015,0.0,0.0,0.0,0.0,0.0,0.0,0.0,0.0,0.0,0.0,0.0,0.0,0.0,0.0,0.0,0.0,0.0,0.0,0.0,0.0,0.0,0.0,0.0,0.0,0.0,0.0,0.0,0.0,0.0,0.0,0.0,0.0,0.0,0.0,0.0,0.0,0.0,0.0,0.0,0.0,0.0,0.0,0.0,0.0,1.0,0.0,0.0,0.0,0.0,0.0,0.0,0.0,0.0,0.0,0.0,0.0,0.0,0.0,3.3638999999999992,2D ZnO
5.133082711629264,306.24201426193054,28.0,-1.9894201150492612,3.7062,2.9472,10.937214795068948,1,-10.211857998726863,0.7589999999999999,10.937214795068948,26.348538124427236,93784.17129920446,3.957792394162616,1571.965588982438,-609.2440232458873,0.14786436195162905,-0.006496235076835992,0.0,0.0,0.0,0.0,0.0,0.0,0.0,0.0,0.0,0.0,0.0,0.0,0.0,0.0,0.0,0.0,0.0,0.0,0.0,0.0,0.0,0.0,0.0,0.0,0.0,0.0,0.0,0.0,0.0,0.0,1.0,0.0,0.0,0.0,0.0,0.0,0.0,0.0,0.0,0.0,0.0,0.0,0.0,0.0,0.0,0.0,0.0,0.0,0.0,0.0,0.0,0.0,0.0,0.0,0.0,0.0,0.0,0.0,0.758999999999999,Normal ZnO
5.158952987365602,159.1820902479926,14.0,-1.151577429285714,2.4468,2.1699,11.370149303428041,1,-5.940933818996334,0.2768999999999999,11.370149303428041,26.61479592584847,25338.937855720058,1.3261305756402935,821.2129200199822,-183.31050227610982,0.05367368159355856,-0.007234340417892811,0.0,0.0,0.0,0.0,0.0,0.0,0.0,0.0,0.0,0.0,0.0,0.0,0.0,1.0,0.0,0.0,0.0,0.0,0.0,0.0,0.0,0.0,0.0,0.0,0.0,0.0,0.0,0.0,0.0,0.0,0.0,0.0,0.0,0.0,0.0,0.0,0.0,0.0,0.0,0.0,0.0,0.0,0.0,0.0,0.0,0.0,0.0,0.0,0.0,0.0,0.0,0.0,0.0,0.0,0.0,0.0,0.0,0.0,0.27689999999999904,Normal ZnO
5.307125433530499,240.8031995431628,24.0,-2.745342895208335,7.7099,7.7363,10.033466647631784,1,-14.569879102922409,-0.026399999999999757,10.033466647631784,28.165580367226283,57986.180910224284,7.536907612270883,1277.9727847710392,-661.087353009257,0.0,-0.011400774160877565,0.0,0.0,0.0,0.0,0.0,0.0,0.0,0.0,0.0,0.0,0.0,0.0,0.0,0.0,0.0,0.0,0.0,0.0,0.0,0.0,0.0,0.0,0.0,0.0,0.0,0.0,0.0,0.0,0.0,0.0,0.0,0.0,0.0,0.0,0.0,0.0,0.0,0.0,0.0,0.0,0.0,0.0,0.0,0.0,0.0,0.0,0.0,0.0,0.0,0.0,0.0,0.0,1.0,0.0,0.0,0.0,0.0,0.0,0.0,Normal ZnO
6.477263528165832,233.47716306769874,24.0,-0.9333882572916671,4.7617400000000005,3.4471599999999993,9.72821512782078,1,-6.045801716573581,1.3145800000000012,9.72821512782078,41.95494281330728,54511.58567414079,0.8712136388499753,1512.2931129980316,-217.9248423531617,0.0,-0.00399777110972101,0.0,0.0,0.0,0.0,0.0,0.0,0.0,0.0,0.0,0.0,0.0,0.0,0.0,0.0,0.0,0.0,1.0,0.0,0.0,0.0,0.0,0.0,0.0,0.0,0.0,0.0,0.0,0.0,0.0,0.0,0.0,0.0,0.0,0.0,0.0,0.0,0.0,0.0,0.0,0.0,0.0,0.0,0.0,0.0,0.0,0.0,0.0,0.0,0.0,0.0,0.0,0.0,0.0,0.0,0.0,0.0,0.0,0.0,0.0,Normal ZnO
5.995262178951798,240.74934235293364,24.0,-1.221732249375,4.811940000000001,3.8058199999999998,10.031222598038902,1,-7.324605147483644,1.006120000000001,10.031222598038902,35.94316859436986,57960.245843370045,1.4926296891628972,1443.3554268160613,-294.13123556840156,0.0,-0.005074706486981656,0.0,0.0,0.0,0.0,0.0,0.0,0.0,0.0,0.0,0.0,0.0,0.0,0.0,1.0,0.0,0.0,0.0,0.0,0.0,0.0,0.0,0.0,0.0,0.0,0.0,0.0,0.0,0.0,0.0,0.0,0.0,0.0,0.0,0.0,0.0,0.0,0.0,0.0,0.0,0.0,0.0,0.0,0.0,0.0,0.0,0.0,0.0,0.0,0.0,0.0,0.0,0.0,0.0,0.0,0.0,0.0,0.0,0.0,0.0,Normal ZnO
6.248313036224064,230.42567134198126,24.0,-1.147969138958333,4.827680000000001,3.8220599999999996,9.60106963924922,1,-7.172870536136267,1.0056200000000013,9.60106963924922,39.041415798647584,53095.99001340276,1.3178331440007367,1439.7717261267833,-264.5215595243501,0.0,-0.004981949850781164,0.0,0.0,0.0,0.0,0.0,0.0,0.0,0.0,0.0,0.0,0.0,0.0,0.0,0.0,0.0,0.0,0.0,0.0,0.0,0.0,0.0,0.0,0.0,0.0,0.0,0.0,0.0,0.0,0.0,0.0,0.0,0.0,0.0,0.0,0.0,1.0,0.0,0.0,0.0,0.0,0.0,0.0,0.0,0.0,0.0,0.0,0.0,0.0,0.0,0.0,0.0,0.0,0.0,0.0,0.0,0.0,0.0,0.0,0.0,Normal ZnO
5.427719097972617,257.419882202994,24.0,-1.5241370464583341,4.22,3.4235,10.725828425124751,1,-8.272587754989479,0.7964999999999995,10.725828425124751,29.460134606496684,66264.99575340332,2.322993736386734,1397.2028108310521,-392.3431789605236,0.1467467246596293,-0.0059208210081319315,0.0,0.0,0.0,0.0,0.0,0.0,0.0,0.0,0.0,0.0,0.0,0.0,0.0,0.0,0.0,0.0,0.0,0.0,0.0,1.0,0.0,0.0,0.0,0.0,0.0,0.0,0.0,0.0,0.0,0.0,0.0,0.0,0.0,0.0,0.0,0.0,0.0,0.0,0.0,0.0,0.0,0.0,0.0,0.0,0.0,0.0,0.0,0.0,0.0,0.0,0.0,0.0,0.0,0.0,0.0,0.0,0.0,0.0,0.7964999999999991,Normal ZnO
5.431018342449965,190.91236640987498,16.0,-1.293678676875,3.3447,2.606,11.932022900617186,1,-7.025992623344526,0.7387000000000001,11.932022900617186,29.49596023602797,36447.53164821836,1.6736045190010505,1036.8485637725596,-246.97925757620223,0.13601500739302752,-0.006776295853447052,0.0,0.0,0.0,0.0,0.0,0.0,0.0,0.0,0.0,0.0,0.0,0.0,0.0,0.0,0.0,0.0,0.0,0.0,0.0,0.0,0.0,0.0,0.0,0.0,0.0,0.0,0.0,0.0,0.0,0.0,0.0,0.0,0.0,0.0,0.0,1.0,0.0,0.0,0.0,0.0,0.0,0.0,0.0,0.0,0.0,0.0,0.0,0.0,0.0,0.0,0.0,0.0,0.0,0.0,0.0,0.0,0.0,0.0,0.7387,Normal ZnO
5.612586967550337,181.36539384575983,16.0,-1.399092245,2.4897,2.5341,11.33533711535999,1,-7.852526900687743,-0.044399999999999995,11.33533711535999,31.501132468315888,32893.40608482758,1.9574591100191403,1017.9290458633457,-253.7469160409733,0.0,-0.007714218326511851,0.0,0.0,0.0,0.0,0.0,0.0,0.0,0.0,0.0,0.0,0.0,0.0,0.0,0.0,0.0,0.0,0.0,0.0,0.0,1.0,0.0,0.0,0.0,0.0,0.0,0.0,0.0,0.0,0.0,0.0,0.0,0.0,0.0,0.0,0.0,0.0,0.0,0.0,0.0,0.0,0.0,0.0,0.0,0.0,0.0,0.0,0.0,0.0,0.0,0.0,0.0,0.0,0.0,0.0,0.0,0.0,0.0,0.0,0.0,Normal ZnO
5.942034219700022,205.02402963233112,14.0,-1.606128592142856,6.3778,6.3979,14.644573545166509,1,-9.54367105575147,-0.02010000000000023,14.644573545166509,35.30777066808605,42034.85272667899,2.579649054498793,1218.2597999361028,-329.2949560688312,0.0,-0.007833855353555975,0.0,0.0,0.0,0.0,0.0,0.0,0.0,0.0,0.0,0.0,0.0,0.0,0.0,0.0,0.0,0.0,0.0,0.0,0.0,0.0,0.0,0.0,0.0,0.0,0.0,0.0,0.0,0.0,0.0,0.0,0.0,0.0,0.0,0.0,0.0,0.0,0.0,0.0,0.0,0.0,0.0,0.0,0.0,0.0,0.0,0.0,0.0,0.0,1.0,0.0,0.0,0.0,0.0,0.0,0.0,0.0,0.0,0.0,0.0,Normal ZnO
4.6479065887129885,207.60699569850848,16.0,-2.447648077708333,2.46366,1.7489800000000002,12.97543723115678,1,-11.376439627231242,0.7146799999999998,12.97543723115678,21.60303565740161,43100.664662960524,5.990981112309298,964.9379231700067,-508.1488639402565,0.0,-0.011789815027538198,0.0,0.0,0.0,0.0,0.0,0.0,0.0,0.0,0.0,0.0,0.0,0.0,0.0,0.0,0.0,0.0,0.0,0.0,0.0,0.0,0.0,0.0,0.0,0.0,0.0,0.0,0.0,0.0,0.0,0.0,0.0,0.0,0.0,0.0,0.0,0.0,0.0,0.0,0.0,0.0,0.0,0.0,0.0,0.0,0.0,0.0,0.0,0.0,0.0,0.0,0.0,0.0,1.0,0.0,0.0,0.0,0.0,0.0,0.0,Normal ZnO
5.877271421358554,345.8475576997886,28.0,-1.799939052142857,4.7569,4.6291,12.351698489278164,1,-10.578730351346417,0.1277999999999997,12.351698489278164,34.542319360318,119610.53316690859,3.239780591428927,2032.6399670156209,-622.5045251920795,0.02174478441399896,-0.005204428980543173,0.0,0.0,0.0,0.0,0.0,0.0,0.0,0.0,0.0,0.0,0.0,0.0,0.0,0.0,0.0,0.0,0.0,0.0,0.0,0.0,0.0,0.0,0.0,0.0,0.0,0.0,0.0,0.0,0.0,0.0,0.0,1.0,0.0,0.0,0.0,0.0,0.0,0.0,0.0,0.0,0.0,0.0,0.0,0.0,0.0,0.0,0.0,0.0,0.0,0.0,0.0,0.0,0.0,0.0,0.0,0.0,0.0,0.0,0.127799999999999,Normal ZnO
5.843101812264406,173.93501194427262,14.0,-1.808436350000001,4.6747,3.4942,12.4239294245909,1,-10.566877714049832,1.1804999999999994,12.4239294245909,34.14183878848758,30253.388380054257,3.2704420320013257,1016.3199835078104,-314.5503981377069,0.20203310466406438,-0.010397195652473979,0.0,0.0,0.0,0.0,0.0,0.0,0.0,0.0,0.0,0.0,0.0,0.0,0.0,0.0,0.0,0.0,0.0,0.0,0.0,0.0,0.0,0.0,0.0,0.0,0.0,0.0,0.0,0.0,0.0,0.0,0.0,1.0,0.0,0.0,0.0,0.0,0.0,0.0,0.0,0.0,0.0,0.0,0.0,0.0,0.0,0.0,0.0,0.0,0.0,0.0,0.0,0.0,0.0,0.0,0.0,0.0,0.0,0.0,1.180499999999999,Normal ZnO
3.887420003600963,231.97159459004206,19.0,-1.27899184368421,3.3288200000000003,2.1508200000000004,12.20903129421274,1,-4.971978477580475,1.178,12.20903129421274,15.112034284396913,53810.82069664683,1.6358201362107347,901.7710170765424,-296.689777447084,0.0,-0.0055135709436517095,0.0,0.0,0.0,0.0,0.0,0.0,0.0,0.0,0.0,1.0,0.0,0.0,0.0,0.0,0.0,0.0,0.0,0.0,0.0,0.0,0.0,0.0,0.0,0.0,0.0,0.0,0.0,0.0,0.0,0.0,0.0,0.0,0.0,0.0,0.0,0.0,0.0,0.0,0.0,0.0,0.0,0.0,0.0,0.0,0.0,0.0,0.0,0.0,0.0,0.0,0.0,0.0,0.0,0.0,0.0,0.0,0.0,0.0,0.0,Normal ZnO
2.985172850774574,337.68647311041275,23.0,-0.29391730652173903,5.30456,4.04928,14.682020570017945,1,-0.8773939638014839,1.25528,14.682020570017945,8.911256949001595,114032.15412174951,0.0863873830729939,1008.0524916030223,-99.25189862543817,0.0,-0.0008703851943327247,0.0,0.0,0.0,0.0,0.0,0.0,0.0,0.0,0.0,0.0,0.0,0.0,0.0,0.0,0.0,0.0,0.0,0.0,0.0,0.0,0.0,0.0,0.0,0.0,0.0,0.0,0.0,0.0,0.0,0.0,0.0,0.0,1.0,0.0,0.0,0.0,0.0,0.0,0.0,0.0,0.0,0.0,0.0,0.0,0.0,0.0,0.0,0.0,0.0,0.0,0.0,0.0,0.0,0.0,0.0,0.0,0.0,0.0,0.0,Normal ZnO
3.233715817809638,313.7784707025797,23.0,-0.6070041699999991,2.33486,1.1926999999999999,13.642542204459986,1,-1.9628789860054074,1.14216,13.642542204459986,10.456917990352256,98456.92867644965,0.36845406239738776,1014.67040399905,-190.4648401726884,0.0,-0.0019344991026339676,0.0,0.0,0.0,0.0,0.0,0.0,0.0,0.0,0.0,0.0,0.0,0.0,0.0,0.0,0.0,0.0,0.0,0.0,0.0,0.0,0.0,0.0,0.0,0.0,0.0,0.0,0.0,0.0,0.0,0.0,0.0,0.0,1.0,0.0,0.0,0.0,0.0,0.0,0.0,0.0,0.0,0.0,0.0,0.0,0.0,0.0,0.0,0.0,0.0,0.0,0.0,0.0,0.0,0.0,0.0,0.0,0.0,0.0,0.0,Normal ZnO
6.591390517027049,95.77691937589844,10.0,-1.2908290455,4.982640000000001,2.9097999999999997,9.577691937589844,1,-8.508358329611777,2.072840000000001,9.577691937589844,43.44642894795411,9173.21828513735,1.666239624706441,631.3030781243613,-123.63162941892145,0.0,-0.013477454212468935,0.0,0.0,0.0,0.0,0.0,0.0,0.0,0.0,0.0,0.0,0.0,0.0,0.0,0.0,0.0,0.0,0.0,0.0,0.0,0.0,0.0,0.0,0.0,0.0,0.0,0.0,0.0,0.0,0.0,0.0,0.0,0.0,0.0,0.0,0.0,1.0,0.0,0.0,0.0,0.0,0.0,0.0,0.0,0.0,0.0,0.0,0.0,0.0,0.0,0.0,0.0,0.0,0.0,0.0,0.0,0.0,0.0,0.0,0.0,Normal ZnO
4.6814745786749885,163.56683451516054,15.0,-0.9662757186666661,0.453,0.47500000000000003,10.904455634344036,1,-4.523595212928902,-0.02200000000000002,10.904455634344036,21.91620423078016,26754.109353309912,0.933688764484782,765.7339776970628,-158.05066057116838,0.0,-0.005907528390647584,0.0,0.0,0.0,0.0,0.0,0.0,0.0,0.0,0.0,0.0,0.0,0.0,0.0,1.0,0.0,0.0,0.0,0.0,0.0,0.0,0.0,0.0,0.0,0.0,0.0,0.0,0.0,0.0,0.0,0.0,0.0,0.0,0.0,0.0,0.0,0.0,0.0,0.0,0.0,0.0,0.0,0.0,0.0,0.0,0.0,0.0,0.0,0.0,0.0,0.0,0.0,0.0,0.0,0.0,0.0,0.0,0.0,0.0,0.0,Normal ZnO
4.943429342007979,154.57715059092436,15.0,-0.671799814666667,1.7981,1.8497,10.30514337272829,1,-3.320994915778724,-0.05159999999999987,10.30514337272829,24.437493659425442,23894.095484809306,0.4513149909861682,764.1412218351616,-103.84490111868448,0.0,-0.004346048637191726,0.0,0.0,0.0,0.0,0.0,0.0,0.0,0.0,0.0,0.0,0.0,0.0,0.0,0.0,0.0,0.0,0.0,0.0,0.0,0.0,0.0,0.0,0.0,0.0,0.0,0.0,0.0,0.0,0.0,0.0,0.0,0.0,0.0,0.0,0.0,1.0,0.0,0.0,0.0,0.0,0.0,0.0,0.0,0.0,0.0,0.0,0.0,0.0,0.0,0.0,0.0,0.0,0.0,0.0,0.0,0.0,0.0,0.0,0.0,Normal ZnO
6.45110921336128,160.9709718576276,16.0,-1.421811709375,4.4258,3.4909,10.060685741101725,1,-9.172262618014013,0.9348999999999998,10.060685741101725,41.6168100827148,25911.653780789136,2.0215485369158595,1038.4413196344608,-228.8704126566485,0.14492081424752062,-0.008832721160635942,0.0,0.0,0.0,0.0,0.0,0.0,0.0,0.0,0.0,0.0,0.0,0.0,0.0,1.0,0.0,0.0,0.0,0.0,0.0,0.0,0.0,0.0,0.0,0.0,0.0,0.0,0.0,0.0,0.0,0.0,0.0,0.0,0.0,0.0,0.0,0.0,0.0,0.0,0.0,0.0,0.0,0.0,0.0,0.0,0.0,0.0,0.0,0.0,0.0,0.0,0.0,0.0,0.0,0.0,0.0,0.0,0.0,0.0,0.9348999999999991,Normal ZnO
4.690413364893071,145.7313948598971,13.0,-2.23460673,3.5681000000000003,2.3305,11.210107296915162,1,-10.481229271672001,1.2376000000000005,11.210107296915162,21.999977533567538,21237.639447811245,4.993467237761292,683.5404821353708,-325.65235572621344,0.263857341287491,-0.0153337359609321,0.0,0.0,0.0,0.0,0.0,0.0,0.0,0.0,0.0,0.0,0.0,0.0,0.0,0.0,0.0,0.0,0.0,0.0,0.0,0.0,0.0,0.0,0.0,0.0,0.0,0.0,0.0,0.0,0.0,0.0,0.0,0.0,0.0,0.0,0.0,0.0,0.0,0.0,0.0,0.0,0.0,0.0,0.0,0.0,0.0,0.0,0.0,0.0,0.0,0.0,0.0,0.0,0.0,1.0,0.0,0.0,0.0,0.0,1.2376,Normal ZnO
6.537794053133217,158.83665211766515,16.0,-1.417277728124999,4.6087,3.684,9.927290757354072,1,-9.265869902573774,0.9246999999999996,9.927290757354072,42.74275108118405,25229.082055948184,2.0086761586391586,1038.4413196344608,-225.1156494563053,0.14143914483767497,-0.008922863263795619,0.0,0.0,0.0,0.0,0.0,0.0,0.0,0.0,0.0,0.0,0.0,0.0,0.0,1.0,0.0,0.0,0.0,0.0,0.0,0.0,0.0,0.0,0.0,0.0,0.0,0.0,0.0,0.0,0.0,0.0,0.0,0.0,0.0,0.0,0.0,0.0,0.0,0.0,0.0,0.0,0.0,0.0,0.0,0.0,0.0,0.0,0.0,0.0,0.0,0.0,0.0,0.0,0.0,0.0,0.0,0.0,0.0,0.0,0.9246999999999991,Normal ZnO
5.474654276505725,165.80148039593232,13.0,-1.862443686153847,4.3185,3.2842000000000002,12.753960030456332,1,-10.196235291153245,1.0343,12.753960030456332,29.971839447262425,27490.130901482727,3.468696484094329,907.705783700571,-308.79592031836495,0.18892517184850557,-0.01123297380521784,0.0,0.0,0.0,0.0,0.0,0.0,0.0,0.0,0.0,0.0,0.0,0.0,0.0,0.0,0.0,0.0,0.0,0.0,0.0,0.0,0.0,0.0,0.0,0.0,0.0,0.0,0.0,0.0,0.0,0.0,0.0,1.0,0.0,0.0,0.0,0.0,0.0,0.0,0.0,0.0,0.0,0.0,0.0,0.0,0.0,0.0,0.0,0.0,0.0,0.0,0.0,0.0,0.0,0.0,0.0,0.0,0.0,0.0,1.0343,Normal ZnO
4.582600113146906,145.81776361798038,13.0,-2.895715239230768,4.4877,2.1629,11.216751047536953,1,-13.269904982940139,2.3248,11.216751047536953,21.000223797014037,21262.8201865492,8.385166746713304,668.2245000545857,-422.24672025913566,0.5073102480250109,-0.019858453232193898,0.0,0.0,0.0,0.0,0.0,0.0,0.0,0.0,0.0,0.0,0.0,0.0,0.0,0.0,0.0,0.0,0.0,0.0,0.0,0.0,0.0,0.0,0.0,0.0,0.0,0.0,0.0,0.0,0.0,0.0,0.0,0.0,0.0,0.0,0.0,0.0,0.0,0.0,0.0,0.0,0.0,0.0,0.0,0.0,0.0,0.0,0.0,0.0,0.0,0.0,0.0,0.0,1.0,0.0,0.0,0.0,0.0,0.0,2.3248,Normal ZnO
5.559765431941527,129.8899188008217,13.0,-1.029510656153846,3.5527,2.8368,9.991532215447823,1,-5.7238377578995925,0.7159,9.991532215447823,30.91099165821195,16871.391006084057,1.0598921911343226,722.1574805065003,-133.72305553240375,0.1287644251836719,-0.007926024326279995,0.0,0.0,0.0,0.0,0.0,0.0,0.0,0.0,0.0,0.0,0.0,0.0,0.0,0.0,0.0,0.0,0.0,0.0,0.0,0.0,0.0,0.0,0.0,0.0,0.0,0.0,0.0,0.0,0.0,0.0,0.0,0.0,0.0,0.0,0.0,1.0,0.0,0.0,0.0,0.0,0.0,0.0,0.0,0.0,0.0,0.0,0.0,0.0,0.0,0.0,0.0,0.0,0.0,0.0,0.0,0.0,0.0,0.0,0.7159,Normal ZnO
4.71656728377518,169.76343134195247,14.0,-1.611746172142857,2.6259,1.4111,12.125959381568034,1,-7.601909265278878,1.2148,12.125959381568034,22.246006942378376,28819.62262099381,2.597725723417152,800.700646248867,-273.61556063522863,0.2575601972601701,-0.00949407159953274,0.0,0.0,0.0,0.0,0.0,0.0,0.0,0.0,0.0,0.0,0.0,0.0,0.0,0.0,0.0,0.0,0.0,0.0,0.0,1.0,0.0,0.0,0.0,0.0,0.0,0.0,0.0,0.0,0.0,0.0,0.0,0.0,0.0,0.0,0.0,0.0,0.0,0.0,0.0,0.0,0.0,0.0,0.0,0.0,0.0,0.0,0.0,0.0,0.0,0.0,0.0,0.0,0.0,0.0,0.0,0.0,0.0,0.0,1.2148,Normal ZnO
5.270970406406914,145.72854214148202,14.0,-2.139066957142856,4.0042,4.0417,10.40918158153443,1,-11.274958628422882,-0.037499999999999645,10.40918158153443,27.783129025217463,21236.8079946817,4.575607447140398,768.1308329965746,-311.72310920744445,0.0,-0.014678435162455145,0.0,0.0,0.0,0.0,0.0,0.0,0.0,0.0,0.0,0.0,0.0,0.0,0.0,0.0,0.0,0.0,0.0,0.0,0.0,0.0,0.0,0.0,0.0,0.0,0.0,0.0,0.0,0.0,0.0,0.0,0.0,0.0,0.0,0.0,0.0,0.0,0.0,0.0,0.0,0.0,0.0,0.0,0.0,0.0,0.0,0.0,0.0,0.0,0.0,0.0,0.0,0.0,0.0,1.0,0.0,0.0,0.0,0.0,0.0,Normal ZnO
6.053225342654819,168.69307675437827,13.0,-1.92696499576923,4.8672,3.5479000000000003,12.976390519567559,1,-11.66435334679904,1.3193000000000001,12.976390519567559,36.64153704895855,28457.354144858557,3.713194094919909,1021.137207340017,-325.06565393429895,0.2179499234405476,-0.011422905034656186,0.0,0.0,0.0,0.0,0.0,0.0,0.0,0.0,0.0,0.0,0.0,0.0,0.0,0.0,0.0,0.0,0.0,0.0,0.0,0.0,0.0,0.0,0.0,0.0,0.0,0.0,0.0,0.0,0.0,0.0,0.0,0.0,0.0,0.0,0.0,0.0,0.0,0.0,0.0,0.0,0.0,0.0,0.0,0.0,0.0,0.0,0.0,0.0,1.0,0.0,0.0,0.0,0.0,0.0,0.0,0.0,0.0,0.0,1.3193000000000001,Normal ZnO
5.750738395563031,180.2083608252787,13.0,-1.625321084615384,5.7738,5.7940000000000005,13.862181601944515,1,-9.34679636641584,-0.020200000000000884,13.862181601944515,33.070992094202865,32475.053311333842,2.6416686280953283,1036.331139799407,-292.8964484733025,0.0,-0.00901912140575551,0.0,0.0,0.0,0.0,0.0,0.0,0.0,0.0,0.0,0.0,0.0,0.0,0.0,0.0,0.0,0.0,0.0,0.0,0.0,0.0,0.0,0.0,0.0,0.0,0.0,0.0,0.0,0.0,0.0,0.0,0.0,0.0,0.0,0.0,0.0,0.0,0.0,0.0,0.0,0.0,0.0,0.0,0.0,0.0,0.0,1.0,0.0,0.0,0.0,0.0,0.0,0.0,0.0,0.0,0.0,0.0,0.0,0.0,0.0,Normal ZnO
8.372177159980708,160.72162710494905,13.0,-1.6720814253846141,4.0334,3.9018,12.36320208499608,1,-13.998961919233054,0.13160000000000016,12.36320208499608,70.09335039810264,25831.441419262293,2.795856293116243,1345.5899355629908,-268.73964733977766,0.015718730920918935,-0.010403586968994332,0.0,0.0,0.0,0.0,0.0,0.0,0.0,0.0,0.0,0.0,0.0,0.0,0.0,0.0,0.0,0.0,0.0,0.0,0.0,0.0,0.0,0.0,0.0,0.0,0.0,0.0,0.0,0.0,0.0,0.0,0.0,0.0,0.0,0.0,0.0,0.0,0.0,0.0,0.0,0.0,0.0,0.0,0.0,0.0,0.0,0.0,0.0,0.0,0.0,0.0,0.0,0.0,0.0,0.0,1.0,0.0,0.0,0.0,0.13160000000000002,Normal ZnO
5.5491215807553775,130.35433390242275,13.0,-1.27907114,2.7353,2.2551,10.02725645403252,1,-7.097721266295383,0.48019999999999996,10.02725645403252,30.79275031800506,16992.252367144323,1.6360229811809,723.3520474029265,-166.73246646851254,0.0865362189333454,-0.009812264016917564,0.0,0.0,0.0,0.0,0.0,0.0,0.0,0.0,0.0,0.0,0.0,0.0,0.0,1.0,0.0,0.0,0.0,0.0,0.0,0.0,0.0,0.0,0.0,0.0,0.0,0.0,0.0,0.0,0.0,0.0,0.0,0.0,0.0,0.0,0.0,0.0,0.0,0.0,0.0,0.0,0.0,0.0,0.0,0.0,0.0,0.0,0.0,0.0,0.0,0.0,0.0,0.0,0.0,0.0,0.0,0.0,0.0,0.0,0.480199999999999,Normal ZnO
5.614047856352697,145.99450968887302,14.0,-1.021267530714286,3.1862,3.2382,10.42817926349093,1,-5.73344479156915,-0.052000000000000046,10.42817926349093,31.517533333418317,21314.39685929444,1.042987369291255,819.6201641580807,-149.09945240779825,0.0,-0.0069952461424110796,0.0,0.0,0.0,0.0,0.0,0.0,0.0,0.0,0.0,0.0,0.0,0.0,0.0,0.0,0.0,0.0,0.0,0.0,0.0,0.0,0.0,0.0,0.0,0.0,0.0,0.0,0.0,0.0,0.0,0.0,0.0,0.0,0.0,0.0,0.0,1.0,0.0,0.0,0.0,0.0,0.0,0.0,0.0,0.0,0.0,0.0,0.0,0.0,0.0,0.0,0.0,0.0,0.0,0.0,0.0,0.0,0.0,0.0,0.0,Normal ZnO
4.7778518771699865,166.32506194038325,14.0,-1.770151929408867,3.7989,2.4115,11.880361567170231,1,-8.457523718802229,1.3874,11.880361567170231,22.827868560176764,27664.026229472325,3.1334378531899345,794.6765094122744,-294.4206293028187,0.2903815429334288,-0.01064272520784241,0.0,0.0,0.0,0.0,0.0,0.0,0.0,0.0,0.0,0.0,0.0,0.0,0.0,0.0,0.0,0.0,0.0,0.0,0.0,0.0,0.0,0.0,0.0,0.0,0.0,0.0,0.0,0.0,0.0,0.0,1.0,0.0,0.0,0.0,0.0,0.0,0.0,0.0,0.0,0.0,0.0,0.0,0.0,0.0,0.0,0.0,0.0,0.0,0.0,0.0,0.0,0.0,0.0,0.0,0.0,0.0,0.0,0.0,1.3874,Normal ZnO
5.310510348711602,132.46367924277024,13.0,-1.823835586445624,3.2853,2.0554,10.189513787905403,1,-9.68549775616798,1.2298999999999998,10.189513787905403,28.20152016377302,17546.62631853152,3.326376246385453,703.4497394471456,-241.59197211448287,0.2315973266671797,-0.013768571104710331,0.0,0.0,0.0,0.0,0.0,0.0,0.0,0.0,0.0,0.0,0.0,0.0,0.0,0.0,0.0,0.0,0.0,0.0,0.0,0.0,0.0,0.0,0.0,0.0,0.0,0.0,0.0,0.0,0.0,0.0,1.0,0.0,0.0,0.0,0.0,0.0,0.0,0.0,0.0,0.0,0.0,0.0,0.0,0.0,0.0,0.0,0.0,0.0,0.0,0.0,0.0,0.0,0.0,0.0,0.0,0.0,0.0,0.0,1.229899999999999,Normal ZnO
4.721767667117767,158.35373026982077,14.0,-2.846137845952381,5.4077,5.4355,11.310980733558626,1,-13.438801657178162,-0.027800000000000047,11.310980733558626,22.29508990223876,25075.90389036715,8.10050063816246,747.7095235555278,-450.6965447686721,0.0,-0.017973292079086572,0.0,0.0,0.0,0.0,0.0,0.0,0.0,0.0,0.0,0.0,0.0,0.0,0.0,0.0,0.0,0.0,0.0,0.0,0.0,0.0,0.0,0.0,0.0,0.0,0.0,0.0,0.0,0.0,0.0,0.0,0.0,0.0,0.0,0.0,0.0,0.0,0.0,0.0,0.0,0.0,0.0,0.0,0.0,0.0,0.0,0.0,0.0,0.0,0.0,0.0,0.0,0.0,1.0,0.0,0.0,0.0,0.0,0.0,0.0,Normal ZnO
5.764162320722261,147.78416086479584,14.0,-1.081329078571428,3.2111,3.2659000000000002,10.55601149034256,1,-6.232956331002747,-0.05480000000000018,10.55601149034256,33.22556725963424,21840.158202511855,1.1692725761641336,851.8518916564135,-159.80331049538137,0.0,-0.007316948394494792,0.0,0.0,0.0,0.0,0.0,0.0,0.0,0.0,0.0,0.0,0.0,0.0,0.0,0.0,0.0,0.0,1.0,0.0,0.0,0.0,0.0,0.0,0.0,0.0,0.0,0.0,0.0,0.0,0.0,0.0,0.0,0.0,0.0,0.0,0.0,0.0,0.0,0.0,0.0,0.0,0.0,0.0,0.0,0.0,0.0,0.0,0.0,0.0,0.0,0.0,0.0,0.0,0.0,0.0,0.0,0.0,0.0,0.0,0.0,Normal ZnO
4.904887061309119,140.43016424733744,13.0,-1.8680667400000002,2.3028,2.3391,10.802320326718265,1,-9.162656382687906,-0.03630000000000022,10.802320326718265,24.057917084197605,19720.631030534172,3.489673345094228,688.7940956342799,-262.3329191231882,0.0,-0.013302460692916398,0.0,0.0,0.0,0.0,0.0,0.0,0.0,0.0,0.0,0.0,0.0,0.0,0.0,0.0,1.0,0.0,0.0,0.0,0.0,0.0,0.0,0.0,0.0,0.0,0.0,0.0,0.0,0.0,0.0,0.0,0.0,0.0,0.0,0.0,0.0,0.0,0.0,0.0,0.0,0.0,0.0,0.0,0.0,0.0,0.0,0.0,0.0,0.0,0.0,0.0,0.0,0.0,0.0,0.0,0.0,0.0,0.0,0.0,0.0,Normal ZnO
4.9527112701296545,156.50733683387693,14.0,-2.045625323571428,3.9179,3.958,11.179095488134067,1,-10.131391594514833,-0.04010000000000025,11.179095488134067,24.529348925269296,24494.54648283261,4.18458296443671,775.1356509951203,-320.155371552102,0.0,-0.013070475576124176,0.0,0.0,0.0,0.0,0.0,0.0,0.0,0.0,0.0,0.0,0.0,0.0,0.0,0.0,1.0,0.0,0.0,0.0,0.0,0.0,0.0,0.0,0.0,0.0,0.0,0.0,0.0,0.0,0.0,0.0,0.0,0.0,0.0,0.0,0.0,0.0,0.0,0.0,0.0,0.0,0.0,0.0,0.0,0.0,0.0,0.0,0.0,0.0,0.0,0.0,0.0,0.0,0.0,0.0,0.0,0.0,0.0,0.0,0.0,Normal ZnO
4.95640221679671,142.83906170394397,13.0,-1.395876688461538,1.4765000000000001,1.5181,10.987620131072614,1,-6.918526313065617,-0.04159999999999986,10.987620131072614,24.56592293466734,20402.997548463114,1.9484717293903493,707.96784207459,-199.3857164342546,0.0,-0.009772373689731372,0.0,0.0,0.0,0.0,0.0,0.0,0.0,0.0,0.0,0.0,0.0,0.0,0.0,0.0,0.0,0.0,0.0,0.0,0.0,1.0,0.0,0.0,0.0,0.0,0.0,0.0,0.0,0.0,0.0,0.0,0.0,0.0,0.0,0.0,0.0,0.0,0.0,0.0,0.0,0.0,0.0,0.0,0.0,0.0,0.0,0.0,0.0,0.0,0.0,0.0,0.0,0.0,0.0,0.0,0.0,0.0,0.0,0.0,0.0,Normal ZnO
4.836834322883176,209.2080979990171,16.0,-1.735046835107759,2.5291,2.5686,13.075506124938569,1,-8.392134083859036,-0.03949999999999987,13.075506124938569,23.39496626702075,43768.02826836634,3.010387520017451,1011.904909026753,-362.9858483121085,0.0,-0.008293401888849975,0.0,0.0,0.0,0.0,0.0,0.0,0.0,0.0,0.0,0.0,0.0,0.0,0.0,0.0,0.0,0.0,0.0,0.0,0.0,0.0,0.0,0.0,0.0,0.0,0.0,0.0,0.0,0.0,0.0,0.0,1.0,0.0,0.0,0.0,0.0,0.0,0.0,0.0,0.0,0.0,0.0,0.0,0.0,0.0,0.0,0.0,0.0,0.0,0.0,0.0,0.0,0.0,0.0,0.0,0.0,0.0,0.0,0.0,0.0,Normal ZnO
5.364217937952631,188.63978323240318,16.0,-1.639206560107759,3.2991,3.3411,11.789986452025198,1,-8.79306123373967,-0.041999999999999815,11.789986452025198,28.774834085852778,35584.967817968056,2.6869981467003123,1011.9049090267531,-309.21957017186094,0.0,-0.008689612191126543,0.0,0.0,0.0,0.0,0.0,0.0,0.0,0.0,0.0,0.0,0.0,0.0,0.0,0.0,0.0,0.0,0.0,0.0,0.0,0.0,0.0,0.0,0.0,0.0,0.0,0.0,0.0,0.0,0.0,0.0,1.0,0.0,0.0,0.0,0.0,0.0,0.0,0.0,0.0,0.0,0.0,0.0,0.0,0.0,0.0,0.0,0.0,0.0,0.0,0.0,0.0,0.0,0.0,0.0,0.0,0.0,0.0,0.0,0.0,Normal ZnO
7.604303576099337,193.42070840461,13.0,-1.4377850438461541,3.59,3.6098,14.878516031123846,1,-10.933353950581452,-0.01980000000000004,14.878516031123846,57.82543287747716,37411.57043974117,2.0672258323076873,1470.8297846128428,-278.0974017142764,0.0,-0.007433459714347142,0.0,0.0,0.0,0.0,0.0,0.0,0.0,1.0,0.0,0.0,0.0,0.0,0.0,0.0,0.0,0.0,0.0,0.0,0.0,0.0,0.0,0.0,0.0,0.0,0.0,0.0,0.0,0.0,0.0,0.0,0.0,0.0,0.0,0.0,0.0,0.0,0.0,0.0,0.0,0.0,0.0,0.0,0.0,0.0,0.0,0.0,0.0,0.0,0.0,0.0,0.0,0.0,0.0,0.0,0.0,0.0,0.0,0.0,0.0,Normal ZnO
3.964966206561593,144.35999519611926,11.0,-2.138217623181819,2.4015,0.1648,13.123635926919933,1,-8.477960618190362,2.2367,13.123635926919933,15.72095701917543,20839.808213023574,4.571974604085308,572.3825025320068,-308.6730858107849,0.5641157789184941,-0.014811704726624287,0.0,0.0,0.0,0.0,0.0,0.0,0.0,0.0,0.0,0.0,0.0,0.0,0.0,0.0,0.0,0.0,0.0,0.0,0.0,0.0,0.0,0.0,0.0,0.0,0.0,0.0,0.0,0.0,0.0,0.0,0.0,0.0,0.0,0.0,0.0,0.0,0.0,0.0,0.0,0.0,0.0,0.0,0.0,0.0,0.0,0.0,0.0,0.0,0.0,0.0,0.0,0.0,0.0,1.0,0.0,0.0,0.0,0.0,2.2367,2D ZnO
5.108408008437522,155.5624586171881,14.0,-1.9454554794088672,3.6562,3.4585,11.111604186942007,1,-9.938180351070915,0.1977000000000002,11.111604186942007,26.095832380668607,24199.67853102436,3.7847970223619853,794.6765094122742,-302.63983750712373,0.03870090244817178,-0.012505944536376167,0.0,0.0,0.0,0.0,0.0,0.0,0.0,0.0,0.0,0.0,0.0,0.0,0.0,0.0,0.0,0.0,0.0,0.0,0.0,0.0,0.0,0.0,0.0,0.0,0.0,0.0,0.0,0.0,0.0,0.0,1.0,0.0,0.0,0.0,0.0,0.0,0.0,0.0,0.0,0.0,0.0,0.0,0.0,0.0,0.0,0.0,0.0,0.0,0.0,0.0,0.0,0.0,0.0,0.0,0.0,0.0,0.0,0.0,0.19770000000000001,Normal ZnO
4.427760559782451,98.74081221864635,9.0,-2.19748324111111,3.065,0.6424000000000001,10.971201357627372,1,-9.729929625774682,2.4226,10.971201357627372,19.605063574765,9749.74799759798,4.828932594964188,437.20067398260744,-216.98128006417446,0.5471388904821515,-0.02225506547632119,0.0,0.0,0.0,0.0,0.0,0.0,0.0,0.0,0.0,0.0,0.0,0.0,0.0,0.0,0.0,0.0,0.0,0.0,0.0,0.0,0.0,0.0,0.0,0.0,0.0,0.0,0.0,0.0,0.0,0.0,0.0,0.0,0.0,0.0,0.0,0.0,0.0,0.0,0.0,0.0,0.0,0.0,0.0,0.0,0.0,0.0,0.0,0.0,0.0,0.0,0.0,0.0,0.0,1.0,0.0,0.0,0.0,0.0,2.4226,Normal ZnO
4.114195239880007,123.00536435055037,11.0,-2.399208707662336,5.6729,2.0263,11.182305850050033,1,-9.870813044543047,3.6466000000000003,11.182305850050033,16.926602471851307,15130.319659011648,5.756202422922777,506.0680844907402,-295.11554123901874,0.8863458799068455,-0.019504911190904507,0.0,0.0,0.0,0.0,0.0,0.0,0.0,0.0,0.0,0.0,0.0,0.0,0.0,0.0,0.0,0.0,0.0,0.0,0.0,0.0,0.0,0.0,0.0,0.0,0.0,0.0,0.0,0.0,0.0,0.0,0.0,0.0,0.0,0.0,0.0,0.0,0.0,1.0,0.0,0.0,0.0,0.0,0.0,0.0,0.0,0.0,0.0,0.0,0.0,0.0,0.0,0.0,0.0,0.0,0.0,0.0,0.0,0.0,3.6466000000000003,Normal ZnO
4.322016439472269,132.43413359202688,11.0,-2.139666292272728,2.4191000000000003,0.406,12.039466690184263,1,-9.247672890187406,2.0131,12.039466690184263,18.67982610306855,17538.799740270824,4.578171842288122,572.3825025320068,-283.3648515932033,0.4657779599389502,-0.01615645630199936,0.0,0.0,0.0,0.0,0.0,0.0,0.0,0.0,0.0,0.0,0.0,0.0,0.0,0.0,0.0,0.0,0.0,0.0,0.0,0.0,0.0,0.0,0.0,0.0,0.0,0.0,0.0,0.0,0.0,0.0,0.0,0.0,0.0,0.0,0.0,0.0,0.0,0.0,0.0,0.0,0.0,0.0,0.0,0.0,0.0,0.0,0.0,0.0,0.0,0.0,0.0,0.0,0.0,1.0,0.0,0.0,0.0,0.0,2.013099999999999,Normal ZnO
4.746963212032819,137.35566490618262,11.0,-1.7189394599999992,2.9948,1.2316,12.486878627834784,1,-8.159742380331556,1.7632,12.486878627834784,22.533659736392938,18866.57868181953,2.9547528671450887,652.0222882739562,-236.1060724617744,0.37143746880754397,-0.012514514499085845,0.0,0.0,1.0,0.0,0.0,0.0,0.0,0.0,0.0,0.0,0.0,0.0,0.0,0.0,0.0,0.0,0.0,0.0,0.0,0.0,0.0,0.0,0.0,0.0,0.0,0.0,0.0,0.0,0.0,0.0,0.0,0.0,0.0,0.0,0.0,0.0,0.0,0.0,0.0,0.0,0.0,0.0,0.0,0.0,0.0,0.0,0.0,0.0,0.0,0.0,0.0,0.0,0.0,0.0,0.0,0.0,0.0,0.0,1.763199999999999,Normal ZnO
6.62092454023475,97.03397016170214,10.0,-1.371956057499999,3.83744,2.57966,9.703397016170214,1,-9.08361752922546,1.25778,9.703397016170214,43.83664176748273,9415.591365342101,1.8822634237109404,642.4545942800202,-133.1263431466214,0.0,-0.01413892531876934,0.0,0.0,0.0,0.0,0.0,0.0,0.0,0.0,0.0,0.0,0.0,0.0,0.0,0.0,0.0,0.0,0.0,0.0,0.0,0.0,0.0,0.0,0.0,0.0,0.0,0.0,0.0,0.0,0.0,0.0,0.0,0.0,0.0,0.0,0.0,1.0,0.0,0.0,0.0,0.0,0.0,0.0,0.0,0.0,0.0,0.0,0.0,0.0,0.0,0.0,0.0,0.0,0.0,0.0,0.0,0.0,0.0,0.0,0.0,Normal ZnO
6.588609832008836,191.63468295158705,20.0,-1.275379956999999,7.0435,4.9807,9.581734147579352,1,-8.4029809242372,2.0628,9.581734147579352,43.4097795184435,36723.85170995529,1.6265940347173196,1262.6061562487225,-244.40703370250355,0.3130857726585188,-0.006655266872136085,0.0,0.0,0.0,0.0,0.0,0.0,0.0,0.0,0.0,0.0,0.0,0.0,0.0,0.0,0.0,0.0,0.0,0.0,0.0,0.0,0.0,0.0,0.0,0.0,0.0,0.0,0.0,0.0,0.0,0.0,0.0,0.0,0.0,0.0,0.0,1.0,0.0,0.0,0.0,0.0,0.0,0.0,0.0,0.0,0.0,0.0,0.0,0.0,0.0,0.0,0.0,0.0,0.0,0.0,0.0,0.0,0.0,0.0,2.0628,Normal ZnO
4.083392963601597,295.0744861655783,24.0,-1.672388557916666,1.9219,-0.3296,12.294770256899097,1,-6.829019669804735,2.2515,12.294770256899097,16.67409809519103,87068.95238588007,2.7968834886505856,1204.9050805468792,-493.4791943964527,0.5513797031217277,-0.005667682691407689,0.0,0.0,0.0,0.0,0.0,0.0,0.0,0.0,0.0,0.0,0.0,0.0,0.0,0.0,1.0,0.0,0.0,0.0,0.0,0.0,0.0,0.0,0.0,0.0,0.0,0.0,0.0,0.0,0.0,0.0,0.0,0.0,0.0,0.0,0.0,0.0,0.0,0.0,0.0,0.0,0.0,0.0,0.0,0.0,0.0,0.0,0.0,0.0,0.0,0.0,0.0,0.0,0.0,0.0,0.0,0.0,0.0,0.0,2.2515,2D ZnO
3.9705787771043273,65.42621874996784,8.0,-2.688549454374999,6.3174,2.0531,8.17827734374598,1,-10.67509740473679,4.2643,8.17827734374598,15.765495825191294,4280.590099918644,7.228298168620105,259.77995563480755,-175.90162472204537,1.0739744101261426,-0.041092844821882975,0.0,0.0,0.0,0.0,0.0,0.0,1.0,0.0,0.0,0.0,0.0,0.0,0.0,0.0,0.0,0.0,0.0,0.0,0.0,0.0,0.0,0.0,0.0,0.0,0.0,0.0,0.0,0.0,0.0,0.0,0.0,0.0,0.0,0.0,0.0,0.0,0.0,0.0,0.0,0.0,0.0,0.0,0.0,0.0,0.0,0.0,0.0,0.0,0.0,0.0,0.0,0.0,0.0,0.0,0.0,0.0,0.0,0.0,4.2643,Normal ZnO
5.187719643290688,86.18009943056134,8.0,-2.077012358124999,2.7336,1.1904,10.772512428820168,1,-10.774957809602569,1.5432000000000001,10.772512428820168,26.912435097384062,7427.00953786144,4.313980335803969,447.0781946766677,-178.9971315417171,0.29747174213545463,-0.024100835017004458,0.0,0.0,0.0,0.0,0.0,0.0,1.0,0.0,0.0,0.0,0.0,0.0,0.0,0.0,0.0,0.0,0.0,0.0,0.0,0.0,0.0,0.0,0.0,0.0,0.0,0.0,0.0,0.0,0.0,0.0,0.0,0.0,0.0,0.0,0.0,0.0,0.0,0.0,0.0,0.0,0.0,0.0,0.0,0.0,0.0,0.0,0.0,0.0,0.0,0.0,0.0,0.0,0.0,0.0,0.0,0.0,0.0,0.0,1.5432000000000001,Normal ZnO
4.750973583385163,74.39087356573184,8.0,-2.3983149150000003,4.2609,1.6034000000000002,9.29885919571648,1,-11.394330805803635,2.6575,9.29885919571648,22.571749990023662,5534.0020698727,5.751914431511459,353.4290751557376,-178.4127416125739,0.5593590352288338,-0.03223937023512497,0.0,0.0,0.0,0.0,0.0,0.0,1.0,0.0,0.0,0.0,0.0,0.0,0.0,0.0,0.0,0.0,0.0,0.0,0.0,0.0,0.0,0.0,0.0,0.0,0.0,0.0,0.0,0.0,0.0,0.0,0.0,0.0,0.0,0.0,0.0,0.0,0.0,0.0,0.0,0.0,0.0,0.0,0.0,0.0,0.0,0.0,0.0,0.0,0.0,0.0,0.0,0.0,0.0,0.0,0.0,0.0,0.0,0.0,2.6575,Normal ZnO
4.487559749071903,164.96091650463845,14.0,-2.421369859999999,4.0708,1.3851,11.782922607474175,1,-10.866041921351865,2.6857,11.782922607474175,20.138192501490284,27212.103974050297,5.863031998916415,740.2719690762265,-399.43139130230793,0.5984767112138049,-0.01467844572706356,0.0,0.0,0.0,0.0,0.0,0.0,0.0,0.0,0.0,0.0,0.0,0.0,0.0,0.0,0.0,0.0,0.0,0.0,0.0,0.0,0.0,0.0,0.0,0.0,0.0,0.0,0.0,0.0,0.0,0.0,0.0,0.0,0.0,0.0,0.0,0.0,0.0,0.0,0.0,0.0,0.0,0.0,0.0,0.0,0.0,0.0,0.0,1.0,0.0,0.0,0.0,0.0,0.0,0.0,0.0,0.0,0.0,0.0,2.6857,Normal ZnO
4.289125920618195,78.32899453989356,8.0,-2.6919865443749993,5.52734,2.79416,9.791124317486695,1,-11.546269265434214,2.7331799999999995,9.791124317486695,18.39660116291888,6135.431385630674,7.24679155509605,335.9629208170185,-210.86059933581623,0.0,-0.03436768925974085,0.0,0.0,0.0,0.0,0.0,0.0,0.0,0.0,0.0,0.0,0.0,0.0,0.0,0.0,0.0,0.0,0.0,0.0,0.0,0.0,0.0,0.0,0.0,0.0,0.0,0.0,0.0,0.0,0.0,1.0,0.0,0.0,0.0,0.0,0.0,0.0,0.0,0.0,0.0,0.0,0.0,0.0,0.0,0.0,0.0,0.0,0.0,0.0,0.0,0.0,0.0,0.0,0.0,0.0,0.0,0.0,0.0,0.0,0.0,Normal ZnO
8.31490821708876,417.5159332087498,28.0,-1.4523009257142871,4.6579,3.5399000000000003,14.911283328883922,1,-12.075748900907339,1.1179999999999994,14.911283328883922,69.13769865861019,174319.5544831732,2.1091779788305756,3471.6066638029156,-606.3587762995318,0.1344572869370092,-0.003478432342815921,0.0,0.0,0.0,0.0,0.0,0.0,0.0,1.0,0.0,0.0,0.0,0.0,0.0,0.0,0.0,0.0,0.0,0.0,0.0,0.0,0.0,0.0,0.0,0.0,0.0,0.0,0.0,0.0,0.0,0.0,0.0,0.0,0.0,0.0,0.0,0.0,0.0,0.0,0.0,0.0,0.0,0.0,0.0,0.0,0.0,0.0,0.0,0.0,0.0,0.0,0.0,0.0,0.0,0.0,0.0,0.0,0.0,0.0,1.117999999999999,Normal ZnO
4.994235055013489,487.8664245941513,28.0,-1.732252562142857,4.7672,2.4922,17.423800878362545,1,-8.651276469990789,2.275,17.423800878362545,24.942383784725585,238013.6482462807,3.000698939050493,2436.519599872205,-845.1078639866936,0.4555252155615362,-0.0035506697629046555,0.0,0.0,0.0,0.0,0.0,0.0,0.0,0.0,0.0,0.0,0.0,0.0,0.0,0.0,0.0,0.0,0.0,0.0,0.0,0.0,0.0,0.0,0.0,0.0,0.0,0.0,0.0,0.0,0.0,0.0,0.0,0.0,0.0,0.0,0.0,0.0,0.0,0.0,0.0,0.0,0.0,0.0,0.0,0.0,0.0,0.0,0.0,0.0,1.0,0.0,0.0,0.0,0.0,0.0,0.0,0.0,0.0,0.0,2.275,2D ZnO
4.4801679279633735,329.9726085450186,28.0,-0.9049369235714281,4.136139999999999,2.72528,11.78473601946495,1,-4.054269381814555,1.4108599999999991,11.78473601946495,20.071904662751628,108881.92239000408,0.8189108356429207,1478.3326979098053,-298.60439723956824,0.0,-0.0027424607380644637,0.0,0.0,0.0,0.0,0.0,0.0,0.0,0.0,0.0,0.0,0.0,0.0,0.0,1.0,0.0,0.0,0.0,0.0,0.0,0.0,0.0,0.0,0.0,0.0,0.0,0.0,0.0,0.0,0.0,0.0,0.0,0.0,0.0,0.0,0.0,0.0,0.0,0.0,0.0,0.0,0.0,0.0,0.0,0.0,0.0,0.0,0.0,0.0,0.0,0.0,0.0,0.0,0.0,0.0,0.0,0.0,0.0,0.0,0.0,Normal ZnO
5.722572048722729,130.77924738719673,12.0,-1.920267846666667,4.1746,1.8738000000000001,10.898270615599728,1,-10.988871105395653,2.3007999999999997,10.898270615599728,32.74783085282266,17103.211547161605,3.687428602941838,748.393665650967,-251.1311837688996,0.402056973754229,-0.014683276475673164,0.0,0.0,0.0,0.0,0.0,0.0,0.0,0.0,0.0,0.0,0.0,0.0,0.0,0.0,0.0,0.0,0.0,0.0,0.0,0.0,0.0,0.0,0.0,0.0,0.0,0.0,0.0,0.0,0.0,0.0,0.0,1.0,0.0,0.0,0.0,0.0,0.0,0.0,0.0,0.0,0.0,0.0,0.0,0.0,0.0,0.0,0.0,0.0,0.0,0.0,0.0,0.0,0.0,0.0,0.0,0.0,0.0,0.0,2.300799999999999,Normal ZnO
3.2615156811648562,541.2834662459269,38.0,-1.2324852081203,-0.7138,-0.6898000000000001,14.244301743313866,1,-4.019769833088089,-0.02399999999999991,14.244301743313866,10.637484538484257,292987.7908312055,1.5190197882353391,1765.4045131163587,-667.1238655481885,0.0,-0.00227696814142173,0.0,0.0,0.0,0.0,0.0,0.0,0.0,0.0,0.0,0.0,0.0,0.0,0.0,0.0,0.0,0.0,0.0,0.0,0.0,0.0,0.0,0.0,0.0,0.0,0.0,0.0,0.0,0.0,0.0,0.0,0.0,0.0,0.0,0.0,0.0,0.0,0.0,1.0,0.0,0.0,0.0,0.0,0.0,0.0,0.0,0.0,0.0,0.0,0.0,0.0,0.0,0.0,0.0,0.0,0.0,0.0,0.0,0.0,0.0,Normal ZnO
4.850800628420528,179.91987065578064,16.0,-0.6982868187499991,3.1756,3.2123600000000003,11.24499191598629,1,-3.3872501392102667,-0.036760000000000126,11.24499191598629,23.530266736684986,32371.159856792838,0.4876044812399941,872.7554216424007,-125.63567411013638,0.0,-0.0038810989370148476,0.0,0.0,0.0,0.0,0.0,0.0,0.0,0.0,0.0,0.0,0.0,0.0,0.0,0.0,0.0,0.0,0.0,0.0,0.0,0.0,0.0,0.0,0.0,0.0,0.0,0.0,0.0,0.0,0.0,0.0,0.0,0.0,0.0,0.0,0.0,1.0,0.0,0.0,0.0,0.0,0.0,0.0,0.0,0.0,0.0,0.0,0.0,0.0,0.0,0.0,0.0,0.0,0.0,0.0,0.0,0.0,0.0,0.0,0.0,Normal ZnO
7.865005453439968,132.27154637308448,12.0,-2.055167530000002,4.8349,1.574,11.022628864423707,1,-16.163903831182765,3.2609000000000004,11.022628864423707,61.85831078264044,17495.761979927036,4.223713576366309,1040.3164335592471,-271.84018724885277,0.4146087398545616,-0.015537487739072821,0.0,0.0,0.0,0.0,0.0,0.0,0.0,0.0,0.0,0.0,0.0,0.0,0.0,0.0,0.0,0.0,0.0,0.0,0.0,0.0,0.0,0.0,0.0,0.0,0.0,0.0,0.0,0.0,0.0,0.0,0.0,0.0,0.0,0.0,0.0,0.0,0.0,0.0,0.0,0.0,0.0,0.0,0.0,0.0,0.0,0.0,0.0,0.0,0.0,0.0,0.0,0.0,0.0,0.0,1.0,0.0,0.0,0.0,3.2609,Normal ZnO
5.301934672870048,1003.7421497753174,64.0,-1.559997669791667,5.9705,2.9605,15.683471090239335,1,-8.27100573506492,3.0100000000000002,15.683471090239335,28.110511275381622,1007498.3032355758,2.433592729755431,5321.775306514876,-1565.8354147211737,0.5677172929727223,-0.001554181689132876,0.0,0.0,0.0,0.0,0.0,0.0,0.0,0.0,0.0,0.0,0.0,0.0,0.0,0.0,0.0,0.0,0.0,0.0,0.0,0.0,0.0,0.0,0.0,0.0,0.0,0.0,0.0,0.0,0.0,0.0,0.0,0.0,0.0,0.0,0.0,0.0,0.0,0.0,0.0,0.0,0.0,0.0,0.0,0.0,0.0,0.0,0.0,0.0,0.0,0.0,0.0,1.0,0.0,0.0,0.0,0.0,0.0,0.0,3.01,Normal ZnO
3.089288315594522,586.523426543158,40.0,-0.9150081555258611,2.6759,1.4030400000000003,14.66308566357895,1,-2.826724003539738,1.2728599999999997,14.66308566357895,9.543702296868839,344009.7298839273,0.8372399246788385,1811.9399684422401,-536.673718693963,0.0,-0.0015600538940425976,0.0,0.0,0.0,0.0,0.0,0.0,0.0,0.0,0.0,0.0,0.0,0.0,0.0,0.0,0.0,0.0,0.0,0.0,0.0,0.0,0.0,0.0,0.0,0.0,0.0,0.0,0.0,0.0,0.0,0.0,0.0,0.0,0.0,1.0,0.0,0.0,0.0,0.0,0.0,0.0,0.0,0.0,0.0,0.0,0.0,0.0,0.0,0.0,0.0,0.0,0.0,0.0,0.0,0.0,0.0,0.0,0.0,0.0,0.0,Normal ZnO
5.714603989314901,433.45728903153736,28.0,-1.7498168192857122,6.0389,3.3131,15.480617465412049,1,-9.999510176060443,2.7258,15.480617465412049,32.656698754693785,187885.2214145697,3.061858901055167,2477.0367530972458,-758.4708547893723,0.47698843263621915,-0.004036884056547494,0.0,0.0,0.0,0.0,0.0,0.0,0.0,0.0,0.0,0.0,0.0,0.0,0.0,0.0,0.0,0.0,0.0,0.0,0.0,0.0,0.0,0.0,0.0,0.0,0.0,0.0,0.0,0.0,0.0,0.0,0.0,0.0,0.0,0.0,0.0,0.0,0.0,0.0,0.0,0.0,0.0,0.0,0.0,0.0,0.0,1.0,0.0,0.0,0.0,0.0,0.0,0.0,0.0,0.0,0.0,0.0,0.0,0.0,2.7258,Normal ZnO
6.425442857477929,225.246510309852,18.0,-1.032958080555555,2.87266,1.4998399999999998,12.513695017214,1,-6.637213120779801,1.3728200000000004,12.513695017214,41.28631591471413,50735.990406766265,1.0670023961850164,1447.3085808422672,-232.67020294150174,0.0,-0.004585900483583983,0.0,0.0,0.0,0.0,0.0,0.0,0.0,1.0,0.0,0.0,0.0,0.0,0.0,0.0,0.0,0.0,0.0,0.0,0.0,0.0,0.0,0.0,0.0,0.0,0.0,0.0,0.0,0.0,0.0,0.0,0.0,0.0,0.0,0.0,0.0,0.0,0.0,0.0,0.0,0.0,0.0,0.0,0.0,0.0,0.0,0.0,0.0,0.0,0.0,0.0,0.0,0.0,0.0,0.0,0.0,0.0,0.0,0.0,0.0,Normal ZnO
6.605277558534719,203.59309349228687,18.0,-1.884719061666666,5.0562,4.514,11.310727416238159,1,-12.449092522169442,0.5421999999999993,11.310727416238159,43.629691625282376,41450.147717759064,3.5521659414096782,1344.7888915172634,-383.71578412859674,0.08208587681518684,-0.009257283876076418,0.0,0.0,0.0,0.0,0.0,0.0,0.0,0.0,0.0,0.0,0.0,0.0,0.0,0.0,0.0,0.0,0.0,0.0,0.0,0.0,0.0,0.0,0.0,0.0,0.0,0.0,0.0,0.0,0.0,0.0,0.0,0.0,0.0,0.0,0.0,0.0,0.0,0.0,0.0,0.0,0.0,0.0,0.0,0.0,0.0,1.0,0.0,0.0,0.0,0.0,0.0,0.0,0.0,0.0,0.0,0.0,0.0,0.0,0.542199999999999,Normal ZnO
4.9596329978159535,390.1527026858262,30.0,-1.729306688633331,1.9029,1.1441,13.00509008952754,1,-8.576726516289707,0.7588000000000001,13.00509008952754,24.59795947302486,152219.1314130547,2.9905016233519763,1935.0142184277008,-674.6936783429707,0.15299519144544538,-0.004432384235015462,0.0,0.0,0.0,0.0,0.0,0.0,0.0,0.0,0.0,0.0,0.0,0.0,0.0,0.0,0.0,0.0,0.0,0.0,0.0,0.0,0.0,0.0,0.0,0.0,0.0,0.0,1.0,0.0,0.0,0.0,0.0,0.0,0.0,0.0,0.0,0.0,0.0,0.0,0.0,0.0,0.0,0.0,0.0,0.0,0.0,0.0,0.0,0.0,0.0,0.0,0.0,0.0,0.0,0.0,0.0,0.0,0.0,0.0,0.7588,Normal ZnO
2.93750058883325,193.3885738258328,22.0,-2.036438191818181,3.5787,0.0671,8.790389719356035,1,-5.9820383875884255,3.5116,8.790389719356035,8.62890970939569,37399.14048638958,4.147080509095702,568.0790494870063,-393.8238776001757,1.1954380582421524,-0.010530292206675108,0.0,0.0,0.0,0.0,0.0,0.0,0.0,0.0,0.0,0.0,0.0,0.0,0.0,0.0,0.0,0.0,0.0,0.0,0.0,0.0,0.0,0.0,0.0,0.0,0.0,0.0,0.0,0.0,1.0,0.0,0.0,0.0,0.0,0.0,0.0,0.0,0.0,0.0,0.0,0.0,0.0,0.0,0.0,0.0,0.0,0.0,0.0,0.0,0.0,0.0,0.0,0.0,0.0,0.0,0.0,0.0,0.0,0.0,3.5116,Normal ZnO
3.656501794710325,431.46346907979347,46.0,-1.991919412536232,2.7763,0.2416,9.379640632169423,1,-7.283456906857069,2.5347,9.379640632169423,13.37000537471983,186160.7251503699,3.9677429460386877,1577.6469490422078,-859.440459860267,0.6932035432518647,-0.004616658315904499,0.0,0.0,0.0,0.0,0.0,0.0,0.0,0.0,0.0,0.0,0.0,0.0,0.0,0.0,0.0,0.0,0.0,0.0,0.0,0.0,0.0,0.0,0.0,0.0,0.0,0.0,0.0,0.0,1.0,0.0,0.0,0.0,0.0,0.0,0.0,0.0,0.0,0.0,0.0,0.0,0.0,0.0,0.0,0.0,0.0,0.0,0.0,0.0,0.0,0.0,0.0,0.0,0.0,0.0,0.0,0.0,0.0,0.0,2.5347,Normal ZnO
5.026767183526895,852.3138845340536,32.0,-1.4158313279525871,3.3205,1.640299999999999,26.634808891689175,1,-7.1170544567613705,1.680200000000001,26.634808891689175,25.268388317382918,726438.957769528,2.0045783492119864,4284.3834648401125,-1206.7326989722771,0.33425061051288496,-0.001661161871986398,0.0,0.0,0.0,0.0,0.0,0.0,0.0,0.0,0.0,0.0,0.0,0.0,0.0,0.0,0.0,1.0,0.0,0.0,0.0,0.0,0.0,0.0,0.0,0.0,0.0,0.0,0.0,0.0,0.0,0.0,0.0,0.0,0.0,0.0,0.0,0.0,0.0,0.0,0.0,0.0,0.0,0.0,0.0,0.0,0.0,0.0,0.0,0.0,0.0,0.0,0.0,0.0,0.0,0.0,0.0,0.0,0.0,0.0,1.6802000000000001,Normal ZnO
4.264646541316124,347.1668575130117,28.0,-2.336499953571428,3.7019,1.2331,12.398816339750416,1,-9.964346445783676,2.4688,12.398816339750416,18.18721012235958,120524.82695545975,5.459232033039285,1480.543938152453,-811.1553464606903,0.5788990895452022,-0.006730192997999116,0.0,0.0,0.0,0.0,0.0,0.0,0.0,0.0,0.0,0.0,0.0,0.0,0.0,0.0,0.0,0.0,0.0,0.0,0.0,0.0,0.0,0.0,0.0,0.0,0.0,0.0,0.0,0.0,0.0,0.0,0.0,0.0,0.0,0.0,0.0,0.0,0.0,0.0,0.0,0.0,0.0,0.0,0.0,0.0,0.0,0.0,0.0,1.0,0.0,0.0,0.0,0.0,0.0,0.0,0.0,0.0,0.0,0.0,2.4688,2D ZnO
6.97033325704505,536.842383700899,32.0,-1.434642110312501,2.7228,2.3918,16.776324490653092,1,-9.99993361346852,0.33099999999999996,16.776324490653092,48.58554571426826,288199.7449376632,2.0581979846819065,3741.9703209017157,-770.1766902578511,0.04748696910086055,-0.002672371172377124,0.0,0.0,0.0,0.0,0.0,0.0,0.0,1.0,0.0,0.0,0.0,0.0,0.0,0.0,0.0,0.0,0.0,0.0,0.0,0.0,0.0,0.0,0.0,0.0,0.0,0.0,0.0,0.0,0.0,0.0,0.0,0.0,0.0,0.0,0.0,0.0,0.0,0.0,0.0,0.0,0.0,0.0,0.0,0.0,0.0,0.0,0.0,0.0,0.0,0.0,0.0,0.0,0.0,0.0,0.0,0.0,0.0,0.0,0.330999999999999,Normal ZnO
4.104683120350914,207.94774285999776,14.0,-1.655289340642857,1.9274,0.5243,14.853410204285554,1,-6.794438215833529,1.4031,14.853410204285554,16.848423518493714,43242.26376056775,2.7399828012458642,853.5595900325051,-344.2136821668961,0.341829066668622,-0.00796012170113956,0.0,0.0,0.0,0.0,0.0,0.0,0.0,0.0,0.0,0.0,0.0,0.0,0.0,0.0,0.0,0.0,0.0,0.0,0.0,0.0,0.0,0.0,0.0,0.0,0.0,0.0,1.0,0.0,0.0,0.0,0.0,0.0,0.0,0.0,0.0,0.0,0.0,0.0,0.0,0.0,0.0,0.0,0.0,0.0,0.0,0.0,0.0,0.0,0.0,0.0,0.0,0.0,0.0,0.0,0.0,0.0,0.0,0.0,1.4031,Normal ZnO
3.25813758264154,457.40058394306976,28.0,-0.835833502834821,0.9452,-0.8230000000000001,16.33573514082392,1,-2.7232605484170547,1.7682000000000002,16.33573514082392,10.615460507421258,209215.2941914612,0.6986176444611268,1490.274032867102,-382.3107322758286,0.5427026806419971,-0.0018273555657262843,0.0,0.0,0.0,0.0,0.0,0.0,0.0,0.0,0.0,0.0,0.0,0.0,0.0,0.0,0.0,0.0,0.0,0.0,0.0,0.0,0.0,0.0,0.0,0.0,0.0,0.0,0.0,0.0,0.0,0.0,0.0,0.0,0.0,0.0,0.0,0.0,0.0,0.0,0.0,0.0,0.0,0.0,0.0,0.0,0.0,0.0,1.0,0.0,0.0,0.0,0.0,0.0,0.0,0.0,0.0,0.0,0.0,0.0,1.7682,Normal ZnO
2.554387982570781,287.87527763325903,22.0,-0.48380735318181806,3.34232,2.0615200000000002,13.085239892420866,1,-1.2358316888470136,1.2807999999999997,13.085239892420866,6.524897965502024,82872.17547242597,0.23406955499279644,735.345149665624,-139.27617611822808,0.0,-0.0016806144562304798,0.0,0.0,0.0,0.0,0.0,0.0,0.0,0.0,0.0,0.0,0.0,0.0,0.0,0.0,0.0,0.0,0.0,0.0,0.0,0.0,0.0,0.0,0.0,0.0,0.0,0.0,0.0,0.0,0.0,0.0,0.0,0.0,1.0,0.0,0.0,0.0,0.0,0.0,0.0,0.0,0.0,0.0,0.0,0.0,0.0,0.0,0.0,0.0,0.0,0.0,0.0,0.0,0.0,0.0,0.0,0.0,0.0,0.0,0.0,Normal ZnO
3.933459996159311,378.8710281335587,28.0,-0.842665871763392,0.3597,0.0217,13.531108147627096,1,-3.3145924967100147,0.338,13.531108147627096,15.472107541385608,143543.25595897983,0.7100857714347575,1490.274032867102,-319.2616852080579,0.08592943625460238,-0.0022241496688586533,0.0,0.0,0.0,0.0,0.0,0.0,0.0,0.0,0.0,0.0,0.0,0.0,0.0,0.0,0.0,0.0,0.0,0.0,0.0,0.0,0.0,0.0,0.0,0.0,0.0,0.0,0.0,0.0,0.0,0.0,0.0,0.0,0.0,0.0,0.0,0.0,0.0,0.0,0.0,0.0,0.0,0.0,0.0,0.0,0.0,0.0,1.0,0.0,0.0,0.0,0.0,0.0,0.0,0.0,0.0,0.0,0.0,0.0,0.338,Normal ZnO
3.813269868789808,641.0530083960731,42.0,-0.9929110773511891,0.8635,0.026000000000000002,15.263166866573169,1,-3.786237893650916,0.8375,15.263166866573169,14.54102709222024,410948.95957365574,0.985872407526699,2444.508121213805,-636.5086332057658,0.21962778109533374,-0.001548875154389294,0.0,0.0,0.0,0.0,0.0,0.0,0.0,0.0,0.0,0.0,0.0,0.0,0.0,0.0,0.0,0.0,0.0,0.0,0.0,0.0,0.0,0.0,0.0,0.0,0.0,0.0,0.0,0.0,0.0,0.0,0.0,0.0,0.0,0.0,0.0,0.0,0.0,0.0,0.0,0.0,0.0,0.0,0.0,0.0,0.0,0.0,1.0,0.0,0.0,0.0,0.0,0.0,0.0,0.0,0.0,0.0,0.0,0.0,0.8375,Normal ZnO
3.84473334150244,733.6348018171951,52.0,-1.170073056923077,0.2106,-0.2509,14.108361573407599,1,-4.498618893945837,0.4615,14.108361573407599,14.781974467260516,538220.0224373551,1.3690709585373144,2820.630183033105,-858.4063152274014,0.12003433242515998,-0.001594898516298348,0.0,0.0,1.0,0.0,0.0,0.0,0.0,0.0,0.0,0.0,0.0,0.0,0.0,0.0,0.0,0.0,0.0,0.0,0.0,0.0,0.0,0.0,0.0,0.0,0.0,0.0,0.0,0.0,0.0,0.0,0.0,0.0,0.0,0.0,0.0,0.0,0.0,0.0,0.0,0.0,0.0,0.0,0.0,0.0,0.0,0.0,0.0,0.0,0.0,0.0,0.0,0.0,0.0,0.0,0.0,0.0,0.0,0.0,0.4615,Normal ZnO
4.372168830441817,671.5832693632339,44.0,-1.753021211363636,3.7389,0.2374,15.26325612189168,1,-7.664504699427446,3.5015,15.26325612189168,19.115860281886967,451024.0876886099,3.07308336749083,2936.275437356142,-1177.2997163906873,0.8008611139671306,-0.002610281243345706,0.0,0.0,1.0,0.0,0.0,0.0,0.0,0.0,0.0,0.0,0.0,0.0,0.0,0.0,0.0,0.0,0.0,0.0,0.0,0.0,0.0,0.0,0.0,0.0,0.0,0.0,0.0,0.0,0.0,0.0,0.0,0.0,0.0,0.0,0.0,0.0,0.0,0.0,0.0,0.0,0.0,0.0,0.0,0.0,0.0,0.0,0.0,0.0,0.0,0.0,0.0,0.0,0.0,0.0,0.0,0.0,0.0,0.0,3.5015,2D ZnO
1.717644685892541,783.9203305273077,46.0,0.036508636956520006,-2.0885,-2.1123,17.041746315811036,1,0.06270886625754661,0.023800000000000043,17.041746315811036,2.9503032669748857,614531.0846140434,0.0013328805724229784,1346.4965898933542,28.619862750056644,0.013856183525891906,4.657187157266645e-05,0.0,0.0,0.0,0.0,0.0,0.0,0.0,0.0,0.0,0.0,0.0,0.0,0.0,0.0,0.0,0.0,0.0,0.0,0.0,0.0,0.0,0.0,0.0,0.0,0.0,0.0,0.0,0.0,0.0,0.0,0.0,0.0,1.0,0.0,0.0,0.0,0.0,0.0,0.0,0.0,0.0,0.0,0.0,0.0,0.0,0.0,0.0,0.0,0.0,0.0,0.0,0.0,0.0,0.0,0.0,0.0,0.0,0.0,0.0238,Normal ZnO
3.623113733266102,1106.3288711015862,72.0,-1.058324477916667,-0.4428,-0.6902,15.365678765299808,1,-3.8344299501915535,0.2474,15.365678765299808,13.126953124181432,1223963.5710329101,1.1200507005575857,4008.35532639694,-1170.8549249127218,0.06828380730322206,-0.00095660929183099,0.0,0.0,1.0,0.0,0.0,0.0,0.0,0.0,0.0,0.0,0.0,0.0,0.0,0.0,0.0,0.0,0.0,0.0,0.0,0.0,0.0,0.0,0.0,0.0,0.0,0.0,0.0,0.0,0.0,0.0,0.0,0.0,0.0,0.0,0.0,0.0,0.0,0.0,0.0,0.0,0.0,0.0,0.0,0.0,0.0,0.0,0.0,0.0,0.0,0.0,0.0,0.0,0.0,0.0,0.0,0.0,0.0,0.0,0.2474,Normal ZnO
2.3105008743715683,596.0934808870509,32.0,-1.383290235848215,-0.8533000000000001,-0.9651000000000001,18.62792127772034,1,-3.1960932994369537,0.11180000000000001,18.62792127772034,5.338414290471781,355327.4379560409,1.9134918765930105,1377.2745087967228,-824.5702917638321,0.048387776538023786,-0.0023205927932473465,0.0,0.0,0.0,0.0,0.0,0.0,0.0,0.0,0.0,0.0,0.0,0.0,0.0,0.0,0.0,0.0,0.0,0.0,0.0,0.0,0.0,0.0,0.0,0.0,0.0,0.0,0.0,0.0,0.0,0.0,0.0,0.0,0.0,0.0,0.0,0.0,0.0,1.0,0.0,0.0,0.0,0.0,0.0,0.0,0.0,0.0,0.0,0.0,0.0,0.0,0.0,0.0,0.0,0.0,0.0,0.0,0.0,0.0,0.11180000000000001,Normal ZnO
3.140646931405078,812.6175859521571,60.0,-0.8677184948333331,2.5310199999999994,0.31174,13.543626432535952,1,-2.7251974281217404,2.2192799999999995,13.543626432535952,9.86366314774413,660347.3409987115,0.7529353862758251,2552.144927726444,-705.1233085575025,0.0,-0.0010678066901747066,0.0,0.0,0.0,0.0,0.0,0.0,0.0,0.0,0.0,0.0,0.0,0.0,0.0,0.0,0.0,0.0,0.0,0.0,0.0,0.0,0.0,0.0,0.0,0.0,0.0,0.0,0.0,0.0,0.0,0.0,0.0,0.0,1.0,0.0,0.0,0.0,0.0,0.0,0.0,0.0,0.0,0.0,0.0,0.0,0.0,0.0,0.0,0.0,0.0,0.0,0.0,0.0,0.0,0.0,0.0,0.0,0.0,0.0,0.0,Normal ZnO
2.771829840106143,764.0036548623028,56.0,-0.5662714055357151,2.89114,0.85394,13.642922408255407,1,-1.5696079794627422,2.0372,13.642922408255407,7.683040662502847,583701.5846429567,0.3206633047273943,2117.6881284974856,-432.6334234732996,0.0,-0.0007411893934431174,0.0,0.0,0.0,0.0,0.0,0.0,0.0,0.0,0.0,0.0,0.0,0.0,0.0,0.0,0.0,0.0,0.0,0.0,0.0,0.0,0.0,0.0,0.0,0.0,0.0,0.0,0.0,0.0,0.0,0.0,0.0,0.0,1.0,0.0,0.0,0.0,0.0,0.0,0.0,0.0,0.0,0.0,0.0,0.0,0.0,0.0,0.0,0.0,0.0,0.0,0.0,0.0,0.0,0.0,0.0,0.0,0.0,0.0,0.0,Normal ZnO
2.9672856476437452,1005.7002518848013,60.0,-0.851668955833333,3.41942,1.9794999999999998,16.761670864746687,1,-2.5271450691879838,1.4399200000000003,16.761670864746687,8.804784114712561,1011432.9966411529,0.7253400103302398,2984.1999232494704,-856.5236834040487,0.0,-0.0008468417445826474,0.0,0.0,0.0,0.0,0.0,0.0,0.0,0.0,0.0,0.0,0.0,0.0,0.0,0.0,0.0,0.0,0.0,0.0,0.0,0.0,0.0,0.0,0.0,0.0,0.0,0.0,0.0,0.0,0.0,0.0,0.0,1.0,0.0,0.0,0.0,0.0,0.0,0.0,0.0,0.0,0.0,0.0,0.0,0.0,0.0,0.0,0.0,0.0,0.0,0.0,0.0,0.0,0.0,0.0,0.0,0.0,0.0,0.0,0.0,Normal ZnO
2.485588647891702,383.938646738437,26.0,-1.232841873791208,0.2504,-0.7073,14.766871028401424,1,-3.0643377661409605,0.9577,14.766871028401424,6.178150926528099,147408.8844593423,1.5198990857730166,954.3135418199614,-473.3356406658753,0.38530108383474054,-0.003211038753884802,0.0,0.0,0.0,0.0,0.0,0.0,0.0,0.0,0.0,0.0,0.0,0.0,0.0,0.0,0.0,0.0,0.0,0.0,0.0,0.0,0.0,0.0,0.0,0.0,0.0,0.0,0.0,0.0,0.0,0.0,0.0,0.0,0.0,0.0,0.0,0.0,0.0,1.0,0.0,0.0,0.0,0.0,0.0,0.0,0.0,0.0,0.0,0.0,0.0,0.0,0.0,0.0,0.0,0.0,0.0,0.0,0.0,0.0,0.9577,Normal ZnO
2.027748528722004,749.651775631572,40.0,-0.1827300295,-0.8135,-1.2257,18.7412943907893,1,-0.3705305484719534,0.4122,18.7412943907893,4.111764095734252,561977.7847075688,0.03339026368107087,1520.105285090758,-136.98389107588454,0.20327964447336605,-0.00024375321374521162,0.0,0.0,0.0,0.0,0.0,0.0,0.0,0.0,0.0,0.0,0.0,0.0,1.0,0.0,0.0,0.0,0.0,0.0,0.0,0.0,0.0,0.0,0.0,0.0,0.0,0.0,0.0,0.0,0.0,0.0,0.0,0.0,0.0,0.0,0.0,0.0,0.0,0.0,0.0,0.0,0.0,0.0,0.0,0.0,0.0,0.0,0.0,0.0,0.0,0.0,0.0,0.0,0.0,0.0,0.0,0.0,0.0,0.0,0.4122,Normal ZnO
4.667051100593003,1008.2087488243583,88.0,-0.9533503270454531,1.1386,1.1205,11.456917600276798,1,-4.449334693088181,0.018100000000000005,11.456917600276798,21.78136597554636,1016484.881205978,0.9088768460776724,4705.361750828216,-961.176140421789,0.0038782519432238884,-0.0009455882307678108,0.0,0.0,0.0,0.0,0.0,0.0,0.0,0.0,0.0,0.0,0.0,0.0,0.0,1.0,0.0,0.0,0.0,0.0,0.0,0.0,0.0,0.0,0.0,0.0,0.0,0.0,0.0,0.0,0.0,0.0,0.0,0.0,0.0,0.0,0.0,0.0,0.0,0.0,0.0,0.0,0.0,0.0,0.0,0.0,0.0,0.0,0.0,0.0,0.0,0.0,0.0,0.0,0.0,0.0,0.0,0.0,0.0,0.0,0.0181,Normal ZnO
8.051848164377654,265.9450071380185,20.0,-1.511590225,4.6994,3.8186,13.297250356900927,1,-12.171094978457456,0.8807999999999998,13.297250356900927,64.83225886219181,70726.74682164073,2.2849050083155507,2141.348817549657,-401.999873177384,0.10939103445799739,-0.005683845097402126,0.0,0.0,0.0,0.0,0.0,0.0,0.0,1.0,0.0,0.0,0.0,0.0,0.0,0.0,0.0,0.0,0.0,0.0,0.0,0.0,0.0,0.0,0.0,0.0,0.0,0.0,0.0,0.0,0.0,0.0,0.0,0.0,0.0,0.0,0.0,0.0,0.0,0.0,0.0,0.0,0.0,0.0,0.0,0.0,0.0,0.0,0.0,0.0,0.0,0.0,0.0,0.0,0.0,0.0,0.0,0.0,0.0,0.0,0.880799999999999,Normal ZnO
2.947083797347076,823.3097190915663,64.0,-2.479171899441964,4.9254999999999995,0.16970000000000002,12.864214360805724,1,-7.306327335683586,4.7558,12.864214360805724,8.685302908585662,677838.8935506338,6.146293306982676,2426.362733333128,-2041.1263201092684,1.6137308359813543,-0.0030112263246175005,0.0,0.0,0.0,0.0,0.0,0.0,0.0,0.0,0.0,0.0,0.0,0.0,0.0,0.0,0.0,0.0,0.0,0.0,0.0,0.0,0.0,0.0,0.0,0.0,0.0,0.0,0.0,0.0,0.0,0.0,0.0,0.0,0.0,0.0,0.0,0.0,0.0,1.0,0.0,0.0,0.0,0.0,0.0,0.0,0.0,0.0,0.0,0.0,0.0,0.0,0.0,0.0,0.0,0.0,0.0,0.0,0.0,0.0,4.755800000000001,2D ZnO
4.934262211264033,638.1534528313555,52.0,-1.766752955192308,2.612,0.7155,12.272181785218375,1,-8.717622343444463,1.8965,12.272181785218375,24.346943569508227,407239.82936058106,3.1214160046807535,3148.816467293422,-1127.4594986559725,0.38435330730309214,-0.002768539365184955,0.0,0.0,1.0,0.0,0.0,0.0,0.0,0.0,0.0,0.0,0.0,0.0,0.0,0.0,0.0,0.0,0.0,0.0,0.0,0.0,0.0,0.0,0.0,0.0,0.0,0.0,0.0,0.0,0.0,0.0,0.0,0.0,0.0,0.0,0.0,0.0,0.0,0.0,0.0,0.0,0.0,0.0,0.0,0.0,0.0,0.0,0.0,0.0,0.0,0.0,0.0,0.0,0.0,0.0,0.0,0.0,0.0,0.0,1.8965,Normal ZnO
4.5589538942279795,345.3441886394256,26.0,-1.772177823461543,2.2228,0.0753,13.282468793824062,1,-8.079276989534467,2.1475,13.282468793824062,20.78406060969646,119262.60862702319,3.140614237968892,1574.4082336467113,-612.0113125681098,0.4710510458811431,-0.005131627755033332,0.0,0.0,1.0,0.0,0.0,0.0,0.0,0.0,0.0,0.0,0.0,0.0,0.0,0.0,0.0,0.0,0.0,0.0,0.0,0.0,0.0,0.0,0.0,0.0,0.0,0.0,0.0,0.0,0.0,0.0,0.0,0.0,0.0,0.0,0.0,0.0,0.0,0.0,0.0,0.0,0.0,0.0,0.0,0.0,0.0,0.0,0.0,0.0,0.0,0.0,0.0,0.0,0.0,0.0,0.0,0.0,0.0,0.0,2.1475,2D ZnO
4.887863328574918,754.8377549596349,60.0,-1.767031405500001,2.8937,1.1127,12.580629249327249,1,-8.637008007383649,1.781,12.580629249327249,23.891207918827476,569780.0363125019,3.1223999880233086,3689.543781491019,-1333.822019070789,0.3643718901852479,-0.0023409420022909334,0.0,0.0,1.0,0.0,0.0,0.0,0.0,0.0,0.0,0.0,0.0,0.0,0.0,0.0,0.0,0.0,0.0,0.0,0.0,0.0,0.0,0.0,0.0,0.0,0.0,0.0,0.0,0.0,0.0,0.0,0.0,0.0,0.0,0.0,0.0,0.0,0.0,0.0,0.0,0.0,0.0,0.0,0.0,0.0,0.0,0.0,0.0,0.0,0.0,0.0,0.0,0.0,0.0,0.0,0.0,0.0,0.0,0.0,1.7810000000000001,Normal ZnO
3.6909986017271583,258.03345167702247,20.0,-1.6469667305517222,2.14,0.6833,12.901672583851123,1,-6.078951899557556,1.4567,12.901672583851123,13.623470677951838,66581.26218435829,2.712499411544229,952.4011093387222,-424.9725102814815,0.3946628425484515,-0.006382764404567249,0.0,0.0,0.0,0.0,0.0,0.0,0.0,0.0,0.0,0.0,0.0,0.0,0.0,0.0,0.0,0.0,0.0,0.0,0.0,0.0,0.0,0.0,0.0,0.0,0.0,0.0,0.0,0.0,0.0,0.0,0.0,0.0,0.0,1.0,0.0,0.0,0.0,0.0,0.0,0.0,0.0,0.0,0.0,0.0,0.0,0.0,0.0,0.0,0.0,0.0,0.0,0.0,0.0,0.0,0.0,0.0,0.0,0.0,1.4567,Normal ZnO
4.581824271440751,404.8214639139138,28.0,-1.691936952499999,4.4624,0.9157000000000001,14.457909425496922,1,-7.752157794711992,3.5466999999999995,14.457909425496922,20.99311365436357,163880.41764540423,2.8626506512349836,1854.8208089609464,-684.9323939610956,0.7740803203883553,-0.0041794645376308235,0.0,0.0,1.0,0.0,0.0,0.0,0.0,0.0,0.0,0.0,0.0,0.0,0.0,0.0,0.0,0.0,0.0,0.0,0.0,0.0,0.0,0.0,0.0,0.0,0.0,0.0,0.0,0.0,0.0,0.0,0.0,0.0,0.0,0.0,0.0,0.0,0.0,0.0,0.0,0.0,0.0,0.0,0.0,0.0,0.0,0.0,0.0,0.0,0.0,0.0,0.0,0.0,0.0,0.0,0.0,0.0,0.0,0.0,3.546699999999999,2D ZnO
4.024906881192622,318.640868953535,26.0,-2.368701328791208,4.0391,0.5004000000000001,12.255418036674424,1,-9.53380227774184,3.5387000000000004,12.255418036674424,16.199875402271715,101532.00336746387,5.610745985017235,1282.4998260802795,-754.7650496974236,0.879200464620798,-0.007433764967345159,0.0,0.0,0.0,0.0,0.0,0.0,0.0,0.0,0.0,0.0,0.0,0.0,0.0,0.0,0.0,0.0,0.0,0.0,0.0,0.0,0.0,0.0,0.0,0.0,0.0,0.0,0.0,0.0,0.0,0.0,0.0,0.0,0.0,0.0,0.0,0.0,0.0,1.0,0.0,0.0,0.0,0.0,0.0,0.0,0.0,0.0,0.0,0.0,0.0,0.0,0.0,0.0,0.0,0.0,0.0,0.0,0.0,0.0,3.5387,2D ZnO
5.042636176229599,956.8627619384325,40.0,-1.526711924612068,3.4706,1.4916,23.921569048460814,1,-7.69865278172993,1.979,23.921569048460814,25.42817960581947,915586.3451844454,2.3308493007526847,4825.11077903771,-1460.8537888686433,0.3924534570486715,-0.001595539073460465,0.0,0.0,0.0,0.0,0.0,0.0,0.0,0.0,0.0,0.0,0.0,0.0,0.0,0.0,0.0,1.0,0.0,0.0,0.0,0.0,0.0,0.0,0.0,0.0,0.0,0.0,0.0,0.0,0.0,0.0,0.0,0.0,0.0,0.0,0.0,0.0,0.0,0.0,0.0,0.0,0.0,0.0,0.0,0.0,0.0,0.0,0.0,0.0,0.0,0.0,0.0,0.0,0.0,0.0,0.0,0.0,0.0,0.0,1.979,Normal ZnO
4.028634500248947,636.6920732079457,52.0,-2.347010148791208,4.4544,0.9367000000000001,12.244078330922033,1,-9.455246057854675,3.5176999999999996,12.244078330922033,16.229895936596087,405376.79608583206,5.508456638528927,2564.9996521605585,-1494.322757473963,0.8731742727672676,-0.003686256272935672,0.0,0.0,0.0,0.0,0.0,0.0,0.0,0.0,0.0,0.0,0.0,0.0,0.0,0.0,0.0,0.0,0.0,0.0,0.0,0.0,0.0,0.0,0.0,0.0,0.0,0.0,0.0,0.0,0.0,0.0,0.0,0.0,0.0,0.0,0.0,0.0,0.0,1.0,0.0,0.0,0.0,0.0,0.0,0.0,0.0,0.0,0.0,0.0,0.0,0.0,0.0,0.0,0.0,0.0,0.0,0.0,0.0,0.0,3.517699999999999,2D ZnO
4.905990364409349,1504.0974431001425,120.0,-1.766870168583334,3.0664,1.1389,12.534145359167855,1,-8.668248022232158,1.9274999999999998,12.534145359167855,24.068741455677376,2262309.1183403865,3.121830192629699,7379.087562982038,-2657.54490285611,0.392887033367025,-0.0011747045889138553,0.0,0.0,1.0,0.0,0.0,0.0,0.0,0.0,0.0,0.0,0.0,0.0,0.0,0.0,0.0,0.0,0.0,0.0,0.0,0.0,0.0,0.0,0.0,0.0,0.0,0.0,0.0,0.0,0.0,0.0,0.0,0.0,0.0,0.0,0.0,0.0,0.0,0.0,0.0,0.0,0.0,0.0,0.0,0.0,0.0,0.0,0.0,0.0,0.0,0.0,0.0,0.0,0.0,0.0,0.0,0.0,0.0,0.0,1.927499999999999,Normal ZnO
4.229893464554022,842.7535165096676,40.0,-1.5484322495,2.183,0.3906,21.068837912741692,1,-6.549703452464732,1.7923999999999998,21.068837912741692,17.891998721476824,710233.4895894106,2.3976424312916302,3564.757591714163,-1304.9467233431,0.4237458969168106,-0.0018373489035239609,0.0,0.0,0.0,0.0,0.0,0.0,0.0,0.0,0.0,0.0,0.0,0.0,0.0,0.0,0.0,0.0,0.0,0.0,0.0,0.0,0.0,0.0,0.0,0.0,0.0,0.0,0.0,0.0,0.0,0.0,0.0,0.0,0.0,0.0,0.0,0.0,0.0,0.0,0.0,0.0,0.0,1.0,0.0,0.0,0.0,0.0,0.0,0.0,0.0,0.0,0.0,0.0,0.0,0.0,0.0,0.0,0.0,0.0,1.792399999999999,Normal ZnO
3.239904815244309,157.27202028377692,14.0,-1.621088253571429,3.5993,0.3965,11.233715734555494,1,-5.252171638682061,3.2028,11.233715734555494,10.496983211843261,24734.48836414074,2.627927125867266,509.5463758206095,-254.9518246974783,0.9885475600796281,-0.010307543901619538,0.0,0.0,0.0,0.0,0.0,0.0,0.0,0.0,0.0,1.0,0.0,0.0,0.0,0.0,0.0,0.0,0.0,0.0,0.0,0.0,0.0,0.0,0.0,0.0,0.0,0.0,0.0,0.0,0.0,0.0,0.0,0.0,0.0,0.0,0.0,0.0,0.0,0.0,0.0,0.0,0.0,0.0,0.0,0.0,0.0,0.0,0.0,0.0,0.0,0.0,0.0,0.0,0.0,0.0,0.0,0.0,0.0,0.0,3.2028,Normal ZnO
4.108569777960076,457.4908908673707,40.0,-2.635991705,5.2948,1.9581,11.437272271684268,1,-10.830155854116452,3.3367000000000004,11.437272271684268,16.88034562036691,209297.91522662048,6.948452268828807,1879.6332479097107,-1205.9421934394493,0.8121317588177088,-0.005761845224945013,0.0,0.0,0.0,0.0,0.0,0.0,0.0,0.0,0.0,0.0,0.0,0.0,0.0,0.0,0.0,0.0,0.0,0.0,0.0,0.0,0.0,0.0,0.0,0.0,0.0,0.0,0.0,0.0,0.0,0.0,0.0,0.0,0.0,0.0,0.0,0.0,0.0,0.0,0.0,0.0,0.0,0.0,0.0,0.0,0.0,0.0,0.0,1.0,0.0,0.0,0.0,0.0,0.0,0.0,0.0,0.0,0.0,0.0,3.3367,Normal ZnO
3.096036162701114,320.6167422992518,22.0,-0.9028748254545451,0.48260000000000003,0.41540000000000005,14.573488286329628,1,-2.7953331099997283,0.06719999999999998,14.573488286329628,9.58543992075304,102795.09544258486,0.8151829504395753,992.6410285259076,-289.4767852412419,0.021705172830207144,-0.0028160563886331148,0.0,0.0,0.0,0.0,0.0,0.0,0.0,0.0,0.0,0.0,1.0,0.0,0.0,0.0,0.0,0.0,0.0,0.0,0.0,0.0,0.0,0.0,0.0,0.0,0.0,0.0,0.0,0.0,0.0,0.0,0.0,0.0,0.0,0.0,0.0,0.0,0.0,0.0,0.0,0.0,0.0,0.0,0.0,0.0,0.0,0.0,0.0,0.0,0.0,0.0,0.0,0.0,0.0,0.0,0.0,0.0,0.0,0.0,0.06719999999999901,Normal ZnO
2.015656340178888,668.0189291463513,46.0,0.026540618478259004,-1.3039,-1.2798,14.522150633616333,1,0.05349676590797171,-0.02410000000000001,14.522150633616333,4.062870481703349,446249.2896978379,0.0007044044292085033,1346.4965898933544,17.729635534728445,0.0,3.973033894739294e-05,0.0,0.0,0.0,0.0,0.0,0.0,0.0,0.0,0.0,0.0,0.0,0.0,0.0,0.0,0.0,0.0,0.0,0.0,0.0,0.0,0.0,0.0,0.0,0.0,0.0,0.0,0.0,0.0,0.0,0.0,0.0,0.0,1.0,0.0,0.0,0.0,0.0,0.0,0.0,0.0,0.0,0.0,0.0,0.0,0.0,0.0,0.0,0.0,0.0,0.0,0.0,0.0,0.0,0.0,0.0,0.0,0.0,0.0,0.0,Normal ZnO
3.933134641063091,306.34727526673333,24.0,-1.65685013375,1.980999999999999,-0.3388,12.764469802780555,1,-6.51661465610214,2.319799999999999,12.764469802780555,15.469548104730489,93848.65306335168,2.7451523657073924,1204.9050805468792,-507.57152399963513,0.5898094552321196,-0.005408404994976365,0.0,0.0,0.0,0.0,0.0,0.0,0.0,0.0,0.0,0.0,0.0,0.0,0.0,0.0,1.0,0.0,0.0,0.0,0.0,0.0,0.0,0.0,0.0,0.0,0.0,0.0,0.0,0.0,0.0,0.0,0.0,0.0,0.0,0.0,0.0,0.0,0.0,0.0,0.0,0.0,0.0,0.0,0.0,0.0,0.0,0.0,0.0,0.0,0.0,0.0,0.0,0.0,0.0,0.0,0.0,0.0,0.0,0.0,2.3198,2D ZnO
7.690484154154898,662.9010501174878,60.0,-2.419465131644445,5.2262,2.031,11.048350835291464,1,-18.6068582564419,3.1952000000000003,11.048350835291464,59.143546525307585,439437.802246868,5.853811523243271,5098.030021701182,-1603.8659764897484,0.4154744923664846,-0.003649813394043706,0.0,0.0,0.0,0.0,0.0,0.0,0.0,0.0,0.0,0.0,0.0,0.0,0.0,0.0,0.0,0.0,0.0,0.0,0.0,0.0,0.0,0.0,0.0,0.0,0.0,0.0,0.0,0.0,0.0,0.0,0.0,0.0,0.0,0.0,0.0,0.0,0.0,0.0,0.0,0.0,0.0,0.0,0.0,0.0,0.0,0.0,0.0,0.0,0.0,0.0,1.0,0.0,0.0,0.0,0.0,0.0,0.0,0.0,3.1952,Normal ZnO
4.20523172307266,177.53224101112409,14.0,-1.698470631108374,1.9929000000000001,0.9357000000000001,12.680874357937435,1,-7.142462578644175,1.0572,12.680874357937435,17.683973844736652,31517.69659843185,2.884802484737678,746.56421176816,-301.5332974322479,0.2514011283134547,-0.009567110860736267,0.0,0.0,0.0,0.0,0.0,0.0,0.0,0.0,0.0,0.0,0.0,0.0,0.0,0.0,0.0,0.0,0.0,0.0,0.0,0.0,0.0,0.0,0.0,0.0,0.0,0.0,0.0,0.0,0.0,0.0,0.0,0.0,0.0,1.0,0.0,0.0,0.0,0.0,0.0,0.0,0.0,0.0,0.0,0.0,0.0,0.0,0.0,0.0,0.0,0.0,0.0,0.0,0.0,0.0,0.0,0.0,0.0,0.0,1.0572,Normal ZnO
4.242996425531455,302.26276373061995,26.0,-2.3335193772527463,4.6161,1.6209,11.625490912716153,1,-9.90111437659179,2.9952000000000005,11.625490912716153,18.003018667072705,91362.77833807257,5.445312684014045,1282.4998260802793,-705.3360161873702,0.7059162204278401,-0.007720168202168645,0.0,0.0,0.0,0.0,0.0,0.0,0.0,0.0,0.0,0.0,0.0,0.0,0.0,0.0,0.0,0.0,0.0,0.0,0.0,0.0,0.0,0.0,0.0,0.0,0.0,0.0,0.0,0.0,0.0,0.0,0.0,0.0,0.0,0.0,0.0,0.0,0.0,1.0,0.0,0.0,0.0,0.0,0.0,0.0,0.0,0.0,0.0,0.0,0.0,0.0,0.0,0.0,0.0,0.0,0.0,0.0,0.0,0.0,2.9952,Normal ZnO
6.141769495613655,536.9095772165357,38.0,-1.224337929736842,5.3364,5.3122,14.12919940043515,1,-7.519601349180511,0.024200000000000443,14.12919940043515,37.72133253725041,288271.8941068391,1.4990033661922961,3297.5748632513432,-657.3587602251764,0.003940232536776774,-0.002280342876512084,0.0,0.0,0.0,0.0,0.0,0.0,0.0,0.0,0.0,0.0,0.0,0.0,0.0,0.0,0.0,0.0,0.0,0.0,0.0,0.0,0.0,0.0,0.0,0.0,0.0,0.0,0.0,0.0,0.0,0.0,0.0,1.0,0.0,0.0,0.0,0.0,0.0,0.0,0.0,0.0,0.0,0.0,0.0,0.0,0.0,0.0,0.0,0.0,0.0,0.0,0.0,0.0,0.0,0.0,0.0,0.0,0.0,0.0,0.024200000000000003,Normal ZnO
5.806702663171706,197.40064828822324,14.0,-0.710419560476189,0.6808000000000001,0.4565,14.10004630630166,1,-4.125195153786359,0.22430000000000005,14.10004630630166,33.71779581848538,38967.01594461081,0.5046959519071816,1146.246870127047,-140.23728179463433,0.038627774317185906,-0.003598871465907805,1.0,0.0,0.0,0.0,0.0,0.0,0.0,0.0,0.0,0.0,0.0,0.0,0.0,0.0,0.0,0.0,0.0,0.0,0.0,0.0,0.0,0.0,0.0,0.0,0.0,0.0,0.0,0.0,0.0,0.0,0.0,0.0,0.0,0.0,0.0,0.0,0.0,0.0,0.0,0.0,0.0,0.0,0.0,0.0,0.0,0.0,0.0,0.0,0.0,0.0,0.0,0.0,0.0,0.0,0.0,0.0,0.0,0.0,0.22429999999999903,Normal ZnO
5.59259389576237,152.31785241940779,14.0,-1.129661277142856,2.3186,1.8888,10.879846601386271,1,-6.317736762828259,0.42979999999999996,10.879846601386271,31.277106482918523,23200.72816566049,1.2761346010760286,851.8518916564135,-172.06757969576526,0.07685163772139218,-0.007416473244595974,0.0,0.0,0.0,0.0,0.0,0.0,0.0,0.0,0.0,0.0,0.0,0.0,0.0,0.0,0.0,0.0,1.0,0.0,0.0,0.0,0.0,0.0,0.0,0.0,0.0,0.0,0.0,0.0,0.0,0.0,0.0,0.0,0.0,0.0,0.0,0.0,0.0,0.0,0.0,0.0,0.0,0.0,0.0,0.0,0.0,0.0,0.0,0.0,0.0,0.0,0.0,0.0,0.0,0.0,0.0,0.0,0.0,0.0,0.429799999999999,Normal ZnO
5.963362113090987,137.4426286069097,14.0,-1.224641685,3.5555,3.4183,9.817330614779264,1,-7.302981826440907,0.1372,9.817330614779264,35.561687691849,18890.47615837691,1.499747256639639,819.6201641580808,-168.31797228799508,0.023007155594125944,-0.008910202732679933,0.0,0.0,0.0,0.0,0.0,0.0,0.0,0.0,0.0,0.0,0.0,0.0,0.0,0.0,0.0,0.0,0.0,0.0,0.0,0.0,0.0,0.0,0.0,0.0,0.0,0.0,0.0,0.0,0.0,0.0,0.0,0.0,0.0,0.0,0.0,1.0,0.0,0.0,0.0,0.0,0.0,0.0,0.0,0.0,0.0,0.0,0.0,0.0,0.0,0.0,0.0,0.0,0.0,0.0,0.0,0.0,0.0,0.0,0.13720000000000002,Normal ZnO
5.25115930992759,151.3335365601834,14.0,-1.9823252001231522,3.5216000000000003,2.7929,10.809538325727386,1,-10.409505429930762,0.7287000000000003,10.809538325727386,27.5746740982392,22901.839287812367,3.9296131990432954,794.6765094122743,-299.9922831470099,0.1387693568203794,-0.013099047608226659,0.0,0.0,0.0,0.0,0.0,0.0,0.0,0.0,0.0,0.0,0.0,0.0,0.0,0.0,0.0,0.0,0.0,0.0,0.0,0.0,0.0,0.0,0.0,0.0,0.0,0.0,0.0,0.0,0.0,0.0,1.0,0.0,0.0,0.0,0.0,0.0,0.0,0.0,0.0,0.0,0.0,0.0,0.0,0.0,0.0,0.0,0.0,0.0,0.0,0.0,0.0,0.0,0.0,0.0,0.0,0.0,0.0,0.0,0.728699999999999,Normal ZnO
5.01659357953128,472.49973710291,42.0,-1.703861347142856,3.999,2.8395,11.249993740545476,1,-8.54757989448837,1.1595,11.249993740545476,25.166211142194463,223256.00156231906,2.9031434902874684,2370.3391474806763,-805.0740385848095,0.23113293545066024,-0.003606057767544867,0.0,0.0,0.0,0.0,0.0,0.0,0.0,0.0,0.0,0.0,0.0,0.0,0.0,0.0,0.0,0.0,0.0,0.0,0.0,1.0,0.0,0.0,0.0,0.0,0.0,0.0,0.0,0.0,0.0,0.0,0.0,0.0,0.0,0.0,0.0,0.0,0.0,0.0,0.0,0.0,0.0,0.0,0.0,0.0,0.0,0.0,0.0,0.0,0.0,0.0,0.0,0.0,0.0,0.0,0.0,0.0,0.0,0.0,1.1595,Normal ZnO
4.603220267018856,75.28436568387237,8.0,-1.640747519583333,4.9953199999999995,2.40322,9.410545710484046,1,-7.552722235206916,2.5920999999999994,9.410545710484046,21.18963682669315,5667.735716423019,2.69205242301886,346.5505179056602,-123.52263625921817,0.0,-0.02179400071554058,0.0,0.0,0.0,0.0,0.0,0.0,0.0,0.0,0.0,0.0,0.0,0.0,0.0,0.0,0.0,0.0,0.0,0.0,0.0,0.0,0.0,0.0,0.0,0.0,0.0,0.0,0.0,0.0,1.0,0.0,0.0,0.0,0.0,0.0,0.0,0.0,0.0,0.0,0.0,0.0,0.0,0.0,0.0,0.0,0.0,0.0,0.0,0.0,0.0,0.0,0.0,0.0,0.0,0.0,0.0,0.0,0.0,0.0,0.0,Normal ZnO
8.837312124344054,1684.837676012535,99.0,-1.5994923509090921,5.014,4.0963,17.018562383965,1,-14.135213145484494,0.9177,17.018562383965,78.09808558307842,2838677.99451132,2.5583757806166942,14889.436421777235,-2694.884975305501,0.1038437917646952,-0.0009493450756007382,0.0,0.0,0.0,0.0,0.0,0.0,0.0,1.0,0.0,0.0,0.0,0.0,0.0,0.0,0.0,0.0,0.0,0.0,0.0,0.0,0.0,0.0,0.0,0.0,0.0,0.0,0.0,0.0,0.0,0.0,0.0,0.0,0.0,0.0,0.0,0.0,0.0,0.0,0.0,0.0,0.0,0.0,0.0,0.0,0.0,0.0,0.0,0.0,0.0,0.0,0.0,0.0,0.0,0.0,0.0,0.0,0.0,0.0,0.9177000000000001,Normal ZnO
5.202513788882393,180.5979308889308,11.0,-2.101178606818182,1.6173000000000002,-2.3747,16.417993717175527,1,-10.931410674876288,3.992,16.417993717175527,27.066149723511433,32615.612641363023,4.414951537750396,939.5632256932919,-379.4685088194499,0.7673213684759044,-0.011634566334596735,0.0,0.0,0.0,0.0,0.0,0.0,0.0,0.0,0.0,0.0,0.0,0.0,0.0,0.0,0.0,0.0,0.0,0.0,0.0,0.0,0.0,0.0,0.0,0.0,0.0,0.0,0.0,0.0,0.0,0.0,0.0,0.0,0.0,0.0,0.0,0.0,0.0,0.0,0.0,0.0,0.0,0.0,1.0,0.0,0.0,0.0,0.0,0.0,0.0,0.0,0.0,0.0,0.0,0.0,0.0,0.0,0.0,0.0,3.992,Normal ZnO
2.823219530508203,608.9847264799724,38.0,-0.275097729342105,-2.1435,-2.1556,16.025913854736118,1,-0.7766612822770904,0.012100000000000222,16.025913854736118,7.970568517442959,370862.39708588686,0.07567876068918207,1719.2975735794541,-167.53031545866332,0.004285887041105125,-0.0004517317387124193,0.0,0.0,0.0,0.0,0.0,0.0,0.0,0.0,0.0,0.0,0.0,0.0,0.0,0.0,0.0,0.0,0.0,0.0,0.0,0.0,0.0,0.0,0.0,0.0,0.0,0.0,0.0,0.0,0.0,0.0,0.0,0.0,0.0,0.0,0.0,0.0,0.0,0.0,0.0,0.0,0.0,0.0,0.0,0.0,1.0,0.0,0.0,0.0,0.0,0.0,0.0,0.0,0.0,0.0,0.0,0.0,0.0,0.0,0.012100000000000001,Normal ZnO
5.027982519556377,93.45862085830957,10.0,-2.545076481,7.487,3.8932,9.345862085830957,1,-12.79660005740206,3.5938,9.345862085830957,25.280608216964495,8734.513812737257,6.477414294139344,469.90831197742756,-237.85933789317974,0.7147598437388927,-0.027232121099438553,0.0,0.0,0.0,0.0,0.0,0.0,0.0,0.0,0.0,0.0,0.0,0.0,0.0,0.0,0.0,0.0,0.0,0.0,0.0,0.0,0.0,0.0,0.0,0.0,0.0,0.0,0.0,0.0,0.0,0.0,0.0,0.0,0.0,0.0,0.0,0.0,0.0,0.0,0.0,0.0,0.0,0.0,0.0,0.0,0.0,0.0,0.0,1.0,0.0,0.0,0.0,0.0,0.0,0.0,0.0,0.0,0.0,0.0,3.5938,Normal ZnO
4.85991089999142,233.85939478797818,22.0,-1.816294319435735,3.96246,2.6922399999999995,10.629972490362645,1,-8.827028560618228,1.2702200000000006,10.629972490362645,23.618733955855415,54690.216530599435,3.29892505481452,1136.5358217954918,-424.7574903000837,0.0,-0.007766608312154513,0.0,0.0,0.0,0.0,0.0,0.0,0.0,0.0,0.0,0.0,0.0,0.0,0.0,0.0,0.0,0.0,0.0,0.0,0.0,0.0,0.0,0.0,0.0,0.0,0.0,0.0,0.0,0.0,0.0,0.0,1.0,0.0,0.0,0.0,0.0,0.0,0.0,0.0,0.0,0.0,0.0,0.0,0.0,0.0,0.0,0.0,0.0,0.0,0.0,0.0,0.0,0.0,0.0,0.0,0.0,0.0,0.0,0.0,0.0,Normal ZnO
3.15273679206993,411.05289775795126,28.0,-1.121970536699508,4.1188400000000005,2.06846,14.680460634212546,1,-3.5372777906709847,2.0503800000000005,14.680460634212546,9.939749280071393,168964.48475520872,1.2588178852217822,1295.9415942484522,-461.1892403093766,0.0,-0.0027295040196023165,0.0,0.0,0.0,0.0,0.0,0.0,0.0,0.0,0.0,0.0,0.0,0.0,0.0,0.0,0.0,0.0,0.0,0.0,0.0,0.0,0.0,0.0,0.0,0.0,0.0,0.0,0.0,0.0,0.0,0.0,1.0,0.0,0.0,0.0,0.0,0.0,0.0,0.0,0.0,0.0,0.0,0.0,0.0,0.0,0.0,0.0,0.0,0.0,0.0,0.0,0.0,0.0,0.0,0.0,0.0,0.0,0.0,0.0,0.0,Normal ZnO
3.81205365677886,339.9589069120048,28.0,-1.003919754913794,4.01178,2.79954,12.1413895325716,1,-3.8269959728316647,1.21224,12.1413895325716,14.531753082161078,115572.05838880515,1.0078548743061722,1295.941594248452,-341.2914625078611,0.0,-0.0029530620745690573,0.0,0.0,0.0,0.0,0.0,0.0,0.0,0.0,0.0,0.0,0.0,0.0,0.0,0.0,0.0,0.0,0.0,0.0,0.0,0.0,0.0,0.0,0.0,0.0,0.0,0.0,0.0,0.0,0.0,0.0,1.0,0.0,0.0,0.0,0.0,0.0,0.0,0.0,0.0,0.0,0.0,0.0,0.0,0.0,0.0,0.0,0.0,0.0,0.0,0.0,0.0,0.0,0.0,0.0,0.0,0.0,0.0,0.0,0.0,Normal ZnO
3.6179475313150773,314.13828198397783,22.0,-1.748259253526646,1.1436,-0.7438,14.279012817453538,1,-6.325110250395468,1.8874,14.279012817453538,13.089544339348862,98682.86020784517,3.056410417541545,1136.5358217954922,-549.1951583654521,0.521676996049181,-0.005565253755401302,0.0,0.0,0.0,0.0,0.0,0.0,0.0,0.0,0.0,0.0,0.0,0.0,0.0,0.0,0.0,0.0,0.0,0.0,0.0,0.0,0.0,0.0,0.0,0.0,0.0,0.0,0.0,0.0,0.0,0.0,1.0,0.0,0.0,0.0,0.0,0.0,0.0,0.0,0.0,0.0,0.0,0.0,0.0,0.0,0.0,0.0,0.0,0.0,0.0,0.0,0.0,0.0,0.0,0.0,0.0,0.0,0.0,0.0,1.8874,Normal ZnO
5.007411138147304,106.96230133551445,10.0,-2.792557587666666,5.276,2.169,10.696230133551445,1,-13.98348396839983,3.1069999999999998,10.696230133551445,25.074166306441676,11440.933906989398,7.798377880434669,535.6042190693233,-298.69838618877924,0.6204803069455088,-0.02610786747105505,0.0,0.0,0.0,0.0,0.0,0.0,0.0,0.0,0.0,0.0,0.0,0.0,0.0,0.0,0.0,0.0,0.0,0.0,0.0,0.0,0.0,0.0,0.0,0.0,0.0,0.0,0.0,0.0,0.0,0.0,0.0,0.0,0.0,0.0,0.0,0.0,0.0,0.0,0.0,0.0,0.0,0.0,0.0,0.0,0.0,0.0,0.0,0.0,0.0,0.0,0.0,0.0,1.0,0.0,0.0,0.0,0.0,0.0,3.106999999999999,Normal ZnO
6.456458301074723,119.39662912889759,10.0,-1.925918267999999,5.0922,3.7707,11.939662912889759,1,-12.434610988620047,1.3215,11.939662912889759,41.6858537935167,14255.555047343516,3.709161175016116,770.8793572596109,-229.94814917696468,0.20467877873230078,-0.016130424133840717,0.0,0.0,0.0,0.0,0.0,0.0,0.0,0.0,0.0,0.0,0.0,0.0,0.0,0.0,0.0,0.0,0.0,0.0,0.0,0.0,0.0,0.0,0.0,0.0,0.0,0.0,0.0,0.0,0.0,0.0,0.0,0.0,0.0,0.0,0.0,0.0,0.0,0.0,0.0,0.0,0.0,0.0,0.0,0.0,0.0,0.0,0.0,0.0,1.0,0.0,0.0,0.0,0.0,0.0,0.0,0.0,0.0,0.0,1.3215,Normal ZnO
4.24570923859573,523.0730091077116,42.0,-2.44712343857143,3.4415,0.6878000000000001,12.454119264469325,1,-10.389774591126871,2.7537,12.454119264469325,18.026046938697128,273605.3728569962,5.98841312360566,2220.8159072286794,-1280.0242206715684,0.6485842164996649,-0.004678359227033862,0.0,0.0,0.0,0.0,0.0,0.0,0.0,0.0,0.0,0.0,0.0,0.0,0.0,0.0,0.0,0.0,0.0,0.0,0.0,0.0,0.0,0.0,0.0,0.0,0.0,0.0,0.0,0.0,0.0,0.0,0.0,0.0,0.0,0.0,0.0,0.0,0.0,0.0,0.0,0.0,0.0,0.0,0.0,0.0,0.0,0.0,0.0,1.0,0.0,0.0,0.0,0.0,0.0,0.0,0.0,0.0,0.0,0.0,2.7537000000000003,2D ZnO
6.067731039634395,568.6811343433305,40.0,-1.514598883249999,7.1969,4.2011,14.217028358583264,1,-9.190178656491609,2.9958,14.217028358583264,36.81735996934269,323398.23255801713,2.2940097771421444,3450.604170509524,-861.3238110017511,0.4937265644161626,-0.002663353488944102,0.0,0.0,0.0,0.0,0.0,0.0,0.0,0.0,0.0,0.0,0.0,0.0,0.0,0.0,0.0,0.0,0.0,0.0,0.0,0.0,0.0,0.0,0.0,0.0,0.0,0.0,0.0,0.0,0.0,0.0,0.0,0.0,0.0,0.0,0.0,0.0,0.0,0.0,0.0,0.0,0.0,0.0,0.0,0.0,0.0,0.0,0.0,0.0,0.0,0.0,0.0,1.0,0.0,0.0,0.0,0.0,0.0,0.0,2.9958,Normal ZnO
4.755174506972145,560.383815647266,42.0,-1.9692918614285722,2.0806,-0.19460000000000002,13.342471801125381,1,-9.364326456252869,2.2752,13.342471801125381,22.611684591757786,314030.02083938906,3.8781104354888107,2664.722834285658,-1103.5592874304502,0.4784682447855593,-0.003514184040368761,0.0,0.0,0.0,0.0,0.0,0.0,0.0,0.0,0.0,0.0,0.0,0.0,0.0,0.0,0.0,0.0,0.0,0.0,0.0,0.0,0.0,1.0,0.0,0.0,0.0,0.0,0.0,0.0,0.0,0.0,0.0,0.0,0.0,0.0,0.0,0.0,0.0,0.0,0.0,0.0,0.0,0.0,0.0,0.0,0.0,0.0,0.0,0.0,0.0,0.0,0.0,0.0,0.0,0.0,0.0,0.0,0.0,0.0,2.2752,2D ZnO
5.734848867701465,97.48952847675997,10.0,-1.813649822586207,3.9229000000000003,2.1283,9.748952847675998,1,-10.401007631465472,1.7946000000000004,9.748952847675998,32.88849153537677,9504.208162620993,3.2893256789669802,559.0877119976966,-176.8118660258887,0.3129289090959564,-0.018603534665967265,0.0,0.0,0.0,0.0,0.0,0.0,0.0,0.0,0.0,0.0,0.0,0.0,0.0,0.0,0.0,0.0,0.0,0.0,0.0,0.0,0.0,0.0,0.0,0.0,0.0,0.0,0.0,0.0,0.0,0.0,1.0,0.0,0.0,0.0,0.0,0.0,0.0,0.0,0.0,0.0,0.0,0.0,0.0,0.0,0.0,0.0,0.0,0.0,0.0,0.0,0.0,0.0,0.0,0.0,0.0,0.0,0.0,0.0,1.7946,Normal ZnO
5.322641210251818,105.60542373837738,10.0,-1.465996034999999,3.81094,1.70504,10.560542373837738,1,-7.802970909956761,2.1059,10.560542373837738,28.330509453070935,11152.505522962241,2.149144374635718,562.099780415993,-154.81713247495603,0.0,-0.013881825223596454,0.0,0.0,0.0,0.0,0.0,0.0,0.0,0.0,0.0,0.0,0.0,0.0,0.0,0.0,0.0,0.0,0.0,0.0,0.0,1.0,0.0,0.0,0.0,0.0,0.0,0.0,0.0,0.0,0.0,0.0,0.0,0.0,0.0,0.0,0.0,0.0,0.0,0.0,0.0,0.0,0.0,0.0,0.0,0.0,0.0,0.0,0.0,0.0,0.0,0.0,0.0,0.0,0.0,0.0,0.0,0.0,0.0,0.0,0.0,Normal ZnO
5.92182722329932,96.65191092533513,10.0,-1.300174752,4.084840000000001,2.6820399999999998,9.665191092533513,1,-7.699410241440042,1.402800000000001,9.665191092533513,35.06803766260893,9341.591885518916,1.6904543857382615,572.3559173015506,-125.66437431767369,0.0,-0.013452137050910478,0.0,0.0,0.0,0.0,0.0,0.0,0.0,0.0,0.0,0.0,0.0,0.0,0.0,1.0,0.0,0.0,0.0,0.0,0.0,0.0,0.0,0.0,0.0,0.0,0.0,0.0,0.0,0.0,0.0,0.0,0.0,0.0,0.0,0.0,0.0,0.0,0.0,0.0,0.0,0.0,0.0,0.0,0.0,0.0,0.0,0.0,0.0,0.0,0.0,0.0,0.0,0.0,0.0,0.0,0.0,0.0,0.0,0.0,0.0,Normal ZnO
5.97066705202391,103.48547026309927,10.0,-1.9663922169999992,4.2481,2.128,10.348547026309927,1,-11.740673221398147,2.1201,10.348547026309927,35.64886504612389,10709.242555574803,3.866698351078172,617.8772876630869,-203.49302329794327,0.3550859529642233,-0.019001626141338348,0.0,0.0,0.0,0.0,0.0,0.0,0.0,0.0,0.0,0.0,0.0,0.0,0.0,0.0,0.0,0.0,0.0,0.0,0.0,0.0,0.0,1.0,0.0,0.0,0.0,0.0,0.0,0.0,0.0,0.0,0.0,0.0,0.0,0.0,0.0,0.0,0.0,0.0,0.0,0.0,0.0,0.0,0.0,0.0,0.0,0.0,0.0,0.0,0.0,0.0,0.0,0.0,0.0,0.0,0.0,0.0,0.0,0.0,2.1201,Normal ZnO
3.232076228571677,182.35803109062294,14.0,-1.338533661071428,3.39276,3.29188,13.02557364933021,1,-4.32624282709198,0.10088000000000008,13.02557364933021,10.446316747298114,33254.4515032486,1.7916723618212804,589.3950573771372,-244.0923629815088,0.0,-0.007340141002105045,0.0,0.0,0.0,0.0,0.0,0.0,0.0,0.0,0.0,0.0,0.0,0.0,0.0,0.0,0.0,0.0,0.0,0.0,0.0,0.0,0.0,0.0,0.0,0.0,0.0,0.0,0.0,0.0,0.0,0.0,0.0,0.0,0.0,0.0,0.0,0.0,0.0,0.0,0.0,0.0,0.0,0.0,0.0,0.0,1.0,0.0,0.0,0.0,0.0,0.0,0.0,0.0,0.0,0.0,0.0,0.0,0.0,0.0,0.0,Normal ZnO
3.328083625278524,135.11958474659986,10.0,-0.6504284610000001,0.7657200000000001,-0.08337999999999998,13.511958474659986,1,-2.1646803104692114,0.8491000000000001,13.511958474659986,11.076140616847043,18257.30218209358,0.4230571828788286,449.6892774495928,-87.88562355769002,0.0,-0.004813724540523112,0.0,0.0,0.0,0.0,0.0,0.0,0.0,0.0,0.0,0.0,0.0,0.0,0.0,0.0,0.0,0.0,0.0,0.0,1.0,0.0,0.0,0.0,0.0,0.0,0.0,0.0,0.0,0.0,0.0,0.0,0.0,0.0,0.0,0.0,0.0,0.0,0.0,0.0,0.0,0.0,0.0,0.0,0.0,0.0,0.0,0.0,0.0,0.0,0.0,0.0,0.0,0.0,0.0,0.0,0.0,0.0,0.0,0.0,0.0,Normal ZnO
2.85535203527636,215.67109175371678,18.0,-0.8445979222222221,2.9784599999999997,2.1627400000000003,11.981727319650933,1,-2.4116243962074067,0.8157199999999993,11.981727319650933,8.15303524535685,46514.01981824012,0.7133456502220947,615.8168907892498,-182.1553559785874,0.0,-0.003916138761826742,0.0,0.0,0.0,0.0,0.0,0.0,0.0,0.0,0.0,1.0,0.0,0.0,0.0,0.0,0.0,0.0,0.0,0.0,0.0,0.0,0.0,0.0,0.0,0.0,0.0,0.0,0.0,0.0,0.0,0.0,0.0,0.0,0.0,0.0,0.0,0.0,0.0,0.0,0.0,0.0,0.0,0.0,0.0,0.0,0.0,0.0,0.0,0.0,0.0,0.0,0.0,0.0,0.0,0.0,0.0,0.0,0.0,0.0,0.0,Normal ZnO
2.729179976787292,466.4571937652914,26.0,-0.04781427920673,2.0705599999999995,0.179,17.940661298665052,1,-0.13049377341552448,1.8915599999999995,17.940661298665052,7.448423345696685,217582.3136153906,0.002286205296059133,1273.0456332526235,-22.3033145006814,0.0,-0.00010250518128098342,0.0,0.0,0.0,0.0,0.0,0.0,0.0,0.0,0.0,0.0,0.0,0.0,0.0,0.0,0.0,0.0,0.0,0.0,0.0,0.0,0.0,0.0,0.0,0.0,0.0,0.0,0.0,0.0,0.0,0.0,0.0,0.0,0.0,0.0,0.0,0.0,0.0,0.0,0.0,0.0,0.0,0.0,0.0,0.0,0.0,0.0,1.0,0.0,0.0,0.0,0.0,0.0,0.0,0.0,0.0,0.0,0.0,0.0,0.0,Normal ZnO
2.627212850935181,650.9341978091854,48.0,-0.051592204375000006,3.4514000000000005,1.9682400000000002,13.561129121024697,1,-0.1355437023420743,1.4831600000000003,13.561129121024697,6.902247364118962,423715.32987748773,0.0026617555522717696,1710.1426895974753,-33.58313016804818,0.0,-7.92587093267509e-05,0.0,0.0,0.0,0.0,0.0,0.0,0.0,0.0,0.0,0.0,0.0,0.0,0.0,0.0,0.0,0.0,0.0,0.0,0.0,0.0,0.0,0.0,0.0,0.0,0.0,0.0,0.0,0.0,0.0,0.0,0.0,0.0,0.0,0.0,0.0,0.0,0.0,0.0,0.0,0.0,0.0,0.0,0.0,0.0,1.0,0.0,0.0,0.0,0.0,0.0,0.0,0.0,0.0,0.0,0.0,0.0,0.0,0.0,0.0,Normal ZnO
3.8497227083942303,193.55602282959168,14.0,-0.8863701974776791,-0.6970000000000001,-0.6759000000000001,13.825430202113692,1,-3.4122794772736995,-0.021100000000000008,13.825430202113692,14.820364931526207,37463.93397360942,0.7856521269766198,745.1370164335511,-171.56229017845934,0.0,-0.004579398690466205,0.0,0.0,0.0,0.0,0.0,0.0,0.0,0.0,0.0,0.0,0.0,0.0,0.0,0.0,0.0,0.0,0.0,0.0,0.0,0.0,0.0,0.0,0.0,0.0,0.0,0.0,0.0,0.0,0.0,0.0,0.0,0.0,0.0,0.0,0.0,0.0,0.0,0.0,0.0,0.0,0.0,0.0,0.0,0.0,0.0,0.0,1.0,0.0,0.0,0.0,0.0,0.0,0.0,0.0,0.0,0.0,0.0,0.0,0.0,Normal ZnO
7.412807407689485,739.4963025637568,60.0,-2.4651523052222233,3.6242399999999995,1.66182,12.324938376062613,1,-18.273699269234108,1.9624199999999994,12.324938376062613,54.9497136634961,546854.7815054674,6.076975887942441,5481.743669603601,-1822.9710149683558,0.0,-0.0033335559578537397,0.0,0.0,0.0,0.0,0.0,0.0,0.0,0.0,0.0,0.0,0.0,0.0,0.0,0.0,0.0,0.0,0.0,0.0,0.0,0.0,0.0,0.0,0.0,0.0,0.0,0.0,0.0,0.0,0.0,0.0,0.0,0.0,0.0,0.0,0.0,0.0,0.0,0.0,0.0,0.0,0.0,0.0,0.0,0.0,0.0,0.0,0.0,0.0,0.0,0.0,1.0,0.0,0.0,0.0,0.0,0.0,0.0,0.0,0.0,Normal ZnO
6.146977535979629,680.464328388086,60.0,-1.699591537,3.5433,2.4805,11.341072139801433,1,-10.447350998280092,1.0627999999999997,11.341072139801433,37.7853328278382,463031.7022086489,2.8886113926420225,4182.79894063703,-1156.5114137587798,0.1728979801502761,-0.002497693804208764,0.0,0.0,0.0,0.0,0.0,0.0,0.0,0.0,0.0,0.0,0.0,0.0,0.0,0.0,0.0,0.0,0.0,0.0,0.0,0.0,0.0,0.0,0.0,0.0,0.0,0.0,0.0,0.0,0.0,0.0,0.0,0.0,0.0,0.0,0.0,0.0,0.0,0.0,0.0,0.0,0.0,0.0,0.0,0.0,0.0,0.0,0.0,0.0,0.0,0.0,0.0,1.0,0.0,0.0,0.0,0.0,0.0,0.0,1.062799999999999,Normal ZnO
3.9251424493702802,291.64928912265873,22.0,-2.170509448636363,2.0867,-0.4662,13.256785869211761,1,-8.51955877360187,2.5529,13.256785869211761,15.406743247848523,85059.30784575218,4.71111126661973,1144.7650050640136,-633.0275377288093,0.6503967774238532,-0.007442190087847304,0.0,0.0,0.0,0.0,0.0,0.0,0.0,0.0,0.0,0.0,0.0,0.0,0.0,0.0,0.0,0.0,0.0,0.0,0.0,0.0,0.0,0.0,0.0,0.0,0.0,0.0,0.0,0.0,0.0,0.0,0.0,0.0,0.0,0.0,0.0,0.0,0.0,0.0,0.0,0.0,0.0,0.0,0.0,0.0,0.0,0.0,0.0,0.0,0.0,0.0,0.0,0.0,0.0,1.0,0.0,0.0,0.0,0.0,2.5529,2D ZnO
6.065268212549831,424.971005567963,24.0,-2.534313652916667,4.2791,1.6087,17.707125231998457,1,-15.371292039666505,2.6704,17.707125231998457,36.787478490167416,180600.35557344565,6.422745691359821,2577.563131326703,-1077.0098215046135,0.44027731444334056,-0.005963497790936633,0.0,0.0,0.0,0.0,0.0,1.0,0.0,0.0,0.0,0.0,0.0,0.0,0.0,0.0,0.0,0.0,0.0,0.0,0.0,0.0,0.0,0.0,0.0,0.0,0.0,0.0,0.0,0.0,0.0,0.0,0.0,0.0,0.0,0.0,0.0,0.0,0.0,0.0,0.0,0.0,0.0,0.0,0.0,0.0,0.0,0.0,0.0,0.0,0.0,0.0,0.0,0.0,0.0,0.0,0.0,0.0,0.0,0.0,2.6704,Normal ZnO
5.547147283378456,305.3580275214719,26.0,-2.442323447307691,4.4457,1.4791,11.744539520056613,1,-13.547927875864362,2.9666000000000006,11.744539520056613,30.77084298349298,93243.524971804,5.964943821268923,1693.8659528235366,-745.7830704393181,0.5347974099929091,-0.007998229053061176,0.0,0.0,0.0,0.0,0.0,0.0,0.0,0.0,0.0,0.0,0.0,0.0,0.0,0.0,0.0,0.0,0.0,0.0,0.0,0.0,0.0,0.0,0.0,0.0,0.0,0.0,0.0,0.0,0.0,0.0,0.0,0.0,0.0,0.0,1.0,0.0,0.0,0.0,0.0,0.0,0.0,0.0,0.0,0.0,0.0,0.0,0.0,0.0,0.0,0.0,0.0,0.0,0.0,0.0,0.0,0.0,0.0,0.0,2.9666,Normal ZnO
7.131716886828514,319.5095080064391,26.0,-2.63218461228205,4.2508,0.7391000000000001,12.288827231016889,1,-18.77199544866206,3.5117,12.288827231016889,50.861385753874984,102086.32570651677,6.928395833134406,2278.6513537517917,-841.0080104523574,0.49240597400686487,-0.008238204329834853,0.0,0.0,0.0,0.0,0.0,0.0,0.0,0.0,0.0,0.0,0.0,0.0,0.0,0.0,0.0,0.0,0.0,0.0,0.0,0.0,0.0,0.0,0.0,0.0,0.0,0.0,0.0,0.0,0.0,0.0,0.0,0.0,0.0,0.0,0.0,0.0,0.0,0.0,0.0,0.0,0.0,0.0,0.0,0.0,0.0,0.0,0.0,0.0,0.0,0.0,1.0,0.0,0.0,0.0,0.0,0.0,0.0,0.0,3.5117000000000003,Normal ZnO
4.293919767100468,261.7476124595242,18.0,-1.708242246055554,2.0234,0.6132000000000001,14.541534025529122,1,-7.335055147334045,1.4102000000000001,14.541534025529122,18.43774696629614,68511.81262826126,2.9180915712089237,1123.9232471313037,-447.1283294075363,0.3284178737583302,-0.00652629542636119,0.0,0.0,0.0,0.0,0.0,0.0,0.0,0.0,0.0,0.0,0.0,0.0,0.0,0.0,0.0,0.0,0.0,0.0,0.0,0.0,0.0,0.0,0.0,0.0,0.0,0.0,1.0,0.0,0.0,0.0,0.0,0.0,0.0,0.0,0.0,0.0,0.0,0.0,0.0,0.0,0.0,0.0,0.0,0.0,0.0,0.0,0.0,0.0,0.0,0.0,0.0,0.0,0.0,0.0,0.0,0.0,0.0,0.0,1.4102000000000001,Normal ZnO
5.140843528908052,278.53730697582364,18.0,-1.678057365555555,2.2416,0.8294,15.474294831990202,1,-8.62663034885277,1.4122,15.474294831990202,26.42827218871579,77583.03137734422,2.81587652209525,1431.9167121261385,-467.40157955278954,0.2747020001793286,-0.006024533602966178,0.0,0.0,0.0,0.0,0.0,0.0,0.0,0.0,0.0,0.0,0.0,0.0,0.0,0.0,0.0,0.0,0.0,0.0,0.0,0.0,0.0,0.0,0.0,0.0,0.0,0.0,0.0,0.0,0.0,0.0,0.0,0.0,0.0,0.0,0.0,0.0,0.0,0.0,0.0,0.0,0.0,1.0,0.0,0.0,0.0,0.0,0.0,0.0,0.0,0.0,0.0,0.0,0.0,0.0,0.0,0.0,0.0,0.0,1.4122,Normal ZnO
5.584924765867428,381.5355905088048,26.0,-1.6091611857692292,5.9512,2.6547,14.674445788800183,1,-8.987044158675165,3.2965,14.674445788800183,31.191384640399345,145569.40682490237,2.589399721786232,2130.8475684924774,-613.9522632363113,0.5902496699949727,-0.004217591296327817,0.0,0.0,0.0,0.0,0.0,0.0,0.0,0.0,0.0,0.0,0.0,0.0,0.0,0.0,0.0,0.0,0.0,0.0,0.0,0.0,0.0,0.0,0.0,0.0,0.0,0.0,0.0,0.0,0.0,0.0,0.0,0.0,0.0,0.0,0.0,0.0,0.0,0.0,0.0,0.0,0.0,0.0,0.0,0.0,0.0,0.0,0.0,0.0,0.0,0.0,0.0,1.0,0.0,0.0,0.0,0.0,0.0,0.0,3.2965,Normal ZnO
4.2004477915623895,722.8773353745282,66.0,-2.409946489935063,5.4464,1.7057,10.952686899614065,1,-10.122854411431268,3.7406999999999995,10.952686899614065,17.643761649641355,522551.64199817815,5.80784208435033,3036.408506944442,-1742.0956970394557,0.8905479095619508,-0.00333382494097211,0.0,0.0,0.0,0.0,0.0,0.0,0.0,0.0,0.0,0.0,0.0,0.0,0.0,0.0,0.0,0.0,0.0,0.0,0.0,0.0,0.0,0.0,0.0,0.0,0.0,0.0,0.0,0.0,0.0,0.0,0.0,0.0,0.0,0.0,0.0,0.0,0.0,1.0,0.0,0.0,0.0,0.0,0.0,0.0,0.0,0.0,0.0,0.0,0.0,0.0,0.0,0.0,0.0,0.0,0.0,0.0,0.0,0.0,3.740699999999999,Normal ZnO
4.045358984435142,515.3090735115295,44.0,-2.274198815984848,3.1353,0.4385,11.711569852534762,1,-9.199950612636066,2.6968,11.711569852534762,16.36492931295012,265543.4412433109,5.171980254626884,2084.610190290815,-1171.9152848461692,0.6666404663655722,-0.0044132714382215605,0.0,0.0,0.0,0.0,1.0,0.0,0.0,0.0,0.0,0.0,0.0,0.0,0.0,0.0,0.0,0.0,0.0,0.0,0.0,0.0,0.0,0.0,0.0,0.0,0.0,0.0,0.0,0.0,0.0,0.0,0.0,0.0,0.0,0.0,0.0,0.0,0.0,0.0,0.0,0.0,0.0,0.0,0.0,0.0,0.0,0.0,0.0,0.0,0.0,0.0,0.0,0.0,0.0,0.0,0.0,0.0,0.0,0.0,2.6968,Normal ZnO
6.546533608625844,158.9110353284531,12.0,-2.014035849999999,4.0441,0.5195000000000001,13.24258627737109,1,-13.184953381002313,3.5246000000000004,13.24258627737109,42.857102288867715,25252.717149160868,4.056340405085219,1040.3164335592471,-320.0525221121209,0.5383917979670824,-0.012673983564685675,0.0,0.0,0.0,0.0,0.0,0.0,0.0,0.0,0.0,0.0,0.0,0.0,0.0,0.0,0.0,0.0,0.0,0.0,0.0,0.0,0.0,0.0,0.0,0.0,0.0,0.0,0.0,0.0,0.0,0.0,0.0,0.0,0.0,0.0,0.0,0.0,0.0,0.0,0.0,0.0,0.0,0.0,0.0,0.0,0.0,0.0,0.0,0.0,0.0,0.0,0.0,0.0,0.0,0.0,1.0,0.0,0.0,0.0,3.5246,Normal ZnO
3.8394138831676763,334.0353150523495,26.0,-2.373133279945054,3.5085,0.08710000000000001,12.847512117398058,1,-9.111440861628283,3.4214,12.847512117398058,14.741098966260695,111579.5917021224,5.63176156438277,1282.4998260802795,-792.7103228276617,0.8911255999254768,-0.007104438282440706,0.0,0.0,0.0,0.0,0.0,0.0,0.0,0.0,0.0,0.0,0.0,0.0,0.0,0.0,0.0,0.0,0.0,0.0,0.0,0.0,0.0,0.0,0.0,0.0,0.0,0.0,0.0,0.0,0.0,0.0,0.0,0.0,0.0,0.0,0.0,0.0,0.0,1.0,0.0,0.0,0.0,0.0,0.0,0.0,0.0,0.0,0.0,0.0,0.0,0.0,0.0,0.0,0.0,0.0,0.0,0.0,0.0,0.0,3.4214,2D ZnO
4.003285823759669,234.7613099162203,20.0,-2.644600209,5.0627,1.6256,11.738065495811016,1,-10.587090526201559,3.4371000000000005,11.738065495811016,16.026297386715136,55112.87263357964,6.993910265442844,939.8166239548551,-620.8498092695501,0.8585697228013717,-0.011265059859922332,0.0,0.0,0.0,0.0,0.0,0.0,0.0,0.0,0.0,0.0,0.0,0.0,0.0,0.0,0.0,0.0,0.0,0.0,0.0,0.0,0.0,0.0,0.0,0.0,0.0,0.0,0.0,0.0,0.0,0.0,0.0,0.0,0.0,0.0,0.0,0.0,0.0,0.0,0.0,0.0,0.0,0.0,0.0,0.0,0.0,0.0,0.0,1.0,0.0,0.0,0.0,0.0,0.0,0.0,0.0,0.0,0.0,0.0,3.4371,Normal ZnO
5.946568654173021,498.9382964624441,42.0,-1.82219273952381,3.8725,2.9242,11.879483249105812,1,-10.835794226713952,0.9483000000000001,11.879483249105812,35.36167875879313,248939.42367684576,3.3203863799732876,2966.970834110056,-909.1617412842439,0.15947011716320267,-0.0036521404599395577,0.0,0.0,0.0,0.0,0.0,0.0,0.0,0.0,0.0,0.0,0.0,0.0,0.0,0.0,0.0,0.0,0.0,0.0,0.0,0.0,0.0,0.0,0.0,0.0,0.0,0.0,0.0,0.0,0.0,0.0,0.0,0.0,0.0,0.0,0.0,0.0,0.0,0.0,0.0,0.0,0.0,0.0,0.0,0.0,0.0,1.0,0.0,0.0,0.0,0.0,0.0,0.0,0.0,0.0,0.0,0.0,0.0,0.0,0.9483,Normal ZnO
5.526971835232615,207.1137448730862,20.0,-1.326151463,2.4185,2.205,10.35568724365431,1,-7.329601785253527,0.2134999999999998,10.35568724365431,30.54741766745458,42896.103315353845,1.7586777028170404,1144.711834603101,-274.664195770852,0.03862874759719368,-0.006403010402871284,0.0,0.0,0.0,0.0,0.0,0.0,0.0,0.0,0.0,0.0,0.0,0.0,0.0,1.0,0.0,0.0,0.0,0.0,0.0,0.0,0.0,0.0,0.0,0.0,0.0,0.0,0.0,0.0,0.0,0.0,0.0,0.0,0.0,0.0,0.0,0.0,0.0,0.0,0.0,0.0,0.0,0.0,0.0,0.0,0.0,0.0,0.0,0.0,0.0,0.0,0.0,0.0,0.0,0.0,0.0,0.0,0.0,0.0,0.21349999999999902,Normal ZnO
4.942058599253891,227.47596740388872,20.0,-1.4638612755,3.4171199999999997,2.16322,11.373798370194436,1,-7.234488204699544,1.2538999999999998,11.373798370194436,24.423943198459334,51745.31574633504,2.142889833908487,1124.199560831986,-332.99325978945296,0.0,-0.006435234861100212,0.0,0.0,0.0,0.0,0.0,0.0,0.0,0.0,0.0,0.0,0.0,0.0,0.0,0.0,0.0,0.0,0.0,0.0,0.0,1.0,0.0,0.0,0.0,0.0,0.0,0.0,0.0,0.0,0.0,0.0,0.0,0.0,0.0,0.0,0.0,0.0,0.0,0.0,0.0,0.0,0.0,0.0,0.0,0.0,0.0,0.0,0.0,0.0,0.0,0.0,0.0,0.0,0.0,0.0,0.0,0.0,0.0,0.0,0.0,Normal ZnO
4.599196165809472,850.6124958806122,66.0,-1.732994565454546,2.5742000000000003,0.7973,12.888068119403215,1,-7.9703819608072,1.7769000000000004,12.888068119403215,21.152605371596547,723541.6181482445,3.0032701638949906,3912.133729643737,-1474.1068326688282,0.3863501220516565,-0.002037349055941662,0.0,0.0,1.0,0.0,0.0,0.0,0.0,0.0,0.0,0.0,0.0,0.0,0.0,0.0,0.0,0.0,0.0,0.0,0.0,0.0,0.0,0.0,0.0,0.0,0.0,0.0,0.0,0.0,0.0,0.0,0.0,0.0,0.0,0.0,0.0,0.0,0.0,0.0,0.0,0.0,0.0,0.0,0.0,0.0,0.0,0.0,0.0,0.0,0.0,0.0,0.0,0.0,0.0,0.0,0.0,0.0,0.0,0.0,1.7769,Normal ZnO
3.646208509024024,203.43666854127073,18.0,-2.502442132420636,5.6884,1.0249,11.302037141181707,1,-9.124425796572346,4.6635,11.302037141181707,13.294836491279195,41386.47810717086,6.262216626113941,741.7725118826813,-509.08849063696766,1.2789998126706894,-0.012300841094008435,0.0,0.0,0.0,0.0,0.0,0.0,0.0,0.0,0.0,0.0,0.0,0.0,0.0,0.0,0.0,0.0,0.0,0.0,0.0,0.0,0.0,0.0,0.0,0.0,0.0,0.0,0.0,0.0,0.0,0.0,0.0,0.0,0.0,0.0,0.0,0.0,0.0,1.0,0.0,0.0,0.0,0.0,0.0,0.0,0.0,0.0,0.0,0.0,0.0,0.0,0.0,0.0,0.0,0.0,0.0,0.0,0.0,0.0,4.6635,Normal ZnO
5.725287390866139,204.24457974584027,12.0,-2.3654240366666652,3.3519,1.0795,17.02038164548669,1,-13.542732411179342,2.2724,17.02038164548669,32.77891570801081,41715.8483555549,5.595230873240421,1169.358917071613,-483.1250382896921,0.39690583980557603,-0.011581330773184646,0.0,0.0,0.0,0.0,0.0,1.0,0.0,0.0,0.0,0.0,0.0,0.0,0.0,0.0,0.0,0.0,0.0,0.0,0.0,0.0,0.0,0.0,0.0,0.0,0.0,0.0,0.0,0.0,0.0,0.0,0.0,0.0,0.0,0.0,0.0,0.0,0.0,0.0,0.0,0.0,0.0,0.0,0.0,0.0,0.0,0.0,0.0,0.0,0.0,0.0,0.0,0.0,0.0,0.0,0.0,0.0,0.0,0.0,2.2724,Normal ZnO
5.023265084251947,462.92738168956396,42.0,-2.17570627047619,4.0543,2.9147,11.022080516418189,1,-10.929149342071067,1.1395999999999997,11.022080516418189,25.23319210666472,214301.76071795524,4.733697775389412,2325.406952985361,-1007.1940071171088,0.2268643961419977,-0.004699886756612734,0.0,0.0,0.0,0.0,0.0,0.0,0.0,0.0,0.0,0.0,0.0,0.0,0.0,0.0,1.0,0.0,0.0,0.0,0.0,0.0,0.0,0.0,0.0,0.0,0.0,0.0,0.0,0.0,0.0,0.0,0.0,0.0,0.0,0.0,0.0,0.0,0.0,0.0,0.0,0.0,0.0,0.0,0.0,0.0,0.0,0.0,0.0,0.0,0.0,0.0,0.0,0.0,0.0,0.0,0.0,0.0,0.0,0.0,1.139599999999999,Normal ZnO
5.481105402351451,449.4784499132274,42.0,-1.398846586190475,4.1708,2.8448800000000003,10.701867855076843,1,-7.6672255806294975,1.3259199999999995,10.701867855076843,30.042516431686263,202030.87693639766,1.9567717716967463,2463.638760059947,-628.7513952273046,0.0,-0.0031121549575080293,0.0,0.0,0.0,0.0,0.0,0.0,0.0,0.0,0.0,0.0,0.0,0.0,0.0,1.0,0.0,0.0,0.0,0.0,0.0,0.0,0.0,0.0,0.0,0.0,0.0,0.0,0.0,0.0,0.0,0.0,0.0,0.0,0.0,0.0,0.0,0.0,0.0,0.0,0.0,0.0,0.0,0.0,0.0,0.0,0.0,0.0,0.0,0.0,0.0,0.0,0.0,0.0,0.0,0.0,0.0,0.0,0.0,0.0,0.0,Normal ZnO
4.856708659912099,474.4761648995908,42.0,-2.313044043095238,4.1397,4.1725,11.297051545228353,1,-11.233781034858739,-0.03279999999999994,11.297051545228353,23.587619007265182,225127.6310578237,5.350172745298366,2304.392498989724,-1097.4842668116723,0.0,-0.004874942545501157,0.0,0.0,0.0,0.0,0.0,0.0,0.0,0.0,0.0,0.0,0.0,0.0,0.0,0.0,0.0,0.0,0.0,0.0,0.0,0.0,0.0,0.0,0.0,0.0,0.0,0.0,0.0,0.0,0.0,0.0,0.0,0.0,0.0,0.0,0.0,0.0,0.0,0.0,0.0,0.0,0.0,0.0,0.0,0.0,0.0,0.0,0.0,0.0,0.0,0.0,0.0,0.0,0.0,1.0,0.0,0.0,0.0,0.0,0.0,Normal ZnO
5.634994560282478,436.355433207549,42.0,-1.17536422642857,4.32838,2.55534,10.389415076370215,1,-6.623171022275614,1.77304,10.389415076370215,31.753163694413118,190406.0640897478,1.3814810647680307,2458.860492474243,-512.8765661998943,0.0,-0.002693593655494871,0.0,0.0,0.0,0.0,0.0,0.0,0.0,0.0,0.0,0.0,0.0,0.0,0.0,0.0,0.0,0.0,0.0,0.0,0.0,0.0,0.0,0.0,0.0,0.0,0.0,0.0,0.0,0.0,0.0,0.0,0.0,0.0,0.0,0.0,0.0,1.0,0.0,0.0,0.0,0.0,0.0,0.0,0.0,0.0,0.0,0.0,0.0,0.0,0.0,0.0,0.0,0.0,0.0,0.0,0.0,0.0,0.0,0.0,0.0,Normal ZnO
5.45842658072653,451.34595540021536,42.0,-1.378067763571428,4.1708,2.8448800000000003,10.7463322714337,1,-7.522081710720646,1.3259199999999995,10.7463322714337,29.79442073718192,203713.1714561332,1.8990707609947572,2463.6387600599464,-621.9853113553843,0.0,-0.003053240528874296,0.0,0.0,0.0,0.0,0.0,0.0,0.0,0.0,0.0,0.0,0.0,0.0,0.0,1.0,0.0,0.0,0.0,0.0,0.0,0.0,0.0,0.0,0.0,0.0,0.0,0.0,0.0,0.0,0.0,0.0,0.0,0.0,0.0,0.0,0.0,0.0,0.0,0.0,0.0,0.0,0.0,0.0,0.0,0.0,0.0,0.0,0.0,0.0,0.0,0.0,0.0,0.0,0.0,0.0,0.0,0.0,0.0,0.0,0.0,Normal ZnO
8.908011190239662,555.9703739625589,42.0,-1.464005009999999,4.2625,4.2418,13.237389856251403,1,-13.04137301164692,0.020700000000000607,13.237389856251403,79.35266336543505,309103.05672406766,2.143310669305097,4952.590312700205,-813.9434128927593,0.002323751009953894,-0.0026332428463150277,0.0,0.0,0.0,0.0,0.0,0.0,0.0,0.0,0.0,0.0,0.0,0.0,0.0,0.0,0.0,0.0,0.0,0.0,0.0,0.0,0.0,0.0,0.0,0.0,0.0,0.0,0.0,0.0,0.0,0.0,0.0,0.0,0.0,0.0,0.0,0.0,0.0,0.0,0.0,0.0,0.0,0.0,0.0,0.0,0.0,0.0,0.0,0.0,0.0,0.0,0.0,0.0,0.0,0.0,1.0,0.0,0.0,0.0,0.020700000000000003,Normal ZnO
6.273316731987285,548.1535138895825,42.0,-0.620421164761904,3.6179200000000002,3.1302600000000003,13.051274140228156,1,-3.892098473779893,0.48766,13.051274140228156,39.35450281983163,300472.27478949673,0.3849224216845176,3438.740610381143,-340.0860415557053,0.0,-0.0011318383428020472,1.0,0.0,0.0,0.0,0.0,0.0,0.0,0.0,0.0,0.0,0.0,0.0,0.0,0.0,0.0,0.0,0.0,0.0,0.0,0.0,0.0,0.0,0.0,0.0,0.0,0.0,0.0,0.0,0.0,0.0,0.0,0.0,0.0,0.0,0.0,0.0,0.0,0.0,0.0,0.0,0.0,0.0,0.0,0.0,0.0,0.0,0.0,0.0,0.0,0.0,0.0,0.0,0.0,0.0,0.0,0.0,0.0,0.0,0.0,Normal ZnO
4.793530090091192,467.9491999650534,42.0,-2.849720557619047,3.6627400000000003,2.7148399999999997,11.141647618215558,1,-13.660221241298352,0.9479000000000006,11.141647618215558,22.97793072460967,218976.45374793356,8.120907256516611,2243.1285706665835,-1333.524455061799,0.0,-0.006089807521482813,0.0,0.0,0.0,0.0,0.0,0.0,0.0,0.0,0.0,0.0,0.0,0.0,0.0,0.0,0.0,0.0,0.0,0.0,0.0,0.0,0.0,0.0,0.0,0.0,0.0,0.0,0.0,0.0,0.0,0.0,0.0,0.0,0.0,0.0,0.0,0.0,0.0,0.0,0.0,0.0,0.0,0.0,0.0,0.0,0.0,0.0,0.0,0.0,0.0,0.0,0.0,0.0,1.0,0.0,0.0,0.0,0.0,0.0,0.0,Normal ZnO
5.739611737485927,445.24887603087734,42.0,-1.073165430714286,3.1191,3.1702,10.601163715020888,1,-6.159552902391855,-0.05109999999999992,10.601163715020888,32.94314289708622,198246.56160675958,1.1516840416801788,2555.55567496924,-477.82570182072817,0.0,-0.002410259718746294,0.0,0.0,0.0,0.0,0.0,0.0,0.0,0.0,0.0,0.0,0.0,0.0,0.0,0.0,0.0,0.0,1.0,0.0,0.0,0.0,0.0,0.0,0.0,0.0,0.0,0.0,0.0,0.0,0.0,0.0,0.0,0.0,0.0,0.0,0.0,0.0,0.0,0.0,0.0,0.0,0.0,0.0,0.0,0.0,0.0,0.0,0.0,0.0,0.0,0.0,0.0,0.0,0.0,0.0,0.0,0.0,0.0,0.0,0.0,Normal ZnO
6.037551126845238,605.3413582798125,42.0,-1.651332472857143,1.7795400000000001,1.02792,14.41288948285268,1,-9.970004232294777,0.7516200000000002,14.41288948285268,36.452023609270206,366438.1600440484,2.726898935912487,3654.7793998083093,-999.6198420909046,0.0,-0.002727935982351684,0.0,0.0,0.0,0.0,0.0,0.0,0.0,0.0,0.0,0.0,0.0,0.0,0.0,0.0,0.0,0.0,0.0,0.0,0.0,0.0,0.0,0.0,0.0,0.0,0.0,0.0,0.0,0.0,0.0,0.0,0.0,0.0,0.0,0.0,0.0,0.0,0.0,0.0,0.0,0.0,0.0,0.0,0.0,0.0,0.0,0.0,0.0,0.0,1.0,0.0,0.0,0.0,0.0,0.0,0.0,0.0,0.0,0.0,0.0,Normal ZnO
6.297136363994989,546.0800610961454,42.0,-0.6322640673809521,3.6179200000000002,3.1302600000000003,13.001906216574891,1,-3.981453050351971,0.48766,13.001906216574891,39.653926386748026,298203.4331267699,0.3997578509011051,3438.7406103811427,-345.2668005442877,0.0,-0.0011578230234442358,1.0,0.0,0.0,0.0,0.0,0.0,0.0,0.0,0.0,0.0,0.0,0.0,0.0,0.0,0.0,0.0,0.0,0.0,0.0,0.0,0.0,0.0,0.0,0.0,0.0,0.0,0.0,0.0,0.0,0.0,0.0,0.0,0.0,0.0,0.0,0.0,0.0,0.0,0.0,0.0,0.0,0.0,0.0,0.0,0.0,0.0,0.0,0.0,0.0,0.0,0.0,0.0,0.0,0.0,0.0,0.0,0.0,0.0,0.0,Normal ZnO
5.815666725011743,439.4260874644738,42.0,-1.068909925,4.06754,2.4189599999999998,10.462525892011282,1,-6.216423882857298,1.6485800000000004,10.462525892011282,33.82197945640882,193095.28634433539,1.1425684277635058,2555.5556749692405,-469.70690619469417,0.0,-0.0024325135796276955,0.0,0.0,0.0,0.0,0.0,0.0,0.0,0.0,0.0,0.0,0.0,0.0,0.0,0.0,0.0,0.0,1.0,0.0,0.0,0.0,0.0,0.0,0.0,0.0,0.0,0.0,0.0,0.0,0.0,0.0,0.0,0.0,0.0,0.0,0.0,0.0,0.0,0.0,0.0,0.0,0.0,0.0,0.0,0.0,0.0,0.0,0.0,0.0,0.0,0.0,0.0,0.0,0.0,0.0,0.0,0.0,0.0,0.0,0.0,Normal ZnO
4.789246830874096,468.3677099718799,42.0,-2.832182877857143,3.6036799999999998,2.519,11.151612142187616,1,-13.564022872233199,1.0846799999999996,11.151612142187616,22.936885207037573,219368.311744303,8.021259853627168,2243.1285706665835,-1326.5030087235184,0.0,-0.0060469217188930105,0.0,0.0,0.0,0.0,0.0,0.0,0.0,0.0,0.0,0.0,0.0,0.0,0.0,0.0,0.0,0.0,0.0,0.0,0.0,0.0,0.0,0.0,0.0,0.0,0.0,0.0,0.0,0.0,0.0,0.0,0.0,0.0,0.0,0.0,0.0,0.0,0.0,0.0,0.0,0.0,0.0,0.0,0.0,0.0,0.0,0.0,0.0,0.0,0.0,0.0,0.0,0.0,1.0,0.0,0.0,0.0,0.0,0.0,0.0,Normal ZnO
5.06613340624388,459.01020887435686,42.0,-2.224614076428571,4.2093,2.8943000000000003,10.928814497008497,1,-11.27019168859516,1.3149999999999995,10.928814497008497,25.66570768986022,210690.3718508807,4.948907789044143,2325.4069529853605,-1021.1205718863129,0.2595667927692737,-0.004846545966557154,0.0,0.0,0.0,0.0,0.0,0.0,0.0,0.0,0.0,0.0,0.0,0.0,0.0,0.0,1.0,0.0,0.0,0.0,0.0,0.0,0.0,0.0,0.0,0.0,0.0,0.0,0.0,0.0,0.0,0.0,0.0,0.0,0.0,0.0,0.0,0.0,0.0,0.0,0.0,0.0,0.0,0.0,0.0,0.0,0.0,0.0,0.0,0.0,0.0,0.0,0.0,0.0,0.0,0.0,0.0,0.0,0.0,0.0,1.315,Normal ZnO
4.8475317492640855,475.3744004543258,42.0,-2.341038290952379,4.7546,3.444,11.318438106055376,1,-11.34825744163459,1.3106,11.318438106055376,23.498564060123325,225980.8206073097,5.480460279705235,2304.3924989897237,-1112.8696740021066,0.270364397344889,-0.004924620023112302,0.0,0.0,0.0,0.0,0.0,0.0,0.0,0.0,0.0,0.0,0.0,0.0,0.0,0.0,0.0,0.0,0.0,0.0,0.0,0.0,0.0,0.0,0.0,0.0,0.0,0.0,0.0,0.0,0.0,0.0,0.0,0.0,0.0,0.0,0.0,0.0,0.0,0.0,0.0,0.0,0.0,0.0,0.0,0.0,0.0,0.0,0.0,0.0,0.0,0.0,0.0,0.0,0.0,1.0,0.0,0.0,0.0,0.0,1.3106,Normal ZnO
5.338600900183842,189.78752102761197,16.0,-1.9406015284374991,1.9549,0.9394,11.861720064225748,1,-10.360097066614571,1.0155,11.861720064225748,28.500659571443723,36019.30313780626,3.7659342921739576,1013.1998306016691,-368.3019533845478,0.190218377246561,-0.010225127120740269,0.0,0.0,0.0,0.0,0.0,0.0,0.0,0.0,0.0,0.0,0.0,0.0,0.0,0.0,0.0,0.0,0.0,0.0,0.0,0.0,0.0,0.0,0.0,0.0,0.0,0.0,0.0,0.0,0.0,1.0,0.0,0.0,0.0,0.0,0.0,0.0,0.0,0.0,0.0,0.0,0.0,0.0,0.0,0.0,0.0,0.0,0.0,0.0,0.0,0.0,0.0,0.0,0.0,0.0,0.0,0.0,0.0,0.0,1.0155,Normal ZnO
5.9367346175307265,58.68753393124512,4.0,-1.514723342499999,0.47700000000000004,0.4408,14.67188348281128,1,-8.992510503401595,0.03620000000000001,14.67188348281128,35.2448179189877,3444.2266389310475,2.2943868043143696,348.412314307132,-88.89537755941772,0.0060976281292923476,-0.025809967484313794,0.0,0.0,0.0,0.0,0.0,0.0,0.0,0.0,0.0,0.0,0.0,1.0,0.0,0.0,0.0,0.0,0.0,0.0,0.0,0.0,0.0,0.0,0.0,0.0,0.0,0.0,0.0,0.0,0.0,0.0,0.0,0.0,0.0,0.0,0.0,0.0,0.0,0.0,0.0,0.0,0.0,0.0,0.0,0.0,0.0,0.0,0.0,0.0,0.0,0.0,0.0,0.0,0.0,0.0,0.0,0.0,0.0,0.0,0.036199999999999004,Normal ZnO
5.726244721854209,108.05964492652102,8.0,-1.642847793749999,0.9098,0.7189,13.507455615815127,1,-9.407348507770763,0.19090000000000007,13.507455615815127,32.789878614563186,11676.886861645798,2.6989488734292393,618.7759714059309,-177.52554926094334,0.03333772992122225,-0.015203157430945767,0.0,0.0,0.0,0.0,0.0,0.0,0.0,0.0,0.0,0.0,0.0,1.0,0.0,0.0,0.0,0.0,0.0,0.0,0.0,0.0,0.0,0.0,0.0,0.0,0.0,0.0,0.0,0.0,0.0,0.0,0.0,0.0,0.0,0.0,0.0,0.0,0.0,0.0,0.0,0.0,0.0,0.0,0.0,0.0,0.0,0.0,0.0,0.0,0.0,0.0,0.0,0.0,0.0,0.0,0.0,0.0,0.0,0.0,0.19090000000000001,Normal ZnO
5.609294598440744,237.16201881844887,20.0,-1.680190324999999,1.857,1.5275,11.858100940922444,1,-9.424682514374894,0.3294999999999999,11.858100940922444,31.46418589209651,56245.8231700423,2.8230395282236023,1330.3116311136273,-398.47732947622546,0.05874178904627197,-0.007084567475731475,0.0,0.0,0.0,0.0,0.0,0.0,0.0,0.0,0.0,0.0,0.0,0.0,0.0,1.0,0.0,0.0,0.0,0.0,0.0,0.0,0.0,0.0,0.0,0.0,0.0,0.0,0.0,0.0,0.0,0.0,0.0,0.0,0.0,0.0,0.0,0.0,0.0,0.0,0.0,0.0,0.0,0.0,0.0,0.0,0.0,0.0,0.0,0.0,0.0,0.0,0.0,0.0,0.0,0.0,0.0,0.0,0.0,0.0,0.329499999999999,Normal ZnO
2.45547377439016,243.66099589168437,17.0,0.16704292117647002,3.65912,2.6629,14.332999758334374,1,0.41016951214634484,0.9962200000000001,14.332999758334374,6.029351456717858,59370.68091892743,0.027903337515168374,598.3031852538195,40.70184453051482,0.0,0.0006855546188883112,0.0,0.0,0.0,0.0,0.0,0.0,0.0,0.0,0.0,0.0,0.0,0.0,1.0,0.0,0.0,0.0,0.0,0.0,0.0,0.0,0.0,0.0,0.0,0.0,0.0,0.0,0.0,0.0,0.0,0.0,0.0,0.0,0.0,0.0,0.0,0.0,0.0,0.0,0.0,0.0,0.0,0.0,0.0,0.0,0.0,0.0,0.0,0.0,0.0,0.0,0.0,0.0,0.0,0.0,0.0,0.0,0.0,0.0,0.0,Normal ZnO
5.412100285417606,486.7032598632448,40.0,-1.8207886605431032,2.011,1.9718,12.16758149658112,1,-9.854290829410468,0.039200000000000124,12.16758149658112,29.290829499417327,236880.0631615092,3.3152713463623478,2634.0868516195465,-886.1837766083594,0.00724302912597919,-0.0037410652664514993,0.0,0.0,0.0,0.0,0.0,0.0,0.0,0.0,0.0,0.0,0.0,0.0,0.0,0.0,0.0,0.0,0.0,0.0,0.0,0.0,0.0,0.0,0.0,0.0,0.0,0.0,0.0,0.0,0.0,0.0,1.0,0.0,0.0,0.0,0.0,0.0,0.0,0.0,0.0,0.0,0.0,0.0,0.0,0.0,0.0,0.0,0.0,0.0,0.0,0.0,0.0,0.0,0.0,0.0,0.0,0.0,0.0,0.0,0.039200000000000006,Normal ZnO
4.099819732442975,49.29701120903702,4.0,-2.3843073212499992,2.69826,2.21848,12.324252802259254,1,-9.775230203868999,0.4797799999999999,12.324252802259254,16.808521838528787,2430.195314143921,5.684921402166347,202.10885930527246,-117.53922474145024,0.0,-0.048366163845911074,0.0,0.0,0.0,0.0,0.0,0.0,0.0,0.0,0.0,0.0,0.0,0.0,0.0,0.0,0.0,0.0,0.0,0.0,0.0,0.0,0.0,0.0,0.0,0.0,0.0,0.0,0.0,0.0,0.0,1.0,0.0,0.0,0.0,0.0,0.0,0.0,0.0,0.0,0.0,0.0,0.0,0.0,0.0,0.0,0.0,0.0,0.0,0.0,0.0,0.0,0.0,0.0,0.0,0.0,0.0,0.0,0.0,0.0,0.0,Normal ZnO
5.125907085009825,237.0914395738822,20.0,-2.027670962500001,2.1711,1.1977,11.85457197869411,1,-10.393652952747447,0.9734,11.85457197869411,26.27492344415392,56212.35071921584,4.111449532165681,1215.3086899069415,-480.7434274812846,0.18989809683570072,-0.008552274034626797,0.0,0.0,0.0,0.0,0.0,0.0,0.0,0.0,0.0,0.0,0.0,0.0,0.0,0.0,0.0,0.0,0.0,0.0,0.0,0.0,0.0,0.0,0.0,0.0,0.0,0.0,0.0,0.0,0.0,1.0,0.0,0.0,0.0,0.0,0.0,0.0,0.0,0.0,0.0,0.0,0.0,0.0,0.0,0.0,0.0,0.0,0.0,0.0,0.0,0.0,0.0,0.0,0.0,0.0,0.0,0.0,0.0,0.0,0.9734,Normal ZnO
3.7776460965323313,60.43460296937859,4.0,-2.411118379999999,2.0367,0.4394,15.108650742344647,1,-9.108351936484356,1.5973000000000002,15.108650742344647,14.27061003064596,3652.3412360664233,5.81349184237382,228.30054200275427,-145.71498200747124,0.42282944436384146,-0.039896321999859596,0.0,0.0,0.0,0.0,0.0,0.0,0.0,0.0,0.0,0.0,1.0,0.0,0.0,0.0,0.0,0.0,0.0,0.0,0.0,0.0,0.0,0.0,0.0,0.0,0.0,0.0,0.0,0.0,0.0,0.0,0.0,0.0,0.0,0.0,0.0,0.0,0.0,0.0,0.0,0.0,0.0,0.0,0.0,0.0,0.0,0.0,0.0,0.0,0.0,0.0,0.0,0.0,0.0,0.0,0.0,0.0,0.0,0.0,1.5973000000000002,Normal ZnO
4.701194071182275,316.84906970981973,23.0,-1.7274393856521741,2.6795,1.9211,13.776046509122597,1,-8.121027798154753,0.7584,13.776046509122597,22.101225694919375,100393.3329759782,2.984046831102361,1489.5689679794239,-547.3375623239939,0.16132071735751052,-0.005451931379297459,0.0,0.0,0.0,0.0,0.0,0.0,0.0,0.0,0.0,0.0,0.0,0.0,0.0,0.0,0.0,0.0,0.0,0.0,0.0,0.0,0.0,0.0,0.0,0.0,0.0,0.0,0.0,0.0,0.0,0.0,0.0,1.0,0.0,0.0,0.0,0.0,0.0,0.0,0.0,0.0,0.0,0.0,0.0,0.0,0.0,0.0,0.0,0.0,0.0,0.0,0.0,0.0,0.0,0.0,0.0,0.0,0.0,0.0,0.7584000000000001,Normal ZnO
5.077257515794636,473.11012515595263,42.0,-1.721539311428571,3.8679,2.273,11.264526789427444,1,-8.740698407686635,1.5949,11.264526789427444,25.778543881693118,223833.19052508115,2.963697600793959,2402.1019387466013,-814.4776790908638,0.3141262768410879,-0.0036387708059748146,0.0,0.0,0.0,0.0,0.0,0.0,0.0,0.0,0.0,0.0,0.0,0.0,0.0,0.0,0.0,0.0,0.0,0.0,0.0,1.0,0.0,0.0,0.0,0.0,0.0,0.0,0.0,0.0,0.0,0.0,0.0,0.0,0.0,0.0,0.0,0.0,0.0,0.0,0.0,0.0,0.0,0.0,0.0,0.0,0.0,0.0,0.0,0.0,0.0,0.0,0.0,0.0,0.0,0.0,0.0,0.0,0.0,0.0,1.5949,Normal ZnO
5.074984788103557,473.3219978072543,42.0,-1.7014404111904762,3.8812,2.3079,11.269571376363198,1,-8.634784204656327,1.5733000000000001,11.269571376363198,25.755470599482507,224033.71360825046,2.8948994728320168,2402.101938746601,-805.3291745746725,0.31001078144865096,-0.0035946785044276243,0.0,0.0,0.0,0.0,0.0,0.0,0.0,0.0,0.0,0.0,0.0,0.0,0.0,0.0,0.0,0.0,0.0,0.0,0.0,1.0,0.0,0.0,0.0,0.0,0.0,0.0,0.0,0.0,0.0,0.0,0.0,0.0,0.0,0.0,0.0,0.0,0.0,0.0,0.0,0.0,0.0,0.0,0.0,0.0,0.0,0.0,0.0,0.0,0.0,0.0,0.0,0.0,0.0,0.0,0.0,0.0,0.0,0.0,1.5733000000000001,Normal ZnO
5.116048793930834,939.0457501485183,84.0,-1.721062048690476,3.766,2.5484,11.179116073196647,1,-8.80503741848304,1.2176,11.179116073196647,26.173955261881144,881806.9208719935,2.962054575442658,4804.2038774932025,-1616.1560025646938,0.23799616638614515,-0.0018327776345489822,0.0,0.0,0.0,0.0,0.0,0.0,0.0,0.0,0.0,0.0,0.0,0.0,0.0,0.0,0.0,0.0,0.0,0.0,0.0,1.0,0.0,0.0,0.0,0.0,0.0,0.0,0.0,0.0,0.0,0.0,0.0,0.0,0.0,0.0,0.0,0.0,0.0,0.0,0.0,0.0,0.0,0.0,0.0,0.0,0.0,0.0,0.0,0.0,0.0,0.0,0.0,0.0,0.0,0.0,0.0,0.0,0.0,0.0,1.2176,Normal ZnO
8.913847852327914,185.20211079613617,14.0,-1.433656119285712,4.1882,4.0325,13.228722199724013,1,-12.779392519871715,0.1557000000000004,13.228722199724013,79.45668353445096,34299.821843344296,2.055369868365368,1650.8634375667348,-265.516139447511,0.01746720412771437,-0.007741035526662162,0.0,0.0,0.0,0.0,0.0,0.0,0.0,0.0,0.0,0.0,0.0,0.0,0.0,0.0,0.0,0.0,0.0,0.0,0.0,0.0,0.0,0.0,0.0,0.0,0.0,0.0,0.0,0.0,0.0,0.0,0.0,0.0,0.0,0.0,0.0,0.0,0.0,0.0,0.0,0.0,0.0,0.0,0.0,0.0,0.0,0.0,0.0,0.0,0.0,0.0,0.0,0.0,0.0,0.0,1.0,0.0,0.0,0.0,0.1557,Normal ZnO
4.771969225259337,156.68783436357828,14.0,-2.809398434523809,4.33156,3.74334,11.19198816882702,1,-13.406362871039375,0.5882199999999997,11.19198816882702,22.771690286822196,24551.07743754814,7.89271956390483,747.7095235555279,-440.1985565699627,0.0,-0.01792990787022357,0.0,0.0,0.0,0.0,0.0,0.0,0.0,0.0,0.0,0.0,0.0,0.0,0.0,0.0,0.0,0.0,0.0,0.0,0.0,0.0,0.0,0.0,0.0,0.0,0.0,0.0,0.0,0.0,0.0,0.0,0.0,0.0,0.0,0.0,0.0,0.0,0.0,0.0,0.0,0.0,0.0,0.0,0.0,0.0,0.0,0.0,0.0,0.0,0.0,0.0,0.0,0.0,1.0,0.0,0.0,0.0,0.0,0.0,0.0,Normal ZnO
6.272472992995004,182.74241617415606,14.0,-0.642879956190475,3.62806,3.4226,13.053029726725432,1,-4.0324471629425656,0.20545999999999998,13.053029726725432,39.3439174478517,33394.790669168455,0.41329463807146705,1146.2468701270473,-117.481436504183,0.0,-0.0035179569672418114,1.0,0.0,0.0,0.0,0.0,0.0,0.0,0.0,0.0,0.0,0.0,0.0,0.0,0.0,0.0,0.0,0.0,0.0,0.0,0.0,0.0,0.0,0.0,0.0,0.0,0.0,0.0,0.0,0.0,0.0,0.0,0.0,0.0,0.0,0.0,0.0,0.0,0.0,0.0,0.0,0.0,0.0,0.0,0.0,0.0,0.0,0.0,0.0,0.0,0.0,0.0,0.0,0.0,0.0,0.0,0.0,0.0,0.0,0.0,Normal ZnO
5.97166401579051,207.39920619674578,14.0,-1.443285553571428,5.6017,5.42,14.81422901405327,1,-8.618816404772783,0.1817000000000002,14.81422901405327,35.660771117487236,43014.43073104027,2.0830731891479832,1238.5183765486229,-299.33627812594494,0.03042702997347836,-0.006958973373322747,0.0,0.0,0.0,0.0,0.0,0.0,0.0,0.0,0.0,0.0,0.0,0.0,0.0,0.0,0.0,0.0,0.0,0.0,0.0,0.0,0.0,0.0,0.0,0.0,0.0,0.0,0.0,0.0,0.0,0.0,0.0,0.0,0.0,0.0,0.0,0.0,0.0,0.0,0.0,0.0,0.0,0.0,0.0,0.0,0.0,1.0,0.0,0.0,0.0,0.0,0.0,0.0,0.0,0.0,0.0,0.0,0.0,0.0,0.1817,Normal ZnO
8.021337150976422,226.6267916123254,14.0,-1.508625937142857,4.9796,3.9210000000000003,16.187627972308956,1,-12.101197276530618,1.0585999999999993,16.187627972308956,64.34184968963453,51359.70267649637,2.2759522182201635,1817.8499029665375,-341.8950558778234,0.13197300899777512,-0.006656873736815539,0.0,0.0,0.0,0.0,0.0,0.0,0.0,1.0,0.0,0.0,0.0,0.0,0.0,0.0,0.0,0.0,0.0,0.0,0.0,0.0,0.0,0.0,0.0,0.0,0.0,0.0,0.0,0.0,0.0,0.0,0.0,0.0,0.0,0.0,0.0,0.0,0.0,0.0,0.0,0.0,0.0,0.0,0.0,0.0,0.0,0.0,0.0,0.0,0.0,0.0,0.0,0.0,0.0,0.0,0.0,0.0,0.0,0.0,1.058599999999999,Normal ZnO
6.005303244289739,202.8639937699248,14.0,-1.663952042857142,6.8605,6.788,14.490285269280344,1,-9.992536601312533,0.07249999999999979,14.490285269280344,36.06366705587687,41153.79996828409,2.768736400928456,1218.2597999361028,-337.5559568556249,0.01207266262014946,-0.008202303483901083,0.0,0.0,0.0,0.0,0.0,0.0,0.0,0.0,0.0,0.0,0.0,0.0,0.0,0.0,0.0,0.0,0.0,0.0,0.0,0.0,0.0,0.0,0.0,0.0,0.0,0.0,0.0,0.0,0.0,0.0,0.0,0.0,0.0,0.0,0.0,0.0,0.0,0.0,0.0,0.0,0.0,0.0,0.0,0.0,0.0,0.0,0.0,0.0,1.0,0.0,0.0,0.0,0.0,0.0,0.0,0.0,0.0,0.0,0.07249999999999901,Normal ZnO
5.746804347497227,148.23053651154854,14.0,-1.0601173,2.9439800000000003,2.6024599999999998,10.58789546511061,1,-6.092286708497022,0.3415200000000005,10.58789546511061,33.025760208413026,21972.291954501525,1.1238486897592899,851.8518916564135,-157.14175614417425,0.0,-0.007151814497530385,0.0,0.0,0.0,0.0,0.0,0.0,0.0,0.0,0.0,0.0,0.0,0.0,0.0,0.0,0.0,0.0,1.0,0.0,0.0,0.0,0.0,0.0,0.0,0.0,0.0,0.0,0.0,0.0,0.0,0.0,0.0,0.0,0.0,0.0,0.0,0.0,0.0,0.0,0.0,0.0,0.0,0.0,0.0,0.0,0.0,0.0,0.0,0.0,0.0,0.0,0.0,0.0,0.0,0.0,0.0,0.0,0.0,0.0,0.0,Normal ZnO
5.005363510670947,154.86101046259807,14.0,-2.127202338571429,3.9932,2.94,11.061500747328434,1,-10.647420965299338,1.0532,11.061500747328434,25.05366387395619,23981.93256149691,4.524989789223757,775.1356509951202,-329.4207036095732,0.21041428814404392,-0.013736203400824314,0.0,0.0,0.0,0.0,0.0,0.0,0.0,0.0,0.0,0.0,0.0,0.0,0.0,0.0,1.0,0.0,0.0,0.0,0.0,0.0,0.0,0.0,0.0,0.0,0.0,0.0,0.0,0.0,0.0,0.0,0.0,0.0,0.0,0.0,0.0,0.0,0.0,0.0,0.0,0.0,0.0,0.0,0.0,0.0,0.0,0.0,0.0,0.0,0.0,0.0,0.0,0.0,0.0,0.0,0.0,0.0,0.0,0.0,1.0532,Normal ZnO
4.992543373171934,159.1726801378571,14.0,-1.9161421765517241,3.08928,2.81406,11.369477152704079,1,-9.566422925598555,0.27522,11.369477152704079,24.92548933300299,25335.942102268567,3.671600840760379,794.6765094122743,-304.9974857669249,0.0,-0.012038134778481972,0.0,0.0,0.0,0.0,0.0,0.0,0.0,0.0,0.0,0.0,0.0,0.0,0.0,0.0,0.0,0.0,0.0,0.0,0.0,0.0,0.0,0.0,0.0,0.0,0.0,0.0,0.0,0.0,0.0,0.0,1.0,0.0,0.0,0.0,0.0,0.0,0.0,0.0,0.0,0.0,0.0,0.0,0.0,0.0,0.0,0.0,0.0,0.0,0.0,0.0,0.0,0.0,0.0,0.0,0.0,0.0,0.0,0.0,0.0,Normal ZnO
4.853682543192701,316.51465713342935,28.0,-2.295702362500001,4.151,4.1879,11.304094897622477,1,-11.142610481232497,-0.036900000000000155,11.304094897622477,23.55823423009356,100181.52818029234,5.270249337188086,1536.261665993149,-726.6234461470916,0.0,-0.007253068098935554,0.0,0.0,0.0,0.0,0.0,0.0,0.0,0.0,0.0,0.0,0.0,0.0,0.0,0.0,0.0,0.0,0.0,0.0,0.0,0.0,0.0,0.0,0.0,0.0,0.0,0.0,0.0,0.0,0.0,0.0,0.0,0.0,0.0,0.0,0.0,0.0,0.0,0.0,0.0,0.0,0.0,0.0,0.0,0.0,0.0,0.0,0.0,0.0,0.0,0.0,0.0,0.0,0.0,1.0,0.0,0.0,0.0,0.0,0.0,Normal ZnO
5.833842782187933,182.9013810601867,14.0,-1.66863475642857,4.8017,4.8355,13.064384361441908,1,-9.734552829898732,-0.033799999999999386,13.064384361441908,34.03372160728624,33452.915193723624,2.784341950361433,1067.0179017501748,-305.1956014358137,0.0,-0.009123139184386356,0.0,0.0,0.0,0.0,0.0,0.0,0.0,0.0,0.0,0.0,0.0,0.0,0.0,0.0,0.0,0.0,0.0,0.0,0.0,0.0,0.0,0.0,0.0,0.0,0.0,0.0,0.0,0.0,0.0,0.0,0.0,1.0,0.0,0.0,0.0,0.0,0.0,0.0,0.0,0.0,0.0,0.0,0.0,0.0,0.0,0.0,0.0,0.0,0.0,0.0,0.0,0.0,0.0,0.0,0.0,0.0,0.0,0.0,0.0,Normal ZnO
5.66334097408591,144.7237889981313,14.0,-1.128819572142857,4.09398,3.56356,10.337413499866523,1,-6.392890135266769,0.5304200000000003,10.337413499866523,32.07343098876035,20944.975101975633,1.274233626452783,819.6201641580808,-163.3670455757637,0.0,-0.007799820471515105,0.0,0.0,0.0,0.0,0.0,0.0,0.0,0.0,0.0,0.0,0.0,0.0,0.0,0.0,0.0,0.0,0.0,0.0,0.0,0.0,0.0,0.0,0.0,0.0,0.0,0.0,0.0,0.0,0.0,0.0,0.0,0.0,0.0,0.0,0.0,1.0,0.0,0.0,0.0,0.0,0.0,0.0,0.0,0.0,0.0,0.0,0.0,0.0,0.0,0.0,0.0,0.0,0.0,0.0,0.0,0.0,0.0,0.0,0.0,Normal ZnO
5.632708263064308,80.8990616898911,4.0,-0.8817483304166661,5.52734,2.79416,20.224765422472775,1,-4.966631106681113,2.7331799999999995,20.224765422472775,31.727402376792934,6544.658182304805,0.7774801181925782,455.6808132547988,-71.33261257733635,0.0,-0.010899364121139699,0.0,0.0,0.0,0.0,0.0,0.0,0.0,0.0,0.0,0.0,0.0,0.0,0.0,0.0,0.0,0.0,0.0,0.0,0.0,0.0,0.0,0.0,0.0,0.0,0.0,0.0,0.0,0.0,0.0,0.0,0.0,0.0,0.0,0.0,0.0,0.0,0.0,0.0,0.0,0.0,0.0,0.0,0.0,0.0,0.0,0.0,0.0,0.0,0.0,0.0,0.0,1.0,0.0,0.0,0.0,0.0,0.0,0.0,0.0,Normal ZnO
5.430356085049847,201.95338307276594,8.0,-0.7243940318749991,3.0599,3.0545,25.244172884095743,1,-3.933717538966194,0.005399999999999849,25.244172884095743,29.4887672104379,40785.168934535344,0.5247467134161171,1096.6787826655973,-146.29382541487712,0.0009944099273463082,-0.0035869368507384313,0.0,0.0,0.0,0.0,0.0,0.0,0.0,0.0,0.0,0.0,0.0,0.0,0.0,0.0,0.0,0.0,0.0,0.0,0.0,0.0,0.0,0.0,0.0,0.0,0.0,0.0,0.0,0.0,0.0,0.0,0.0,0.0,0.0,0.0,0.0,0.0,0.0,0.0,0.0,0.0,0.0,0.0,0.0,0.0,0.0,0.0,0.0,0.0,0.0,0.0,0.0,1.0,0.0,0.0,0.0,0.0,0.0,0.0,0.005399999999999,Normal ZnO
5.912989826492473,146.55325755675713,11.0,-1.810975869393939,3.2744,2.7397,13.323023414250649,1,-10.708281891749724,0.5347,13.323023414250649,34.963448688203485,21477.85730049719,3.2796335995271333,866.5679209724361,-265.4044130163621,0.09042802637750838,-0.012357117812223208,0.0,0.0,0.0,0.0,0.0,0.0,0.0,0.0,0.0,0.0,0.0,0.0,0.0,0.0,0.0,0.0,0.0,0.0,0.0,0.0,0.0,0.0,0.0,0.0,1.0,0.0,0.0,0.0,0.0,0.0,0.0,0.0,0.0,0.0,0.0,0.0,0.0,0.0,0.0,0.0,0.0,0.0,0.0,0.0,0.0,0.0,0.0,0.0,0.0,0.0,0.0,0.0,0.0,0.0,0.0,0.0,0.0,0.0,0.5347000000000001,Normal ZnO
5.11212439112334,156.6277705681807,14.0,-1.681049182857143,3.9395000000000002,2.3263,11.187697897727192,1,-8.59373253036196,1.6132000000000004,11.187697897727192,26.133815790318177,24532.25851315865,2.8259263551846683,800.7006462488669,-263.2989857263762,0.31556352634946644,-0.0107327658228103,0.0,0.0,0.0,0.0,0.0,0.0,0.0,0.0,0.0,0.0,0.0,0.0,0.0,0.0,0.0,0.0,0.0,0.0,0.0,1.0,0.0,0.0,0.0,0.0,0.0,0.0,0.0,0.0,0.0,0.0,0.0,0.0,0.0,0.0,0.0,0.0,0.0,0.0,0.0,0.0,0.0,0.0,0.0,0.0,0.0,0.0,0.0,0.0,0.0,0.0,0.0,0.0,0.0,0.0,0.0,0.0,0.0,0.0,1.6132,Normal ZnO
5.114757177273338,626.1885899934105,56.0,-1.726393004107142,3.9361,2.3467000000000002,11.181939107025187,1,-8.830081008551485,1.5894,11.181939107025187,26.160740982469125,392112.15023793554,2.9804328046300825,3202.802584995468,-1081.0476010163393,0.3107478898631321,-0.0027569857255388655,0.0,0.0,0.0,0.0,0.0,0.0,0.0,0.0,0.0,0.0,0.0,0.0,0.0,0.0,0.0,0.0,0.0,0.0,0.0,1.0,0.0,0.0,0.0,0.0,0.0,0.0,0.0,0.0,0.0,0.0,0.0,0.0,0.0,0.0,0.0,0.0,0.0,0.0,0.0,0.0,0.0,0.0,0.0,0.0,0.0,0.0,0.0,0.0,0.0,0.0,0.0,0.0,0.0,0.0,0.0,0.0,0.0,0.0,1.5894,Normal ZnO
5.13678448269467,623.5033990204183,56.0,-1.7104793921428572,3.954,2.4749,11.133989268221756,1,-8.78636399952844,1.4791000000000003,11.133989268221756,26.386554821652744,388756.488590015,2.925739750945398,3202.802584995468,-1066.4897149554504,0.2879427791808173,-0.0027433361146549946,0.0,0.0,0.0,0.0,0.0,0.0,0.0,0.0,0.0,0.0,0.0,0.0,0.0,0.0,0.0,0.0,0.0,0.0,0.0,1.0,0.0,0.0,0.0,0.0,0.0,0.0,0.0,0.0,0.0,0.0,0.0,0.0,0.0,0.0,0.0,0.0,0.0,0.0,0.0,0.0,0.0,0.0,0.0,0.0,0.0,0.0,0.0,0.0,0.0,0.0,0.0,0.0,0.0,0.0,0.0,0.0,0.0,0.0,1.4791,Normal ZnO
5.530618673507061,593.9392812986955,56.0,-1.399266732142857,3.5955200000000005,1.5238,10.606058594619563,1,-7.738810718006488,2.0717200000000005,10.606058594619563,30.587742911745007,352763.86986961093,1.9579473876817497,3284.8516800799284,-831.0794772341027,0.0,-0.0023559087203042857,0.0,0.0,0.0,0.0,0.0,0.0,0.0,0.0,0.0,0.0,0.0,0.0,0.0,1.0,0.0,0.0,0.0,0.0,0.0,0.0,0.0,0.0,0.0,0.0,0.0,0.0,0.0,0.0,0.0,0.0,0.0,0.0,0.0,0.0,0.0,0.0,0.0,0.0,0.0,0.0,0.0,0.0,0.0,0.0,0.0,0.0,0.0,0.0,0.0,0.0,0.0,0.0,0.0,0.0,0.0,0.0,0.0,0.0,0.0,Normal ZnO
5.130970480343965,780.262378546359,70.0,-1.729294065,3.9257,2.4034,11.146605407805128,1,-8.872956799349017,1.5223,11.146605407805128,26.32685807016118,608809.3793748216,2.990457963244224,4003.503231244336,-1349.3031003630017,0.2966885125984879,-0.002216298148607013,0.0,0.0,0.0,0.0,0.0,0.0,0.0,0.0,0.0,0.0,0.0,0.0,0.0,0.0,0.0,0.0,0.0,0.0,0.0,1.0,0.0,0.0,0.0,0.0,0.0,0.0,0.0,0.0,0.0,0.0,0.0,0.0,0.0,0.0,0.0,0.0,0.0,0.0,0.0,0.0,0.0,0.0,0.0,0.0,0.0,0.0,0.0,0.0,0.0,0.0,0.0,0.0,0.0,0.0,0.0,0.0,0.0,0.0,1.5223,Normal ZnO
3.802958944804031,258.1503674253176,27.0,-3.300505136666666,9.3044,4.9776,9.561124719456208,1,-12.551685531858148,4.3267999999999995,9.561124719456208,14.462496735864988,66641.61220182647,10.893334157163046,981.7352489045587,-852.0266137196478,1.1377456508994634,-0.012785204102494627,0.0,1.0,0.0,0.0,0.0,0.0,0.0,0.0,0.0,0.0,0.0,0.0,0.0,0.0,0.0,0.0,0.0,0.0,0.0,0.0,0.0,0.0,0.0,0.0,0.0,0.0,0.0,0.0,0.0,0.0,0.0,0.0,0.0,0.0,0.0,0.0,0.0,0.0,0.0,0.0,0.0,0.0,0.0,0.0,0.0,0.0,0.0,0.0,0.0,0.0,0.0,0.0,0.0,0.0,0.0,0.0,0.0,0.0,4.326799999999999,Normal ZnO
5.927205586940035,275.28529066799996,28.0,-1.23737878,3.8483599999999996,3.38754,9.831617523857142,1,-7.334198417977045,0.46081999999999956,9.831617523857142,35.131766069853164,75781.99125816523,1.5311062451942885,1631.6725128497808,-340.63217711871516,0.0,-0.004494896102139746,0.0,0.0,0.0,0.0,0.0,0.0,0.0,0.0,0.0,0.0,0.0,0.0,0.0,1.0,0.0,0.0,0.0,0.0,0.0,0.0,0.0,0.0,0.0,0.0,0.0,0.0,0.0,0.0,0.0,0.0,0.0,0.0,0.0,0.0,0.0,0.0,0.0,0.0,0.0,0.0,0.0,0.0,0.0,0.0,0.0,0.0,0.0,0.0,0.0,0.0,0.0,0.0,0.0,0.0,0.0,0.0,0.0,0.0,0.0,Normal ZnO
5.971784663894823,544.6599101562421,56.0,-1.449441651071429,3.46336,2.9764600000000003,9.726069824218609,1,-8.655753423078751,0.4868999999999999,9.726069824218609,35.6622120719294,296654.4177314057,2.10088109986067,3252.5916985093786,-789.4527594492797,0.0,-0.0026611865937693846,0.0,0.0,0.0,0.0,0.0,0.0,0.0,0.0,0.0,0.0,0.0,0.0,0.0,1.0,0.0,0.0,0.0,0.0,0.0,0.0,0.0,0.0,0.0,0.0,0.0,0.0,0.0,0.0,0.0,0.0,0.0,0.0,0.0,0.0,0.0,0.0,0.0,0.0,0.0,0.0,0.0,0.0,0.0,0.0,0.0,0.0,0.0,0.0,0.0,0.0,0.0,0.0,0.0,0.0,0.0,0.0,0.0,0.0,0.0,Normal ZnO
6.219859986802644,99.33942065803808,10.0,-1.894307236,5.1537,3.7688,9.933942065803809,1,-11.782325779907111,1.3848999999999996,9.933942065803809,38.68665825542858,9868.320496674643,3.5883999043619594,617.877287663087,-188.17938337256942,0.22265774518051737,-0.019069038488968897,0.0,0.0,0.0,0.0,0.0,0.0,0.0,0.0,0.0,0.0,0.0,0.0,0.0,0.0,0.0,0.0,0.0,0.0,0.0,0.0,0.0,1.0,0.0,0.0,0.0,0.0,0.0,0.0,0.0,0.0,0.0,0.0,0.0,0.0,0.0,0.0,0.0,0.0,0.0,0.0,0.0,0.0,0.0,0.0,0.0,0.0,0.0,0.0,0.0,0.0,0.0,0.0,0.0,0.0,0.0,0.0,0.0,0.0,1.3848999999999991,Normal ZnO
8.288778142141021,128.45820493772405,10.0,-1.473602805999999,3.81604,2.2096,12.845820493772404,1,-12.214366728570468,1.60644,12.845820493772404,68.70384308963476,16501.51041582231,2.171505229851071,1064.761561266479,-189.2963712499531,0.0,-0.011471457247237691,0.0,0.0,0.0,0.0,0.0,0.0,0.0,0.0,0.0,0.0,0.0,0.0,0.0,0.0,0.0,0.0,0.0,0.0,0.0,0.0,0.0,0.0,0.0,0.0,0.0,0.0,0.0,0.0,0.0,0.0,0.0,0.0,0.0,0.0,0.0,0.0,0.0,0.0,1.0,0.0,0.0,0.0,0.0,0.0,0.0,0.0,0.0,0.0,0.0,0.0,0.0,0.0,0.0,0.0,0.0,0.0,0.0,0.0,0.0,Normal ZnO
5.029886833472973,106.48434781971152,10.0,-2.765818800666667,5.3027,2.4747,10.648434781971151,1,-13.911755569245278,2.828,10.648434781971151,25.29976155754477,11338.9163305893,7.649753638121201,535.6042190693234,-294.5164111764867,0.5622392895959766,-0.02597394694429148,0.0,0.0,0.0,0.0,0.0,0.0,0.0,0.0,0.0,0.0,0.0,0.0,0.0,0.0,0.0,0.0,0.0,0.0,0.0,0.0,0.0,0.0,0.0,0.0,0.0,0.0,0.0,0.0,0.0,0.0,0.0,0.0,0.0,0.0,0.0,0.0,0.0,0.0,0.0,0.0,0.0,0.0,0.0,0.0,0.0,0.0,0.0,0.0,0.0,0.0,0.0,0.0,1.0,0.0,0.0,0.0,0.0,0.0,2.8280000000000003,Normal ZnO
6.556764826849906,117.57007878380284,10.0,-1.939425192999999,5.154,4.073,11.757007878380284,1,-12.716354889768985,1.0809999999999995,11.757007878380284,42.99116499461608,13822.723425229608,3.7613700792430835,770.8793572596109,-228.01837273630193,0.1648678927103366,-0.016495907913495297,0.0,0.0,0.0,0.0,0.0,0.0,0.0,0.0,0.0,0.0,0.0,0.0,0.0,0.0,0.0,0.0,0.0,0.0,0.0,0.0,0.0,0.0,0.0,0.0,0.0,0.0,0.0,0.0,0.0,0.0,0.0,0.0,0.0,0.0,0.0,0.0,0.0,0.0,0.0,0.0,0.0,0.0,0.0,0.0,0.0,0.0,0.0,0.0,1.0,0.0,0.0,0.0,0.0,0.0,0.0,0.0,0.0,0.0,1.080999999999999,Normal ZnO
3.51591378403793,223.9153931709132,16.0,-1.2611992078125,0.3876,0.42260000000000003,13.994712073182075,1,-4.4342676791656865,-0.03500000000000003,13.994712073182075,12.361649736787916,50138.10329888464,1.5906234417868776,787.2672173078863,-282.4019164841802,0.0,-0.0056324810454180555,0.0,0.0,0.0,0.0,0.0,0.0,0.0,0.0,0.0,0.0,0.0,0.0,0.0,0.0,0.0,0.0,0.0,0.0,0.0,0.0,0.0,0.0,0.0,0.0,0.0,0.0,0.0,0.0,0.0,0.0,0.0,0.0,0.0,0.0,0.0,0.0,0.0,0.0,0.0,0.0,0.0,0.0,0.0,0.0,0.0,0.0,0.0,0.0,0.0,0.0,0.0,0.0,0.0,1.0,0.0,0.0,0.0,0.0,0.0,Normal ZnO
5.608655380155502,60.13753118939541,6.0,-2.110901428333333,2.6986199999999996,1.1138400000000002,10.022921864899235,1,-11.839318652999683,1.5847799999999994,10.022921864899235,31.457015173347262,3616.5226575555057,4.455904840139705,337.2906878546719,-126.94440048413513,0.0,-0.03510123190267523,0.0,0.0,0.0,0.0,0.0,0.0,0.0,0.0,0.0,0.0,0.0,0.0,0.0,0.0,0.0,0.0,0.0,0.0,0.0,0.0,0.0,0.0,0.0,0.0,0.0,0.0,0.0,0.0,0.0,1.0,0.0,0.0,0.0,0.0,0.0,0.0,0.0,0.0,0.0,0.0,0.0,0.0,0.0,0.0,0.0,0.0,0.0,0.0,0.0,0.0,0.0,0.0,0.0,0.0,0.0,0.0,0.0,0.0,0.0,Normal ZnO
4.56151324709191,58.97952619838674,6.0,-2.5751674474999993,2.6986199999999996,1.1138400000000002,9.829921033064457,1,-11.746660425251108,1.5847799999999994,9.829921033064457,20.807403103394982,3478.584510586188,6.631487382663662,269.0358900611455,-151.88215593505893,0.0,-0.043662057216906525,0.0,0.0,0.0,0.0,0.0,0.0,0.0,0.0,0.0,0.0,0.0,0.0,0.0,0.0,0.0,0.0,0.0,0.0,0.0,0.0,0.0,0.0,0.0,0.0,0.0,0.0,0.0,0.0,0.0,1.0,0.0,0.0,0.0,0.0,0.0,0.0,0.0,0.0,0.0,0.0,0.0,0.0,0.0,0.0,0.0,0.0,0.0,0.0,0.0,0.0,0.0,0.0,0.0,0.0,0.0,0.0,0.0,0.0,0.0,Normal ZnO
5.698955095807652,344.6648687173005,30.0,-2.327878003666667,4.2305,1.6974,11.488828957243351,1,-13.266472211414698,2.5331,11.488828957243351,32.47808918403201,118793.871727914,5.419015999955107,1964.2296099223354,-802.3377665236634,0.444484990215739,-0.006754033308732805,0.0,0.0,0.0,0.0,0.0,0.0,0.0,0.0,0.0,0.0,0.0,0.0,0.0,0.0,0.0,0.0,0.0,0.0,0.0,0.0,0.0,0.0,0.0,0.0,0.0,0.0,0.0,0.0,0.0,0.0,0.0,0.0,0.0,0.0,1.0,0.0,0.0,0.0,0.0,0.0,0.0,0.0,0.0,0.0,0.0,0.0,0.0,0.0,0.0,0.0,0.0,0.0,0.0,0.0,0.0,0.0,0.0,0.0,2.5331,Normal ZnO
7.460968394871878,341.6466705049437,30.0,-2.465044959977778,4.8061,1.8628,11.38822235016479,1,-18.391622538332413,2.9433,11.38822235016479,55.66604938927704,116722.44746711357,6.0764466547118445,2549.015010850591,-842.1744032214,0.39449302613625975,-0.007215188007933793,0.0,0.0,0.0,0.0,0.0,0.0,0.0,0.0,0.0,0.0,0.0,0.0,0.0,0.0,0.0,0.0,0.0,0.0,0.0,0.0,0.0,0.0,0.0,0.0,0.0,0.0,0.0,0.0,0.0,0.0,0.0,0.0,0.0,0.0,0.0,0.0,0.0,0.0,0.0,0.0,0.0,0.0,0.0,0.0,0.0,0.0,0.0,0.0,0.0,0.0,1.0,0.0,0.0,0.0,0.0,0.0,0.0,0.0,2.9433,Normal ZnO
4.809647730673078,148.16027287574747,13.0,-1.150041984615384,2.7505200000000003,2.32964,11.39694406736519,1,-5.531296821484144,0.42088000000000036,11.39694406736519,23.132711293168686,21951.46645861595,1.3225965663780912,712.5987202127427,-170.39053425918146,0.0,-0.007762148127115361,0.0,0.0,0.0,0.0,0.0,0.0,0.0,0.0,0.0,0.0,0.0,0.0,0.0,1.0,0.0,0.0,0.0,0.0,0.0,0.0,0.0,0.0,0.0,0.0,0.0,0.0,0.0,0.0,0.0,0.0,0.0,0.0,0.0,0.0,0.0,0.0,0.0,0.0,0.0,0.0,0.0,0.0,0.0,0.0,0.0,0.0,0.0,0.0,0.0,0.0,0.0,0.0,0.0,0.0,0.0,0.0,0.0,0.0,0.0,Normal ZnO
5.021559195416887,283.181353313436,26.0,-0.954796486153845,2.8075,2.860999999999999,10.89159051205523,1,-4.794567074797573,-0.05349999999999877,10.89159051205523,25.216056753075893,80191.67886442906,0.9116363299717296,1422.0119287016828,-270.38056108795917,0.0,-0.0033716785197259783,0.0,0.0,0.0,0.0,0.0,0.0,0.0,0.0,0.0,0.0,0.0,0.0,0.0,0.0,0.0,0.0,0.0,0.0,0.0,0.0,0.0,0.0,0.0,0.0,0.0,0.0,0.0,0.0,0.0,0.0,0.0,0.0,0.0,0.0,0.0,1.0,0.0,0.0,0.0,0.0,0.0,0.0,0.0,0.0,0.0,0.0,0.0,0.0,0.0,0.0,0.0,0.0,0.0,0.0,0.0,0.0,0.0,0.0,0.0,Normal ZnO
5.402253906109667,225.50954122284304,14.0,-1.6414201757142841,6.0702,6.0502,16.107824373060218,1,-8.867368555819708,0.019999999999999574,16.107824373060218,29.184347266077157,50854.55318253714,2.6942601932419112,1218.2597999361028,-370.1559107792466,0.0037021584597088345,-0.007278717196680705,0.0,0.0,0.0,0.0,0.0,0.0,0.0,0.0,0.0,0.0,0.0,0.0,0.0,0.0,0.0,0.0,0.0,0.0,0.0,0.0,0.0,0.0,0.0,0.0,0.0,0.0,0.0,0.0,0.0,0.0,0.0,0.0,0.0,0.0,0.0,0.0,0.0,0.0,0.0,0.0,0.0,0.0,0.0,0.0,0.0,0.0,0.0,0.0,1.0,0.0,0.0,0.0,0.0,0.0,0.0,0.0,0.0,0.0,0.019999999999999,Normal ZnO
5.6608333598783425,196.02159780812048,13.0,-1.77130464153846,5.5825,5.1444,15.078584446778498,1,-10.027060405328262,0.4380999999999995,15.078584446778498,32.04503432831152,38424.466807248544,3.137520133135692,1109.6456001288639,-347.213966039309,0.07739143199393071,-0.009036272846180632,0.0,0.0,0.0,0.0,0.0,0.0,0.0,0.0,0.0,0.0,0.0,0.0,0.0,0.0,0.0,0.0,0.0,0.0,0.0,0.0,0.0,0.0,0.0,0.0,0.0,0.0,0.0,0.0,0.0,0.0,0.0,0.0,0.0,0.0,0.0,0.0,0.0,0.0,0.0,0.0,0.0,0.0,0.0,0.0,0.0,0.0,0.0,0.0,1.0,0.0,0.0,0.0,0.0,0.0,0.0,0.0,0.0,0.0,0.43809999999999905,Normal ZnO
8.00463358166119,213.5307863529442,13.0,-1.295057388461539,4.07456,3.72904,16.42544510407263,1,-10.366459861857678,0.34552000000000005,16.42544510407263,64.07415877665805,45595.3967205067,1.6771736394088217,1709.2357031592983,-276.53462253038276,0.0,-0.006064968010378343,0.0,0.0,0.0,0.0,0.0,0.0,0.0,1.0,0.0,0.0,0.0,0.0,0.0,0.0,0.0,0.0,0.0,0.0,0.0,0.0,0.0,0.0,0.0,0.0,0.0,0.0,0.0,0.0,0.0,0.0,0.0,0.0,0.0,0.0,0.0,0.0,0.0,0.0,0.0,0.0,0.0,0.0,0.0,0.0,0.0,0.0,0.0,0.0,0.0,0.0,0.0,0.0,0.0,0.0,0.0,0.0,0.0,0.0,0.0,Normal ZnO
5.601956691024573,201.6981278258917,13.0,-1.334001766153845,4.89666,4.04172,15.51524060199167,1,-7.47302011974413,0.85494,15.51524060199167,31.381918768114986,40682.13476846975,1.7795607121015777,1129.9041767413837,-269.0656587496635,0.0,-0.006613852991760894,0.0,0.0,0.0,0.0,0.0,0.0,0.0,0.0,0.0,0.0,0.0,0.0,0.0,0.0,0.0,0.0,0.0,0.0,0.0,0.0,0.0,0.0,0.0,0.0,0.0,0.0,0.0,0.0,0.0,0.0,0.0,0.0,0.0,0.0,0.0,0.0,0.0,0.0,0.0,0.0,0.0,0.0,0.0,0.0,0.0,1.0,0.0,0.0,0.0,0.0,0.0,0.0,0.0,0.0,0.0,0.0,0.0,0.0,0.0,Normal ZnO
5.385759168557401,177.951459014022,13.0,-1.682339123076924,4.6772599999999995,4.48996,13.688573770309384,1,-9.06067335673436,0.18729999999999958,13.688573770309384,29.00640182170011,31666.72176521915,2.830264925035234,958.4037019429355,-299.3747015079089,0.0,-0.009453921492963771,0.0,0.0,0.0,0.0,0.0,0.0,0.0,0.0,0.0,0.0,0.0,0.0,0.0,0.0,0.0,0.0,0.0,0.0,0.0,0.0,0.0,0.0,0.0,0.0,0.0,0.0,0.0,0.0,0.0,0.0,0.0,1.0,0.0,0.0,0.0,0.0,0.0,0.0,0.0,0.0,0.0,0.0,0.0,0.0,0.0,0.0,0.0,0.0,0.0,0.0,0.0,0.0,0.0,0.0,0.0,0.0,0.0,0.0,0.0,Normal ZnO
4.399765657244462,151.49021632332068,13.0,-2.003717669230769,2.9922400000000002,2.5113,11.65309356333236,1,-8.815888187895455,0.48094000000000037,11.65309356333236,19.35793783866779,22949.285641686496,4.014884497987586,666.5214511878808,-303.5436231626291,0.0,-0.013226713367114739,0.0,0.0,0.0,0.0,0.0,0.0,0.0,0.0,0.0,0.0,0.0,0.0,0.0,0.0,1.0,0.0,0.0,0.0,0.0,0.0,0.0,0.0,0.0,0.0,0.0,0.0,0.0,0.0,0.0,0.0,0.0,0.0,0.0,0.0,0.0,0.0,0.0,0.0,0.0,0.0,0.0,0.0,0.0,0.0,0.0,0.0,0.0,0.0,0.0,0.0,0.0,0.0,0.0,0.0,0.0,0.0,0.0,0.0,0.0,Normal ZnO
8.564117517437769,180.0826803951785,13.0,-1.512782438461537,4.54756,4.575820000000001,13.852513876552193,1,-12.955646581300671,-0.028260000000001284,13.852513876552193,73.34410885248445,32429.771778312006,2.2885107061176337,1542.2492377594951,-272.42591637290775,0.0,-0.008400488237635315,0.0,0.0,0.0,0.0,0.0,0.0,0.0,0.0,0.0,0.0,0.0,0.0,0.0,0.0,0.0,0.0,0.0,0.0,0.0,0.0,0.0,0.0,0.0,0.0,0.0,0.0,0.0,0.0,0.0,0.0,0.0,0.0,0.0,0.0,0.0,0.0,0.0,0.0,0.0,0.0,0.0,0.0,0.0,0.0,0.0,0.0,0.0,0.0,0.0,0.0,0.0,0.0,0.0,0.0,1.0,0.0,0.0,0.0,0.0,Normal ZnO
3.710469036615203,242.5358713120839,16.0,-0.6239469490625,2.31084,1.35084,15.158491957005245,1,-2.3151358349869295,0.9599999999999997,15.158491957005245,13.767580471680153,58823.64887311173,0.389309795244402,899.9218407719769,-151.32951694338988,0.0,-0.0025725965634981643,0.0,0.0,0.0,0.0,0.0,0.0,0.0,0.0,0.0,0.0,0.0,0.0,1.0,0.0,0.0,0.0,0.0,0.0,0.0,0.0,0.0,0.0,0.0,0.0,0.0,0.0,0.0,0.0,0.0,0.0,0.0,0.0,0.0,0.0,0.0,0.0,0.0,0.0,0.0,0.0,0.0,0.0,0.0,0.0,0.0,0.0,0.0,0.0,0.0,0.0,0.0,0.0,0.0,0.0,0.0,0.0,0.0,0.0,0.0,Normal ZnO
6.5980627580309,95.68006569139771,10.0,-1.2750718355,5.7053,5.7561,9.568006569139772,1,-8.41300399162665,-0.050799999999999734,9.568006569139772,43.53443215891433,9154.674970710183,1.6258081856853388,631.3030781243613,-121.99895698189106,0.0,-0.013326410535843073,0.0,0.0,0.0,0.0,0.0,0.0,0.0,0.0,0.0,0.0,0.0,0.0,0.0,0.0,0.0,0.0,0.0,0.0,0.0,0.0,0.0,0.0,0.0,0.0,0.0,0.0,0.0,0.0,0.0,0.0,0.0,0.0,0.0,0.0,0.0,1.0,0.0,0.0,0.0,0.0,0.0,0.0,0.0,0.0,0.0,0.0,0.0,0.0,0.0,0.0,0.0,0.0,0.0,0.0,0.0,0.0,0.0,0.0,0.0,Normal ZnO
6.638815858206923,156.17974438781945,16.0,-1.42118067,3.74412,3.0208399999999997,9.761234024238716,1,-9.43495676937314,0.7232800000000004,9.761234024238716,44.07387599917973,24392.112557044624,2.019754496781649,1036.8485637725596,-221.95963376951,0.0,-0.009099647816499043,0.0,0.0,0.0,0.0,0.0,0.0,0.0,0.0,0.0,0.0,0.0,0.0,0.0,0.0,0.0,0.0,0.0,0.0,0.0,0.0,0.0,0.0,0.0,0.0,0.0,0.0,0.0,0.0,0.0,0.0,0.0,0.0,0.0,0.0,0.0,1.0,0.0,0.0,0.0,0.0,0.0,0.0,0.0,0.0,0.0,0.0,0.0,0.0,0.0,0.0,0.0,0.0,0.0,0.0,0.0,0.0,0.0,0.0,0.0,Normal ZnO
5.093029554320641,39.6834255818945,4.0,-2.344368486249999,5.5797,5.5796,9.920856395473624,1,-11.93993798668919,9.999999999976694e-05,9.920856395473624,25.93895004118351,1574.7742659137587,5.496063599322112,202.10885930527246,-93.03257236064049,1.9634678914229464e-05,-0.059076766984542124,0.0,0.0,0.0,0.0,0.0,0.0,0.0,0.0,0.0,0.0,0.0,0.0,0.0,0.0,0.0,0.0,0.0,0.0,0.0,0.0,0.0,0.0,0.0,0.0,0.0,0.0,0.0,0.0,0.0,1.0,0.0,0.0,0.0,0.0,0.0,0.0,0.0,0.0,0.0,0.0,0.0,0.0,0.0,0.0,0.0,0.0,0.0,0.0,0.0,0.0,0.0,0.0,0.0,0.0,0.0,0.0,0.0,0.0,9.999999999976698e-05,Normal ZnO
4.299637147281647,78.1375054007578,8.0,-2.690448746875,6.7557,3.5977,9.767188175094725,1,-11.567953374921107,3.158,9.767188175094725,18.48687959828426,6105.469750253455,7.238514459561258,335.9629208170186,-210.22495348940737,0.7344805833200546,-0.0344322324225225,0.0,0.0,0.0,0.0,0.0,0.0,0.0,0.0,0.0,0.0,0.0,0.0,0.0,0.0,0.0,0.0,0.0,0.0,0.0,0.0,0.0,0.0,0.0,0.0,0.0,0.0,0.0,0.0,0.0,1.0,0.0,0.0,0.0,0.0,0.0,0.0,0.0,0.0,0.0,0.0,0.0,0.0,0.0,0.0,0.0,0.0,0.0,0.0,0.0,0.0,0.0,0.0,0.0,0.0,0.0,0.0,0.0,0.0,3.158,Normal ZnO
4.624657083983224,149.65140849871028,13.0,-1.373403766923075,1.7193,1.7686000000000002,11.511646807593099,1,-6.351521459870043,-0.04930000000000012,11.511646807593099,21.387453144436215,22395.544065647857,1.886237906998492,692.0864464416278,-205.53180815747257,0.0,-0.009177352760665204,0.0,0.0,0.0,0.0,0.0,0.0,0.0,0.0,0.0,0.0,0.0,0.0,0.0,0.0,0.0,0.0,0.0,0.0,0.0,1.0,0.0,0.0,0.0,0.0,0.0,0.0,0.0,0.0,0.0,0.0,0.0,0.0,0.0,0.0,0.0,0.0,0.0,0.0,0.0,0.0,0.0,0.0,0.0,0.0,0.0,0.0,0.0,0.0,0.0,0.0,0.0,0.0,0.0,0.0,0.0,0.0,0.0,0.0,0.0,Normal ZnO
5.992324436979693,178.06410733795033,14.0,-1.779480684999999,5.2525,5.2861,12.718864809853596,1,-10.663225593858858,-0.03359999999999985,12.718864809853596,35.907952158023996,31706.826322061097,3.166551508288065,1067.0179017501748,-316.8616396996492,0.0,-0.009993483311168925,0.0,0.0,0.0,0.0,0.0,0.0,0.0,0.0,0.0,0.0,0.0,0.0,0.0,0.0,0.0,0.0,0.0,0.0,0.0,0.0,0.0,0.0,0.0,0.0,0.0,0.0,0.0,0.0,0.0,0.0,0.0,1.0,0.0,0.0,0.0,0.0,0.0,0.0,0.0,0.0,0.0,0.0,0.0,0.0,0.0,0.0,0.0,0.0,0.0,0.0,0.0,0.0,0.0,0.0,0.0,0.0,0.0,0.0,0.0,Normal ZnO
5.244923546966088,152.66202435153323,14.0,-1.730102728571428,2.701,2.7469,10.904430310823802,1,-9.074256539754563,-0.04590000000000005,10.904430310823802,27.509223013519335,23305.693679108124,2.9932554514103007,800.7006462488671,-264.12098487982547,0.0,-0.011332895236522861,0.0,0.0,0.0,0.0,0.0,0.0,0.0,0.0,0.0,0.0,0.0,0.0,0.0,0.0,0.0,0.0,0.0,0.0,0.0,1.0,0.0,0.0,0.0,0.0,0.0,0.0,0.0,0.0,0.0,0.0,0.0,0.0,0.0,0.0,0.0,0.0,0.0,0.0,0.0,0.0,0.0,0.0,0.0,0.0,0.0,0.0,0.0,0.0,0.0,0.0,0.0,0.0,0.0,0.0,0.0,0.0,0.0,0.0,0.0,Normal ZnO
4.281705792342222,154.03128219806055,13.0,-2.256489719230769,2.9103,2.9432,11.848560169081582,1,-9.661625101191056,-0.03290000000000015,11.848560169081582,18.333004492176933,23725.635895578565,5.091745852994154,659.5166331893352,-347.57000471985697,0.0,-0.01464955486333789,0.0,0.0,0.0,0.0,0.0,0.0,0.0,0.0,0.0,0.0,0.0,0.0,0.0,0.0,0.0,0.0,0.0,0.0,0.0,0.0,0.0,0.0,0.0,0.0,0.0,0.0,0.0,0.0,0.0,0.0,0.0,0.0,0.0,0.0,0.0,0.0,0.0,0.0,0.0,0.0,0.0,0.0,0.0,0.0,0.0,0.0,0.0,0.0,0.0,0.0,0.0,0.0,0.0,1.0,0.0,0.0,0.0,0.0,0.0,Normal ZnO
4.413158991606063,155.45832609020937,13.0,-1.8195857901326271,2.3732,2.3345000000000002,11.958332776169952,1,-8.030121390722426,0.03869999999999996,11.958332776169952,19.475972285193443,24167.29115076987,3.3108924476525767,686.0623096050349,-282.8697611115492,0.008769228589681079,-0.011704653175518935,0.0,0.0,0.0,0.0,0.0,0.0,0.0,0.0,0.0,0.0,0.0,0.0,0.0,0.0,0.0,0.0,0.0,0.0,0.0,0.0,0.0,0.0,0.0,0.0,0.0,0.0,0.0,0.0,0.0,0.0,1.0,0.0,0.0,0.0,0.0,0.0,0.0,0.0,0.0,0.0,0.0,0.0,0.0,0.0,0.0,0.0,0.0,0.0,0.0,0.0,0.0,0.0,0.0,0.0,0.0,0.0,0.0,0.0,0.038700000000000005,Normal ZnO
4.109462950690188,155.51796704748287,13.0,-3.025316064871794,4.4946,4.5205,11.962920542114066,1,-12.432424282718468,-0.025900000000000034,11.962920542114066,16.887685743095304,24185.838074581967,9.152537292371356,639.0953237482884,-470.4910040849522,0.0,-0.019453161086835077,0.0,0.0,0.0,0.0,0.0,0.0,0.0,0.0,0.0,0.0,0.0,0.0,0.0,0.0,0.0,0.0,0.0,0.0,0.0,0.0,0.0,0.0,0.0,0.0,0.0,0.0,0.0,0.0,0.0,0.0,0.0,0.0,0.0,0.0,0.0,0.0,0.0,0.0,0.0,0.0,0.0,0.0,0.0,0.0,0.0,0.0,0.0,0.0,0.0,0.0,0.0,0.0,1.0,0.0,0.0,0.0,0.0,0.0,0.0,Normal ZnO
4.450025178201096,150.1619593812529,13.0,-2.891011295384615,3.8628,2.0584,11.550919952404069,1,-12.865073054925302,1.8044000000000002,11.550919952404069,19.802724086623694,22548.614045217044,8.35794631004143,668.2245000545856,-434.1199207082879,0.4054808518475442,-0.01925262101864626,0.0,0.0,0.0,0.0,0.0,0.0,0.0,0.0,0.0,0.0,0.0,0.0,0.0,0.0,0.0,0.0,0.0,0.0,0.0,0.0,0.0,0.0,0.0,0.0,0.0,0.0,0.0,0.0,0.0,0.0,0.0,0.0,0.0,0.0,0.0,0.0,0.0,0.0,0.0,0.0,0.0,0.0,0.0,0.0,0.0,0.0,0.0,0.0,0.0,0.0,0.0,0.0,1.0,0.0,0.0,0.0,0.0,0.0,1.8044,Normal ZnO
6.3573146879105344,639.4649523582704,56.0,-1.5790367464285722,5.4347,5.0251,11.419017006397684,1,-10.038433500820824,0.4096000000000002,11.419017006397684,40.415450041123016,408915.425294565,2.493357046571731,4065.279934031242,-1009.7386578269051,0.06442971916726427,-0.0024693092883437523,0.0,0.0,0.0,0.0,0.0,0.0,0.0,0.0,0.0,0.0,0.0,0.0,0.0,0.0,0.0,0.0,0.0,0.0,0.0,0.0,0.0,0.0,0.0,0.0,0.0,0.0,0.0,0.0,0.0,0.0,0.0,1.0,0.0,0.0,0.0,0.0,0.0,0.0,0.0,0.0,0.0,0.0,0.0,0.0,0.0,0.0,0.0,0.0,0.0,0.0,0.0,0.0,0.0,0.0,0.0,0.0,0.0,0.0,0.4096,Normal ZnO
6.6258753345790105,192.2399091568952,20.0,-1.322677733999999,6.4576,4.705,9.61199545784476,1,-8.763897773307452,1.7526000000000002,9.61199545784476,43.90222394938252,36956.182672651325,1.7494763880193724,1273.7576724043815,-254.27144742800783,0.2645084477900693,-0.0068803493499391185,0.0,0.0,0.0,0.0,0.0,0.0,0.0,0.0,0.0,0.0,0.0,0.0,0.0,0.0,0.0,0.0,0.0,0.0,0.0,0.0,0.0,0.0,0.0,0.0,0.0,0.0,0.0,0.0,0.0,0.0,0.0,0.0,0.0,0.0,0.0,1.0,0.0,0.0,0.0,0.0,0.0,0.0,0.0,0.0,0.0,0.0,0.0,0.0,0.0,0.0,0.0,0.0,0.0,0.0,0.0,0.0,0.0,0.0,1.7526000000000002,Normal ZnO
4.590914685401208,37.74307971869602,4.0,-1.629533893333333,2.5886000000000005,2.0831600000000003,9.435769929674006,1,-7.481051081263005,0.5054400000000001,9.435769929674006,21.076497648632476,1424.540066651843,2.65538070952209,173.2752589528301,-61.50362764039709,0.0,-0.04317437542136086,0.0,0.0,0.0,0.0,0.0,0.0,0.0,0.0,0.0,0.0,0.0,0.0,0.0,0.0,0.0,0.0,0.0,0.0,0.0,0.0,0.0,0.0,0.0,0.0,0.0,0.0,0.0,0.0,1.0,0.0,0.0,0.0,0.0,0.0,0.0,0.0,0.0,0.0,0.0,0.0,0.0,0.0,0.0,0.0,0.0,0.0,0.0,0.0,0.0,0.0,0.0,0.0,0.0,0.0,0.0,0.0,0.0,0.0,0.0,Normal ZnO
6.473383096783257,160.41709630169754,16.0,-1.428705194375,4.4511,3.4446,10.026068518856096,1,-9.248556055553562,1.0065000000000004,10.026068518856096,41.90468871771919,25733.644785868102,2.0411985324341066,1038.4413196344608,-229.18873875278987,0.15548284180804134,-0.00890619034574734,0.0,0.0,0.0,0.0,0.0,0.0,0.0,0.0,0.0,0.0,0.0,0.0,0.0,1.0,0.0,0.0,0.0,0.0,0.0,0.0,0.0,0.0,0.0,0.0,0.0,0.0,0.0,0.0,0.0,0.0,0.0,0.0,0.0,0.0,0.0,0.0,0.0,0.0,0.0,0.0,0.0,0.0,0.0,0.0,0.0,0.0,0.0,0.0,0.0,0.0,0.0,0.0,0.0,0.0,0.0,0.0,0.0,0.0,1.0065,Normal ZnO
4.595023390094005,297.513385289378,26.0,-2.221953101923077,3.5373,2.0151,11.442822511129922,1,-10.20992647502847,1.5222000000000002,11.442822511129922,21.114239955511007,88514.21442634588,4.937075587145585,1367.0809642707416,-661.0607893073691,0.3312714366768128,-0.007468413899300304,0.0,0.0,0.0,0.0,0.0,0.0,0.0,0.0,0.0,0.0,0.0,0.0,0.0,0.0,0.0,0.0,0.0,0.0,0.0,0.0,0.0,0.0,0.0,0.0,0.0,0.0,0.0,0.0,0.0,0.0,0.0,0.0,0.0,0.0,0.0,0.0,0.0,0.0,0.0,0.0,0.0,0.0,0.0,0.0,0.0,0.0,0.0,0.0,0.0,0.0,0.0,0.0,0.0,1.0,0.0,0.0,0.0,0.0,1.5222,Normal ZnO
4.456983341587755,93.45393807406116,10.0,-1.822014750000003,5.2207,1.6568,9.345393807406115,1,-8.12068938887719,3.5639,9.345393807406115,19.864700507190747,8733.638541550457,3.3197377492175737,416.5226452018642,-170.2744536165263,0.7996215661713462,-0.019496393491262802,0.0,0.0,0.0,0.0,0.0,0.0,0.0,0.0,0.0,1.0,0.0,0.0,0.0,0.0,0.0,0.0,0.0,0.0,0.0,0.0,0.0,0.0,0.0,0.0,0.0,0.0,0.0,0.0,0.0,0.0,0.0,0.0,0.0,0.0,0.0,0.0,0.0,0.0,0.0,0.0,0.0,0.0,0.0,0.0,0.0,0.0,0.0,0.0,0.0,0.0,0.0,0.0,0.0,0.0,0.0,0.0,0.0,0.0,3.5639000000000003,Normal ZnO
5.9429223204762,276.36670167823405,28.0,-1.208830358928571,3.532,3.3721,9.870239345651216,1,-7.18398492174586,0.15989999999999993,9.870239345651216,35.318325707214214,76378.55379650602,1.4612708366673777,1642.4258400399642,-334.080459185605,0.026905954911957592,-0.004374008705057305,0.0,0.0,0.0,0.0,0.0,0.0,0.0,0.0,0.0,0.0,0.0,0.0,0.0,1.0,0.0,0.0,0.0,0.0,0.0,0.0,0.0,0.0,0.0,0.0,0.0,0.0,0.0,0.0,0.0,0.0,0.0,0.0,0.0,0.0,0.0,0.0,0.0,0.0,0.0,0.0,0.0,0.0,0.0,0.0,0.0,0.0,0.0,0.0,0.0,0.0,0.0,0.0,0.0,0.0,0.0,0.0,0.0,0.0,0.15989999999999902,Normal ZnO
4.537115590205564,294.55916948517074,26.0,-2.934379348461538,4.3158,2.0291,11.329198826352721,1,-13.313618289482092,2.2867,11.329198826352721,20.585417878886386,86765.10432779354,8.610582160677561,1336.4490001091713,-864.3483438372671,0.503998620827819,-0.00996193516430072,0.0,0.0,0.0,0.0,0.0,0.0,0.0,0.0,0.0,0.0,0.0,0.0,0.0,0.0,0.0,0.0,0.0,0.0,0.0,0.0,0.0,0.0,0.0,0.0,0.0,0.0,0.0,0.0,0.0,0.0,0.0,0.0,0.0,0.0,0.0,0.0,0.0,0.0,0.0,0.0,0.0,0.0,0.0,0.0,0.0,0.0,0.0,0.0,0.0,0.0,0.0,0.0,1.0,0.0,0.0,0.0,0.0,0.0,2.2867,Normal ZnO
7.688519650149644,382.60415568664524,26.0,-1.39650562576923,4.68734,3.6394999999999995,14.715544449486355,1,-10.737060945271251,1.0478400000000003,14.715544449486355,59.1133344107372,146385.93994869068,1.950227962805109,2941.6595692256856,-534.3088558590864,0.0,-0.003650001195786737,0.0,0.0,0.0,0.0,0.0,0.0,0.0,1.0,0.0,0.0,0.0,0.0,0.0,0.0,0.0,0.0,0.0,0.0,0.0,0.0,0.0,0.0,0.0,0.0,0.0,0.0,0.0,0.0,0.0,0.0,0.0,0.0,0.0,0.0,0.0,0.0,0.0,0.0,0.0,0.0,0.0,0.0,0.0,0.0,0.0,0.0,0.0,0.0,0.0,0.0,0.0,0.0,0.0,0.0,0.0,0.0,0.0,0.0,0.0,Normal ZnO
6.181576208020254,330.3808520600774,26.0,-1.944373283461538,4.981,3.7187,12.706955848464515,1,-12.019291628556065,1.2622999999999998,12.706955848464515,38.21188441556206,109151.50740794276,3.780587465439002,2042.274414680034,-642.3837021128734,0.20420358133937336,-0.005885248104838616,0.0,0.0,0.0,0.0,0.0,0.0,0.0,0.0,0.0,0.0,0.0,0.0,0.0,0.0,0.0,0.0,0.0,0.0,0.0,0.0,0.0,0.0,0.0,0.0,0.0,0.0,0.0,0.0,0.0,0.0,0.0,0.0,0.0,0.0,0.0,0.0,0.0,0.0,0.0,0.0,0.0,0.0,0.0,0.0,0.0,0.0,0.0,0.0,1.0,0.0,0.0,0.0,0.0,0.0,0.0,0.0,0.0,0.0,1.262299999999999,Normal ZnO
5.838603767067664,354.9927966151011,26.0,-1.584389467692307,3.0447200000000003,1.1912800000000003,13.653569100580812,1,-9.250622314570634,1.85344,13.653569100580812,34.08929394881671,126019.88564861054,2.5102899853343117,2072.662279598814,-562.4468480636034,0.0,-0.004463159486050564,0.0,0.0,0.0,0.0,0.0,0.0,0.0,0.0,0.0,0.0,0.0,0.0,0.0,0.0,0.0,0.0,0.0,0.0,0.0,0.0,0.0,0.0,0.0,0.0,0.0,0.0,0.0,0.0,0.0,0.0,0.0,0.0,0.0,0.0,0.0,0.0,0.0,0.0,0.0,0.0,0.0,0.0,0.0,0.0,0.0,1.0,0.0,0.0,0.0,0.0,0.0,0.0,0.0,0.0,0.0,0.0,0.0,0.0,0.0,Normal ZnO
5.327015370520741,264.1065176346131,26.0,-1.8190679895225481,2.9433,2.074,10.157942985946658,1,-9.690203140208876,0.8693,10.157942985946658,28.377092757764224,69752.25265708221,3.3090083505056054,1406.8994788942912,-480.4277120533971,0.16318706433824726,-0.006887630058562954,0.0,0.0,0.0,0.0,0.0,0.0,0.0,0.0,0.0,0.0,0.0,0.0,0.0,0.0,0.0,0.0,0.0,0.0,0.0,0.0,0.0,0.0,0.0,0.0,0.0,0.0,0.0,0.0,0.0,0.0,1.0,0.0,0.0,0.0,0.0,0.0,0.0,0.0,0.0,0.0,0.0,0.0,0.0,0.0,0.0,0.0,0.0,0.0,0.0,0.0,0.0,0.0,0.0,0.0,0.0,0.0,0.0,0.0,0.8693000000000001,Normal ZnO
5.184961343857002,279.01926337789723,26.0,-1.295767322307692,5.0100999999999996,4.0652800000000004,10.731510129919124,1,-6.71850347679848,0.9448199999999991,10.731510129919124,26.883824137291406,77851.74933594439,1.679012953560446,1446.7040948058527,-361.5440437794426,0.0,-0.0046440066776061075,0.0,0.0,0.0,0.0,0.0,0.0,0.0,0.0,0.0,0.0,0.0,0.0,0.0,1.0,0.0,0.0,0.0,0.0,0.0,0.0,0.0,0.0,0.0,0.0,0.0,0.0,0.0,0.0,0.0,0.0,0.0,0.0,0.0,0.0,0.0,0.0,0.0,0.0,0.0,0.0,0.0,0.0,0.0,0.0,0.0,0.0,0.0,0.0,0.0,0.0,0.0,0.0,0.0,0.0,0.0,0.0,0.0,0.0,0.0,Normal ZnO
4.8335572696528235,285.00504171485835,26.0,-1.9505897092307691,2.5495,1.803,10.961732373648399,1,-9.428287069162371,0.7465000000000002,10.961732373648399,23.363275879013656,81227.87380288815,3.8048002137569763,1377.5881912685597,-555.9279014478888,0.15444112034977883,-0.006844053345492371,0.0,0.0,0.0,0.0,0.0,0.0,0.0,0.0,0.0,0.0,0.0,0.0,0.0,0.0,1.0,0.0,0.0,0.0,0.0,0.0,0.0,0.0,0.0,0.0,0.0,0.0,0.0,0.0,0.0,0.0,0.0,0.0,0.0,0.0,0.0,0.0,0.0,0.0,0.0,0.0,0.0,0.0,0.0,0.0,0.0,0.0,0.0,0.0,0.0,0.0,0.0,0.0,0.0,0.0,0.0,0.0,0.0,0.0,0.7465,Normal ZnO
4.732197210951167,288.8892629214749,26.0,-2.244911628461538,3.7689,2.313,11.111125496979803,1,-10.623364547037532,1.4558999999999997,11.111125496979803,22.393690443334002,83457.00623131305,5.039628219601835,1367.0809642707418,-648.5308656701015,0.30765835300159955,-0.007770837883551747,0.0,0.0,0.0,0.0,0.0,0.0,0.0,0.0,0.0,0.0,0.0,0.0,0.0,0.0,0.0,0.0,0.0,0.0,0.0,0.0,0.0,0.0,0.0,0.0,0.0,0.0,0.0,0.0,0.0,0.0,0.0,0.0,0.0,0.0,0.0,0.0,0.0,0.0,0.0,0.0,0.0,0.0,0.0,0.0,0.0,0.0,0.0,0.0,0.0,0.0,0.0,0.0,0.0,1.0,0.0,0.0,0.0,0.0,1.455899999999999,Normal ZnO
5.482906220337086,263.42142341515466,26.0,-1.011101167307692,3.1452,2.7478,10.131593208275179,1,-5.543772879621433,0.3974000000000002,10.131593208275179,30.062260621011113,69390.84631406619,1.0223255705309773,1444.3149610130008,-266.3457087089167,0.07247980979976858,-0.003838340686946281,0.0,0.0,0.0,0.0,0.0,0.0,0.0,0.0,0.0,0.0,0.0,0.0,0.0,0.0,0.0,0.0,0.0,0.0,0.0,0.0,0.0,0.0,0.0,0.0,0.0,0.0,0.0,0.0,0.0,0.0,0.0,0.0,0.0,0.0,0.0,1.0,0.0,0.0,0.0,0.0,0.0,0.0,0.0,0.0,0.0,0.0,0.0,0.0,0.0,0.0,0.0,0.0,0.0,0.0,0.0,0.0,0.0,0.0,0.39740000000000003,Normal ZnO
4.900908036629028,288.9129266590151,26.0,-1.428014313846153,4.69418,3.2695999999999996,11.112035640731351,1,-6.998566827149898,1.4245800000000006,11.112035640731351,24.018899583494996,83470.67919067745,2.039224880549499,1415.9356841491801,-412.57179472425736,0.0,-0.004942715199211367,0.0,0.0,0.0,0.0,0.0,0.0,0.0,0.0,0.0,0.0,0.0,0.0,0.0,0.0,0.0,0.0,0.0,0.0,0.0,1.0,0.0,0.0,0.0,0.0,0.0,0.0,0.0,0.0,0.0,0.0,0.0,0.0,0.0,0.0,0.0,0.0,0.0,0.0,0.0,0.0,0.0,0.0,0.0,0.0,0.0,0.0,0.0,0.0,0.0,0.0,0.0,0.0,0.0,0.0,0.0,0.0,0.0,0.0,0.0,Normal ZnO
6.010024461058149,243.3887240100403,18.0,-1.8211667637037041,3.5959,3.0246,13.521595778335573,1,-10.945256797525367,0.5712999999999999,13.521595778335573,36.12039402251729,59238.07097523557,3.3166483812190233,1462.772184846073,-443.2514548273391,0.09505784938176669,-0.007482543700868316,0.0,0.0,0.0,0.0,0.0,0.0,0.0,0.0,0.0,0.0,0.0,0.0,0.0,0.0,0.0,0.0,0.0,0.0,0.0,0.0,0.0,0.0,0.0,0.0,1.0,0.0,0.0,0.0,0.0,0.0,0.0,0.0,0.0,0.0,0.0,0.0,0.0,0.0,0.0,0.0,0.0,0.0,0.0,0.0,0.0,0.0,0.0,0.0,0.0,0.0,0.0,0.0,0.0,0.0,0.0,0.0,0.0,0.0,0.571299999999999,Normal ZnO
8.222615004846594,327.2900250759326,26.0,-1.780188155769229,4.7128,2.9364,12.588077887535869,1,-14.637801841078247,1.7763999999999998,12.588077887535869,67.61139751792835,107118.76051420458,3.1690698699410484,2691.179871125981,-582.6378261415891,0.21603832831197242,-0.0054391763249008835,0.0,0.0,0.0,0.0,0.0,0.0,0.0,0.0,0.0,0.0,0.0,0.0,0.0,0.0,0.0,0.0,0.0,0.0,0.0,0.0,0.0,0.0,0.0,0.0,0.0,0.0,0.0,0.0,0.0,0.0,0.0,0.0,0.0,0.0,0.0,0.0,0.0,0.0,0.0,0.0,0.0,0.0,0.0,0.0,0.0,0.0,0.0,0.0,0.0,0.0,0.0,0.0,0.0,0.0,1.0,0.0,0.0,0.0,1.776399999999999,Normal ZnO
5.548334056425125,327.19939876346217,26.0,-1.862553625,4.3426,4.2482,12.58459226013316,1,-10.33406970950557,0.09440000000000026,12.58459226013316,30.78401080168688,107059.44655117113,3.469106006000641,1815.411567401142,-609.4264262647071,0.017014116136479237,-0.005692411514320876,0.0,0.0,0.0,0.0,0.0,0.0,0.0,0.0,0.0,0.0,0.0,0.0,0.0,0.0,0.0,0.0,0.0,0.0,0.0,0.0,0.0,0.0,0.0,0.0,0.0,0.0,0.0,0.0,0.0,0.0,0.0,1.0,0.0,0.0,0.0,0.0,0.0,0.0,0.0,0.0,0.0,0.0,0.0,0.0,0.0,0.0,0.0,0.0,0.0,0.0,0.0,0.0,0.0,0.0,0.0,0.0,0.0,0.0,0.09440000000000001,Normal ZnO
3.13017924181566,283.6496830435417,22.0,-1.5412070993887141,2.581,1.0474,12.893167411070078,1,-4.824254469845478,1.5335999999999999,12.893167411070078,9.79802208589366,80457.14269070167,2.375319323206174,887.8743498104856,-437.162905246065,0.48993999433413743,-0.005433487825022991,0.0,0.0,0.0,0.0,0.0,0.0,0.0,0.0,0.0,0.0,0.0,0.0,0.0,0.0,0.0,0.0,0.0,0.0,0.0,0.0,0.0,0.0,0.0,0.0,0.0,0.0,0.0,0.0,0.0,0.0,0.0,0.0,0.0,1.0,0.0,0.0,0.0,0.0,0.0,0.0,0.0,0.0,0.0,0.0,0.0,0.0,0.0,0.0,0.0,0.0,0.0,0.0,0.0,0.0,0.0,0.0,0.0,0.0,1.533599999999999,Normal ZnO
3.82002667713556,450.1323090867127,36.0,-1.440358460555555,3.51704,2.24688,12.503675252408687,1,-5.502207743960128,1.2701600000000002,12.503675252408687,14.592603814027347,202619.09568373588,2.0746324948939683,1719.517428951872,-648.3518797624548,0.0,-0.0031998557568061322,0.0,0.0,0.0,0.0,0.0,0.0,0.0,0.0,0.0,0.0,0.0,0.0,0.0,0.0,0.0,0.0,0.0,0.0,0.0,0.0,0.0,0.0,0.0,0.0,0.0,0.0,0.0,0.0,0.0,0.0,0.0,0.0,0.0,0.0,0.0,0.0,0.0,0.0,0.0,0.0,0.0,0.0,0.0,0.0,1.0,0.0,0.0,0.0,0.0,0.0,0.0,0.0,0.0,0.0,0.0,0.0,0.0,0.0,0.0,Normal ZnO
1.727742256528369,1051.3218610604083,52.0,0.066768346346154,-2.5758,-2.7116,20.217728097315543,1,0.1153584933807718,0.1357999999999997,20.217728097315543,2.985093304993741,1105277.6555435206,0.0044580120737999765,1816.4132045661145,70.19502214056453,0.07859968666441493,6.350894889487847e-05,0.0,0.0,0.0,0.0,0.0,0.0,0.0,0.0,0.0,0.0,0.0,0.0,0.0,0.0,0.0,0.0,0.0,0.0,0.0,0.0,0.0,0.0,0.0,0.0,0.0,0.0,0.0,0.0,0.0,0.0,0.0,0.0,0.0,0.0,0.0,0.0,0.0,0.0,0.0,0.0,0.0,0.0,0.0,0.0,1.0,0.0,0.0,0.0,0.0,0.0,0.0,0.0,0.0,0.0,0.0,0.0,0.0,0.0,0.135799999999999,Normal ZnO
3.6539199811299232,470.5952614813793,36.0,-1.3774084438888892,1.3302,0.1491,13.07209059670498,1,-5.032940235302687,1.1811,13.07209059670498,13.351131228500499,221459.90012872775,1.897254021296411,1719.5174289518727,-648.2018868185515,0.3232418898332748,-0.002926949242015245,0.0,0.0,0.0,0.0,0.0,0.0,0.0,0.0,0.0,0.0,0.0,0.0,0.0,0.0,0.0,0.0,0.0,0.0,0.0,0.0,0.0,0.0,0.0,0.0,0.0,0.0,0.0,0.0,0.0,0.0,0.0,0.0,0.0,0.0,0.0,0.0,0.0,0.0,0.0,0.0,0.0,0.0,0.0,0.0,1.0,0.0,0.0,0.0,0.0,0.0,0.0,0.0,0.0,0.0,0.0,0.0,0.0,0.0,1.1811,Normal ZnO
5.830159988742724,343.6439999780737,26.0,-1.802474966794871,2.995,2.333,13.217076922233604,1,-10.508717432117827,0.6619999999999999,13.217076922233604,33.990765494336564,118091.1987209303,3.248916005922171,2003.4994990436708,-619.409707449735,0.11354748433631914,-0.005245180963176655,0.0,0.0,0.0,0.0,0.0,0.0,0.0,0.0,0.0,0.0,0.0,0.0,0.0,0.0,0.0,0.0,0.0,0.0,0.0,0.0,0.0,0.0,0.0,0.0,1.0,0.0,0.0,0.0,0.0,0.0,0.0,0.0,0.0,0.0,0.0,0.0,0.0,0.0,0.0,0.0,0.0,0.0,0.0,0.0,0.0,0.0,0.0,0.0,0.0,0.0,0.0,0.0,0.0,0.0,0.0,0.0,0.0,0.0,0.661999999999999,Normal ZnO
9.059702715040165,530.2832053108352,33.0,-1.5650850475757592,2.79646,2.3498600000000005,16.06918803972228,1,-14.179205254790872,0.44659999999999966,16.06918803972228,82.07821328490614,281200.2778347334,2.4494912061452165,4804.208194894775,-829.9383156125347,0.0,-0.002951413569016118,0.0,0.0,0.0,0.0,0.0,0.0,0.0,1.0,0.0,0.0,0.0,0.0,0.0,0.0,0.0,0.0,0.0,0.0,0.0,0.0,0.0,0.0,0.0,0.0,0.0,0.0,0.0,0.0,0.0,0.0,0.0,0.0,0.0,0.0,0.0,0.0,0.0,0.0,0.0,0.0,0.0,0.0,0.0,0.0,0.0,0.0,0.0,0.0,0.0,0.0,0.0,0.0,0.0,0.0,0.0,0.0,0.0,0.0,0.0,Normal ZnO
5.999940935794943,382.08605131049643,28.0,-0.611839794047618,0.8266,0.7114,13.6459304039463,1,-3.6710026264546505,0.11519999999999997,13.6459304039463,35.999291233027904,145989.7506060473,0.3743479335802316,2292.4937402540945,-233.77545094228174,0.019200189007316612,-0.0016013141331621544,1.0,0.0,0.0,0.0,0.0,0.0,0.0,0.0,0.0,0.0,0.0,0.0,0.0,0.0,0.0,0.0,0.0,0.0,0.0,0.0,0.0,0.0,0.0,0.0,0.0,0.0,0.0,0.0,0.0,0.0,0.0,0.0,0.0,0.0,0.0,0.0,0.0,0.0,0.0,0.0,0.0,0.0,0.0,0.0,0.0,0.0,0.0,0.0,0.0,0.0,0.0,0.0,0.0,0.0,0.0,0.0,0.0,0.0,0.11519999999999901,Normal ZnO
8.159347129465532,222.79354881247878,14.0,-1.615806477142857,5.3453,3.6404,15.913824915177056,1,-13.183925941047384,1.7048999999999999,15.913824915177056,66.57494557911741,49636.96539245836,2.6108305715768103,1817.8499029665377,-359.9912592368465,0.20895054137887578,-0.007252483232819509,0.0,0.0,0.0,0.0,0.0,0.0,0.0,1.0,0.0,0.0,0.0,0.0,0.0,0.0,0.0,0.0,0.0,0.0,0.0,0.0,0.0,0.0,0.0,0.0,0.0,0.0,0.0,0.0,0.0,0.0,0.0,0.0,0.0,0.0,0.0,0.0,0.0,0.0,0.0,0.0,0.0,0.0,0.0,0.0,0.0,0.0,0.0,0.0,0.0,0.0,0.0,0.0,0.0,0.0,0.0,0.0,0.0,0.0,1.704899999999999,Normal ZnO
5.7894595018122565,197.98858075926455,14.0,-0.6296727461904751,0.7708,0.5163,14.142041482804611,1,-3.6454648634646634,0.25450000000000006,14.142041482804611,33.51784132312422,39199.47811106782,0.39648776729505447,1146.2468701270475,-124.66801336104076,0.043959198595367094,-0.003180348804843941,1.0,0.0,0.0,0.0,0.0,0.0,0.0,0.0,0.0,0.0,0.0,0.0,0.0,0.0,0.0,0.0,0.0,0.0,0.0,0.0,0.0,0.0,0.0,0.0,0.0,0.0,0.0,0.0,0.0,0.0,0.0,0.0,0.0,0.0,0.0,0.0,0.0,0.0,0.0,0.0,0.0,0.0,0.0,0.0,0.0,0.0,0.0,0.0,0.0,0.0,0.0,0.0,0.0,0.0,0.0,0.0,0.0,0.0,0.2545,Normal ZnO
5.377484646103987,158.41084590982223,14.0,-1.001660356428571,2.4653,2.418,11.31506042213016,1,-5.386413187305688,0.0472999999999999,11.31506042213016,28.917341119084124,25093.996101865443,1.0033234696406121,851.8518916564136,-158.67386437618399,0.008795933993836333,-0.006323180402677614,0.0,0.0,0.0,0.0,0.0,0.0,0.0,0.0,0.0,0.0,0.0,0.0,0.0,0.0,0.0,0.0,1.0,0.0,0.0,0.0,0.0,0.0,0.0,0.0,0.0,0.0,0.0,0.0,0.0,0.0,0.0,0.0,0.0,0.0,0.0,0.0,0.0,0.0,0.0,0.0,0.0,0.0,0.0,0.0,0.0,0.0,0.0,0.0,0.0,0.0,0.0,0.0,0.0,0.0,0.0,0.0,0.0,0.0,0.047299999999999,Normal ZnO
5.307176732413369,195.66737118291582,16.0,-1.358329433749999,2.5557,2.2177,12.229210698932238,1,-7.208894365750221,0.3380000000000001,12.229210698932238,28.166124869069847,38285.72014563296,1.8450588505915928,1038.441319634461,-265.7807495022409,0.06368734584165599,-0.006942033439393384,0.0,0.0,0.0,0.0,0.0,0.0,0.0,0.0,0.0,0.0,0.0,0.0,0.0,1.0,0.0,0.0,0.0,0.0,0.0,0.0,0.0,0.0,0.0,0.0,0.0,0.0,0.0,0.0,0.0,0.0,0.0,0.0,0.0,0.0,0.0,0.0,0.0,0.0,0.0,0.0,0.0,0.0,0.0,0.0,0.0,0.0,0.0,0.0,0.0,0.0,0.0,0.0,0.0,0.0,0.0,0.0,0.0,0.0,0.338,Normal ZnO
4.972716922954324,278.2479928752276,24.0,-1.932138269432473,4.791640000000001,4.0219000000000005,11.59366636980115,1,-9.607976669894539,0.7697400000000005,11.59366636980115,24.727913595836316,77421.94553909272,3.7331582922055113,1383.6485029487185,-537.6135954270013,0.0,-0.006943943240945084,0.0,0.0,0.0,0.0,0.0,0.0,0.0,0.0,0.0,0.0,0.0,0.0,0.0,0.0,0.0,0.0,0.0,0.0,0.0,0.0,0.0,0.0,0.0,0.0,0.0,0.0,0.0,0.0,0.0,0.0,1.0,0.0,0.0,0.0,0.0,0.0,0.0,0.0,0.0,0.0,0.0,0.0,0.0,0.0,0.0,0.0,0.0,0.0,0.0,0.0,0.0,0.0,0.0,0.0,0.0,0.0,0.0,0.0,0.0,Normal ZnO
5.172794273989357,267.4857010854256,24.0,-1.882572150682473,3.8982,2.9325599999999996,11.145237545226067,1,-9.738158441422126,0.9656400000000005,11.145237545226067,26.75780060101708,71548.60028516165,3.544077902525232,1383.6485029487183,-503.5611315691988,0.0,-0.007038029109755086,0.0,0.0,0.0,0.0,0.0,0.0,0.0,0.0,0.0,0.0,0.0,0.0,0.0,0.0,0.0,0.0,0.0,0.0,0.0,0.0,0.0,0.0,0.0,0.0,0.0,0.0,0.0,0.0,0.0,0.0,1.0,0.0,0.0,0.0,0.0,0.0,0.0,0.0,0.0,0.0,0.0,0.0,0.0,0.0,0.0,0.0,0.0,0.0,0.0,0.0,0.0,0.0,0.0,0.0,0.0,0.0,0.0,0.0,0.0,Normal ZnO
5.451604891422685,196.10377357921448,16.0,-1.158542790624999,2.40538,2.16686,12.256485848700905,1,-6.315917544293732,0.2385200000000003,12.256485848700905,29.719995892183743,38456.69001200782,1.3422213977091602,1069.0802912708923,-227.19461309455608,0.0,-0.0059078046764715385,0.0,0.0,0.0,0.0,0.0,0.0,0.0,0.0,0.0,0.0,0.0,0.0,0.0,0.0,0.0,0.0,1.0,0.0,0.0,0.0,0.0,0.0,0.0,0.0,0.0,0.0,0.0,0.0,0.0,0.0,0.0,0.0,0.0,0.0,0.0,0.0,0.0,0.0,0.0,0.0,0.0,0.0,0.0,0.0,0.0,0.0,0.0,0.0,0.0,0.0,0.0,0.0,0.0,0.0,0.0,0.0,0.0,0.0,0.0,Normal ZnO
5.5302498456927,259.5702255059287,16.0,-1.511384045624999,5.1099,3.8427000000000002,16.223139094120544,1,-8.35833138510006,1.2671999999999994,16.223139094120544,30.583663355784136,67376.70196919868,2.284281733369789,1435.4881995505816,-392.3102975489438,0.22913973787042777,-0.005822640261143812,0.0,0.0,0.0,0.0,0.0,0.0,0.0,0.0,0.0,0.0,0.0,0.0,0.0,0.0,0.0,0.0,0.0,0.0,0.0,0.0,0.0,0.0,0.0,0.0,0.0,0.0,0.0,0.0,0.0,0.0,0.0,0.0,0.0,0.0,0.0,0.0,0.0,0.0,0.0,0.0,0.0,0.0,0.0,0.0,0.0,0.0,0.0,0.0,1.0,0.0,0.0,0.0,0.0,0.0,0.0,0.0,0.0,0.0,1.267199999999999,Normal ZnO
5.218662410000939,184.9013880110005,16.0,-2.238465415208333,5.1058,4.8543,11.556336750687532,1,-11.681795318434872,0.25150000000000006,11.556336750687532,27.23443734955681,34188.523288394565,5.0107274150838155,964.9379231700067,-413.8953622866414,0.04819242561427819,-0.012106266152394476,0.0,0.0,0.0,0.0,0.0,0.0,0.0,0.0,0.0,0.0,0.0,0.0,0.0,0.0,0.0,0.0,0.0,0.0,0.0,0.0,0.0,0.0,0.0,0.0,0.0,0.0,0.0,0.0,0.0,0.0,0.0,0.0,0.0,0.0,0.0,0.0,0.0,0.0,0.0,0.0,0.0,0.0,0.0,0.0,0.0,0.0,0.0,0.0,0.0,0.0,0.0,0.0,1.0,0.0,0.0,0.0,0.0,0.0,0.2515,Normal ZnO
10.573614575384296,313.04991000922223,24.0,-0.747956547291667,3.6953000000000005,2.49118,13.04374625038426,1,-7.908604250197284,1.2041200000000005,13.04374625038426,111.80132518877922,98000.24615678213,0.5594389966364718,3310.0690912962546,-234.14772982046495,0.0,-0.0023892565478445043,0.0,0.0,0.0,0.0,0.0,0.0,0.0,0.0,0.0,0.0,0.0,0.0,0.0,0.0,0.0,0.0,0.0,0.0,0.0,0.0,0.0,0.0,0.0,0.0,0.0,0.0,0.0,0.0,0.0,0.0,0.0,0.0,0.0,0.0,0.0,0.0,0.0,0.0,0.0,0.0,0.0,0.0,0.0,0.0,0.0,0.0,0.0,0.0,0.0,0.0,0.0,0.0,0.0,0.0,1.0,0.0,0.0,0.0,0.0,Normal ZnO
4.984781286646221,268.75433333434455,24.0,-0.9031703614583321,4.0717,1.88268,11.198097222264357,1,-4.502106716450998,2.18902,11.198097222264357,24.84804447569836,72228.89168598798,0.8157167018167742,1339.6815715101216,-242.73094838107303,0.0,-0.003360579716996565,0.0,0.0,0.0,0.0,0.0,0.0,0.0,0.0,0.0,0.0,0.0,0.0,0.0,0.0,1.0,0.0,0.0,0.0,0.0,0.0,0.0,0.0,0.0,0.0,0.0,0.0,0.0,0.0,0.0,0.0,0.0,0.0,0.0,0.0,0.0,0.0,0.0,0.0,0.0,0.0,0.0,0.0,0.0,0.0,0.0,0.0,0.0,0.0,0.0,0.0,0.0,0.0,0.0,0.0,0.0,0.0,0.0,0.0,0.0,Normal ZnO
4.667335600141746,216.80568866657492,16.0,-1.746068600732758,2.0881,2.0491,13.550355541660933,1,-8.149488140489686,0.0389999999999997,13.550355541660933,21.78402160435051,47004.70663818782,3.048755558464851,1011.9049090267529,-378.5576054409484,0.008355945091845245,-0.008053610638501435,0.0,0.0,0.0,0.0,0.0,0.0,0.0,0.0,0.0,0.0,0.0,0.0,0.0,0.0,0.0,0.0,0.0,0.0,0.0,0.0,0.0,0.0,0.0,0.0,0.0,0.0,0.0,0.0,0.0,0.0,1.0,0.0,0.0,0.0,0.0,0.0,0.0,0.0,0.0,0.0,0.0,0.0,0.0,0.0,0.0,0.0,0.0,0.0,0.0,0.0,0.0,0.0,0.0,0.0,0.0,0.0,0.0,0.0,0.038999999999999,Normal ZnO
4.707723372444474,210.79489428333088,16.0,-1.6757283324999999,2.8438,2.7484,13.17468089270818,1,-7.888865436777654,0.09539999999999971,13.17468089270818,22.162659351459972,44434.487455920644,2.8080654443432302,992.3640506095988,-353.23497669691983,0.02026457216207731,-0.007949567935206446,0.0,0.0,0.0,0.0,0.0,0.0,0.0,0.0,0.0,0.0,0.0,0.0,0.0,0.0,1.0,0.0,0.0,0.0,0.0,0.0,0.0,0.0,0.0,0.0,0.0,0.0,0.0,0.0,0.0,0.0,0.0,0.0,0.0,0.0,0.0,0.0,0.0,0.0,0.0,0.0,0.0,0.0,0.0,0.0,0.0,0.0,0.0,0.0,0.0,0.0,0.0,0.0,0.0,0.0,0.0,0.0,0.0,0.0,0.09539999999999901,Normal ZnO
8.950979419885472,208.70250612252175,16.0,-1.067575084374999,4.463140000000001,4.01106,13.04390663265761,1,-9.555842609423113,0.45208000000000137,13.04390663265761,80.12003257521327,43556.73606182123,1.139716560778286,1868.091837181214,-222.80559558302488,0.0,-0.005115295950247305,0.0,0.0,0.0,0.0,0.0,0.0,0.0,0.0,0.0,0.0,0.0,0.0,0.0,0.0,0.0,0.0,0.0,0.0,0.0,0.0,0.0,0.0,0.0,0.0,0.0,0.0,0.0,0.0,0.0,0.0,0.0,0.0,0.0,0.0,0.0,0.0,0.0,0.0,0.0,0.0,0.0,0.0,0.0,0.0,0.0,0.0,0.0,0.0,0.0,0.0,0.0,0.0,0.0,0.0,1.0,0.0,0.0,0.0,0.0,Normal ZnO
4.900170814283447,207.7333800071208,16.0,-1.504858570625,2.2069,1.7103000000000002,12.98333625044505,1,-7.37406404740093,0.49659999999999993,12.98333625044505,24.0116740091553,43153.15716918285,2.2645993175835177,1017.9290458633458,-312.6093573086157,0.10134340593851685,-0.007244182762411201,0.0,0.0,0.0,0.0,0.0,0.0,0.0,0.0,0.0,0.0,0.0,0.0,0.0,0.0,0.0,0.0,0.0,0.0,0.0,1.0,0.0,0.0,0.0,0.0,0.0,0.0,0.0,0.0,0.0,0.0,0.0,0.0,0.0,0.0,0.0,0.0,0.0,0.0,0.0,0.0,0.0,0.0,0.0,0.0,0.0,0.0,0.0,0.0,0.0,0.0,0.0,0.0,0.0,0.0,0.0,0.0,0.0,0.0,0.49660000000000004,Normal ZnO
7.9285199035450855,235.61671786255246,16.0,-1.233105935624999,3.1482,2.4768800000000004,14.726044866409529,1,-9.776704953782389,0.6713199999999997,14.726044866409529,62.861427860910574,55515.23773632165,1.520550248473604,1868.091837181214,-290.54037332879415,0.0,-0.005233524797439603,0.0,0.0,0.0,0.0,0.0,0.0,0.0,0.0,0.0,0.0,0.0,0.0,0.0,0.0,0.0,0.0,0.0,0.0,0.0,0.0,0.0,0.0,0.0,0.0,0.0,0.0,0.0,0.0,0.0,0.0,0.0,0.0,0.0,0.0,0.0,0.0,0.0,0.0,0.0,0.0,0.0,0.0,0.0,0.0,0.0,0.0,0.0,0.0,0.0,0.0,0.0,0.0,0.0,0.0,1.0,0.0,0.0,0.0,0.0,Normal ZnO
4.364590138725139,221.08328445517157,16.0,-2.223733886458333,2.68672,1.4253200000000001,13.817705278448223,1,-9.705686991984969,1.2614,13.817705278448223,19.049647079056726,48877.8186654863,4.944992397783083,964.9379231700066,-491.6303913724719,0.0,-0.010058353764457635,0.0,0.0,0.0,0.0,0.0,0.0,0.0,0.0,0.0,0.0,0.0,0.0,0.0,0.0,0.0,0.0,0.0,0.0,0.0,0.0,0.0,0.0,0.0,0.0,0.0,0.0,0.0,0.0,0.0,0.0,0.0,0.0,0.0,0.0,0.0,0.0,0.0,0.0,0.0,0.0,0.0,0.0,0.0,0.0,0.0,0.0,0.0,0.0,0.0,0.0,0.0,0.0,1.0,0.0,0.0,0.0,0.0,0.0,0.0,Normal ZnO
4.026871188053054,259.71373103880705,15.0,-0.989358721666667,4.13536,2.5854600000000003,17.31424873592047,1,-3.9840201309285024,1.5499,17.31424873592047,16.215691565171813,67451.22209009781,0.9788306801379015,1045.8337406619323,-256.95004493983475,0.0,-0.0038094201554512135,0.0,0.0,0.0,0.0,0.0,0.0,0.0,0.0,0.0,0.0,0.0,0.0,0.0,0.0,0.0,0.0,0.0,0.0,0.0,0.0,0.0,0.0,0.0,0.0,0.0,0.0,0.0,0.0,0.0,0.0,0.0,0.0,0.0,0.0,0.0,0.0,0.0,0.0,0.0,0.0,0.0,0.0,1.0,0.0,0.0,0.0,0.0,0.0,0.0,0.0,0.0,0.0,0.0,0.0,0.0,0.0,0.0,0.0,0.0,Normal ZnO
4.400309402047648,215.65610219893335,16.0,-1.556551577812499,2.9784599999999997,2.1627400000000003,13.478506387433335,1,-6.84930854262044,0.8157199999999993,13.478506387433335,19.362722833748926,46507.55441563679,2.42285281439058,948.9535741149148,-335.6798461426432,0.0,-0.007217748822969303,0.0,0.0,1.0,0.0,0.0,0.0,0.0,0.0,0.0,0.0,0.0,0.0,0.0,0.0,0.0,0.0,0.0,0.0,0.0,0.0,0.0,0.0,0.0,0.0,0.0,0.0,0.0,0.0,0.0,0.0,0.0,0.0,0.0,0.0,0.0,0.0,0.0,0.0,0.0,0.0,0.0,0.0,0.0,0.0,0.0,0.0,0.0,0.0,0.0,0.0,0.0,0.0,0.0,0.0,0.0,0.0,0.0,0.0,0.0,Normal ZnO
2.823149346033494,159.28639343200285,10.0,-1.456871585999999,3.4638999999999998,2.78554,15.928639343200285,1,-4.112966065270677,0.6783599999999996,15.928639343200285,7.970172230009346,25372.1551325748,2.1224748180941524,449.68927744959274,-232.0598206275018,0.0,-0.009146240018435205,0.0,0.0,0.0,0.0,0.0,0.0,0.0,0.0,0.0,0.0,0.0,0.0,0.0,0.0,0.0,0.0,0.0,0.0,1.0,0.0,0.0,0.0,0.0,0.0,0.0,0.0,0.0,0.0,0.0,0.0,0.0,0.0,0.0,0.0,0.0,0.0,0.0,0.0,0.0,0.0,0.0,0.0,0.0,0.0,0.0,0.0,0.0,0.0,0.0,0.0,0.0,0.0,0.0,0.0,0.0,0.0,0.0,0.0,0.0,Normal ZnO
1.863052857595598,855.1661663951203,42.0,-1.317703552806121,2.49944,1.1831599999999998,20.361099199883817,1,-2.4549513695193155,1.3162800000000001,20.361099199883817,3.4709659501951236,731309.1721469265,1.7363426530778736,1593.2197700215015,-1126.8554956984403,0.0,-0.0015408742822003675,0.0,0.0,0.0,0.0,0.0,0.0,0.0,0.0,0.0,0.0,0.0,0.0,0.0,0.0,0.0,0.0,0.0,0.0,0.0,0.0,0.0,0.0,0.0,0.0,0.0,0.0,0.0,0.0,0.0,0.0,0.0,0.0,0.0,0.0,0.0,0.0,0.0,1.0,0.0,0.0,0.0,0.0,0.0,0.0,0.0,0.0,0.0,0.0,0.0,0.0,0.0,0.0,0.0,0.0,0.0,0.0,0.0,0.0,0.0,Normal ZnO
2.026032086395516,608.0483031393126,30.0,-0.7514349156666661,-1.7868,-1.7924,20.26827677131042,1,-1.5224312499785742,0.005600000000000049,20.26827677131042,4.104806015104168,369722.73895059736,0.5646544324829695,1231.9253722385945,-456.90872539074877,0.0027640233526423953,-0.001235814509779993,0.0,0.0,0.0,0.0,0.0,0.0,0.0,0.0,0.0,0.0,0.0,0.0,0.0,0.0,0.0,0.0,0.0,0.0,0.0,0.0,0.0,0.0,0.0,0.0,0.0,0.0,0.0,0.0,0.0,0.0,0.0,0.0,0.0,0.0,0.0,0.0,0.0,0.0,0.0,0.0,0.0,0.0,0.0,0.0,1.0,0.0,0.0,0.0,0.0,0.0,0.0,0.0,0.0,0.0,0.0,0.0,0.0,0.0,0.005600000000000001,Normal ZnO
3.311627138512087,391.3307688469778,28.0,-1.12729930205665,0.5444,-0.3891,13.976098887392064,1,-3.7331949619165363,0.9335,13.976098887392064,10.966874304529751,153139.77064636676,1.2708037164174102,1295.9415942484518,-441.14690259449026,0.28188559911953776,-0.0028806814894165866,0.0,0.0,0.0,0.0,0.0,0.0,0.0,0.0,0.0,0.0,0.0,0.0,0.0,0.0,0.0,0.0,0.0,0.0,0.0,0.0,0.0,0.0,0.0,0.0,0.0,0.0,0.0,0.0,0.0,0.0,1.0,0.0,0.0,0.0,0.0,0.0,0.0,0.0,0.0,0.0,0.0,0.0,0.0,0.0,0.0,0.0,0.0,0.0,0.0,0.0,0.0,0.0,0.0,0.0,0.0,0.0,0.0,0.0,0.9335,Normal ZnO
3.139028530857867,238.13750676693894,17.0,-1.378150235840336,2.01734,1.5401799999999999,14.008088633349349,1,-4.326052910111313,0.47716000000000003,14.008088633349349,9.8535001175397,56709.47212917389,1.8992980725467734,747.5204280087797,-328.1892611132865,0.0,-0.005787203597411926,0.0,0.0,0.0,0.0,0.0,0.0,0.0,0.0,0.0,0.0,0.0,0.0,0.0,0.0,0.0,0.0,0.0,0.0,0.0,0.0,0.0,0.0,0.0,0.0,0.0,0.0,0.0,0.0,0.0,0.0,0.0,0.0,0.0,0.0,0.0,0.0,0.0,1.0,0.0,0.0,0.0,0.0,0.0,0.0,0.0,0.0,0.0,0.0,0.0,0.0,0.0,0.0,0.0,0.0,0.0,0.0,0.0,0.0,0.0,Normal ZnO
3.208186491127364,233.00404452052263,17.0,-1.489845099957983,0.5367000000000001,-0.050800000000000005,13.706120265913096,1,-4.779700923557499,0.5875,13.706120265913096,10.292460561852108,54290.88476292169,2.2196384218688126,747.5204280087796,-347.1399339992924,0.1831252645769823,-0.00639407398710094,0.0,0.0,0.0,0.0,0.0,0.0,0.0,0.0,0.0,0.0,0.0,0.0,0.0,0.0,0.0,0.0,0.0,0.0,0.0,0.0,0.0,0.0,0.0,0.0,0.0,0.0,0.0,0.0,0.0,0.0,0.0,0.0,0.0,0.0,0.0,0.0,0.0,1.0,0.0,0.0,0.0,0.0,0.0,0.0,0.0,0.0,0.0,0.0,0.0,0.0,0.0,0.0,0.0,0.0,0.0,0.0,0.0,0.0,0.587499999999999,Normal ZnO
3.993456636024037,201.07877548688765,16.0,-2.022087633080358,0.5572,0.551,12.567423467930478,1,-8.075119276946893,0.006199999999999983,12.567423467930478,15.94769590380442,40432.67395130617,4.088838395856524,802.999370331699,-406.59890518697733,0.001552539708099057,-0.010056196275236509,0.0,0.0,0.0,0.0,0.0,0.0,0.0,0.0,0.0,0.0,0.0,0.0,0.0,0.0,0.0,0.0,0.0,0.0,0.0,0.0,0.0,0.0,0.0,0.0,0.0,0.0,0.0,0.0,0.0,0.0,0.0,0.0,0.0,0.0,0.0,0.0,0.0,1.0,0.0,0.0,0.0,0.0,0.0,0.0,0.0,0.0,0.0,0.0,0.0,0.0,0.0,0.0,0.0,0.0,0.0,0.0,0.0,0.0,0.006199999999999001,Normal ZnO
1.9877952775123031,593.013842064014,28.0,-0.7712646460714281,-2.4549,-2.6839,21.179065788000504,1,-1.5331162211729827,0.2290000000000001,21.179065788000504,3.951330065300214,351665.4168795234,0.5948491542796852,1178.7901147542739,-457.37061101495954,0.11520301038575269,-0.0013005845586791082,0.0,0.0,0.0,0.0,0.0,0.0,0.0,0.0,0.0,0.0,0.0,0.0,0.0,0.0,0.0,0.0,0.0,0.0,0.0,0.0,0.0,0.0,0.0,0.0,0.0,0.0,0.0,0.0,0.0,0.0,0.0,0.0,0.0,0.0,0.0,0.0,0.0,0.0,0.0,0.0,0.0,0.0,0.0,0.0,1.0,0.0,0.0,0.0,0.0,0.0,0.0,0.0,0.0,0.0,0.0,0.0,0.0,0.0,0.229,Normal ZnO
2.240272981838964,549.8996694712393,30.0,-0.712243718666667,1.3347200000000001,0.66328,18.329988982374644,1,-1.5956203594134464,0.6714400000000001,18.329988982374644,5.018823033157643,302389.64648457826,0.5072911147801223,1231.925372238594,-391.6625854777666,0.0,-0.001295224853201914,0.0,0.0,0.0,0.0,0.0,0.0,0.0,0.0,0.0,0.0,0.0,0.0,0.0,0.0,0.0,0.0,0.0,0.0,0.0,0.0,0.0,0.0,0.0,0.0,0.0,0.0,0.0,0.0,0.0,0.0,0.0,0.0,0.0,0.0,0.0,0.0,0.0,0.0,0.0,0.0,0.0,0.0,0.0,0.0,1.0,0.0,0.0,0.0,0.0,0.0,0.0,0.0,0.0,0.0,0.0,0.0,0.0,0.0,0.0,Normal ZnO
4.197742153887021,587.9072070097253,43.0,-1.433289765930232,0.16490000000000002,0.1404,13.672260628133147,1,-6.0165808691801965,0.024500000000000022,13.672260628133147,17.621039190520047,345634.884053976,2.054319553120339,2467.882865438707,-842.6413831236656,0.005836470917422242,-0.002437952365340747,0.0,0.0,1.0,0.0,0.0,0.0,0.0,0.0,0.0,0.0,0.0,0.0,0.0,0.0,0.0,0.0,0.0,0.0,0.0,0.0,0.0,0.0,0.0,0.0,0.0,0.0,0.0,0.0,0.0,0.0,0.0,0.0,0.0,0.0,0.0,0.0,0.0,0.0,0.0,0.0,0.0,0.0,0.0,0.0,0.0,0.0,0.0,0.0,0.0,0.0,0.0,0.0,0.0,0.0,0.0,0.0,0.0,0.0,0.024499999999999002,Normal ZnO
3.732044752249006,784.2619508348433,56.0,-0.9815893258928571,2.14726,0.36086,14.004677693479346,1,-3.6633352925620764,1.7864000000000002,14.004677693479346,13.928158032789344,615066.8075272742,0.9635176047067936,2926.900698001745,-769.8231596433909,0.0,-0.001251609012585603,0.0,0.0,1.0,0.0,0.0,0.0,0.0,0.0,0.0,0.0,0.0,0.0,0.0,0.0,0.0,0.0,0.0,0.0,0.0,0.0,0.0,0.0,0.0,0.0,0.0,0.0,0.0,0.0,0.0,0.0,0.0,0.0,0.0,0.0,0.0,0.0,0.0,0.0,0.0,0.0,0.0,0.0,0.0,0.0,0.0,0.0,0.0,0.0,0.0,0.0,0.0,0.0,0.0,0.0,0.0,0.0,0.0,0.0,0.0,Normal ZnO
4.186504042700326,802.903201082926,60.0,-1.078836982666666,0.3264,0.2602,13.381720018048766,1,-4.5165553893486186,0.06620000000000004,13.381720018048766,17.526816099546174,644653.5503092095,1.163889235169316,3361.3574972307024,-866.2016668297113,0.015812716128968674,-0.0013436700479105958,0.0,0.0,1.0,0.0,0.0,0.0,0.0,0.0,0.0,0.0,0.0,0.0,0.0,0.0,0.0,0.0,0.0,0.0,0.0,0.0,0.0,0.0,0.0,0.0,0.0,0.0,0.0,0.0,0.0,0.0,0.0,0.0,0.0,0.0,0.0,0.0,0.0,0.0,0.0,0.0,0.0,0.0,0.0,0.0,0.0,0.0,0.0,0.0,0.0,0.0,0.0,0.0,0.0,0.0,0.0,0.0,0.0,0.0,0.06620000000000001,Normal ZnO
2.7559660914594692,1032.6397708000525,66.0,-1.826039975757575,-0.038,-0.2953,15.646057133334129,1,-5.032504254837348,0.25730000000000003,15.646057133334129,7.595349097274384,1066344.896237985,3.334421993064725,2845.9201930174227,-1885.6415020380355,0.0933610906162283,-0.0017683223398831755,0.0,0.0,0.0,0.0,0.0,0.0,0.0,0.0,0.0,0.0,0.0,0.0,0.0,0.0,0.0,0.0,0.0,0.0,0.0,0.0,0.0,0.0,0.0,0.0,0.0,0.0,0.0,0.0,0.0,0.0,0.0,0.0,0.0,0.0,0.0,0.0,0.0,0.0,0.0,0.0,0.0,0.0,0.0,0.0,0.0,0.0,0.0,0.0,0.0,0.0,0.0,0.0,0.0,1.0,0.0,0.0,0.0,0.0,0.25730000000000003,Normal ZnO
4.015897168504787,490.4843623305304,32.0,-1.270154418251953,0.5664,0.2194,15.327636322829076,1,-5.100809531821863,0.347,15.327636322829076,16.127430068004763,240574.90969078706,1.6132922462049573,1969.734761879053,-622.9908798976151,0.0864065949500386,-0.0025895920763239627,0.0,0.0,0.0,0.0,0.0,0.0,0.0,0.0,0.0,0.0,0.0,0.0,0.0,0.0,0.0,0.0,0.0,0.0,0.0,0.0,0.0,0.0,0.0,0.0,0.0,0.0,0.0,0.0,0.0,0.0,0.0,0.0,0.0,0.0,0.0,0.0,0.0,0.0,0.0,0.0,0.0,0.0,0.0,0.0,0.0,0.0,1.0,0.0,0.0,0.0,0.0,0.0,0.0,0.0,0.0,0.0,0.0,0.0,0.34700000000000003,Normal ZnO
3.103955653528432,536.7867656875568,36.0,-0.49046364541666604,-1.3148,-1.359999999999999,14.910743491321021,1,-1.5223774050412247,0.04519999999999902,14.910743491321021,9.634540699071115,288140.031817308,0.24055458747540512,1666.1623160951335,-263.2743939105409,0.014562063716541425,-0.0009137029389844278,0.0,0.0,0.0,0.0,0.0,0.0,0.0,0.0,0.0,0.0,0.0,0.0,0.0,0.0,0.0,0.0,0.0,0.0,0.0,0.0,0.0,0.0,0.0,0.0,0.0,0.0,0.0,0.0,0.0,0.0,0.0,0.0,0.0,0.0,0.0,0.0,0.0,0.0,0.0,0.0,0.0,0.0,0.0,0.0,1.0,0.0,0.0,0.0,0.0,0.0,0.0,0.0,0.0,0.0,0.0,0.0,0.0,0.0,0.045200000000000004,Normal ZnO
4.376093771792614,537.8758590440207,37.0,-1.853698753783785,3.3931,2.0284,14.537185379568125,1,-8.111959571212951,1.3647,14.537185379568125,19.150196699522105,289310.4397423432,3.4361990697795575,2353.7951967601407,-997.059809600284,0.3118534636521208,-0.0034463319418692765,0.0,0.0,0.0,0.0,0.0,0.0,0.0,0.0,0.0,0.0,0.0,0.0,0.0,0.0,0.0,0.0,0.0,0.0,0.0,0.0,0.0,0.0,0.0,0.0,0.0,0.0,0.0,0.0,0.0,0.0,0.0,1.0,0.0,0.0,0.0,0.0,0.0,0.0,0.0,0.0,0.0,0.0,0.0,0.0,0.0,0.0,0.0,0.0,0.0,0.0,0.0,0.0,0.0,0.0,0.0,0.0,0.0,0.0,1.3647,Normal ZnO
3.135529344862136,246.81559888290252,14.0,-1.079719538571428,-0.10260000000000001,-0.3496,17.629685634493036,1,-3.3854922974117176,0.247,17.629685634493036,9.831544272491577,60917.93985192583,1.1657942819728975,773.8975530670631,-266.49162453807816,0.07877457769761685,-0.0043746000798097154,0.0,0.0,0.0,0.0,0.0,0.0,0.0,0.0,0.0,0.0,0.0,0.0,0.0,0.0,0.0,0.0,0.0,0.0,0.0,0.0,0.0,0.0,0.0,0.0,0.0,0.0,0.0,0.0,0.0,0.0,0.0,0.0,0.0,0.0,0.0,0.0,0.0,0.0,0.0,0.0,0.0,0.0,0.0,0.0,0.0,0.0,0.0,0.0,0.0,1.0,0.0,0.0,0.0,0.0,0.0,0.0,0.0,0.0,0.24700000000000003,Normal ZnO
5.9358587243852625,499.838519053926,42.0,-1.8182209626190482,3.2488,2.7664,11.900917120331572,1,-10.792702763822447,0.48240000000000016,11.900917120331572,35.234418795860634,249838.54513002196,3.3059274689073384,2966.970834110056,-908.8168732683088,0.08126878054193566,-0.00363761673682233,0.0,0.0,0.0,0.0,0.0,0.0,0.0,0.0,0.0,0.0,0.0,0.0,0.0,0.0,0.0,0.0,0.0,0.0,0.0,0.0,0.0,0.0,0.0,0.0,0.0,0.0,0.0,0.0,0.0,0.0,0.0,0.0,0.0,0.0,0.0,0.0,0.0,0.0,0.0,0.0,0.0,0.0,0.0,0.0,0.0,1.0,0.0,0.0,0.0,0.0,0.0,0.0,0.0,0.0,0.0,0.0,0.0,0.0,0.48240000000000005,Normal ZnO
3.309328801847655,225.8827915773815,17.0,-1.394952062899159,-0.2126,-0.3577,13.287223033963619,1,-4.6163550389489885,0.1451,13.287223033963619,10.951657118738437,51023.035530790774,1.9458912577866192,747.5204280087796,-315.0956660842891,0.043845748998705775,-0.006175557036275094,0.0,0.0,0.0,0.0,0.0,0.0,0.0,0.0,0.0,0.0,0.0,0.0,0.0,0.0,0.0,0.0,0.0,0.0,0.0,0.0,0.0,0.0,0.0,0.0,0.0,0.0,0.0,0.0,0.0,0.0,0.0,0.0,0.0,0.0,0.0,0.0,0.0,1.0,0.0,0.0,0.0,0.0,0.0,0.0,0.0,0.0,0.0,0.0,0.0,0.0,0.0,0.0,0.0,0.0,0.0,0.0,0.0,0.0,0.1451,Normal ZnO
4.724530917266278,210.0449902831419,16.0,-1.6731174412499992,2.8495,2.8868,13.12781189269637,1,-7.904695079403066,-0.03730000000000011,13.12781189269637,22.321192388204935,44118.89794304518,2.7993219722149445,992.3640506095988,-351.42993668991136,0.0,-0.007965519382274373,0.0,0.0,0.0,0.0,0.0,0.0,0.0,0.0,0.0,0.0,0.0,0.0,0.0,0.0,1.0,0.0,0.0,0.0,0.0,0.0,0.0,0.0,0.0,0.0,0.0,0.0,0.0,0.0,0.0,0.0,0.0,0.0,0.0,0.0,0.0,0.0,0.0,0.0,0.0,0.0,0.0,0.0,0.0,0.0,0.0,0.0,0.0,0.0,0.0,0.0,0.0,0.0,0.0,0.0,0.0,0.0,0.0,0.0,0.0,Normal ZnO
5.56657308190254,257.87646698064395,16.0,-1.6098740974999992,5.1905,3.6436,16.117279186290247,1,-8.96148181639564,1.5469,16.117279186290247,30.98673587616194,66500.27222241915,2.591694609801437,1435.4881995505818,-415.14864454695254,0.2778908993450781,-0.006242811204718557,0.0,0.0,0.0,0.0,0.0,0.0,0.0,0.0,0.0,0.0,0.0,0.0,0.0,0.0,0.0,0.0,0.0,0.0,0.0,0.0,0.0,0.0,0.0,0.0,0.0,0.0,0.0,0.0,0.0,0.0,0.0,0.0,0.0,0.0,0.0,0.0,0.0,0.0,0.0,0.0,0.0,0.0,0.0,0.0,0.0,0.0,0.0,0.0,1.0,0.0,0.0,0.0,0.0,0.0,0.0,0.0,0.0,0.0,1.5469,Normal ZnO
6.075129377864943,384.6355791435921,24.0,-1.62091118,6.0457,6.0663,16.026482464316338,1,-9.847245128527732,-0.02059999999999995,16.026482464316338,36.907196957797694,147944.52874312652,2.6273530534489926,2336.710906627333,-623.4601104596233,0.0,-0.004214147800910746,0.0,0.0,0.0,0.0,0.0,0.0,0.0,0.0,0.0,0.0,0.0,0.0,0.0,0.0,0.0,0.0,0.0,0.0,0.0,0.0,0.0,0.0,0.0,0.0,0.0,0.0,0.0,0.0,0.0,0.0,0.0,0.0,0.0,0.0,0.0,0.0,0.0,0.0,0.0,0.0,0.0,0.0,0.0,0.0,0.0,0.0,0.0,0.0,1.0,0.0,0.0,0.0,0.0,0.0,0.0,0.0,0.0,0.0,0.0,Normal ZnO
5.046067712802039,201.72718714828704,16.0,-1.484924319374999,2.3999,1.9552,12.60794919676794,1,-7.4930286639527255,0.4447000000000001,12.60794919676794,25.462799362183198,40693.85803476002,2.205000234271304,1017.9290458633456,-299.5496060756032,0.08812802865720204,-0.007361052024601178,0.0,0.0,0.0,0.0,0.0,0.0,0.0,0.0,0.0,0.0,0.0,0.0,0.0,0.0,0.0,0.0,0.0,0.0,0.0,1.0,0.0,0.0,0.0,0.0,0.0,0.0,0.0,0.0,0.0,0.0,0.0,0.0,0.0,0.0,0.0,0.0,0.0,0.0,0.0,0.0,0.0,0.0,0.0,0.0,0.0,0.0,0.0,0.0,0.0,0.0,0.0,0.0,0.0,0.0,0.0,0.0,0.0,0.0,0.44470000000000004,Normal ZnO
4.851045267781644,208.5952311654044,16.0,-1.731856843857759,2.6443,2.6852,13.037201947837776,1,-8.401315946871435,-0.04090000000000016,13.037201947837776,23.532640190066683,43511.97046494851,2.9993281276169586,1011.9049090267532,-361.25707868989696,0.0,-0.008302475728625325,0.0,0.0,0.0,0.0,0.0,0.0,0.0,0.0,0.0,0.0,0.0,0.0,0.0,0.0,0.0,0.0,0.0,0.0,0.0,0.0,0.0,0.0,0.0,0.0,0.0,0.0,0.0,0.0,0.0,0.0,1.0,0.0,0.0,0.0,0.0,0.0,0.0,0.0,0.0,0.0,0.0,0.0,0.0,0.0,0.0,0.0,0.0,0.0,0.0,0.0,0.0,0.0,0.0,0.0,0.0,0.0,0.0,0.0,0.0,Normal ZnO
6.320501390109314,269.55199883016894,28.0,-0.9691128382142851,4.38898,2.8364599999999998,9.626857101077462,1,-6.125279041106172,1.5525200000000003,9.626857101077462,39.94873782237377,72658.2800733394,0.9391796931917471,1703.703783312827,-261.2263026326387,0.0,-0.003595272312652647,0.0,0.0,0.0,0.0,0.0,0.0,0.0,0.0,0.0,0.0,0.0,0.0,0.0,0.0,0.0,0.0,1.0,0.0,0.0,0.0,0.0,0.0,0.0,0.0,0.0,0.0,0.0,0.0,0.0,0.0,0.0,0.0,0.0,0.0,0.0,0.0,0.0,0.0,0.0,0.0,0.0,0.0,0.0,0.0,0.0,0.0,0.0,0.0,0.0,0.0,0.0,0.0,0.0,0.0,0.0,0.0,0.0,0.0,0.0,Normal ZnO
5.411669678067364,197.5509140189588,16.0,-1.144256223749999,2.481,2.5329,12.346932126184925,1,-6.1923367100077344,-0.05190000000000028,12.346932126184925,29.286168704513727,39026.36362972605,1.3093223055906076,1069.0802912708923,-226.0488628736945,0.0,-0.005792209210635116,0.0,0.0,0.0,0.0,0.0,0.0,0.0,0.0,0.0,0.0,0.0,0.0,0.0,0.0,0.0,0.0,1.0,0.0,0.0,0.0,0.0,0.0,0.0,0.0,0.0,0.0,0.0,0.0,0.0,0.0,0.0,0.0,0.0,0.0,0.0,0.0,0.0,0.0,0.0,0.0,0.0,0.0,0.0,0.0,0.0,0.0,0.0,0.0,0.0,0.0,0.0,0.0,0.0,0.0,0.0,0.0,0.0,0.0,0.0,Normal ZnO
5.215902290552238,199.09140581782543,16.0,-1.371432865624999,2.5198,2.543,12.44321286361409,1,-7.153259825152052,-0.02320000000000011,12.44321286361409,27.205636704588084,39637.387870518054,1.8808281049163966,1038.4413196344608,-273.04049720204995,0.0,-0.006888458394230743,0.0,0.0,0.0,0.0,0.0,0.0,0.0,0.0,0.0,0.0,0.0,0.0,0.0,1.0,0.0,0.0,0.0,0.0,0.0,0.0,0.0,0.0,0.0,0.0,0.0,0.0,0.0,0.0,0.0,0.0,0.0,0.0,0.0,0.0,0.0,0.0,0.0,0.0,0.0,0.0,0.0,0.0,0.0,0.0,0.0,0.0,0.0,0.0,0.0,0.0,0.0,0.0,0.0,0.0,0.0,0.0,0.0,0.0,0.0,Normal ZnO
5.277505564688143,196.4656504978652,16.0,-1.224985478749999,3.2392,2.2641,12.279103156116575,1,-6.4648676807652885,0.9750999999999999,12.279103156116575,27.852064985314314,38598.75182554932,1.500589423148364,1036.8485637725594,-240.66756893305737,0.1847653191546411,-0.0062351127316442,0.0,0.0,0.0,0.0,0.0,0.0,0.0,0.0,0.0,0.0,0.0,0.0,0.0,0.0,0.0,0.0,0.0,0.0,0.0,0.0,0.0,0.0,0.0,0.0,0.0,0.0,0.0,0.0,0.0,0.0,0.0,0.0,0.0,0.0,0.0,1.0,0.0,0.0,0.0,0.0,0.0,0.0,0.0,0.0,0.0,0.0,0.0,0.0,0.0,0.0,0.0,0.0,0.0,0.0,0.0,0.0,0.0,0.0,0.9750999999999991,Normal ZnO
5.67419740402967,182.73043567998113,16.0,-1.250864391875,3.3894,2.742099999999999,11.42065222999882,1,-7.097651485170276,0.6473000000000013,11.42065222999882,32.196516179897046,33390.41212379572,1.5646617268608136,1036.8485637725594,-228.5709953038934,0.1140778076455895,-0.006845408030798218,0.0,0.0,0.0,0.0,0.0,0.0,0.0,0.0,0.0,0.0,0.0,0.0,0.0,0.0,0.0,0.0,0.0,0.0,0.0,0.0,0.0,0.0,0.0,0.0,0.0,0.0,0.0,0.0,0.0,0.0,0.0,0.0,0.0,0.0,0.0,1.0,0.0,0.0,0.0,0.0,0.0,0.0,0.0,0.0,0.0,0.0,0.0,0.0,0.0,0.0,0.0,0.0,0.0,0.0,0.0,0.0,0.0,0.0,0.6473,Normal ZnO
5.247563574335017,197.89018368701792,16.0,-1.277205118125,2.55,2.5735,12.36813648043862,1,-6.702215054827002,-0.0235000000000003,12.36813648043862,27.536923466687703,39160.5247996817,1.631252913764695,1038.4413196344608,-252.74635543175566,0.0,-0.006454110529024627,0.0,0.0,0.0,0.0,0.0,0.0,0.0,0.0,0.0,0.0,0.0,0.0,0.0,1.0,0.0,0.0,0.0,0.0,0.0,0.0,0.0,0.0,0.0,0.0,0.0,0.0,0.0,0.0,0.0,0.0,0.0,0.0,0.0,0.0,0.0,0.0,0.0,0.0,0.0,0.0,0.0,0.0,0.0,0.0,0.0,0.0,0.0,0.0,0.0,0.0,0.0,0.0,0.0,0.0,0.0,0.0,0.0,0.0,0.0,Normal ZnO
4.345726817930093,516.641080081122,36.0,-1.920064570277778,2.9841,-0.5640000000000001,14.3511411133645,1,-8.34407609521356,3.5481000000000003,14.3511411133645,18.885341576076815,266918.00562738837,3.6866479540359887,2245.180996952901,-991.9842334138067,0.8164572115671987,-0.003716438054008971,0.0,0.0,0.0,0.0,0.0,0.0,0.0,0.0,0.0,0.0,0.0,0.0,0.0,0.0,0.0,0.0,0.0,0.0,0.0,0.0,0.0,0.0,0.0,0.0,0.0,0.0,0.0,0.0,0.0,0.0,0.0,1.0,0.0,0.0,0.0,0.0,0.0,0.0,0.0,0.0,0.0,0.0,0.0,0.0,0.0,0.0,0.0,0.0,0.0,0.0,0.0,0.0,0.0,0.0,0.0,0.0,0.0,0.0,3.5481,2D ZnO
5.718717494358407,143.32237341093474,14.0,-1.176663917857143,3.6650400000000003,2.9993000000000003,10.237312386495338,1,-6.7290085320299475,0.66574,10.237312386495338,32.7037297802809,20541.302720143416,1.3845379755869214,819.6201641580808,-168.64226541429488,0.0,-0.008209910915188415,0.0,0.0,0.0,0.0,0.0,0.0,0.0,0.0,0.0,0.0,0.0,0.0,0.0,0.0,0.0,0.0,0.0,0.0,0.0,0.0,0.0,0.0,0.0,0.0,0.0,0.0,0.0,0.0,0.0,0.0,0.0,0.0,0.0,0.0,0.0,1.0,0.0,0.0,0.0,0.0,0.0,0.0,0.0,0.0,0.0,0.0,0.0,0.0,0.0,0.0,0.0,0.0,0.0,0.0,0.0,0.0,0.0,0.0,0.0,Normal ZnO
4.552170144653761,174.57091544470765,14.0,-1.805502940123153,2.5166,2.1878,12.469351103193404,1,-8.218956580113204,0.32879999999999976,12.469351103193404,20.722253025877045,30475.004519203267,3.25984086679335,794.6765094122743,-315.18830109541,0.07222928615402349,-0.010342518600671572,0.0,0.0,0.0,0.0,0.0,0.0,0.0,0.0,0.0,0.0,0.0,0.0,0.0,0.0,0.0,0.0,0.0,0.0,0.0,0.0,0.0,0.0,0.0,0.0,0.0,0.0,0.0,0.0,0.0,0.0,1.0,0.0,0.0,0.0,0.0,0.0,0.0,0.0,0.0,0.0,0.0,0.0,0.0,0.0,0.0,0.0,0.0,0.0,0.0,0.0,0.0,0.0,0.0,0.0,0.0,0.0,0.0,0.0,0.32879999999999904,Normal ZnO
8.772030806051305,188.19626538793068,14.0,-1.597949237142856,3.8318000000000003,3.742099999999999,13.442590384852192,1,-14.017259934723315,0.08970000000000145,13.442590384852192,76.9485244623131,35417.83430596443,2.5534417644854357,1650.8634375667348,-300.72807870977834,0.010225682283071816,-0.00849086581951554,0.0,0.0,0.0,0.0,0.0,0.0,0.0,0.0,0.0,0.0,0.0,0.0,0.0,0.0,0.0,0.0,0.0,0.0,0.0,0.0,0.0,0.0,0.0,0.0,0.0,0.0,0.0,0.0,0.0,0.0,0.0,0.0,0.0,0.0,0.0,0.0,0.0,0.0,0.0,0.0,0.0,0.0,0.0,0.0,0.0,0.0,0.0,0.0,0.0,0.0,0.0,0.0,0.0,0.0,1.0,0.0,0.0,0.0,0.089699999999999,Normal ZnO
2.915887774537482,614.5834668899363,32.0,-1.487419703312499,1.9725000000000001,0.27790000000000004,19.20573334031051,1,-4.337148928495084,1.6946,19.20573334031051,8.502401513697148,377712.8377744534,2.2124173738022423,1792.0564175372265,-914.1435579821961,0.5811609125693449,-0.0024202078048722975,0.0,0.0,0.0,0.0,0.0,0.0,0.0,0.0,0.0,0.0,0.0,0.0,0.0,0.0,0.0,0.0,0.0,0.0,0.0,0.0,0.0,0.0,0.0,0.0,0.0,0.0,1.0,0.0,0.0,0.0,0.0,0.0,0.0,0.0,0.0,0.0,0.0,0.0,0.0,0.0,0.0,0.0,0.0,0.0,0.0,0.0,0.0,0.0,0.0,0.0,0.0,0.0,0.0,0.0,0.0,0.0,0.0,0.0,1.694599999999999,Normal ZnO
6.989856364286553,729.3468929846217,60.0,-2.481726668811112,4.2882,1.3879000000000001,12.155781549743695,1,-17.346912950409017,2.9002999999999997,12.155781549743695,48.858091993357235,531946.8903063212,6.158967258688298,5098.030021701182,-1810.0396351344598,0.41492984245263953,-0.0034026698306143864,0.0,0.0,0.0,0.0,0.0,0.0,0.0,0.0,0.0,0.0,0.0,0.0,0.0,0.0,0.0,0.0,0.0,0.0,0.0,0.0,0.0,0.0,0.0,0.0,0.0,0.0,0.0,0.0,0.0,0.0,0.0,0.0,0.0,0.0,0.0,0.0,0.0,0.0,0.0,0.0,0.0,0.0,0.0,0.0,0.0,0.0,0.0,0.0,0.0,0.0,1.0,0.0,0.0,0.0,0.0,0.0,0.0,0.0,2.900299999999999,Normal ZnO
3.981291037629528,523.6015580342996,44.0,-2.2800949125757572,3.0266,0.24330000000000002,11.900035409870446,1,-9.077721440382545,2.7833,11.900035409870446,15.850678326309204,274158.591575946,5.19883281035385,2084.6101902908144,-1193.8612486907466,0.6990948347391315,-0.004354637371851355,0.0,0.0,0.0,0.0,1.0,0.0,0.0,0.0,0.0,0.0,0.0,0.0,0.0,0.0,0.0,0.0,0.0,0.0,0.0,0.0,0.0,0.0,0.0,0.0,0.0,0.0,0.0,0.0,0.0,0.0,0.0,0.0,0.0,0.0,0.0,0.0,0.0,0.0,0.0,0.0,0.0,0.0,0.0,0.0,0.0,0.0,0.0,0.0,0.0,0.0,0.0,0.0,0.0,0.0,0.0,0.0,0.0,0.0,2.7833,Normal ZnO
3.613922060579641,148.20580247472665,10.0,-2.725401510666666,2.758,-0.3654,14.820580247472666,1,-9.849388643335343,3.1234,14.820580247472666,13.060432659944198,21964.959887177694,7.427813394344145,535.6042190693234,-403.9203179541855,0.8642687771465206,-0.018389303692285766,0.0,0.0,0.0,0.0,0.0,0.0,0.0,0.0,0.0,0.0,0.0,0.0,0.0,0.0,0.0,0.0,0.0,0.0,0.0,0.0,0.0,0.0,0.0,0.0,0.0,0.0,0.0,0.0,0.0,0.0,0.0,0.0,0.0,0.0,0.0,0.0,0.0,0.0,0.0,0.0,0.0,0.0,0.0,0.0,0.0,0.0,0.0,0.0,0.0,0.0,0.0,0.0,1.0,0.0,0.0,0.0,0.0,0.0,3.1234,2D ZnO
3.258626566047013,137.9996352251874,10.0,-1.396250840999999,-0.6645,-1.1833,13.799963522518741,1,-4.54986008334808,0.5188,13.799963522518741,10.618647096947347,19043.899322284786,1.9495164109932044,449.68927744959285,-192.682106740861,0.1592081785024382,-0.010117786461693184,0.0,0.0,0.0,0.0,0.0,0.0,0.0,0.0,0.0,0.0,0.0,0.0,0.0,0.0,0.0,0.0,0.0,0.0,1.0,0.0,0.0,0.0,0.0,0.0,0.0,0.0,0.0,0.0,0.0,0.0,0.0,0.0,0.0,0.0,0.0,0.0,0.0,0.0,0.0,0.0,0.0,0.0,0.0,0.0,0.0,0.0,0.0,0.0,0.0,0.0,0.0,0.0,0.0,0.0,0.0,0.0,0.0,0.0,0.5188,Normal ZnO
6.558212986883616,190.82250646570412,20.0,-1.228111955,7.6486,5.2735,9.541125323285206,1,-8.054219772628027,2.3750999999999998,9.541125323285206,43.01015758132892,36413.22897385369,1.5082589740139218,1251.4546400930635,-234.351401473596,0.3621565820979257,-0.006435886299505893,0.0,0.0,0.0,0.0,0.0,0.0,0.0,0.0,0.0,0.0,0.0,0.0,0.0,0.0,0.0,0.0,0.0,0.0,0.0,0.0,0.0,0.0,0.0,0.0,0.0,0.0,0.0,0.0,0.0,0.0,0.0,0.0,0.0,0.0,0.0,1.0,0.0,0.0,0.0,0.0,0.0,0.0,0.0,0.0,0.0,0.0,0.0,0.0,0.0,0.0,0.0,0.0,0.0,0.0,0.0,0.0,0.0,0.0,2.375099999999999,Normal ZnO
6.559556869451713,190.78341189801554,20.0,-1.2282467955,7.4373000000000005,5.3397,9.539170594900778,1,-8.056754704804078,2.097600000000001,9.539170594900778,43.027786323571156,36398.31025544786,1.5085901906560188,1251.4546400930635,-234.32911429829417,0.319777698668741,-0.006437911888044895,0.0,0.0,0.0,0.0,0.0,0.0,0.0,0.0,0.0,0.0,0.0,0.0,0.0,0.0,0.0,0.0,0.0,0.0,0.0,0.0,0.0,0.0,0.0,0.0,0.0,0.0,0.0,0.0,0.0,0.0,0.0,0.0,0.0,0.0,0.0,1.0,0.0,0.0,0.0,0.0,0.0,0.0,0.0,0.0,0.0,0.0,0.0,0.0,0.0,0.0,0.0,0.0,0.0,0.0,0.0,0.0,0.0,0.0,2.0976,Normal ZnO
3.095289186034237,783.8888670825116,64.0,-2.472765075691964,5.566,0.8377,12.248263548164244,1,-7.653922998392468,4.7283,12.248263548164244,9.58081514518049,614481.7559359036,6.114567119561885,2426.362733333128,-1938.373013745375,1.5275794007661099,-0.003154484238174137,0.0,0.0,0.0,0.0,0.0,0.0,0.0,0.0,0.0,0.0,0.0,0.0,0.0,0.0,0.0,0.0,0.0,0.0,0.0,0.0,0.0,0.0,0.0,0.0,0.0,0.0,0.0,0.0,0.0,0.0,0.0,0.0,0.0,0.0,0.0,0.0,0.0,1.0,0.0,0.0,0.0,0.0,0.0,0.0,0.0,0.0,0.0,0.0,0.0,0.0,0.0,0.0,0.0,0.0,0.0,0.0,0.0,0.0,4.7283,2D ZnO
5.085927658905353,784.0500500688661,70.0,-1.634599173,3.3255199999999996,1.4092600000000002,11.2007150009838,1,-8.313453145184516,1.9162599999999994,11.2007150009838,25.866660151618486,614734.4810129914,2.671914456372284,3987.621835611373,-1281.6075634331771,0.0,-0.0020848148314720812,0.0,0.0,0.0,0.0,0.0,0.0,0.0,0.0,0.0,0.0,0.0,0.0,0.0,0.0,0.0,0.0,0.0,0.0,0.0,1.0,0.0,0.0,0.0,0.0,0.0,0.0,0.0,0.0,0.0,0.0,0.0,0.0,0.0,0.0,0.0,0.0,0.0,0.0,0.0,0.0,0.0,0.0,0.0,0.0,0.0,0.0,0.0,0.0,0.0,0.0,0.0,0.0,0.0,0.0,0.0,0.0,0.0,0.0,0.0,Normal ZnO
3.152133476898294,879.1419233300774,60.0,0.359428422,-0.7938000000000001,-0.8486,14.652365388834623,1,1.1329663615349272,0.05479999999999996,14.652365388834623,9.935945456182926,772890.5213565077,0.1291887905414101,2771.17268747349,315.9885942165747,0.01738505060195716,0.00040884004329873276,0.0,0.0,0.0,0.0,0.0,0.0,0.0,0.0,1.0,0.0,0.0,0.0,0.0,0.0,0.0,0.0,0.0,0.0,0.0,0.0,0.0,0.0,0.0,0.0,0.0,0.0,0.0,0.0,0.0,0.0,0.0,0.0,0.0,0.0,0.0,0.0,0.0,0.0,0.0,0.0,0.0,0.0,0.0,0.0,0.0,0.0,0.0,0.0,0.0,0.0,0.0,0.0,0.0,0.0,0.0,0.0,0.0,0.0,0.0548,Normal ZnO
3.0017923491438,419.1326790984824,36.0,-0.9987428158333331,2.7648,-0.6629,11.642574419402289,1,-2.9980185433308346,3.4277,11.642574419402289,9.010757307378254,175672.20268827144,0.9974872121786952,1258.149269393968,-418.6057521305871,1.1418844481290258,-0.002382879850794601,0.0,0.0,0.0,0.0,0.0,0.0,0.0,0.0,0.0,0.0,0.0,0.0,0.0,0.0,0.0,0.0,0.0,0.0,0.0,0.0,0.0,0.0,0.0,0.0,0.0,0.0,0.0,0.0,0.0,0.0,0.0,0.0,1.0,0.0,0.0,0.0,0.0,0.0,0.0,0.0,0.0,0.0,0.0,0.0,0.0,0.0,0.0,0.0,0.0,0.0,0.0,0.0,0.0,0.0,0.0,0.0,0.0,0.0,3.4277,Normal ZnO
4.915828009674183,312.7023008683537,28.0,-2.024981503115764,3.6907,3.0297,11.167939316726917,1,-9.954460792088602,0.661,11.167939316726917,24.165365020697237,97782.7289683624,4.100550087960979,1537.1907292982166,-633.2163752401567,0.13446361400341397,-0.006475748651329152,0.0,0.0,0.0,0.0,0.0,0.0,0.0,0.0,0.0,0.0,0.0,0.0,0.0,0.0,0.0,0.0,0.0,0.0,0.0,0.0,0.0,0.0,0.0,0.0,0.0,0.0,0.0,0.0,0.0,0.0,1.0,0.0,0.0,0.0,0.0,0.0,0.0,0.0,0.0,0.0,0.0,0.0,0.0,0.0,0.0,0.0,0.0,0.0,0.0,0.0,0.0,0.0,0.0,0.0,0.0,0.0,0.0,0.0,0.661,Normal ZnO
5.446922781096103,581.3440981338296,52.0,-2.016907164615384,3.7749,1.4357,11.179694194881337,1,-10.985937582299485,2.3392,11.179694194881337,29.668967783223707,337960.96043503564,4.067914510676869,3166.536411780925,-1172.5170766329898,0.42945349034841185,-0.0034693861537252206,0.0,0.0,0.0,0.0,0.0,0.0,0.0,0.0,0.0,0.0,0.0,0.0,0.0,0.0,0.0,0.0,0.0,0.0,0.0,0.0,0.0,1.0,0.0,0.0,0.0,0.0,0.0,0.0,0.0,0.0,0.0,0.0,0.0,0.0,0.0,0.0,0.0,0.0,0.0,0.0,0.0,0.0,0.0,0.0,0.0,0.0,0.0,0.0,0.0,0.0,0.0,0.0,0.0,0.0,0.0,0.0,0.0,0.0,2.3392,Normal ZnO
4.529740321033096,590.0775344244757,52.0,-2.979183314423077,4.0487,1.4633,11.34764489277838,1,-13.494926783091232,2.5854,11.34764489277838,20.51854737599302,348191.49663246836,8.87553322093687,2672.898000218343,-1757.949144773307,0.5707611952930557,-0.0050487997604056955,0.0,0.0,0.0,0.0,0.0,0.0,0.0,0.0,0.0,0.0,0.0,0.0,0.0,0.0,0.0,0.0,0.0,0.0,0.0,0.0,0.0,0.0,0.0,0.0,0.0,0.0,0.0,0.0,0.0,0.0,0.0,0.0,0.0,0.0,0.0,0.0,0.0,0.0,0.0,0.0,0.0,0.0,0.0,0.0,0.0,0.0,0.0,0.0,0.0,0.0,0.0,0.0,1.0,0.0,0.0,0.0,0.0,0.0,2.5854,Normal ZnO
5.217042867054642,150.4337362401214,14.0,-1.684544337142855,2.5531,2.5998,10.745266874294385,1,-8.788340018328421,-0.046699999999999964,10.745266874294385,27.217536276685713,22630.30899916241,2.8376896238000606,784.8192506159046,-253.41229849853838,0.0,-0.011197915967825168,0.0,0.0,0.0,0.0,0.0,0.0,0.0,0.0,0.0,0.0,0.0,0.0,0.0,0.0,0.0,0.0,0.0,0.0,0.0,1.0,0.0,0.0,0.0,0.0,0.0,0.0,0.0,0.0,0.0,0.0,0.0,0.0,0.0,0.0,0.0,0.0,0.0,0.0,0.0,0.0,0.0,0.0,0.0,0.0,0.0,0.0,0.0,0.0,0.0,0.0,0.0,0.0,0.0,0.0,0.0,0.0,0.0,0.0,0.0,Normal ZnO
2.3080153977582922,116.17335837829994,6.0,-1.824828221249999,1.6184,-2.6441,19.362226396383324,1,-4.211731632908873,4.2625,19.362226396383324,5.3269350762893675,13496.249196892912,3.329998037070436,268.12989994640856,-211.99642292611176,1.8468247673477576,-0.015707802948312283,0.0,0.0,0.0,0.0,0.0,0.0,0.0,0.0,0.0,0.0,0.0,0.0,0.0,0.0,0.0,0.0,0.0,0.0,0.0,0.0,0.0,0.0,0.0,0.0,0.0,0.0,0.0,0.0,0.0,0.0,0.0,0.0,0.0,0.0,0.0,0.0,0.0,0.0,0.0,0.0,0.0,0.0,0.0,0.0,1.0,0.0,0.0,0.0,0.0,0.0,0.0,0.0,0.0,0.0,0.0,0.0,0.0,0.0,4.2625,2D ZnO
4.257584657950709,208.46291296021226,23.0,-2.5115879147826092,5.0106,1.5972,9.063604911313577,1,-10.693298173072849,3.4134,9.063604911313577,18.127027119617253,43456.78607985703,6.308073853682055,887.5484999711136,-523.5729328712481,0.8017221674325937,-0.012048128269520906,0.0,0.0,0.0,0.0,1.0,0.0,0.0,0.0,0.0,0.0,0.0,0.0,0.0,0.0,0.0,0.0,0.0,0.0,0.0,0.0,0.0,0.0,0.0,0.0,0.0,0.0,0.0,0.0,0.0,0.0,0.0,0.0,0.0,0.0,0.0,0.0,0.0,0.0,0.0,0.0,0.0,0.0,0.0,0.0,0.0,0.0,0.0,0.0,0.0,0.0,0.0,0.0,0.0,0.0,0.0,0.0,0.0,0.0,3.4134,Normal ZnO
7.154294748629557,67.7504521495989,5.0,-2.441217454999999,3.4554,1.34636,13.55009042991978,1,-17.465189218569304,2.1090400000000002,13.55009042991978,51.183933350268454,4590.12376647509,5.959542662596672,484.7067040311535,-165.39358637174303,0.0,-0.03603248948965799,0.0,0.0,0.0,0.0,0.0,0.0,0.0,0.0,0.0,0.0,0.0,0.0,0.0,0.0,0.0,0.0,0.0,0.0,0.0,0.0,0.0,0.0,1.0,0.0,0.0,0.0,0.0,0.0,0.0,0.0,0.0,0.0,0.0,0.0,0.0,0.0,0.0,0.0,0.0,0.0,0.0,0.0,0.0,0.0,0.0,0.0,0.0,0.0,0.0,0.0,0.0,0.0,0.0,0.0,0.0,0.0,0.0,0.0,0.0,Normal ZnO
8.520269119854007,59.17670270509917,5.0,-0.9592664469999991,2.6986199999999996,1.1138400000000002,11.835340541019834,1,-8.173208286086162,1.5847799999999994,11.835340541019834,72.59498587473777,3501.882143047691,0.9201921163400021,504.2014326730375,-56.76622534909571,0.0,-0.016210204407305386,0.0,0.0,0.0,0.0,0.0,0.0,0.0,0.0,0.0,0.0,0.0,0.0,0.0,0.0,0.0,0.0,0.0,0.0,0.0,0.0,0.0,0.0,0.0,0.0,0.0,0.0,0.0,0.0,0.0,0.0,0.0,0.0,0.0,0.0,0.0,0.0,1.0,0.0,0.0,0.0,0.0,0.0,0.0,0.0,0.0,0.0,0.0,0.0,0.0,0.0,0.0,0.0,0.0,0.0,0.0,0.0,0.0,0.0,0.0,Normal ZnO
5.286241207400336,44.4463555048899,5.0,-2.114321977000001,2.69826,2.2184800000000005,8.88927110097798,1,-11.17681596052955,0.47977999999999943,8.88927110097798,27.944346102817367,1975.4785176670568,4.470357422425192,234.95415598871378,-93.97390624154369,0.0,-0.04757019901817118,0.0,0.0,0.0,0.0,0.0,0.0,0.0,0.0,0.0,0.0,0.0,0.0,0.0,0.0,0.0,0.0,0.0,0.0,0.0,0.0,0.0,0.0,0.0,0.0,0.0,0.0,0.0,0.0,0.0,0.0,0.0,0.0,0.0,0.0,0.0,0.0,0.0,0.0,0.0,0.0,0.0,0.0,0.0,0.0,0.0,0.0,0.0,1.0,0.0,0.0,0.0,0.0,0.0,0.0,0.0,0.0,0.0,0.0,0.0,Normal ZnO
6.096070583751542,58.92249507561895,5.0,-0.685322464999999,2.6986199999999996,1.1138400000000002,11.784499015123789,1,-4.17777411927059,1.5847799999999994,11.784499015123789,37.16207656208087,3471.860425936339,0.46966688103367493,359.1956889517258,-40.38090956917348,0.0,-0.011630913866096158,0.0,0.0,0.0,0.0,0.0,0.0,0.0,0.0,0.0,0.0,0.0,0.0,0.0,0.0,0.0,0.0,0.0,0.0,0.0,0.0,0.0,0.0,0.0,0.0,0.0,0.0,0.0,0.0,0.0,0.0,0.0,0.0,0.0,0.0,0.0,0.0,0.0,0.0,0.0,0.0,0.0,0.0,0.0,1.0,0.0,0.0,0.0,0.0,0.0,0.0,0.0,0.0,0.0,0.0,0.0,0.0,0.0,0.0,0.0,Normal ZnO
4.7781155825131,71.11550484229129,5.0,-2.246558206999999,4.88044,2.0020000000000002,14.223100968458258,1,-10.734314775889386,2.87844,14.223100968458258,22.8303885198545,5057.4150289739555,5.047023777439051,339.7981018452378,-159.76512104839767,0.0,-0.031590272922649716,0.0,0.0,0.0,0.0,0.0,0.0,0.0,0.0,0.0,0.0,0.0,0.0,0.0,0.0,0.0,0.0,0.0,0.0,0.0,0.0,0.0,0.0,0.0,0.0,0.0,0.0,0.0,0.0,0.0,0.0,0.0,0.0,0.0,0.0,0.0,0.0,0.0,0.0,0.0,0.0,0.0,0.0,0.0,0.0,0.0,0.0,0.0,0.0,0.0,0.0,0.0,0.0,0.0,0.0,0.0,0.0,1.0,0.0,0.0,Normal ZnO
5.893869473325446,65.39671100186958,5.0,-1.267944153999999,2.69862,1.1138400000000002,13.079342200373915,1,-7.473097343142052,1.5847799999999999,13.079342200373915,34.73769736859757,4276.7298098620495,1.607682377662773,385.4396786298054,-82.91937740564795,0.0,-0.019388500347727742,0.0,0.0,0.0,0.0,0.0,0.0,0.0,0.0,0.0,0.0,0.0,0.0,0.0,0.0,0.0,0.0,0.0,0.0,0.0,0.0,0.0,0.0,0.0,0.0,0.0,0.0,0.0,0.0,0.0,0.0,0.0,0.0,0.0,0.0,0.0,0.0,0.0,0.0,0.0,0.0,0.0,0.0,0.0,0.0,0.0,0.0,0.0,0.0,1.0,0.0,0.0,0.0,0.0,0.0,0.0,0.0,0.0,0.0,0.0,Normal ZnO
8.509445632291017,59.639716349152586,5.0,-0.7099510830000001,2.6986199999999996,1.1138400000000002,11.927943269830518,1,-6.041290142374629,1.5847799999999994,11.927943269830518,72.41066496891668,3556.895766207378,0.504030540252873,507.5009237983717,-42.34128121189369,0.0,-0.011903998316217473,0.0,0.0,0.0,0.0,0.0,0.0,0.0,0.0,0.0,0.0,0.0,0.0,0.0,0.0,0.0,0.0,0.0,0.0,0.0,0.0,0.0,0.0,0.0,0.0,0.0,1.0,0.0,0.0,0.0,0.0,0.0,0.0,0.0,0.0,0.0,0.0,0.0,0.0,0.0,0.0,0.0,0.0,0.0,0.0,0.0,0.0,0.0,0.0,0.0,0.0,0.0,0.0,0.0,0.0,0.0,0.0,0.0,0.0,0.0,Normal ZnO
4.71816371378167,56.759817119617246,5.0,-2.284075239666666,2.9406,1.43306,11.351963423923449,1,-10.776640915342435,1.5075399999999999,11.351963423923449,22.26106883004604,3221.676839452395,5.216999700458339,267.8021095346617,-129.6436928909259,0.0,-0.0402410605878652,0.0,0.0,0.0,0.0,0.0,0.0,0.0,0.0,0.0,0.0,0.0,0.0,0.0,0.0,0.0,0.0,0.0,0.0,0.0,0.0,0.0,0.0,0.0,0.0,0.0,0.0,0.0,0.0,0.0,0.0,0.0,0.0,0.0,0.0,0.0,0.0,0.0,0.0,0.0,0.0,0.0,0.0,0.0,0.0,0.0,0.0,0.0,0.0,0.0,0.0,0.0,0.0,1.0,0.0,0.0,0.0,0.0,0.0,0.0,Normal ZnO
5.9917927255139976,51.560302230755426,5.0,-1.410527672,1.98966,1.1904400000000002,10.312060446151085,1,-8.451589444225794,0.7992199999999998,10.312060446151085,35.90158006552246,2658.4647661268427,1.9895883134777395,308.9386438315435,-72.72723307316386,0.0,-0.02735685422647946,0.0,0.0,0.0,0.0,0.0,0.0,0.0,0.0,0.0,0.0,0.0,0.0,0.0,0.0,0.0,0.0,0.0,0.0,0.0,0.0,0.0,1.0,0.0,0.0,0.0,0.0,0.0,0.0,0.0,0.0,0.0,0.0,0.0,0.0,0.0,0.0,0.0,0.0,0.0,0.0,0.0,0.0,0.0,0.0,0.0,0.0,0.0,0.0,0.0,0.0,0.0,0.0,0.0,0.0,0.0,0.0,0.0,0.0,0.0,Normal ZnO
5.05143604595241,54.02571356190828,5.0,-1.6803501710000002,1.98966,1.1904400000000002,10.805142712381656,1,-8.488181423611696,0.7992199999999998,10.805142712381656,25.517006126347315,2918.7777258733604,2.82357669717973,272.9074368949235,-90.7821170221496,0.0,-0.031102785326000002,0.0,0.0,0.0,0.0,0.0,0.0,0.0,0.0,0.0,0.0,0.0,0.0,0.0,0.0,0.0,0.0,0.0,0.0,0.0,0.0,0.0,0.0,0.0,0.0,0.0,0.0,0.0,0.0,0.0,0.0,0.0,0.0,0.0,0.0,0.0,0.0,0.0,0.0,0.0,0.0,0.0,0.0,0.0,0.0,0.0,0.0,0.0,0.0,0.0,0.0,0.0,0.0,0.0,1.0,0.0,0.0,0.0,0.0,0.0,Normal ZnO
5.3488947483032945,52.26198479368501,5.0,-1.258271146586206,1.98966,1.1904400000000002,10.452396958737001,1,-6.730359927916522,0.7992199999999998,10.452396958737001,28.610675028426563,2731.3150545753633,1.5832462783313654,279.54385599884836,-65.7597475292209,0.0,-0.024076221971926468,0.0,0.0,0.0,0.0,0.0,0.0,0.0,0.0,0.0,0.0,0.0,0.0,0.0,0.0,0.0,0.0,0.0,0.0,0.0,0.0,0.0,0.0,0.0,0.0,0.0,0.0,0.0,0.0,0.0,0.0,1.0,0.0,0.0,0.0,0.0,0.0,0.0,0.0,0.0,0.0,0.0,0.0,0.0,0.0,0.0,0.0,0.0,0.0,0.0,0.0,0.0,0.0,0.0,0.0,0.0,0.0,0.0,0.0,0.0,Normal ZnO
4.28485740255622,78.40702484441908,8.0,-2.693945698125,6.8918,4.0592,9.800878105552385,1,-11.54317316669539,2.8326000000000002,9.800878105552385,18.360002960240838,6147.661544953351,7.2573434244461925,335.9629208170186,-211.22426728240276,0.6610721743762474,-0.034358473663176514,0.0,0.0,0.0,0.0,0.0,0.0,0.0,0.0,0.0,0.0,0.0,0.0,0.0,0.0,0.0,0.0,0.0,0.0,0.0,0.0,0.0,0.0,0.0,0.0,0.0,0.0,0.0,0.0,0.0,1.0,0.0,0.0,0.0,0.0,0.0,0.0,0.0,0.0,0.0,0.0,0.0,0.0,0.0,0.0,0.0,0.0,0.0,0.0,0.0,0.0,0.0,0.0,0.0,0.0,0.0,0.0,0.0,0.0,2.8326000000000002,Normal ZnO
5.638793192137559,52.11003339679049,5.0,-0.541100275,1.98966,1.1904400000000002,10.422006679358098,1,-3.051152546933761,0.7992199999999998,10.422006679358098,31.795988663696882,2715.4555806146204,0.29278950760507566,293.83770155988304,-28.19675340126252,0.0,-0.01038380211503236,0.0,0.0,0.0,0.0,0.0,0.0,0.0,0.0,0.0,0.0,0.0,0.0,0.0,0.0,0.0,0.0,1.0,0.0,0.0,0.0,0.0,0.0,0.0,0.0,0.0,0.0,0.0,0.0,0.0,0.0,0.0,0.0,0.0,0.0,0.0,0.0,0.0,0.0,0.0,0.0,0.0,0.0,0.0,0.0,0.0,0.0,0.0,0.0,0.0,0.0,0.0,0.0,0.0,0.0,0.0,0.0,0.0,0.0,0.0,Normal ZnO
5.975383989729056,69.67818890775195,5.0,-1.844181115,4.88044,2.0020000000000002,13.935637781550389,1,-11.019690308731679,2.87844,13.935637781550389,35.70521382471033,4855.050009464366,3.401003984922643,416.35393443269766,-128.4992001110786,0.0,-0.026467121834086997,0.0,0.0,0.0,0.0,0.0,1.0,0.0,0.0,0.0,0.0,0.0,0.0,0.0,0.0,0.0,0.0,0.0,0.0,0.0,0.0,0.0,0.0,0.0,0.0,0.0,0.0,0.0,0.0,0.0,0.0,0.0,0.0,0.0,0.0,0.0,0.0,0.0,0.0,0.0,0.0,0.0,0.0,0.0,0.0,0.0,0.0,0.0,0.0,0.0,0.0,0.0,0.0,0.0,0.0,0.0,0.0,0.0,0.0,0.0,Normal ZnO
4.374759928378614,58.258778748431645,5.0,-1.8021280789999992,2.6986199999999996,1.1138400000000002,11.651755749686329,1,-7.8838777058151255,1.5847799999999994,11.651755749686329,19.138524430947257,3394.085301258711,3.247665613120227,254.86817074491435,-104.98978103079709,0.0,-0.03093315922020616,0.0,0.0,0.0,0.0,0.0,0.0,0.0,0.0,0.0,0.0,1.0,0.0,0.0,0.0,0.0,0.0,0.0,0.0,0.0,0.0,0.0,0.0,0.0,0.0,0.0,0.0,0.0,0.0,0.0,0.0,0.0,0.0,0.0,0.0,0.0,0.0,0.0,0.0,0.0,0.0,0.0,0.0,0.0,0.0,0.0,0.0,0.0,0.0,0.0,0.0,0.0,0.0,0.0,0.0,0.0,0.0,0.0,0.0,0.0,Normal ZnO
8.311758825701606,56.07202994545843,5.0,-2.285035998999999,1.98966,1.1904400000000002,11.214405989091686,1,-18.992668131734128,0.7992199999999998,11.214405989091686,69.08533477662854,3144.072542204387,5.221389516725923,466.0571897741689,-128.12660696237847,0.0,-0.040751797308259854,0.0,0.0,0.0,0.0,0.0,0.0,0.0,0.0,0.0,0.0,0.0,0.0,0.0,0.0,0.0,0.0,0.0,1.0,0.0,0.0,0.0,0.0,0.0,0.0,0.0,0.0,0.0,0.0,0.0,0.0,0.0,0.0,0.0,0.0,0.0,0.0,0.0,0.0,0.0,0.0,0.0,0.0,0.0,0.0,0.0,0.0,0.0,0.0,0.0,0.0,0.0,0.0,0.0,0.0,0.0,0.0,0.0,0.0,0.0,Normal ZnO
3.70533620752247,68.34503711356686,5.0,-0.938129754449999,3.4554,1.34636,13.669007422713372,1,-3.476086146517745,2.1090400000000002,13.669007422713372,13.729516410777,4671.044098054832,0.8800874361844154,253.24134062136628,-64.11651288522656,0.0,-0.013726377130955938,0.0,0.0,0.0,0.0,0.0,0.0,0.0,0.0,0.0,0.0,0.0,0.0,0.0,0.0,0.0,0.0,0.0,0.0,0.0,0.0,0.0,0.0,0.0,0.0,0.0,0.0,1.0,0.0,0.0,0.0,0.0,0.0,0.0,0.0,0.0,0.0,0.0,0.0,0.0,0.0,0.0,0.0,0.0,0.0,0.0,0.0,0.0,0.0,0.0,0.0,0.0,0.0,0.0,0.0,0.0,0.0,0.0,0.0,0.0,Normal ZnO
6.912586053211705,60.61046362504101,5.0,-2.522841183999999,2.6986199999999996,1.1138400000000002,12.122092725008201,1,-17.439356782986497,1.5847799999999994,12.122092725008201,47.78384594305698,3673.628300842419,6.3647276396865164,418.97504553315383,-152.9105738145873,0.0,-0.04162385557066908,0.0,0.0,0.0,0.0,0.0,0.0,0.0,0.0,0.0,0.0,0.0,0.0,0.0,0.0,0.0,0.0,0.0,0.0,0.0,0.0,0.0,0.0,0.0,0.0,0.0,0.0,0.0,1.0,0.0,0.0,0.0,0.0,0.0,0.0,0.0,0.0,0.0,0.0,0.0,0.0,0.0,0.0,0.0,0.0,0.0,0.0,0.0,0.0,0.0,0.0,0.0,0.0,0.0,0.0,0.0,0.0,0.0,0.0,0.0,Normal ZnO
4.101381154433109,55.75597083930134,5.0,-1.227882606,1.98966,1.1904400000000002,11.151194167860268,1,-5.036014580104615,0.7992199999999998,11.151194167860268,16.82132737393906,3108.7282842330214,1.5076956941173514,228.67648804743249,-68.46178677422134,0.0,-0.022022441498489496,0.0,0.0,0.0,0.0,0.0,0.0,0.0,0.0,0.0,0.0,0.0,0.0,0.0,0.0,0.0,0.0,0.0,0.0,0.0,0.0,0.0,0.0,0.0,0.0,0.0,0.0,0.0,0.0,0.0,1.0,0.0,0.0,0.0,0.0,0.0,0.0,0.0,0.0,0.0,0.0,0.0,0.0,0.0,0.0,0.0,0.0,0.0,0.0,0.0,0.0,0.0,0.0,0.0,0.0,0.0,0.0,0.0,0.0,0.0,Normal ZnO
3.79724450394603,59.646539963363715,5.0,-0.848936643275862,2.6986199999999996,1.1138400000000002,11.929307992672744,1,-3.2236200028776585,1.5847799999999994,11.929307992672744,14.41906582274833,3557.7097296011448,0.7206934242964882,226.4924960552801,-50.63613341951755,0.0,-0.014232789425795672,0.0,0.0,0.0,0.0,0.0,0.0,0.0,0.0,0.0,0.0,0.0,0.0,0.0,0.0,0.0,0.0,0.0,0.0,0.0,0.0,0.0,0.0,0.0,0.0,0.0,0.0,0.0,0.0,0.0,0.0,0.0,0.0,0.0,1.0,0.0,0.0,0.0,0.0,0.0,0.0,0.0,0.0,0.0,0.0,0.0,0.0,0.0,0.0,0.0,0.0,0.0,0.0,0.0,0.0,0.0,0.0,0.0,0.0,0.0,Normal ZnO
5.294603309951961,63.04788092844678,5.0,-1.871074826999999,2.69862,1.1138400000000002,12.609576185689356,1,-9.906598972201989,1.5847799999999999,12.609576185689356,28.032824209754263,3975.0352895676033,3.5009210082330764,333.81351904921144,-117.9673029009101,0.0,-0.029677045436681485,0.0,0.0,0.0,0.0,0.0,0.0,0.0,0.0,0.0,0.0,0.0,0.0,0.0,0.0,0.0,0.0,0.0,0.0,0.0,0.0,0.0,0.0,0.0,0.0,0.0,0.0,0.0,0.0,0.0,0.0,0.0,0.0,0.0,0.0,0.0,0.0,0.0,0.0,0.0,0.0,0.0,0.0,0.0,0.0,0.0,0.0,0.0,0.0,0.0,1.0,0.0,0.0,0.0,0.0,0.0,0.0,0.0,0.0,0.0,Normal ZnO
8.881573096002107,53.55546376489233,5.0,-2.107668983249999,1.98966,1.1904400000000002,10.711092752978466,1,-18.719416136911306,0.7992199999999998,10.711092752978466,78.88234065962845,2868.1876990726955,4.442268542954085,475.65676611818344,-112.87718986083279,0.0,-0.03935488249159103,0.0,0.0,0.0,0.0,0.0,0.0,0.0,0.0,0.0,0.0,0.0,0.0,0.0,0.0,0.0,0.0,0.0,0.0,0.0,0.0,0.0,0.0,0.0,0.0,0.0,0.0,0.0,0.0,0.0,0.0,0.0,0.0,0.0,0.0,0.0,0.0,0.0,0.0,0.0,0.0,0.0,0.0,0.0,0.0,0.0,0.0,0.0,0.0,0.0,0.0,0.0,0.0,0.0,0.0,0.0,1.0,0.0,0.0,0.0,Normal ZnO
8.463478774783361,60.89549963874947,5.0,-0.153992088999999,2.6986199999999996,1.1138400000000002,12.179099927749894,1,-1.3033087767360418,1.5847799999999994,12.179099927749894,71.63047297120846,3708.261876252937,0.023713563474583612,515.387768672384,-9.377425200069716,0.0,-0.0025287926023027426,0.0,0.0,0.0,1.0,0.0,0.0,0.0,0.0,0.0,0.0,0.0,0.0,0.0,0.0,0.0,0.0,0.0,0.0,0.0,0.0,0.0,0.0,0.0,0.0,0.0,0.0,0.0,0.0,0.0,0.0,0.0,0.0,0.0,0.0,0.0,0.0,0.0,0.0,0.0,0.0,0.0,0.0,0.0,0.0,0.0,0.0,0.0,0.0,0.0,0.0,0.0,0.0,0.0,0.0,0.0,0.0,0.0,0.0,0.0,Normal ZnO
5.34742323855386,38.57356425344683,5.0,-1.038755996833332,2.5886000000000005,2.0831600000000003,7.7147128506893665,1,-5.55466795665374,0.5054400000000001,7.7147128506893665,28.594935292225856,1487.9198592147914,1.0790140209572092,206.26917388273208,-40.06852118750375,0.0,-0.026929219970656754,0.0,0.0,0.0,0.0,1.0,0.0,0.0,0.0,0.0,0.0,0.0,0.0,0.0,0.0,0.0,0.0,0.0,0.0,0.0,0.0,0.0,0.0,0.0,0.0,0.0,0.0,0.0,0.0,0.0,0.0,0.0,0.0,0.0,0.0,0.0,0.0,0.0,0.0,0.0,0.0,0.0,0.0,0.0,0.0,0.0,0.0,0.0,0.0,0.0,0.0,0.0,0.0,0.0,0.0,0.0,0.0,0.0,0.0,0.0,Normal ZnO
8.945928088642482,59.84143837094604,5.0,-1.211798521,2.6986199999999996,1.1138400000000002,11.968287674189208,1,-10.840662426789317,1.5847799999999994,11.968287674189208,80.02962936716253,3580.9977463037326,1.4684556554977874,535.3372043874142,-72.51576651242506,0.0,-0.02025015698132596,0.0,0.0,0.0,0.0,0.0,0.0,0.0,1.0,0.0,0.0,0.0,0.0,0.0,0.0,0.0,0.0,0.0,0.0,0.0,0.0,0.0,0.0,0.0,0.0,0.0,0.0,0.0,0.0,0.0,0.0,0.0,0.0,0.0,0.0,0.0,0.0,0.0,0.0,0.0,0.0,0.0,0.0,0.0,0.0,0.0,0.0,0.0,0.0,0.0,0.0,0.0,0.0,0.0,0.0,0.0,0.0,0.0,0.0,0.0,Normal ZnO
5.420391503207033,56.102008719176524,5.0,-1.1479751685,1.98966,1.1904400000000002,11.220401743835305,1,-6.2224748492300614,0.7992199999999998,11.220401743835305,29.380644048039,3147.4353823265587,1.3178469874926033,304.0948513742713,-64.40371291258514,0.0,-0.020462282807845424,0.0,0.0,0.0,0.0,0.0,0.0,0.0,0.0,0.0,0.0,0.0,0.0,0.0,0.0,0.0,0.0,0.0,0.0,0.0,0.0,1.0,0.0,0.0,0.0,0.0,0.0,0.0,0.0,0.0,0.0,0.0,0.0,0.0,0.0,0.0,0.0,0.0,0.0,0.0,0.0,0.0,0.0,0.0,0.0,0.0,0.0,0.0,0.0,0.0,0.0,0.0,0.0,0.0,0.0,0.0,0.0,0.0,0.0,0.0,Normal ZnO
4.573763042162006,72.20306426586795,5.0,-0.8810291984999991,4.99532,2.40322,14.44061285317359,1,-4.029618787164909,2.5921000000000003,14.44061285317359,20.919308365847048,5213.2824893810575,0.7762124486095507,330.239706870075,-63.61300783940156,0.0,-0.01220210260406471,0.0,0.0,0.0,0.0,0.0,0.0,0.0,0.0,0.0,0.0,0.0,0.0,0.0,0.0,0.0,0.0,0.0,0.0,0.0,0.0,0.0,0.0,0.0,0.0,0.0,0.0,0.0,0.0,0.0,0.0,0.0,0.0,0.0,0.0,0.0,0.0,0.0,0.0,0.0,0.0,0.0,1.0,0.0,0.0,0.0,0.0,0.0,0.0,0.0,0.0,0.0,0.0,0.0,0.0,0.0,0.0,0.0,0.0,0.0,Normal ZnO
4.728391300139916,42.991823945284224,5.0,-1.192388182,2.6982600000000003,2.2184800000000005,8.598364789056845,1,-5.6380779061584505,0.4797799999999999,8.598364789056845,22.357684287238843,1848.296926142314,1.421789576573265,203.28216632002884,-51.26294279498152,0.0,-0.027735231320205316,0.0,0.0,0.0,0.0,0.0,0.0,1.0,0.0,0.0,0.0,0.0,0.0,0.0,0.0,0.0,0.0,0.0,0.0,0.0,0.0,0.0,0.0,0.0,0.0,0.0,0.0,0.0,0.0,0.0,0.0,0.0,0.0,0.0,0.0,0.0,0.0,0.0,0.0,0.0,0.0,0.0,0.0,0.0,0.0,0.0,0.0,0.0,0.0,0.0,0.0,0.0,0.0,0.0,0.0,0.0,0.0,0.0,0.0,0.0,Normal ZnO
12.109489860186077,195.9981036828627,16.0,-0.7652031637499991,5.6325,5.6572,12.249881480178919,1,-9.26621995241292,-0.024699999999999278,12.249881480178919,146.63974467394942,38415.2566472782,0.5855358818130079,2373.4370491633254,-149.9783690271269,0.0,-0.003904135547087466,0.0,0.0,0.0,0.0,0.0,0.0,0.0,0.0,0.0,0.0,0.0,0.0,0.0,0.0,0.0,0.0,0.0,0.0,0.0,0.0,0.0,0.0,0.0,0.0,0.0,0.0,0.0,0.0,0.0,0.0,0.0,0.0,0.0,0.0,0.0,0.0,0.0,0.0,0.0,0.0,1.0,0.0,0.0,0.0,0.0,0.0,0.0,0.0,0.0,0.0,0.0,0.0,0.0,0.0,0.0,0.0,0.0,0.0,0.0,Normal ZnO
5.863110178918666,211.2391442006029,14.0,-1.402911308571427,5.2745,5.2357,15.088510300043065,1,-8.22542357340524,0.03880000000000017,15.088510300043065,34.376060970139676,44621.976042603106,1.9681601397175938,1238.5183765486229,-296.3497842119762,0.006617648110981924,-0.0066413415651748456,0.0,0.0,0.0,0.0,0.0,0.0,0.0,0.0,0.0,0.0,0.0,0.0,0.0,0.0,0.0,0.0,0.0,0.0,0.0,0.0,0.0,0.0,0.0,0.0,0.0,0.0,0.0,0.0,0.0,0.0,0.0,0.0,0.0,0.0,0.0,0.0,0.0,0.0,0.0,0.0,0.0,0.0,0.0,0.0,0.0,1.0,0.0,0.0,0.0,0.0,0.0,0.0,0.0,0.0,0.0,0.0,0.0,0.0,0.0388,Normal ZnO
6.05583831493055,201.17112389419435,14.0,-1.5736040649999992,4.798419999999999,4.31024,14.369365992442454,1,-9.529491789357458,0.48817999999999895,14.369365992442454,36.67317769658088,40469.82108885329,2.4762297533845214,1218.2597999361028,-316.5636983205227,0.0,-0.007822216402328367,0.0,0.0,0.0,0.0,0.0,0.0,0.0,0.0,0.0,0.0,0.0,0.0,0.0,0.0,0.0,0.0,0.0,0.0,0.0,0.0,0.0,0.0,0.0,0.0,0.0,0.0,0.0,0.0,0.0,0.0,0.0,0.0,0.0,0.0,0.0,0.0,0.0,0.0,0.0,0.0,0.0,0.0,0.0,0.0,0.0,0.0,0.0,0.0,1.0,0.0,0.0,0.0,0.0,0.0,0.0,0.0,0.0,0.0,0.0,Normal ZnO
8.081516988967463,224.9391921650585,14.0,-1.489554818571428,4.1823,3.7846,16.067085154647035,1,-12.037862572283343,0.3976999999999995,16.067085154647035,65.31091684296973,50597.64017186911,2.2187735575293597,1817.8499029665372,-335.0592575750273,0.04921105784259587,-0.006622033289238476,0.0,0.0,0.0,0.0,0.0,0.0,0.0,1.0,0.0,0.0,0.0,0.0,0.0,0.0,0.0,0.0,0.0,0.0,0.0,0.0,0.0,0.0,0.0,0.0,0.0,0.0,0.0,0.0,0.0,0.0,0.0,0.0,0.0,0.0,0.0,0.0,0.0,0.0,0.0,0.0,0.0,0.0,0.0,0.0,0.0,0.0,0.0,0.0,0.0,0.0,0.0,0.0,0.0,0.0,0.0,0.0,0.0,0.0,0.39769999999999905,Normal ZnO
8.890453563138637,185.68945058230787,14.0,-1.547246136428571,3.9581,3.2499000000000002,13.263532184450563,1,-13.755719926663879,0.7081999999999997,13.263532184450563,79.04016455832449,34480.57205755936,2.39397060669314,1650.8634375667348,-287.30728498901993,0.07965847804844514,-0.008332439627434546,0.0,0.0,0.0,0.0,0.0,0.0,0.0,0.0,0.0,0.0,0.0,0.0,0.0,0.0,0.0,0.0,0.0,0.0,0.0,0.0,0.0,0.0,0.0,0.0,0.0,0.0,0.0,0.0,0.0,0.0,0.0,0.0,0.0,0.0,0.0,0.0,0.0,0.0,0.0,0.0,0.0,0.0,0.0,0.0,0.0,0.0,0.0,0.0,0.0,0.0,0.0,0.0,0.0,0.0,1.0,0.0,0.0,0.0,0.7082,Normal ZnO
4.795119393938517,155.93136731917525,14.0,-2.866758215238095,5.9217,5.9498,11.137954808512518,1,-13.746447915620758,-0.028099999999999348,11.137954808512518,22.99317000212529,24314.591314027555,8.218302664635107,747.7095235555279,-447.01752827555464,0.0,-0.018384743650519907,0.0,0.0,0.0,0.0,0.0,0.0,0.0,0.0,0.0,0.0,0.0,0.0,0.0,0.0,0.0,0.0,0.0,0.0,0.0,0.0,0.0,0.0,0.0,0.0,0.0,0.0,0.0,0.0,0.0,0.0,0.0,0.0,0.0,0.0,0.0,0.0,0.0,0.0,0.0,0.0,0.0,0.0,0.0,0.0,0.0,0.0,0.0,0.0,0.0,0.0,0.0,0.0,1.0,0.0,0.0,0.0,0.0,0.0,0.0,Normal ZnO
10.191484547303592,167.44418074615692,14.0,-1.062269077857142,5.4413,5.1177,11.960298624725494,1,-10.826098892059498,0.3235999999999999,11.960298624725494,103.8663572779279,28037.553665751668,1.1284155937714628,1706.5047806103678,-177.87077547376472,0.03175199829799235,-0.006344019082201055,0.0,0.0,0.0,0.0,0.0,0.0,0.0,0.0,0.0,0.0,0.0,0.0,0.0,0.0,0.0,0.0,0.0,0.0,0.0,0.0,0.0,0.0,0.0,0.0,0.0,1.0,0.0,0.0,0.0,0.0,0.0,0.0,0.0,0.0,0.0,0.0,0.0,0.0,0.0,0.0,0.0,0.0,0.0,0.0,0.0,0.0,0.0,0.0,0.0,0.0,0.0,0.0,0.0,0.0,0.0,0.0,0.0,0.0,0.323599999999999,Normal ZnO
6.1793594303645865,168.50339037439284,14.0,-1.810101155,3.6807,3.2583,12.035956455313775,1,-11.18526564206308,0.42239999999999966,12.035956455313775,38.184482969635745,28393.392567665025,3.2764661913323336,1041.2430143584097,-305.00818153810434,0.06835659986444212,-0.010742223945632122,0.0,0.0,0.0,0.0,0.0,0.0,0.0,0.0,0.0,0.0,0.0,0.0,0.0,0.0,0.0,0.0,0.0,0.0,0.0,0.0,0.0,0.0,0.0,0.0,0.0,0.0,0.0,0.0,0.0,0.0,0.0,0.0,0.0,0.0,0.0,0.0,0.0,0.0,0.0,0.0,0.0,0.0,0.0,0.0,0.0,0.0,0.0,0.0,1.0,0.0,0.0,0.0,0.0,0.0,0.0,0.0,0.0,0.0,0.42239999999999905,Normal ZnO
5.004190848001296,158.80219870704428,14.0,-1.904358248694582,2.8284000000000002,2.8704,11.343014193360306,1,-9.529772119433204,-0.041999999999999815,11.343014193360306,25.04192604321993,25218.138314191576,3.6265803393710954,794.6765094122743,-302.41627701859585,0.0,-0.01199201436881684,0.0,0.0,0.0,0.0,0.0,0.0,0.0,0.0,0.0,0.0,0.0,0.0,0.0,0.0,0.0,0.0,0.0,0.0,0.0,0.0,0.0,0.0,0.0,0.0,0.0,0.0,0.0,0.0,0.0,0.0,1.0,0.0,0.0,0.0,0.0,0.0,0.0,0.0,0.0,0.0,0.0,0.0,0.0,0.0,0.0,0.0,0.0,0.0,0.0,0.0,0.0,0.0,0.0,0.0,0.0,0.0,0.0,0.0,0.0,Normal ZnO
5.7688237012183645,147.66474688358116,14.0,-1.084094698571428,3.1458,3.201,10.547481920255796,1,-6.253951191484032,-0.05520000000000014,10.547481920255796,33.27932689573875,21804.877472192093,1.1752613154706752,851.8518916564136,-160.08256926238212,0.0,-0.007341594533908136,0.0,0.0,0.0,0.0,0.0,0.0,0.0,0.0,0.0,0.0,0.0,0.0,0.0,0.0,0.0,0.0,1.0,0.0,0.0,0.0,0.0,0.0,0.0,0.0,0.0,0.0,0.0,0.0,0.0,0.0,0.0,0.0,0.0,0.0,0.0,0.0,0.0,0.0,0.0,0.0,0.0,0.0,0.0,0.0,0.0,0.0,0.0,0.0,0.0,0.0,0.0,0.0,0.0,0.0,0.0,0.0,0.0,0.0,0.0,Normal ZnO
5.935529751141125,179.7679308312855,14.0,-1.707173186428571,5.144,5.1772,12.840566487948964,1,-10.132977238397178,-0.033199999999999896,12.840566487948964,35.230513426681426,32316.508955361845,2.9144402884606806,1067.017901750175,-306.8949912949166,0.0,-0.009496539113145687,0.0,0.0,0.0,0.0,0.0,0.0,0.0,0.0,0.0,0.0,0.0,0.0,0.0,0.0,0.0,0.0,0.0,0.0,0.0,0.0,0.0,0.0,0.0,0.0,0.0,0.0,0.0,0.0,0.0,0.0,0.0,1.0,0.0,0.0,0.0,0.0,0.0,0.0,0.0,0.0,0.0,0.0,0.0,0.0,0.0,0.0,0.0,0.0,0.0,0.0,0.0,0.0,0.0,0.0,0.0,0.0,0.0,0.0,0.0,Normal ZnO
6.267796765214028,182.87875517736353,14.0,-0.6080478340476181,1.3149,1.3353000000000002,13.062768226954537,1,-3.8111202473390566,-0.020400000000000196,13.062768226954537,39.28527629002743,33444.63909522207,0.3697221684899997,1146.2468701270473,-111.19903097892052,0.0,-0.003324868618325336,1.0,0.0,0.0,0.0,0.0,0.0,0.0,0.0,0.0,0.0,0.0,0.0,0.0,0.0,0.0,0.0,0.0,0.0,0.0,0.0,0.0,0.0,0.0,0.0,0.0,0.0,0.0,0.0,0.0,0.0,0.0,0.0,0.0,0.0,0.0,0.0,0.0,0.0,0.0,0.0,0.0,0.0,0.0,0.0,0.0,0.0,0.0,0.0,0.0,0.0,0.0,0.0,0.0,0.0,0.0,0.0,0.0,0.0,0.0,Normal ZnO
4.884105583373857,157.27154540053226,14.0,-2.26858577857143,3.9335199999999992,2.97658,11.233681814323733,1,-11.080012467483249,0.9569399999999995,11.233681814323733,23.85448734954368,24734.33899267168,5.146481434736541,768.1308329965746,-356.78399126959846,0.0,-0.014424642250407696,0.0,0.0,0.0,0.0,0.0,0.0,0.0,0.0,0.0,0.0,0.0,0.0,0.0,0.0,0.0,0.0,0.0,0.0,0.0,0.0,0.0,0.0,0.0,0.0,0.0,0.0,0.0,0.0,0.0,0.0,0.0,0.0,0.0,0.0,0.0,0.0,0.0,0.0,0.0,0.0,0.0,0.0,0.0,0.0,0.0,0.0,0.0,0.0,0.0,0.0,0.0,0.0,0.0,1.0,0.0,0.0,0.0,0.0,0.0,Normal ZnO
5.335785441202922,150.06237695876197,14.0,-1.7450259114285722,3.9312,2.2626,10.718741211340141,1,-9.311083852722435,1.6686,10.718741211340141,28.47060627455306,22518.716978513577,3.0451154315571194,800.7006462488669,-261.86273612360156,0.3127187212430011,-0.011628670335590617,0.0,0.0,0.0,0.0,0.0,0.0,0.0,0.0,0.0,0.0,0.0,0.0,0.0,0.0,0.0,0.0,0.0,0.0,0.0,1.0,0.0,0.0,0.0,0.0,0.0,0.0,0.0,0.0,0.0,0.0,0.0,0.0,0.0,0.0,0.0,0.0,0.0,0.0,0.0,0.0,0.0,0.0,0.0,0.0,0.0,0.0,0.0,0.0,0.0,0.0,0.0,0.0,0.0,0.0,0.0,0.0,0.0,0.0,1.6686,Normal ZnO
5.33695726922689,145.23924623953494,14.0,-2.2772387178571423,4.13476,3.4505000000000003,10.374231874252496,1,-12.153525729032598,0.6842599999999996,10.374231874252496,28.483112893553738,21094.438648228264,5.1858161781076415,775.1356509951202,-330.7444348890563,0.0,-0.015679224292457567,0.0,0.0,0.0,0.0,0.0,0.0,0.0,0.0,0.0,0.0,0.0,0.0,0.0,0.0,1.0,0.0,0.0,0.0,0.0,0.0,0.0,0.0,0.0,0.0,0.0,0.0,0.0,0.0,0.0,0.0,0.0,0.0,0.0,0.0,0.0,0.0,0.0,0.0,0.0,0.0,0.0,0.0,0.0,0.0,0.0,0.0,0.0,0.0,0.0,0.0,0.0,0.0,0.0,0.0,0.0,0.0,0.0,0.0,0.0,Normal ZnO
6.096810445379641,164.0902194785369,14.0,-1.057176666428571,3.3535000000000004,2.1714,11.720729962752637,1,-6.445405742493341,1.1821000000000002,11.720729962752637,37.1710976068903,26925.600128514412,1.1176225040410264,1000.4269641013817,-173.47235122185222,0.0,-0.006442654960107787,0.0,0.0,0.0,0.0,0.0,0.0,0.0,0.0,0.0,0.0,0.0,0.0,0.0,0.0,0.0,0.0,0.0,0.0,0.0,0.0,0.0,0.0,0.0,0.0,0.0,0.0,0.0,0.0,0.0,0.0,0.0,0.0,0.0,0.0,0.0,0.0,0.0,0.0,0.0,1.0,0.0,0.0,0.0,0.0,0.0,0.0,0.0,0.0,0.0,0.0,0.0,0.0,0.0,0.0,0.0,0.0,0.0,0.0,0.0,Normal ZnO
4.625888662745583,131.64714277394958,14.0,-3.021072628571429,7.8218,3.9758,9.403367340996398,1,-13.97514562183957,3.8459999999999996,9.403367340996398,21.398845920118116,17330.970200544667,9.126879827103483,608.9850252408625,-397.71557966401406,0.8314078181287875,-0.022948258237240227,0.0,1.0,0.0,0.0,0.0,0.0,0.0,0.0,0.0,0.0,0.0,0.0,0.0,0.0,0.0,0.0,0.0,0.0,0.0,0.0,0.0,0.0,0.0,0.0,0.0,0.0,0.0,0.0,0.0,0.0,0.0,0.0,0.0,0.0,0.0,0.0,0.0,0.0,0.0,0.0,0.0,0.0,0.0,0.0,0.0,0.0,0.0,0.0,0.0,0.0,0.0,0.0,0.0,0.0,0.0,0.0,0.0,0.0,3.845999999999999,Normal ZnO
7.171915971174942,155.2282326923861,14.0,-1.30145586428571,4.7181,3.7857000000000003,11.087730906599006,1,-9.33393209884997,0.9323999999999995,11.087730906599006,51.43637869759421,24095.80422480156,1.6937873666836643,1113.283841223784,-202.02269374021262,0.13000710043835725,-0.008384144054933545,0.0,0.0,0.0,0.0,0.0,0.0,0.0,0.0,0.0,0.0,0.0,0.0,0.0,0.0,0.0,0.0,0.0,0.0,0.0,0.0,0.0,0.0,0.0,0.0,0.0,0.0,0.0,0.0,0.0,0.0,0.0,0.0,0.0,0.0,0.0,0.0,0.0,0.0,0.0,0.0,0.0,0.0,0.0,1.0,0.0,0.0,0.0,0.0,0.0,0.0,0.0,0.0,0.0,0.0,0.0,0.0,0.0,0.0,0.9323999999999991,Normal ZnO
5.266284422734016,140.56817096329766,14.0,-2.302588759285714,5.5813,3.2177,10.040583640235548,1,-12.126087314988801,2.3636,10.040583640235548,27.733751621130953,19759.41068796688,5.301914994388923,740.2719690762266,-323.6706903734417,0.4488173843776037,-0.016380584192753848,0.0,0.0,0.0,0.0,0.0,0.0,0.0,0.0,0.0,0.0,0.0,0.0,0.0,0.0,0.0,0.0,0.0,0.0,0.0,0.0,0.0,0.0,0.0,0.0,0.0,0.0,0.0,0.0,0.0,0.0,0.0,0.0,0.0,0.0,0.0,0.0,0.0,0.0,0.0,0.0,0.0,0.0,0.0,0.0,0.0,0.0,0.0,1.0,0.0,0.0,0.0,0.0,0.0,0.0,0.0,0.0,0.0,0.0,2.3636,Normal ZnO
6.151538832288072,145.1475013418485,14.0,-2.176957137857143,4.0374,1.7269,10.367678667274893,1,-13.391636369754911,2.3104999999999998,10.367678667274893,37.84143000514809,21067.797145781915,4.739142380067163,892.8804909139661,-315.97988908826636,0.37559707627507666,-0.014998240532780628,0.0,0.0,0.0,0.0,0.0,0.0,0.0,0.0,0.0,0.0,0.0,0.0,0.0,0.0,0.0,0.0,0.0,0.0,0.0,0.0,1.0,0.0,0.0,0.0,0.0,0.0,0.0,0.0,0.0,0.0,0.0,0.0,0.0,0.0,0.0,0.0,0.0,0.0,0.0,0.0,0.0,0.0,0.0,0.0,0.0,0.0,0.0,0.0,0.0,0.0,0.0,0.0,0.0,0.0,0.0,0.0,0.0,0.0,2.310499999999999,Normal ZnO
6.25645800931237,131.25844028644565,14.0,-1.410660542857143,4.31394,2.59938,9.37560287760326,1,-8.825738451779507,1.7145599999999996,9.37560287760326,39.1432668222889,17228.778146430417,1.9899631671740095,821.2129200199823,-185.16110262905931,0.0,-0.010747198730829459,0.0,0.0,0.0,0.0,0.0,0.0,0.0,0.0,0.0,0.0,0.0,0.0,0.0,1.0,0.0,0.0,0.0,0.0,0.0,0.0,0.0,0.0,0.0,0.0,0.0,0.0,0.0,0.0,0.0,0.0,0.0,0.0,0.0,0.0,0.0,0.0,0.0,0.0,0.0,0.0,0.0,0.0,0.0,0.0,0.0,0.0,0.0,0.0,0.0,0.0,0.0,0.0,0.0,0.0,0.0,0.0,0.0,0.0,0.0,Normal ZnO
6.423869048604607,185.62154968060707,14.0,-1.9064492869047611,4.7734000000000005,3.5943,13.258682120043362,1,-12.246780566881819,1.1791000000000005,13.258682120043362,41.266093553620266,34455.35970583008,3.634548883539672,1192.4085277472743,-353.87807102275,0.1835498188208122,-0.010270624774898852,0.0,0.0,0.0,0.0,0.0,0.0,0.0,0.0,0.0,0.0,0.0,0.0,0.0,0.0,0.0,0.0,0.0,0.0,0.0,0.0,0.0,0.0,0.0,0.0,1.0,0.0,0.0,0.0,0.0,0.0,0.0,0.0,0.0,0.0,0.0,0.0,0.0,0.0,0.0,0.0,0.0,0.0,0.0,0.0,0.0,0.0,0.0,0.0,0.0,0.0,0.0,0.0,0.0,0.0,0.0,0.0,0.0,0.0,1.179099999999999,Normal ZnO
5.98340181847923,136.98230354958832,14.0,-1.2181656185714291,4.06562,2.9516199999999997,9.784450253542023,1,-7.288774377369165,1.1140000000000003,9.784450253542023,35.80109732138055,18764.151485751558,1.4839274742695125,819.6201641580807,-166.86713253682353,0.0,-0.008892868545829694,0.0,0.0,0.0,0.0,0.0,0.0,0.0,0.0,0.0,0.0,0.0,0.0,0.0,0.0,0.0,0.0,0.0,0.0,0.0,0.0,0.0,0.0,0.0,0.0,0.0,0.0,0.0,0.0,0.0,0.0,0.0,0.0,0.0,0.0,0.0,1.0,0.0,0.0,0.0,0.0,0.0,0.0,0.0,0.0,0.0,0.0,0.0,0.0,0.0,0.0,0.0,0.0,0.0,0.0,0.0,0.0,0.0,0.0,0.0,Normal ZnO
3.534995002226828,201.59912255172318,15.0,-2.2238417346666672,2.2518000000000002,2.2874,13.439941503448212,1,-7.861269417790108,-0.03559999999999963,13.439941503448212,12.496189665768652,40642.206213624704,4.945472060845252,712.6518906736552,-448.3245424027021,0.0,-0.011031008997056068,0.0,0.0,0.0,0.0,0.0,0.0,0.0,0.0,0.0,0.0,0.0,0.0,0.0,0.0,0.0,0.0,0.0,0.0,0.0,0.0,0.0,0.0,0.0,0.0,0.0,0.0,0.0,0.0,0.0,0.0,0.0,0.0,0.0,0.0,0.0,0.0,0.0,0.0,0.0,0.0,0.0,0.0,0.0,0.0,0.0,0.0,0.0,0.0,0.0,0.0,0.0,0.0,0.0,1.0,0.0,0.0,0.0,0.0,0.0,Normal ZnO
4.436228641944678,148.08924564969422,12.0,-1.183194830833333,2.8629000000000002,2.37474,12.340770470807852,1,-5.24892279754372,0.48816000000000015,12.340770470807852,19.68012456361032,21930.424677095478,1.3999500077107196,656.9577531151548,-175.21842995472585,0.0,-0.007989741764450511,0.0,0.0,0.0,0.0,0.0,0.0,0.0,0.0,0.0,0.0,0.0,0.0,0.0,0.0,0.0,0.0,0.0,0.0,1.0,0.0,0.0,0.0,0.0,0.0,0.0,0.0,0.0,0.0,0.0,0.0,0.0,0.0,0.0,0.0,0.0,0.0,0.0,0.0,0.0,0.0,0.0,0.0,0.0,0.0,0.0,0.0,0.0,0.0,0.0,0.0,0.0,0.0,0.0,0.0,0.0,0.0,0.0,0.0,0.0,Normal ZnO
5.563905599153224,254.60721825356663,18.0,-0.49468155537037006,3.01298,1.97194,14.14484545853148,1,-2.7523614757230277,1.0410400000000002,14.14484545853148,30.9570455162886,64824.83558681931,0.2447098412236485,1416.6105272258462,-125.94949473419761,0.0,-0.0019429203883674275,1.0,0.0,0.0,0.0,0.0,0.0,0.0,0.0,0.0,0.0,0.0,0.0,0.0,0.0,0.0,0.0,0.0,0.0,0.0,0.0,0.0,0.0,0.0,0.0,0.0,0.0,0.0,0.0,0.0,0.0,0.0,0.0,0.0,0.0,0.0,0.0,0.0,0.0,0.0,0.0,0.0,0.0,0.0,0.0,0.0,0.0,0.0,0.0,0.0,0.0,0.0,0.0,0.0,0.0,0.0,0.0,0.0,0.0,0.0,Normal ZnO
5.120518668206713,261.1808774671153,18.0,-1.393425374999999,3.9546400000000004,2.16654,14.510048748173071,1,-7.135060645440434,1.7881000000000005,14.510048748173071,26.219711431453447,68215.4507544923,1.9416342756938878,1337.3815588489738,-363.9360621274439,0.0,-0.00533509722653965,0.0,0.0,0.0,0.0,0.0,0.0,0.0,0.0,0.0,0.0,0.0,0.0,0.0,0.0,0.0,0.0,0.0,0.0,0.0,0.0,0.0,0.0,0.0,0.0,0.0,0.0,0.0,0.0,0.0,0.0,0.0,1.0,0.0,0.0,0.0,0.0,0.0,0.0,0.0,0.0,0.0,0.0,0.0,0.0,0.0,0.0,0.0,0.0,0.0,0.0,0.0,0.0,0.0,0.0,0.0,0.0,0.0,0.0,0.0,Normal ZnO
5.875379603802641,253.36634522668808,18.0,-1.5602045044444441,3.0129799999999998,1.97194,14.075908068149339,1,-9.166793723173894,1.0410399999999997,14.075908068149339,34.52008548878008,64194.50489352929,2.4342380956887335,1488.6234570349018,-395.30331309730485,0.0,-0.006157899554688377,0.0,0.0,0.0,0.0,0.0,0.0,0.0,0.0,0.0,0.0,0.0,0.0,0.0,0.0,0.0,0.0,0.0,0.0,0.0,0.0,0.0,0.0,0.0,0.0,0.0,0.0,0.0,0.0,0.0,0.0,0.0,0.0,0.0,0.0,0.0,0.0,0.0,0.0,0.0,0.0,0.0,0.0,0.0,0.0,0.0,0.0,0.0,0.0,1.0,0.0,0.0,0.0,0.0,0.0,0.0,0.0,0.0,0.0,0.0,Normal ZnO
2.9785887089369343,844.7955675243292,72.0,-0.9922043409722221,3.0014,-0.36560000000000004,11.733271771171239,1,-2.955368646978073,3.367,11.733271771171239,8.871990697006593,713679.5509087534,0.9844694542441216,2516.298538787936,-838.2098293317314,1.13040111576925,-0.0011744904674155358,0.0,0.0,0.0,0.0,0.0,0.0,0.0,0.0,0.0,0.0,0.0,0.0,0.0,0.0,0.0,0.0,0.0,0.0,0.0,0.0,0.0,0.0,0.0,0.0,0.0,0.0,0.0,0.0,0.0,0.0,0.0,0.0,1.0,0.0,0.0,0.0,0.0,0.0,0.0,0.0,0.0,0.0,0.0,0.0,0.0,0.0,0.0,0.0,0.0,0.0,0.0,0.0,0.0,0.0,0.0,0.0,0.0,0.0,3.367,Normal ZnO
6.22838240980986,215.9130257318797,18.0,-1.7696824094444432,4.9864,3.9909,11.99516809621554,1,-11.0222587899337,0.9954999999999998,11.99516809621554,38.792747442828876,46618.434680695354,3.13177583029709,1344.7888915172632,-382.09748360763297,0.15983283210614388,-0.00819627441858015,0.0,0.0,0.0,0.0,0.0,0.0,0.0,0.0,0.0,0.0,0.0,0.0,0.0,0.0,0.0,0.0,0.0,0.0,0.0,0.0,0.0,0.0,0.0,0.0,0.0,0.0,0.0,0.0,0.0,0.0,0.0,0.0,0.0,0.0,0.0,0.0,0.0,0.0,0.0,0.0,0.0,0.0,0.0,0.0,0.0,1.0,0.0,0.0,0.0,0.0,0.0,0.0,0.0,0.0,0.0,0.0,0.0,0.0,0.995499999999999,Normal ZnO
7.665180845696079,251.02087695889807,18.0,-1.275546057222222,2.4945,2.4088,13.945604275494338,1,-9.77729120562293,0.08570000000000011,13.945604275494338,58.754997397226056,63011.480669214245,1.6270177440951559,1924.1204179351776,-320.1886898853869,0.011180427667028847,-0.005081434152710249,0.0,0.0,0.0,0.0,0.0,0.0,0.0,1.0,0.0,0.0,0.0,0.0,0.0,0.0,0.0,0.0,0.0,0.0,0.0,0.0,0.0,0.0,0.0,0.0,0.0,0.0,0.0,0.0,0.0,0.0,0.0,0.0,0.0,0.0,0.0,0.0,0.0,0.0,0.0,0.0,0.0,0.0,0.0,0.0,0.0,0.0,0.0,0.0,0.0,0.0,0.0,0.0,0.0,0.0,0.0,0.0,0.0,0.0,0.08570000000000001,Normal ZnO
7.806932313238983,222.61292525964723,18.0,-2.940178779962963,4.223,1.2018,12.367384736647068,1,-22.953776723992426,3.0212,12.367384736647068,60.94819214349498,49556.51449265728,8.644651258144497,1737.9240395541945,-654.5217989938959,0.3869893933724331,-0.013207583416522875,0.0,0.0,0.0,0.0,0.0,0.0,0.0,0.0,0.0,0.0,0.0,0.0,0.0,0.0,0.0,0.0,0.0,0.0,0.0,0.0,0.0,0.0,0.0,0.0,0.0,0.0,0.0,0.0,0.0,0.0,0.0,0.0,0.0,0.0,0.0,0.0,0.0,0.0,0.0,0.0,0.0,0.0,0.0,0.0,0.0,0.0,0.0,0.0,0.0,0.0,1.0,0.0,0.0,0.0,0.0,0.0,0.0,0.0,3.0212,Normal ZnO
7.828257900616541,224.46040675243796,18.0,-1.963126036666666,3.8122,3.1714,12.470022597357664,1,-15.367856906441867,0.6407999999999996,12.470022597357664,61.281621758565294,50382.4741994699,3.853863835838572,1757.1339525353749,-440.6440686965013,0.0818572929169248,-0.008745979146477439,0.0,0.0,0.0,0.0,0.0,0.0,0.0,0.0,0.0,0.0,0.0,0.0,0.0,0.0,0.0,0.0,0.0,0.0,0.0,0.0,0.0,0.0,0.0,0.0,0.0,0.0,0.0,0.0,0.0,0.0,0.0,0.0,0.0,0.0,0.0,0.0,0.0,0.0,0.0,0.0,0.0,0.0,0.0,0.0,0.0,0.0,0.0,0.0,0.0,0.0,0.0,0.0,0.0,0.0,1.0,0.0,0.0,0.0,0.640799999999999,Normal ZnO
4.559550718949726,193.3098720232656,18.0,-1.5703511222222222,3.57974,3.0002799999999996,10.739437334625867,1,-7.160095588331842,0.5794600000000005,10.739437334625867,20.789502758674963,37368.70662165133,2.4660026470645926,881.4061659637603,-303.5643744683693,0.0,-0.00812349160333221,0.0,0.0,0.0,0.0,0.0,0.0,0.0,0.0,0.0,0.0,0.0,0.0,0.0,0.0,1.0,0.0,0.0,0.0,0.0,0.0,0.0,0.0,0.0,0.0,0.0,0.0,0.0,0.0,0.0,0.0,0.0,0.0,0.0,0.0,0.0,0.0,0.0,0.0,0.0,0.0,0.0,0.0,0.0,0.0,0.0,0.0,0.0,0.0,0.0,0.0,0.0,0.0,0.0,0.0,0.0,0.0,0.0,0.0,0.0,Normal ZnO
4.674877135518836,148.02565690797132,12.0,-1.307295509557291,2.9639,0.8985000000000001,12.335471408997611,1,-6.111445886995825,2.0654000000000003,12.335471408997611,21.854476232196795,21911.595103036438,1.709021549308657,692.001758949231,-193.51327657505908,0.4418084026866674,-0.008831546752533897,0.0,0.0,0.0,0.0,0.0,0.0,0.0,0.0,0.0,0.0,0.0,0.0,0.0,0.0,0.0,0.0,0.0,0.0,0.0,0.0,0.0,0.0,0.0,0.0,0.0,0.0,0.0,0.0,0.0,0.0,0.0,0.0,0.0,0.0,0.0,0.0,0.0,0.0,0.0,0.0,0.0,0.0,0.0,0.0,0.0,0.0,1.0,0.0,0.0,0.0,0.0,0.0,0.0,0.0,0.0,0.0,0.0,0.0,2.0654,2D ZnO
3.337686703114859,1687.9566011233069,84.0,-0.7965738009523801,2.63652,1.50722,20.09472144194413,1,-2.6587137834884214,1.1293,20.09472144194413,11.140152528149736,2849197.4872757467,0.634529820363722,5633.870303004213,-1344.582005599453,0.0,-0.0004719160435891974,0.0,0.0,0.0,0.0,0.0,1.0,0.0,0.0,0.0,0.0,0.0,0.0,0.0,0.0,0.0,0.0,0.0,0.0,0.0,0.0,0.0,0.0,0.0,0.0,0.0,0.0,0.0,0.0,0.0,0.0,0.0,0.0,0.0,0.0,0.0,0.0,0.0,0.0,0.0,0.0,0.0,0.0,0.0,0.0,0.0,0.0,0.0,0.0,0.0,0.0,0.0,0.0,0.0,0.0,0.0,0.0,0.0,0.0,0.0,Normal ZnO
5.298837531167229,253.1823418526146,24.0,-2.557326850555554,4.7588,2.5155000000000003,10.549264243858941,1,-13.550859495185458,2.2432999999999996,10.549264243858941,28.077679181706415,64101.2982259742,6.539920620572389,1341.5720952374459,-647.4700009062266,0.4233570074200492,-0.01010073148009767,0.0,0.0,0.0,0.0,0.0,0.0,0.0,0.0,0.0,0.0,0.0,0.0,0.0,0.0,0.0,0.0,0.0,0.0,0.0,0.0,0.0,0.0,0.0,0.0,0.0,0.0,0.0,0.0,0.0,0.0,0.0,0.0,0.0,0.0,0.0,0.0,0.0,0.0,0.0,0.0,0.0,0.0,0.0,0.0,0.0,0.0,0.0,0.0,0.0,0.0,0.0,0.0,1.0,0.0,0.0,0.0,0.0,0.0,2.2433,Normal ZnO
7.643032085238896,315.5439422145345,24.0,-1.539628377083333,3.6943,3.7136,13.147664258938939,1,-11.767429085392203,-0.019299999999999873,13.147664258938939,58.41593945599122,99567.9794682895,2.370455539520258,2411.7124746484556,-485.8204076502408,0.0,-0.004879283583383002,0.0,0.0,0.0,0.0,0.0,0.0,0.0,1.0,0.0,0.0,0.0,0.0,0.0,0.0,0.0,0.0,0.0,0.0,0.0,0.0,0.0,0.0,0.0,0.0,0.0,0.0,0.0,0.0,0.0,0.0,0.0,0.0,0.0,0.0,0.0,0.0,0.0,0.0,0.0,0.0,0.0,0.0,0.0,0.0,0.0,0.0,0.0,0.0,0.0,0.0,0.0,0.0,0.0,0.0,0.0,0.0,0.0,0.0,0.0,Normal ZnO
6.257424955294945,292.8330681265312,24.0,-1.6769609220833321,5.7255,5.6104,12.201377838605467,1,-10.493457122898665,0.11509999999999998,12.201377838605467,39.15536707114794,85751.20578839767,2.8121979341945798,1832.380948230541,-491.069611941959,0.01839414788388361,-0.005726678796257835,0.0,0.0,0.0,0.0,0.0,0.0,0.0,0.0,0.0,0.0,0.0,0.0,0.0,0.0,0.0,0.0,0.0,0.0,0.0,0.0,0.0,0.0,0.0,0.0,0.0,0.0,0.0,0.0,0.0,0.0,0.0,0.0,0.0,0.0,0.0,0.0,0.0,0.0,0.0,0.0,0.0,0.0,0.0,0.0,0.0,1.0,0.0,0.0,0.0,0.0,0.0,0.0,0.0,0.0,0.0,0.0,0.0,0.0,0.11509999999999901,Normal ZnO
5.576024062538474,245.5151210473443,24.0,-1.824380843333333,2.8445,2.4545,10.229796710306013,1,-10.1727914816609,0.3900000000000001,10.229796710306013,31.09204434600807,60277.67466289213,3.3283654615216434,1368.998222677038,-447.91308358743936,0.06994230936343077,-0.0074308288448821265,0.0,0.0,0.0,0.0,0.0,0.0,0.0,0.0,0.0,0.0,0.0,0.0,0.0,0.0,1.0,0.0,0.0,0.0,0.0,0.0,0.0,0.0,0.0,0.0,0.0,0.0,0.0,0.0,0.0,0.0,0.0,0.0,0.0,0.0,0.0,0.0,0.0,0.0,0.0,0.0,0.0,0.0,0.0,0.0,0.0,0.0,0.0,0.0,0.0,0.0,0.0,0.0,0.0,0.0,0.0,0.0,0.0,0.0,0.39,Normal ZnO
5.448182366821918,249.9904212040873,24.0,-2.063067345,4.0962,4.13,10.416267550170305,1,-11.23996713059511,-0.033800000000000274,10.416267550170305,29.682691102149274,62495.21069379699,4.256246870005349,1361.9934046784927,-515.747074548948,0.0,-0.008252585579332065,0.0,0.0,0.0,0.0,0.0,0.0,0.0,0.0,0.0,0.0,0.0,0.0,0.0,0.0,0.0,0.0,0.0,0.0,0.0,0.0,0.0,0.0,0.0,0.0,0.0,0.0,0.0,0.0,0.0,0.0,0.0,0.0,0.0,0.0,0.0,0.0,0.0,0.0,0.0,0.0,0.0,0.0,0.0,0.0,0.0,0.0,0.0,0.0,0.0,0.0,0.0,0.0,0.0,1.0,0.0,0.0,0.0,0.0,0.0,Normal ZnO
5.5640467844525325,250.638298338464,24.0,-1.4858578887499991,4.342460000000001,3.32144,10.443262430769334,1,-8.267382808052862,1.021020000000001,10.443262430769334,30.958616619576567,62819.55659400089,2.207773665560605,1394.5632179307852,-372.41289280908256,0.0,-0.005928295470405263,0.0,0.0,0.0,0.0,0.0,0.0,0.0,0.0,0.0,0.0,0.0,0.0,0.0,0.0,0.0,0.0,0.0,0.0,0.0,1.0,0.0,0.0,0.0,0.0,0.0,0.0,0.0,0.0,0.0,0.0,0.0,0.0,0.0,0.0,0.0,0.0,0.0,0.0,0.0,0.0,0.0,0.0,0.0,0.0,0.0,0.0,0.0,0.0,0.0,0.0,0.0,0.0,0.0,0.0,0.0,0.0,0.0,0.0,0.0,Normal ZnO
8.095767564980198,277.27154852600364,24.0,-1.8304135737499991,4.6348,3.2733,11.552981188583486,1,-14.818602840864733,1.3615000000000004,11.552981188583486,65.5414524661854,76879.511622008,3.3504138509682435,2244.7260092486536,-507.52160603667863,0.16817429466347705,-0.006601519641956108,0.0,0.0,0.0,0.0,0.0,0.0,0.0,0.0,0.0,0.0,0.0,0.0,0.0,0.0,0.0,0.0,0.0,0.0,0.0,0.0,0.0,0.0,0.0,0.0,0.0,0.0,0.0,0.0,0.0,0.0,0.0,0.0,0.0,0.0,0.0,0.0,0.0,0.0,0.0,0.0,0.0,0.0,0.0,0.0,0.0,0.0,0.0,0.0,0.0,0.0,0.0,0.0,0.0,0.0,1.0,0.0,0.0,0.0,1.3615,Normal ZnO
6.058817689996812,274.1261675812145,24.0,-1.7692878387499982,5.0331,3.3444000000000003,11.42192364921727,1,-10.719792456114716,1.6886999999999999,11.42192364921727,36.7092718006183,75145.15575276408,3.1303794563486393,1660.880473432093,-485.0080945845868,0.27871774435267543,-0.006454282910535409,0.0,0.0,0.0,0.0,0.0,0.0,0.0,0.0,0.0,0.0,0.0,0.0,0.0,0.0,0.0,0.0,0.0,0.0,0.0,0.0,0.0,0.0,0.0,0.0,0.0,0.0,0.0,0.0,0.0,0.0,0.0,1.0,0.0,0.0,0.0,0.0,0.0,0.0,0.0,0.0,0.0,0.0,0.0,0.0,0.0,0.0,0.0,0.0,0.0,0.0,0.0,0.0,0.0,0.0,0.0,0.0,0.0,0.0,1.688699999999999,Normal ZnO
6.128206050609679,230.91186556318846,24.0,-1.3245903312499991,2.4724,2.4461,9.62132773179952,1,-8.117362482545323,0.02629999999999999,9.62132773179952,37.55490939872907,53320.28965787202,1.7545395456409825,1415.0754917019,-305.86362449589905,0.00429163115319572,-0.005736345891188204,0.0,0.0,0.0,0.0,0.0,0.0,0.0,0.0,0.0,0.0,0.0,0.0,0.0,1.0,0.0,0.0,0.0,0.0,0.0,0.0,0.0,0.0,0.0,0.0,0.0,0.0,0.0,0.0,0.0,0.0,0.0,0.0,0.0,0.0,0.0,0.0,0.0,0.0,0.0,0.0,0.0,0.0,0.0,0.0,0.0,0.0,0.0,0.0,0.0,0.0,0.0,0.0,0.0,0.0,0.0,0.0,0.0,0.0,0.026299999999999,Normal ZnO
6.498697580344146,278.8439297589315,24.0,-1.885603692499999,4.6967,3.7088,11.618497073288813,1,-12.25396815393773,0.9878999999999998,11.618497073288813,42.23307024077086,77753.93716340393,3.555501285169631,1812.1223716180211,-525.7891435846516,0.15201507498794609,-0.00676221890191462,0.0,0.0,0.0,0.0,0.0,0.0,0.0,0.0,0.0,0.0,0.0,0.0,0.0,0.0,0.0,0.0,0.0,0.0,0.0,0.0,0.0,0.0,0.0,0.0,0.0,0.0,0.0,0.0,0.0,0.0,0.0,0.0,0.0,0.0,0.0,0.0,0.0,0.0,0.0,0.0,0.0,0.0,0.0,0.0,0.0,0.0,0.0,0.0,1.0,0.0,0.0,0.0,0.0,0.0,0.0,0.0,0.0,0.0,0.9878999999999991,Normal ZnO
5.737685671080305,242.0033373547901,24.0,-1.736770375071838,2.7234,2.3866,10.083472389782921,1,-9.965042495006452,0.33679999999999977,10.083472389782921,32.92103686012025,58565.61529085634,3.0163713357271726,1388.5390810941922,-420.3042269863153,0.05869962547749423,-0.007176638116050598,0.0,0.0,0.0,0.0,0.0,0.0,0.0,0.0,0.0,0.0,0.0,0.0,0.0,0.0,0.0,0.0,0.0,0.0,0.0,0.0,0.0,0.0,0.0,0.0,0.0,0.0,0.0,0.0,0.0,0.0,1.0,0.0,0.0,0.0,0.0,0.0,0.0,0.0,0.0,0.0,0.0,0.0,0.0,0.0,0.0,0.0,0.0,0.0,0.0,0.0,0.0,0.0,0.0,0.0,0.0,0.0,0.0,0.0,0.33679999999999904,Normal ZnO
5.70516170727181,127.26098007496965,8.0,-1.230421962708333,3.46884,1.7178,15.907622509371206,1,-7.019756265429805,1.7510400000000002,15.907622509371206,32.548870106120596,16195.357049641823,1.5139382063150264,726.0444703535977,-156.58470488003022,0.0,-0.009668493531823261,0.0,0.0,0.0,0.0,0.0,0.0,0.0,0.0,0.0,0.0,0.0,0.0,0.0,0.0,0.0,0.0,0.0,0.0,0.0,0.0,0.0,0.0,0.0,0.0,0.0,0.0,0.0,0.0,0.0,0.0,0.0,0.0,0.0,0.0,0.0,0.0,0.0,0.0,0.0,0.0,0.0,0.0,0.0,0.0,0.0,0.0,0.0,0.0,0.0,0.0,0.0,1.0,0.0,0.0,0.0,0.0,0.0,0.0,0.0,Normal ZnO
3.310372624914224,215.27845092427347,15.0,-2.2728291880000002,1.4614,0.4078,14.351896728284897,1,-7.523911525061225,1.0536,14.351896728284897,10.95856691578149,46344.81143235482,5.165752517824741,712.6518906736551,-489.2911468081144,0.3182723274324141,-0.010557625151248848,0.0,0.0,0.0,0.0,0.0,0.0,0.0,0.0,0.0,0.0,0.0,0.0,0.0,0.0,0.0,0.0,0.0,0.0,0.0,0.0,0.0,0.0,0.0,0.0,0.0,0.0,0.0,0.0,0.0,0.0,0.0,0.0,0.0,0.0,0.0,0.0,0.0,0.0,0.0,0.0,0.0,0.0,0.0,0.0,0.0,0.0,0.0,0.0,0.0,0.0,0.0,0.0,0.0,1.0,0.0,0.0,0.0,0.0,1.0536,Normal ZnO
7.587252204425241,65.05524987683661,5.0,-1.457038202999999,2.69862,1.1138400000000002,13.011049975367323,1,-11.054916317643535,1.5847799999999999,13.011049975367323,57.566396013555675,4232.1855365376505,2.1229603250014666,493.5905880374635,-94.78798437626193,0.0,-0.022396935001533027,0.0,0.0,0.0,0.0,0.0,0.0,0.0,0.0,0.0,0.0,0.0,0.0,0.0,0.0,0.0,0.0,0.0,0.0,0.0,0.0,0.0,0.0,0.0,0.0,0.0,0.0,0.0,0.0,0.0,0.0,0.0,0.0,0.0,0.0,0.0,0.0,0.0,0.0,0.0,0.0,0.0,0.0,0.0,0.0,0.0,0.0,0.0,0.0,0.0,0.0,0.0,0.0,0.0,0.0,1.0,0.0,0.0,0.0,0.0,Normal ZnO
3.940838022838918,364.57076725076166,20.0,-1.218527715833332,1.0484,-0.26940000000000003,18.22853836253808,1,-4.802020354439051,1.3178,18.22853836253808,15.530204322252954,132911.84433380904,1.4848097942539977,1436.714341597359,-444.23958427767593,0.33439588035914186,-0.0033423626502538414,0.0,0.0,0.0,0.0,0.0,0.0,0.0,0.0,0.0,0.0,0.0,0.0,0.0,0.0,0.0,0.0,0.0,0.0,0.0,0.0,0.0,0.0,0.0,0.0,0.0,0.0,0.0,0.0,0.0,0.0,0.0,0.0,0.0,0.0,0.0,0.0,0.0,0.0,0.0,0.0,0.0,0.0,0.0,0.0,0.0,0.0,0.0,0.0,0.0,0.0,0.0,1.0,0.0,0.0,0.0,0.0,0.0,0.0,1.3178,Normal ZnO
5.11841063847267,353.677994573698,20.0,-1.8920842635000001,2.5334,-1.6599,17.6838997286849,1,-9.684464223185127,4.1933,17.6838997286849,26.198127464030208,125088.12384567276,3.5799828601843378,1810.2692100196953,-669.1885678791325,0.8192582221678246,-0.005349737027831216,0.0,0.0,0.0,0.0,0.0,0.0,0.0,0.0,0.0,0.0,0.0,0.0,0.0,0.0,0.0,0.0,0.0,0.0,0.0,0.0,0.0,0.0,0.0,0.0,0.0,0.0,0.0,0.0,0.0,0.0,0.0,0.0,0.0,0.0,0.0,0.0,0.0,0.0,0.0,0.0,0.0,0.0,0.0,0.0,0.0,0.0,0.0,0.0,0.0,0.0,0.0,0.0,0.0,0.0,1.0,0.0,0.0,0.0,4.1933,2D ZnO
3.170408477653025,386.8345933490016,20.0,-1.859907702999998,1.4853,-2.2403,19.34172966745008,1,-5.896667149243358,3.7256,19.34172966745008,10.05148991517417,149641.0026114874,3.4592566636787287,1226.423674203135,-719.4766399566798,1.1751167164295402,-0.004808018039177774,0.0,0.0,0.0,0.0,0.0,0.0,0.0,0.0,0.0,0.0,0.0,0.0,0.0,0.0,0.0,0.0,0.0,0.0,0.0,0.0,0.0,0.0,0.0,0.0,0.0,0.0,0.0,0.0,0.0,0.0,0.0,1.0,0.0,0.0,0.0,0.0,0.0,0.0,0.0,0.0,0.0,0.0,0.0,0.0,0.0,0.0,0.0,0.0,0.0,0.0,0.0,0.0,0.0,0.0,0.0,0.0,0.0,0.0,3.7256,2D ZnO
4.564787592742782,317.2518564541049,18.0,-1.444122203888889,1.46296,0.10638,17.62510313633916,1,-6.592111118716362,1.3565800000000001,17.62510313633916,20.837285766858443,100648.74042357598,2.085488939764902,1448.187338116312,-458.1504501303434,0.0,-0.004551974005856771,0.0,0.0,0.0,0.0,0.0,1.0,0.0,0.0,0.0,0.0,0.0,0.0,0.0,0.0,0.0,0.0,0.0,0.0,0.0,0.0,0.0,0.0,0.0,0.0,0.0,0.0,0.0,0.0,0.0,0.0,0.0,0.0,0.0,0.0,0.0,0.0,0.0,0.0,0.0,0.0,0.0,0.0,0.0,0.0,0.0,0.0,0.0,0.0,0.0,0.0,0.0,0.0,0.0,0.0,0.0,0.0,0.0,0.0,0.0,Normal ZnO
5.458980363022997,293.35172248374465,28.0,-1.499857365714286,4.4863,3.2781000000000002,10.476847231562308,1,-8.187691906769688,1.2081999999999997,10.476847231562308,29.800466603870692,86055.23308417994,2.2495721174873973,1601.4012924977337,-439.98574171221753,0.2213233826931995,-0.005112829585643209,0.0,0.0,0.0,0.0,0.0,0.0,0.0,0.0,0.0,0.0,0.0,0.0,0.0,0.0,0.0,0.0,0.0,0.0,0.0,1.0,0.0,0.0,0.0,0.0,0.0,0.0,0.0,0.0,0.0,0.0,0.0,0.0,0.0,0.0,0.0,0.0,0.0,0.0,0.0,0.0,0.0,0.0,0.0,0.0,0.0,0.0,0.0,0.0,0.0,0.0,0.0,0.0,0.0,0.0,0.0,0.0,0.0,0.0,1.2082,Normal ZnO
2.94199917987065,317.65522908445166,20.0,-1.585691002499999,0.4662,-1.9571,15.882761454222583,1,-4.665101628883266,2.4233000000000002,15.882761454222583,8.655359174359576,100904.84456469546,2.514415955409452,934.5414234480802,-503.703038656291,0.8236915960345526,-0.004991861796420886,0.0,0.0,0.0,0.0,0.0,0.0,0.0,0.0,0.0,0.0,0.0,0.0,0.0,0.0,1.0,0.0,0.0,0.0,0.0,0.0,0.0,0.0,0.0,0.0,0.0,0.0,0.0,0.0,0.0,0.0,0.0,0.0,0.0,0.0,0.0,0.0,0.0,0.0,0.0,0.0,0.0,0.0,0.0,0.0,0.0,0.0,0.0,0.0,0.0,0.0,0.0,0.0,0.0,0.0,0.0,0.0,0.0,0.0,2.4233000000000002,2D ZnO
4.844515488517747,328.0726468088628,28.0,-1.812183131908868,3.1358,2.636,11.716880243173673,1,-8.77914925056311,0.4998,11.716880243173673,23.469330318488343,107631.66158417285,3.2840077035750332,1589.3530188245481,-594.5277165877169,0.10316821180252257,-0.005523725155193011,0.0,0.0,0.0,0.0,0.0,0.0,0.0,0.0,0.0,0.0,0.0,0.0,0.0,0.0,0.0,0.0,0.0,0.0,0.0,0.0,0.0,0.0,0.0,0.0,0.0,0.0,0.0,0.0,0.0,0.0,1.0,0.0,0.0,0.0,0.0,0.0,0.0,0.0,0.0,0.0,0.0,0.0,0.0,0.0,0.0,0.0,0.0,0.0,0.0,0.0,0.0,0.0,0.0,0.0,0.0,0.0,0.0,0.0,0.4998,Normal ZnO
5.227838770760821,263.77233989647056,18.0,-1.057101210555555,5.3094,2.0499,14.654018883137253,1,-5.5263546931605285,3.2595,14.654018883137253,27.33029821307001,69575.84729445919,1.11746296935802,1378.95926516507,-278.8340598156304,0.6234890062467701,-0.00400762722494126,0.0,0.0,0.0,0.0,0.0,0.0,0.0,0.0,0.0,0.0,0.0,0.0,0.0,0.0,0.0,0.0,0.0,0.0,0.0,0.0,0.0,0.0,0.0,1.0,0.0,0.0,0.0,0.0,0.0,0.0,0.0,0.0,0.0,0.0,0.0,0.0,0.0,0.0,0.0,0.0,0.0,0.0,0.0,0.0,0.0,0.0,0.0,0.0,0.0,0.0,0.0,0.0,0.0,0.0,0.0,0.0,0.0,0.0,3.2595,Normal ZnO
4.414724734511743,763.5775368214536,60.0,-2.049996815666667,3.0067,0.4153,12.72629228035756,1,-9.050171647793944,2.5914,12.72629228035756,19.489794481509776,583050.6547383183,4.202486944243474,3370.984638523222,-1565.331518998577,0.5869901649228425,-0.0026847264577742748,0.0,0.0,0.0,0.0,0.0,0.0,0.0,0.0,0.0,0.0,0.0,0.0,0.0,0.0,0.0,0.0,0.0,0.0,0.0,0.0,0.0,0.0,0.0,0.0,0.0,0.0,0.0,0.0,0.0,0.0,0.0,0.0,0.0,0.0,0.0,0.0,0.0,0.0,0.0,0.0,0.0,0.0,0.0,0.0,0.0,0.0,0.0,0.0,0.0,0.0,0.0,0.0,0.0,1.0,0.0,0.0,0.0,0.0,2.5914,2D ZnO
3.065540763576901,557.5943995097144,32.0,-1.13666248125,0.07250000000000001,-1.6324,17.424824984678576,1,-3.48448517070034,1.7049,17.424824984678576,9.39754017315165,310911.514364599,1.2920015962814064,1709.3283612392138,-633.7966336778157,0.5561498383113024,-0.002038511294678448,0.0,0.0,0.0,0.0,0.0,0.0,0.0,0.0,0.0,0.0,0.0,0.0,0.0,0.0,0.0,0.0,0.0,0.0,0.0,0.0,0.0,0.0,0.0,0.0,0.0,0.0,0.0,0.0,0.0,0.0,0.0,1.0,0.0,0.0,0.0,0.0,0.0,0.0,0.0,0.0,0.0,0.0,0.0,0.0,0.0,0.0,0.0,0.0,0.0,0.0,0.0,0.0,0.0,0.0,0.0,0.0,0.0,0.0,1.7049,Normal ZnO
4.546493352658938,571.1150015551092,50.0,-1.683007745903448,1.1697,1.1294,11.422300031102184,1,-7.65178352922353,0.0403,11.422300031102184,20.670601805771913,326172.34500129236,2.832515072771005,2596.570558174103,-961.1909714189086,0.00886397424873199,-0.0029468806480668986,0.0,0.0,0.0,0.0,0.0,0.0,0.0,0.0,0.0,0.0,0.0,0.0,0.0,0.0,0.0,0.0,0.0,0.0,0.0,0.0,0.0,0.0,0.0,0.0,0.0,0.0,0.0,0.0,0.0,0.0,1.0,0.0,0.0,0.0,0.0,0.0,0.0,0.0,0.0,0.0,0.0,0.0,0.0,0.0,0.0,0.0,0.0,0.0,0.0,0.0,0.0,0.0,0.0,0.0,0.0,0.0,0.0,0.0,0.0403,Normal ZnO
2.337505200610296,483.1810552483102,18.0,-0.696461827222222,3.5791600000000003,1.0894,26.843391958239454,1,-1.6279831431584935,2.4897600000000004,26.843391958239454,5.46393056288018,233463.9321508706,0.48505907677771626,1129.4382294792958,-336.51716061739955,0.0,-0.0014414096323878123,0.0,0.0,0.0,0.0,0.0,0.0,0.0,0.0,0.0,0.0,0.0,0.0,1.0,0.0,0.0,0.0,0.0,0.0,0.0,0.0,0.0,0.0,0.0,0.0,0.0,0.0,0.0,0.0,0.0,0.0,0.0,0.0,0.0,0.0,0.0,0.0,0.0,0.0,0.0,0.0,0.0,0.0,0.0,0.0,0.0,0.0,0.0,0.0,0.0,0.0,0.0,0.0,0.0,0.0,0.0,0.0,0.0,0.0,0.0,Normal ZnO
3.221246409219058,238.0567955384372,15.0,-2.137268141666667,-0.5594,-0.7331000000000001,15.870453035895814,1,-6.88466732688204,0.17370000000000008,15.870453035895814,10.376428428906674,56671.0379020293,4.567915109383288,766.8395978183863,-508.7912050115574,0.05392322658175968,-0.008977975767642301,0.0,0.0,0.0,0.0,0.0,0.0,0.0,0.0,0.0,0.0,0.0,0.0,0.0,0.0,0.0,0.0,0.0,0.0,0.0,0.0,0.0,0.0,0.0,0.0,0.0,0.0,0.0,0.0,0.0,0.0,0.0,0.0,0.0,0.0,0.0,0.0,0.0,0.0,0.0,0.0,0.0,0.0,0.0,0.0,0.0,0.0,0.0,1.0,0.0,0.0,0.0,0.0,0.0,0.0,0.0,0.0,0.0,0.0,0.17369999999999902,Normal ZnO
3.516061088575354,225.65228719675667,16.0,-1.713579070625,2.7993,0.5889,14.103267949797292,1,-6.025048692421681,2.2104,14.103267949797292,12.362685578593702,50918.954717127555,2.936353231284039,793.4072265605466,-386.6730365790239,0.6286580193905604,-0.007593891876357766,0.0,0.0,0.0,0.0,0.0,0.0,0.0,0.0,0.0,0.0,0.0,0.0,0.0,0.0,0.0,0.0,0.0,0.0,0.0,0.0,0.0,0.0,0.0,0.0,0.0,0.0,0.0,0.0,0.0,0.0,0.0,0.0,0.0,0.0,0.0,0.0,0.0,0.0,0.0,0.0,0.0,0.0,0.0,0.0,0.0,0.0,0.0,1.0,0.0,0.0,0.0,0.0,0.0,0.0,0.0,0.0,0.0,0.0,2.2104,2D ZnO
3.497523320185372,226.8483020489182,16.0,-1.7145769275,2.8566000000000003,0.5765,14.178018878057388,1,-5.996772788183034,2.2801,14.178018878057388,12.232669375240508,51460.15214247723,2.9397740403153403,793.4072265605466,-388.94886473562616,0.6519184552225237,-0.007558253299732716,0.0,0.0,0.0,0.0,0.0,0.0,0.0,0.0,0.0,0.0,0.0,0.0,0.0,0.0,0.0,0.0,0.0,0.0,0.0,0.0,0.0,0.0,0.0,0.0,0.0,0.0,0.0,0.0,0.0,0.0,0.0,0.0,0.0,0.0,0.0,0.0,0.0,0.0,0.0,0.0,0.0,0.0,0.0,0.0,0.0,0.0,0.0,1.0,0.0,0.0,0.0,0.0,0.0,0.0,0.0,0.0,0.0,0.0,2.2801,2D ZnO
3.48057723114025,275.3845964889808,18.0,-1.029730157222222,4.12106,1.7821800000000003,15.29914424938782,1,-3.5840553394461354,2.3388799999999996,15.29914424938782,12.114417861931928,75836.67598339876,1.060344196692902,958.4973563462917,-283.5718238391763,0.0,-0.0037392438442482947,0.0,0.0,0.0,0.0,0.0,0.0,0.0,0.0,0.0,0.0,0.0,0.0,0.0,0.0,0.0,0.0,0.0,0.0,0.0,0.0,0.0,0.0,0.0,0.0,0.0,0.0,0.0,0.0,0.0,0.0,0.0,1.0,0.0,0.0,0.0,0.0,0.0,0.0,0.0,0.0,0.0,0.0,0.0,0.0,0.0,0.0,0.0,0.0,0.0,0.0,0.0,0.0,0.0,0.0,0.0,0.0,0.0,0.0,0.0,Normal ZnO
3.679414620843138,625.0192941793409,48.0,-2.275548843749999,2.621,0.6880000000000001,13.021235295402937,1,-8.372687686136445,1.9329999999999998,13.021235295402937,13.538091952074254,390649.1180964415,5.178122540291957,2299.7051293125255,-1422.2619321912396,0.5253553076214751,-0.0036407657570600702,0.0,0.0,0.0,0.0,0.0,0.0,0.0,0.0,0.0,0.0,0.0,0.0,0.0,0.0,0.0,0.0,0.0,0.0,0.0,0.0,0.0,0.0,0.0,0.0,0.0,0.0,0.0,0.0,0.0,0.0,0.0,0.0,0.0,0.0,0.0,0.0,0.0,0.0,0.0,0.0,0.0,0.0,0.0,0.0,0.0,0.0,0.0,0.0,0.0,0.0,0.0,0.0,0.0,1.0,0.0,0.0,0.0,0.0,1.933,Normal ZnO
5.423388211792674,228.36616671762042,14.0,-1.635393708571427,5.7780000000000005,3.673499999999999,16.3118690512586,1,-8.869374960706182,2.1045000000000016,16.3118690512586,29.41313969581174,52151.1061013,2.6745125820350055,1238.518376548623,-373.46859230057004,0.38804155590852807,-0.007161278450645563,0.0,0.0,0.0,0.0,0.0,0.0,0.0,0.0,0.0,0.0,0.0,0.0,0.0,0.0,0.0,0.0,0.0,0.0,0.0,0.0,0.0,0.0,0.0,0.0,0.0,0.0,0.0,0.0,0.0,0.0,0.0,0.0,0.0,0.0,0.0,0.0,0.0,0.0,0.0,0.0,0.0,0.0,0.0,0.0,0.0,1.0,0.0,0.0,0.0,0.0,0.0,0.0,0.0,0.0,0.0,0.0,0.0,0.0,2.104499999999999,Normal ZnO
4.187178330588857,104.41415183793292,9.0,-2.19371996,3.3181,1.0346,11.601572426436991,1,-9.185496679892255,2.2835,11.601572426436991,17.53246237215289,10902.315104034911,4.812407262902402,437.2006739826074,-229.05540899334414,0.5453553251644918,-0.02100979533315557,0.0,0.0,0.0,0.0,0.0,0.0,0.0,0.0,0.0,0.0,0.0,0.0,0.0,0.0,0.0,0.0,0.0,0.0,0.0,0.0,0.0,0.0,0.0,0.0,0.0,0.0,0.0,0.0,0.0,0.0,0.0,0.0,0.0,0.0,0.0,0.0,0.0,0.0,0.0,0.0,0.0,0.0,0.0,0.0,0.0,0.0,0.0,0.0,0.0,0.0,0.0,0.0,0.0,1.0,0.0,0.0,0.0,0.0,2.2835,Normal ZnO
5.332584721671948,184.7807928126287,16.0,-1.7515584256250012,4.5188,4.4465,11.548799550789294,1,-9.340333699603653,0.07229999999999936,11.548799550789294,28.436459813809083,34143.94139246362,3.067956918377933,985.3592326110535,-323.6543545446275,0.013558153085907368,-0.0094791152206015,0.0,0.0,0.0,0.0,0.0,0.0,0.0,0.0,0.0,0.0,0.0,0.0,0.0,0.0,0.0,0.0,0.0,0.0,0.0,0.0,0.0,0.0,0.0,0.0,0.0,0.0,0.0,0.0,0.0,0.0,0.0,0.0,0.0,0.0,0.0,0.0,0.0,0.0,0.0,0.0,0.0,0.0,0.0,0.0,0.0,0.0,0.0,0.0,0.0,0.0,0.0,0.0,0.0,1.0,0.0,0.0,0.0,0.0,0.072299999999999,Normal ZnO
3.56594146398521,591.8883239012027,46.0,-1.6252489201649172,2.3718,0.8844000000000001,12.867137476113102,1,-5.795542513713266,1.4873999999999998,12.867137476113102,12.715938524568982,350331.7879705751,2.6414340524972295,2110.6391162480068,-961.9658592786525,0.4171128480437023,-0.00274587089242227,0.0,0.0,0.0,0.0,0.0,0.0,0.0,0.0,0.0,0.0,0.0,0.0,0.0,0.0,0.0,0.0,0.0,0.0,0.0,0.0,0.0,0.0,0.0,0.0,0.0,0.0,0.0,0.0,0.0,0.0,0.0,0.0,0.0,1.0,0.0,0.0,0.0,0.0,0.0,0.0,0.0,0.0,0.0,0.0,0.0,0.0,0.0,0.0,0.0,0.0,0.0,0.0,0.0,0.0,0.0,0.0,0.0,0.0,1.4874,Normal ZnO
5.125552398467586,628.9803037885921,56.0,-2.492965067440475,4.2247,2.1335,11.231791139082002,1,-12.777823080715432,2.0912,11.231791139082002,26.27128738943682,395616.2225539896,6.214874827478491,3223.871504672489,-1568.0259254530579,0.4079950486166559,-0.003963502596860951,0.0,0.0,0.0,0.0,0.0,0.0,0.0,0.0,0.0,0.0,0.0,0.0,0.0,0.0,0.0,0.0,0.0,0.0,0.0,0.0,0.0,0.0,0.0,0.0,0.0,0.0,0.0,0.0,0.0,0.0,0.0,0.0,0.0,0.0,0.0,0.0,0.0,0.0,0.0,0.0,0.0,0.0,0.0,0.0,0.0,0.0,0.0,0.0,0.0,0.0,0.0,0.0,1.0,0.0,0.0,0.0,0.0,0.0,2.0912,Normal ZnO
8.870384263478414,3357.111931008617,198.0,-1.588359195050506,3.4568,2.34144,16.955110762669783,1,-14.08935640852725,1.11536,16.955110762669783,78.68371698176549,11270200.517320404,2.5228849325014915,29778.872843554465,-5332.299604431297,0.0,-0.00047313262938280897,0.0,0.0,0.0,0.0,0.0,0.0,0.0,1.0,0.0,0.0,0.0,0.0,0.0,0.0,0.0,0.0,0.0,0.0,0.0,0.0,0.0,0.0,0.0,0.0,0.0,0.0,0.0,0.0,0.0,0.0,0.0,0.0,0.0,0.0,0.0,0.0,0.0,0.0,0.0,0.0,0.0,0.0,0.0,0.0,0.0,0.0,0.0,0.0,0.0,0.0,0.0,0.0,0.0,0.0,0.0,0.0,0.0,0.0,0.0,Normal ZnO
3.7297397470815943,527.919710727,39.0,-2.126864173076923,1.8657,0.0034000000000000002,13.536402839153848,1,-7.932649842968827,1.8622999999999998,13.536402839153848,13.910958580960274,278699.2209740794,4.523551210718183,1969.0031283663095,-1122.8135190063892,0.4993109777852975,-0.004028764469028843,0.0,0.0,0.0,0.0,1.0,0.0,0.0,0.0,0.0,0.0,0.0,0.0,0.0,0.0,0.0,0.0,0.0,0.0,0.0,0.0,0.0,0.0,0.0,0.0,0.0,0.0,0.0,0.0,0.0,0.0,0.0,0.0,0.0,0.0,0.0,0.0,0.0,0.0,0.0,0.0,0.0,0.0,0.0,0.0,0.0,0.0,0.0,0.0,0.0,0.0,0.0,0.0,0.0,0.0,0.0,0.0,0.0,0.0,1.862299999999999,Normal ZnO
2.249289114460773,282.534598521983,14.0,-1.8540768591836732,1.7118,-0.8641000000000001,20.181042751570214,1,-4.170354896735455,2.5759,20.181042751570214,5.059301520431728,79825.79936197812,3.4376009997603942,635.5019969140412,-523.8408610383583,1.1452062713678877,-0.006562300224053495,0.0,0.0,0.0,0.0,0.0,0.0,0.0,0.0,0.0,0.0,0.0,0.0,0.0,0.0,0.0,0.0,0.0,0.0,0.0,0.0,0.0,0.0,0.0,0.0,0.0,0.0,0.0,0.0,0.0,0.0,0.0,0.0,0.0,0.0,0.0,0.0,0.0,1.0,0.0,0.0,0.0,0.0,0.0,0.0,0.0,0.0,0.0,0.0,0.0,0.0,0.0,0.0,0.0,0.0,0.0,0.0,0.0,0.0,2.5759,2D ZnO
4.957204430145012,304.38164391039305,18.0,-1.509063126666666,4.5253,2.7121,16.91009132835517,1,-7.48073441688048,1.8131999999999997,16.91009132835517,24.573875762249333,92648.18514959332,2.2772715202649745,1508.8820336474218,-459.33111525935755,0.36577067287639736,-0.004957799383956673,0.0,0.0,0.0,0.0,0.0,0.0,0.0,0.0,0.0,0.0,0.0,0.0,0.0,0.0,0.0,0.0,0.0,0.0,0.0,0.0,0.0,0.0,0.0,0.0,0.0,0.0,0.0,0.0,0.0,0.0,0.0,0.0,0.0,0.0,0.0,0.0,0.0,0.0,0.0,0.0,0.0,0.0,0.0,0.0,0.0,1.0,0.0,0.0,0.0,0.0,0.0,0.0,0.0,0.0,0.0,0.0,0.0,0.0,1.813199999999999,Normal ZnO
5.206205160023012,366.2036484013044,36.0,-1.91706715324074,3.10266,2.0405399999999996,10.1723235667029,1,-9.980644905312568,1.0621200000000006,10.1723235667029,27.10457216825024,134105.11210242618,3.6751464700345546,1906.531323926124,-702.0369857470615,0.0,-0.005234975570587219,0.0,0.0,0.0,0.0,1.0,0.0,0.0,0.0,0.0,0.0,0.0,0.0,0.0,0.0,0.0,0.0,0.0,0.0,0.0,0.0,0.0,0.0,0.0,0.0,0.0,0.0,0.0,0.0,0.0,0.0,0.0,0.0,0.0,0.0,0.0,0.0,0.0,0.0,0.0,0.0,0.0,0.0,0.0,0.0,0.0,0.0,0.0,0.0,0.0,0.0,0.0,0.0,0.0,0.0,0.0,0.0,0.0,0.0,0.0,Normal ZnO
4.7868553006319114,216.94712392043317,18.0,-1.906771807222223,3.29148,2.3899999999999997,12.05261799557962,1,-9.127440732497188,0.9014800000000003,12.05261799557962,22.91398366918783,47066.054577347786,3.6357787248175026,1038.4944900953737,-413.66865954942796,0.0,-0.008789108483049281,0.0,0.0,0.0,0.0,0.0,0.0,0.0,0.0,0.0,0.0,0.0,0.0,0.0,0.0,0.0,0.0,0.0,0.0,0.0,0.0,0.0,0.0,0.0,0.0,0.0,0.0,0.0,0.0,0.0,0.0,0.0,0.0,0.0,0.0,0.0,0.0,0.0,0.0,0.0,0.0,0.0,0.0,0.0,0.0,0.0,0.0,0.0,0.0,0.0,0.0,0.0,0.0,0.0,1.0,0.0,0.0,0.0,0.0,0.0,Normal ZnO
7.973918906446692,240.93888051862115,18.0,-1.255308039444445,3.3643,2.2009199999999995,13.385493362145619,1,-10.00972450914059,1.1633800000000005,13.385493362145619,63.58338272658801,58051.5441455664,1.575798273893856,1921.2270946655337,-302.4525137297697,0.0,-0.005210068365646895,0.0,0.0,0.0,0.0,0.0,0.0,0.0,0.0,0.0,0.0,0.0,0.0,0.0,0.0,0.0,0.0,0.0,0.0,0.0,0.0,0.0,0.0,0.0,0.0,0.0,0.0,0.0,0.0,0.0,0.0,0.0,0.0,0.0,0.0,0.0,0.0,0.0,0.0,0.0,0.0,0.0,0.0,0.0,0.0,0.0,0.0,0.0,0.0,0.0,0.0,0.0,0.0,0.0,0.0,1.0,0.0,0.0,0.0,0.0,Normal ZnO
5.466100418031454,199.40793946288738,18.0,-1.050918347777777,2.627,2.65022,11.078218859049299,1,-5.744425220105032,-0.02322000000000024,11.078218859049299,29.878253780003636,39763.52632083456,1.1044293736959727,1089.9838212568795,-209.5614622741086,0.0,-0.005270193105693105,0.0,0.0,0.0,0.0,0.0,0.0,0.0,0.0,0.0,0.0,0.0,0.0,0.0,0.0,0.0,0.0,0.0,0.0,0.0,0.0,0.0,0.0,0.0,0.0,0.0,0.0,0.0,0.0,0.0,0.0,0.0,0.0,0.0,0.0,0.0,1.0,0.0,0.0,0.0,0.0,0.0,0.0,0.0,0.0,0.0,0.0,0.0,0.0,0.0,0.0,0.0,0.0,0.0,0.0,0.0,0.0,0.0,0.0,0.0,Normal ZnO
5.108196858325441,208.49630428303666,18.0,-1.659031935095785,2.64234,1.9404400000000002,11.58312801572426,1,-8.474661718717867,0.7018999999999997,11.58312801572426,26.09367514340591,43470.708899684614,2.7523869616676646,1065.040166511073,-345.9020271550059,0.0,-0.007957128740486574,0.0,0.0,0.0,0.0,0.0,0.0,0.0,0.0,0.0,0.0,0.0,0.0,0.0,0.0,0.0,0.0,0.0,0.0,0.0,0.0,0.0,0.0,0.0,0.0,0.0,0.0,0.0,0.0,0.0,0.0,1.0,0.0,0.0,0.0,0.0,0.0,0.0,0.0,0.0,0.0,0.0,0.0,0.0,0.0,0.0,0.0,0.0,0.0,0.0,0.0,0.0,0.0,0.0,0.0,0.0,0.0,0.0,0.0,0.0,Normal ZnO
5.782601629606341,194.06758767707277,18.0,-1.018444771666667,3.5586399999999996,2.9319,10.781532648726264,1,-5.889260396303726,0.6267399999999994,10.781532648726264,33.43848160672591,37662.22858679832,1.0372297529351693,1122.2155487552125,-197.64712001967723,0.0,-0.005247887006053544,0.0,0.0,0.0,0.0,0.0,0.0,0.0,0.0,0.0,0.0,0.0,0.0,0.0,0.0,0.0,0.0,1.0,0.0,0.0,0.0,0.0,0.0,0.0,0.0,0.0,0.0,0.0,0.0,0.0,0.0,0.0,0.0,0.0,0.0,0.0,0.0,0.0,0.0,0.0,0.0,0.0,0.0,0.0,0.0,0.0,0.0,0.0,0.0,0.0,0.0,0.0,0.0,0.0,0.0,0.0,0.0,0.0,0.0,0.0,Normal ZnO
4.788545172390115,212.60594690102386,18.0,-2.3869786896296312,2.9741,2.2965400000000002,11.811441494501326,1,-11.430155280824053,0.6775599999999997,11.811441494501326,22.93016486802067,45201.288657680976,5.697667264745991,1018.0731806543268,-507.48586454127286,0.0,-0.011227243284689777,0.0,0.0,0.0,0.0,0.0,0.0,0.0,0.0,0.0,0.0,0.0,0.0,0.0,0.0,0.0,0.0,0.0,0.0,0.0,0.0,0.0,0.0,0.0,0.0,0.0,0.0,0.0,0.0,0.0,0.0,0.0,0.0,0.0,0.0,0.0,0.0,0.0,0.0,0.0,0.0,0.0,0.0,0.0,0.0,0.0,0.0,0.0,0.0,0.0,0.0,0.0,0.0,1.0,0.0,0.0,0.0,0.0,0.0,0.0,Normal ZnO
5.071899188946401,206.13566420493137,18.0,-1.747545273333333,3.512299999999999,2.8516,11.45198134471841,1,-8.863373454466448,0.660699999999999,11.45198134471841,25.72416138283516,42491.912057208225,3.0539144823496733,1045.4993080939191,-360.2314056467549,0.13026678476573764,-0.008477646408609804,0.0,0.0,0.0,0.0,0.0,0.0,0.0,0.0,0.0,0.0,0.0,0.0,0.0,0.0,1.0,0.0,0.0,0.0,0.0,0.0,0.0,0.0,0.0,0.0,0.0,0.0,0.0,0.0,0.0,0.0,0.0,0.0,0.0,0.0,0.0,0.0,0.0,0.0,0.0,0.0,0.0,0.0,0.0,0.0,0.0,0.0,0.0,0.0,0.0,0.0,0.0,0.0,0.0,0.0,0.0,0.0,0.0,0.0,0.6607000000000001,Normal ZnO
4.222688326419732,253.64512380571156,18.0,-1.596725206111112,2.1963,0.3461,14.091395766983975,1,-6.7424728883455325,1.8501999999999998,14.091395766983975,17.831096702081478,64335.84883041475,2.5495313838305727,1071.0643033476658,-405.0015625877533,0.4381568936603754,-0.006295114931261915,0.0,0.0,0.0,0.0,0.0,0.0,0.0,0.0,0.0,0.0,0.0,0.0,0.0,0.0,0.0,0.0,0.0,0.0,0.0,1.0,0.0,0.0,0.0,0.0,0.0,0.0,0.0,0.0,0.0,0.0,0.0,0.0,0.0,0.0,0.0,0.0,0.0,0.0,0.0,0.0,0.0,0.0,0.0,0.0,0.0,0.0,0.0,0.0,0.0,0.0,0.0,0.0,0.0,0.0,0.0,0.0,0.0,0.0,1.8501999999999992,Normal ZnO
4.246997673162191,691.3767473693661,44.0,-1.763953445,3.7891,0.12940000000000002,15.71310789475832,1,-7.4915061764814315,3.6597,15.71310789475832,18.036989235845066,478001.8068030442,3.111531756127368,2936.275437356142,-1219.556395315088,0.8617146232800014,-0.0025513635679992185,0.0,0.0,1.0,0.0,0.0,0.0,0.0,0.0,0.0,0.0,0.0,0.0,0.0,0.0,0.0,0.0,0.0,0.0,0.0,0.0,0.0,0.0,0.0,0.0,0.0,0.0,0.0,0.0,0.0,0.0,0.0,0.0,0.0,0.0,0.0,0.0,0.0,0.0,0.0,0.0,0.0,0.0,0.0,0.0,0.0,0.0,0.0,0.0,0.0,0.0,0.0,0.0,0.0,0.0,0.0,0.0,0.0,0.0,3.6597,2D ZnO
5.473616141327672,290.36618165902985,28.0,-1.855629735123153,4.0561,3.3539,10.370220773536781,1,-10.157004870497683,0.7021999999999999,10.370220773536781,29.960473662602833,84312.51945124472,3.443361713873223,1589.3530188245488,-538.8121207606669,0.12828813381671927,-0.006390653775590765,0.0,0.0,0.0,0.0,0.0,0.0,0.0,0.0,0.0,0.0,0.0,0.0,0.0,0.0,0.0,0.0,0.0,0.0,0.0,0.0,0.0,0.0,0.0,0.0,0.0,0.0,0.0,0.0,0.0,0.0,1.0,0.0,0.0,0.0,0.0,0.0,0.0,0.0,0.0,0.0,0.0,0.0,0.0,0.0,0.0,0.0,0.0,0.0,0.0,0.0,0.0,0.0,0.0,0.0,0.0,0.0,0.0,0.0,0.702199999999999,Normal ZnO
5.251141629004945,284.7797969971012,28.0,-2.783488680952381,3.85758,3.3121400000000003,10.170707035610757,1,-14.61649328641311,0.5454399999999997,10.170707035610757,27.574488407868703,81099.53277771016,7.747809236990025,1495.4190471110553,-792.681341505348,0.0,-0.009774178892966605,0.0,0.0,0.0,0.0,0.0,0.0,0.0,0.0,0.0,0.0,0.0,0.0,0.0,0.0,0.0,0.0,0.0,0.0,0.0,0.0,0.0,0.0,0.0,0.0,0.0,0.0,0.0,0.0,0.0,0.0,0.0,0.0,0.0,0.0,0.0,0.0,0.0,0.0,0.0,0.0,0.0,0.0,0.0,0.0,0.0,0.0,0.0,0.0,0.0,0.0,0.0,0.0,1.0,0.0,0.0,0.0,0.0,0.0,0.0,Normal ZnO
5.264054754188267,291.8399860432389,28.0,-2.208001719285715,5.6999,5.7339,10.42285664440139,1,-11.623041947661836,-0.03399999999999981,10.42285664440139,27.7102724550921,85170.5774537179,4.875271592368673,1536.2616659931493,-644.3831909397906,0.0,-0.0075657957266985956,0.0,0.0,0.0,0.0,0.0,0.0,0.0,0.0,0.0,0.0,0.0,0.0,0.0,0.0,0.0,0.0,0.0,0.0,0.0,0.0,0.0,0.0,0.0,0.0,0.0,0.0,0.0,0.0,0.0,0.0,0.0,0.0,0.0,0.0,0.0,0.0,0.0,0.0,0.0,0.0,0.0,0.0,0.0,0.0,0.0,0.0,0.0,0.0,0.0,0.0,0.0,0.0,0.0,1.0,0.0,0.0,0.0,0.0,0.0,Normal ZnO
6.279795891766027,339.82566317138827,28.0,-1.6643879499999992,5.8259,4.3691,12.136630827549581,1,-10.452016610714875,1.4567999999999994,12.136630827549581,39.435836442241474,115481.48134987384,2.7701872481052,2134.0358035003496,-565.6017388832172,0.2319820620141704,-0.004897770034397252,0.0,0.0,0.0,0.0,0.0,0.0,0.0,0.0,0.0,0.0,0.0,0.0,0.0,0.0,0.0,0.0,0.0,0.0,0.0,0.0,0.0,0.0,0.0,0.0,0.0,0.0,0.0,0.0,0.0,0.0,0.0,1.0,0.0,0.0,0.0,0.0,0.0,0.0,0.0,0.0,0.0,0.0,0.0,0.0,0.0,0.0,0.0,0.0,0.0,0.0,0.0,0.0,0.0,0.0,0.0,0.0,0.0,0.0,1.456799999999999,Normal ZnO
5.478920314478378,282.9519710103384,28.0,-2.097728228214285,5.6321,3.6831,10.105427536083514,1,-11.49328580381798,1.9490000000000003,10.105427536083514,30.018567812403848,80061.81789863539,4.400463719447043,1550.2713019902403,-593.5563368172569,0.3557270206777145,-0.00741372544861205,0.0,0.0,0.0,0.0,0.0,0.0,0.0,0.0,0.0,0.0,0.0,0.0,0.0,0.0,1.0,0.0,0.0,0.0,0.0,0.0,0.0,0.0,0.0,0.0,0.0,0.0,0.0,0.0,0.0,0.0,0.0,0.0,0.0,0.0,0.0,0.0,0.0,0.0,0.0,0.0,0.0,0.0,0.0,0.0,0.0,0.0,0.0,0.0,0.0,0.0,0.0,0.0,0.0,0.0,0.0,0.0,0.0,0.0,1.949,Normal ZnO
9.504540052824172,347.384182378441,28.0,-1.430433590714285,4.6693999999999996,3.9737,12.406577942087178,1,-13.595613355849022,0.6956999999999995,12.406577942087178,90.33628161573891,120675.77016673794,2.046140257443763,3301.726875133469,-496.9100033569394,0.0731965982712946,-0.004117728046569398,0.0,0.0,0.0,0.0,0.0,0.0,0.0,0.0,0.0,0.0,0.0,0.0,0.0,0.0,0.0,0.0,0.0,0.0,0.0,0.0,0.0,0.0,0.0,0.0,0.0,0.0,0.0,0.0,0.0,0.0,0.0,0.0,0.0,0.0,0.0,0.0,0.0,0.0,0.0,0.0,0.0,0.0,0.0,0.0,0.0,0.0,0.0,0.0,0.0,0.0,0.0,0.0,0.0,0.0,1.0,0.0,0.0,0.0,0.6957000000000001,Normal ZnO
5.536844491792613,289.2263445129309,28.0,-1.588084990714286,4.3294,3.0834,10.329512304033246,1,-8.792979633334918,1.2459999999999996,10.329512304033246,30.6566469262942,83651.87836031259,2.5220139377319937,1601.4012924977342,-459.31601664014477,0.2250379258162248,-0.005490803382342942,0.0,0.0,0.0,0.0,0.0,0.0,0.0,0.0,0.0,0.0,0.0,0.0,0.0,0.0,0.0,0.0,0.0,0.0,0.0,1.0,0.0,0.0,0.0,0.0,0.0,0.0,0.0,0.0,0.0,0.0,0.0,0.0,0.0,0.0,0.0,0.0,0.0,0.0,0.0,0.0,0.0,0.0,0.0,0.0,0.0,0.0,0.0,0.0,0.0,0.0,0.0,0.0,0.0,0.0,0.0,0.0,0.0,0.0,1.245999999999999,Normal ZnO
6.719555314076519,341.1674780698128,28.0,-0.6737719751190471,1.6454,1.4489,12.184552788207599,1,-4.527448055887025,0.1964999999999999,12.184552788207599,45.15242361893399,116395.24809251618,0.4539686744558218,2292.4937402540945,-229.86908554548194,0.02924300654067975,-0.0019749009458081284,1.0,0.0,0.0,0.0,0.0,0.0,0.0,0.0,0.0,0.0,0.0,0.0,0.0,0.0,0.0,0.0,0.0,0.0,0.0,0.0,0.0,0.0,0.0,0.0,0.0,0.0,0.0,0.0,0.0,0.0,0.0,0.0,0.0,0.0,0.0,0.0,0.0,0.0,0.0,0.0,0.0,0.0,0.0,0.0,0.0,0.0,0.0,0.0,0.0,0.0,0.0,0.0,0.0,0.0,0.0,0.0,0.0,0.0,0.196499999999999,Normal ZnO
6.050625564737158,409.3852324185012,28.0,-1.5392510292857131,6.4973,4.8668,14.620901157803614,1,-9.31343162834412,1.6305000000000005,14.620901157803614,36.61006972465085,167596.26852235023,2.369293731157127,2477.036753097246,-630.1466403745488,0.26947626861964474,-0.00375990853454183,0.0,0.0,0.0,0.0,0.0,0.0,0.0,0.0,0.0,0.0,0.0,0.0,0.0,0.0,0.0,0.0,0.0,0.0,0.0,0.0,0.0,0.0,0.0,0.0,0.0,0.0,0.0,0.0,0.0,0.0,0.0,0.0,0.0,0.0,0.0,0.0,0.0,0.0,0.0,0.0,0.0,0.0,0.0,0.0,0.0,1.0,0.0,0.0,0.0,0.0,0.0,0.0,0.0,0.0,0.0,0.0,0.0,0.0,1.6305,Normal ZnO
8.708758987052098,417.4762226556638,28.0,-1.500674255357143,5.8077000000000005,4.1927,14.909865094845134,1,-13.069010407979235,1.6150000000000002,14.909865094845134,75.84248309456069,174286.39648284134,2.252023220691716,3635.699805933075,-626.4958195631011,0.18544548108417389,-0.003594634074752817,0.0,0.0,0.0,0.0,0.0,0.0,0.0,1.0,0.0,0.0,0.0,0.0,0.0,0.0,0.0,0.0,0.0,0.0,0.0,0.0,0.0,0.0,0.0,0.0,0.0,0.0,0.0,0.0,0.0,0.0,0.0,0.0,0.0,0.0,0.0,0.0,0.0,0.0,0.0,0.0,0.0,0.0,0.0,0.0,0.0,0.0,0.0,0.0,0.0,0.0,0.0,0.0,0.0,0.0,0.0,0.0,0.0,0.0,1.614999999999999,Normal ZnO
5.932703750558291,287.1715586932015,28.0,-1.085974100357143,3.0489,2.9992,10.256127096185768,1,-6.442762618197989,0.04970000000000008,10.256127096185768,35.19697379188842,82467.50412228289,1.179339746646506,1703.703783312827,-311.860875100008,0.008377293404431838,-0.0037816213600642074,0.0,0.0,0.0,0.0,0.0,0.0,0.0,0.0,0.0,0.0,0.0,0.0,0.0,0.0,0.0,0.0,1.0,0.0,0.0,0.0,0.0,0.0,0.0,0.0,0.0,0.0,0.0,0.0,0.0,0.0,0.0,0.0,0.0,0.0,0.0,0.0,0.0,0.0,0.0,0.0,0.0,0.0,0.0,0.0,0.0,0.0,0.0,0.0,0.0,0.0,0.0,0.0,0.0,0.0,0.0,0.0,0.0,0.0,0.0497,Normal ZnO
5.94289902967626,276.36778478624694,28.0,-1.195266095714286,3.5054,2.9807,9.870278028080248,1,-7.103345720425362,0.5246999999999997,9.870278028080248,35.31804887692704,76379.1524676573,1.4286610395640726,1642.4258400399644,-330.33304310266345,0.0882902430917764,-0.004324911084114775,0.0,0.0,0.0,0.0,0.0,0.0,0.0,0.0,0.0,0.0,0.0,0.0,0.0,1.0,0.0,0.0,0.0,0.0,0.0,0.0,0.0,0.0,0.0,0.0,0.0,0.0,0.0,0.0,0.0,0.0,0.0,0.0,0.0,0.0,0.0,0.0,0.0,0.0,0.0,0.0,0.0,0.0,0.0,0.0,0.0,0.0,0.0,0.0,0.0,0.0,0.0,0.0,0.0,0.0,0.0,0.0,0.0,0.0,0.5246999999999991,Normal ZnO
3.74085920111206,1082.2499480125834,88.0,-2.43280572232144,4.6322,0.663,12.298294863779358,1,-9.10078367086423,3.9692,12.298294863779358,13.994027562544758,1171264.9499732396,5.918543682559944,4048.544675925921,-2632.903866507094,1.0610396667215007,-0.0022479148433215295,0.0,0.0,0.0,0.0,0.0,0.0,0.0,0.0,0.0,0.0,0.0,0.0,0.0,0.0,0.0,0.0,0.0,0.0,0.0,0.0,0.0,0.0,0.0,0.0,0.0,0.0,0.0,0.0,0.0,0.0,0.0,0.0,0.0,0.0,0.0,0.0,0.0,1.0,0.0,0.0,0.0,0.0,0.0,0.0,0.0,0.0,0.0,0.0,0.0,0.0,0.0,0.0,0.0,0.0,0.0,0.0,0.0,0.0,3.9692,2D ZnO
4.11838754195602,1266.5583928301792,88.0,-1.7460570564772722,1.9253,-0.127,14.392709009433855,1,-7.190939628940396,2.0523,14.392709009433855,16.96111594573855,1604170.1624485664,3.048715244474076,5216.1783061916485,-2211.483219241647,0.4983260994970046,-0.001378583937670361,0.0,0.0,1.0,0.0,0.0,0.0,0.0,0.0,0.0,0.0,0.0,0.0,0.0,0.0,0.0,0.0,0.0,0.0,0.0,0.0,0.0,0.0,0.0,0.0,0.0,0.0,0.0,0.0,0.0,0.0,0.0,0.0,0.0,0.0,0.0,0.0,0.0,0.0,0.0,0.0,0.0,0.0,0.0,0.0,0.0,0.0,0.0,0.0,0.0,0.0,0.0,0.0,0.0,0.0,0.0,0.0,0.0,0.0,2.0523,2D ZnO
4.275042692086934,443.9504549844237,32.0,-1.597810553125,3.70132,2.2060400000000002,13.87345171826324,1,-6.830708328476414,1.4952799999999997,13.87345171826324,18.275990019165903,197092.0064808768,2.5529985636776185,1897.90714822983,-709.3487220387574,0.0,-0.003599074029963682,0.0,0.0,1.0,0.0,0.0,0.0,0.0,0.0,0.0,0.0,0.0,0.0,0.0,0.0,0.0,0.0,0.0,0.0,0.0,0.0,0.0,0.0,0.0,0.0,0.0,0.0,0.0,0.0,0.0,0.0,0.0,0.0,0.0,0.0,0.0,0.0,0.0,0.0,0.0,0.0,0.0,0.0,0.0,0.0,0.0,0.0,0.0,0.0,0.0,0.0,0.0,0.0,0.0,0.0,0.0,0.0,0.0,0.0,0.0,Normal ZnO
5.751798906100995,296.2036418737954,28.0,-0.9614855357142851,3.67302,2.2544999999999997,10.578701495492693,1,-5.530271452553354,1.4185200000000004,10.578701495492693,33.0831906562246,87736.59745929964,0.9244544353877857,1703.7037833128272,-284.7955172875484,0.0,-0.003246028744386434,0.0,0.0,0.0,0.0,0.0,0.0,0.0,0.0,0.0,0.0,0.0,0.0,0.0,0.0,0.0,0.0,1.0,0.0,0.0,0.0,0.0,0.0,0.0,0.0,0.0,0.0,0.0,0.0,0.0,0.0,0.0,0.0,0.0,0.0,0.0,0.0,0.0,0.0,0.0,0.0,0.0,0.0,0.0,0.0,0.0,0.0,0.0,0.0,0.0,0.0,0.0,0.0,0.0,0.0,0.0,0.0,0.0,0.0,0.0,Normal ZnO
5.730808394371775,372.37954170587625,28.0,-1.620722185357142,4.6937,4.7242,13.299269346638438,1,-9.288048304789278,-0.03049999999999997,13.299269346638438,32.842164853002004,138666.52308107843,2.6267404021088305,2134.03580350035,-603.5237846158387,0.0,-0.004352339491940372,0.0,0.0,0.0,0.0,0.0,0.0,0.0,0.0,0.0,0.0,0.0,0.0,0.0,0.0,0.0,0.0,0.0,0.0,0.0,0.0,0.0,0.0,0.0,0.0,0.0,0.0,0.0,0.0,0.0,0.0,0.0,1.0,0.0,0.0,0.0,0.0,0.0,0.0,0.0,0.0,0.0,0.0,0.0,0.0,0.0,0.0,0.0,0.0,0.0,0.0,0.0,0.0,0.0,0.0,0.0,0.0,0.0,0.0,0.0,Normal ZnO
5.414266555518064,303.35149243179603,28.0,-1.247569128571428,2.7156000000000002,2.3284000000000002,10.833981872564143,1,-6.754671808521099,0.3872,10.833981872564143,29.31428233420144,92022.12796059801,1.5564287305644724,1642.4258400399644,-378.45195706397794,0.07151476493254234,-0.004112619056429812,0.0,0.0,0.0,0.0,0.0,0.0,0.0,0.0,0.0,0.0,0.0,0.0,0.0,1.0,0.0,0.0,0.0,0.0,0.0,0.0,0.0,0.0,0.0,0.0,0.0,0.0,0.0,0.0,0.0,0.0,0.0,0.0,0.0,0.0,0.0,0.0,0.0,0.0,0.0,0.0,0.0,0.0,0.0,0.0,0.0,0.0,0.0,0.0,0.0,0.0,0.0,0.0,0.0,0.0,0.0,0.0,0.0,0.0,0.38720000000000004,Normal ZnO
4.267874912358604,194.07103663722506,16.0,-1.734662759374999,1.7848,1.5459,12.129439789826566,1,-7.403323672139308,0.2388999999999999,12.129439789826566,18.214756267539958,37663.567261447155,3.0090548887624857,828.2709084794403,-336.64779992789533,0.0,-0.008938287698321444,0.0,0.0,0.0,0.0,0.0,0.0,0.0,0.0,0.0,0.0,0.0,0.0,0.0,0.0,1.0,0.0,0.0,0.0,0.0,0.0,0.0,0.0,0.0,0.0,0.0,0.0,0.0,0.0,0.0,0.0,0.0,0.0,0.0,0.0,0.0,0.0,0.0,0.0,0.0,0.0,0.0,0.0,0.0,0.0,0.0,0.0,0.0,0.0,0.0,0.0,0.0,0.0,0.0,0.0,0.0,0.0,0.0,0.0,0.0,Normal ZnO
4.885423469617831,178.97080630611114,16.0,-1.03855081625,3.9572200000000004,3.9965800000000002,11.185675394131946,1,-5.073760532098505,-0.03935999999999984,11.185675394131946,23.867362477492726,32030.549509859553,1.078587797933541,874.3481775043023,-185.87027697413237,0.0,-0.005802906282232788,0.0,0.0,0.0,0.0,0.0,0.0,0.0,0.0,0.0,0.0,0.0,0.0,0.0,1.0,0.0,0.0,0.0,0.0,0.0,0.0,0.0,0.0,0.0,0.0,0.0,0.0,0.0,0.0,0.0,0.0,0.0,0.0,0.0,0.0,0.0,0.0,0.0,0.0,0.0,0.0,0.0,0.0,0.0,0.0,0.0,0.0,0.0,0.0,0.0,0.0,0.0,0.0,0.0,0.0,0.0,0.0,0.0,0.0,0.0,Normal ZnO
5.6983002713859285,287.6718056694245,28.0,-1.0992790125,4.4927399999999995,3.1986600000000003,10.273993059622303,1,-6.264021895257605,1.2940799999999992,10.273993059622303,32.470625982876946,82755.06777710712,1.2084143473229751,1639.2403283161616,-316.23157846037685,0.0,-0.003821295625207104,0.0,0.0,0.0,0.0,0.0,0.0,0.0,0.0,0.0,0.0,0.0,0.0,0.0,0.0,0.0,0.0,0.0,0.0,0.0,0.0,0.0,0.0,0.0,0.0,0.0,0.0,0.0,0.0,0.0,0.0,0.0,0.0,0.0,0.0,0.0,1.0,0.0,0.0,0.0,0.0,0.0,0.0,0.0,0.0,0.0,0.0,0.0,0.0,0.0,0.0,0.0,0.0,0.0,0.0,0.0,0.0,0.0,0.0,0.0,Normal ZnO
4.786140812740119,312.4477748607884,28.0,-2.7219564645238092,4.3963399999999995,2.29214,11.158849102171015,1,-13.027666925359206,2.1041999999999996,11.158849102171015,22.90714387937665,97623.61201545791,7.409046994762956,1495.4190471110555,-850.4692406084027,0.0,-0.008711716592433987,0.0,0.0,0.0,0.0,0.0,0.0,0.0,0.0,0.0,0.0,0.0,0.0,0.0,0.0,0.0,0.0,0.0,0.0,0.0,0.0,0.0,0.0,0.0,0.0,0.0,0.0,0.0,0.0,0.0,0.0,0.0,0.0,0.0,0.0,0.0,0.0,0.0,0.0,0.0,0.0,0.0,0.0,0.0,0.0,0.0,0.0,0.0,0.0,0.0,0.0,0.0,0.0,1.0,0.0,0.0,0.0,0.0,0.0,0.0,Normal ZnO
3.6263407829850482,308.8935172585829,16.0,-1.497365558749999,1.3021,0.7916000000000001,19.30584482866143,1,-5.429957792732315,0.5105,19.30584482866143,13.150347474340613,95415.20500437845,2.242103616530697,1120.153159234495,-462.52651406415043,0.14077551740180866,-0.004847513706467704,0.0,0.0,0.0,0.0,0.0,0.0,0.0,0.0,0.0,0.0,0.0,0.0,0.0,0.0,0.0,0.0,0.0,0.0,0.0,0.0,0.0,0.0,0.0,0.0,0.0,0.0,0.0,0.0,0.0,0.0,0.0,1.0,0.0,0.0,0.0,0.0,0.0,0.0,0.0,0.0,0.0,0.0,0.0,0.0,0.0,0.0,0.0,0.0,0.0,0.0,0.0,0.0,0.0,0.0,0.0,0.0,0.0,0.0,0.5105000000000001,Normal ZnO
4.8926911564351325,324.84229394576556,28.0,-1.796845360837439,2.7825,2.7207,11.601510498063055,1,-8.791409406450832,0.0618000000000003,11.601510498063055,23.938426752258554,105522.51593594716,3.228653250763027,1589.353018824549,-583.6913688802406,0.012631085434182229,-0.005531439083906462,0.0,0.0,0.0,0.0,0.0,0.0,0.0,0.0,0.0,0.0,0.0,0.0,0.0,0.0,0.0,0.0,0.0,0.0,0.0,0.0,0.0,0.0,0.0,0.0,0.0,0.0,0.0,0.0,0.0,0.0,1.0,0.0,0.0,0.0,0.0,0.0,0.0,0.0,0.0,0.0,0.0,0.0,0.0,0.0,0.0,0.0,0.0,0.0,0.0,0.0,0.0,0.0,0.0,0.0,0.0,0.0,0.0,0.0,0.06180000000000001,Normal ZnO
5.448350457703841,312.75497203775507,16.0,-1.499050464375,2.5429,0.8963000000000001,19.54718575235969,1,-8.167352283698687,1.6465999999999998,19.54718575235969,29.684522709961648,97815.67253433695,2.2471522947429032,1703.9986950510547,-468.83548606878685,0.30221991275758425,-0.004793050785437355,0.0,0.0,0.0,0.0,0.0,0.0,0.0,0.0,0.0,0.0,0.0,0.0,0.0,0.0,0.0,0.0,0.0,0.0,0.0,0.0,0.0,0.0,0.0,0.0,0.0,0.0,0.0,0.0,0.0,0.0,0.0,0.0,0.0,0.0,0.0,0.0,0.0,0.0,0.0,0.0,0.0,0.0,0.0,0.0,0.0,0.0,0.0,0.0,0.0,0.0,0.0,0.0,0.0,0.0,1.0,0.0,0.0,0.0,1.646599999999999,Normal ZnO
4.80466263553613,319.74392013097605,28.0,-2.180237219285715,4.3243,4.358,11.41942571896343,1,-10.475304304107267,-0.03369999999999962,11.41942571896343,23.08478304131699,102236.174460724,4.753434332358706,1536.2616659931493,-697.117595309873,0.0,-0.00681869797052788,0.0,0.0,0.0,0.0,0.0,0.0,0.0,0.0,0.0,0.0,0.0,0.0,0.0,0.0,0.0,0.0,0.0,0.0,0.0,0.0,0.0,0.0,0.0,0.0,0.0,0.0,0.0,0.0,0.0,0.0,0.0,0.0,0.0,0.0,0.0,0.0,0.0,0.0,0.0,0.0,0.0,0.0,0.0,0.0,0.0,0.0,0.0,0.0,0.0,0.0,0.0,0.0,0.0,1.0,0.0,0.0,0.0,0.0,0.0,Normal ZnO
5.248107759065225,305.13879783272023,28.0,-1.5454219996428562,4.2235,2.7267,10.897814208311436,1,-8.11054118735577,1.4967999999999995,10.897814208311436,27.542635050760616,93109.6859427977,2.388329156980124,1601.4012924977342,-471.5682111152597,0.2852075583651133,-0.005064652579807535,0.0,0.0,0.0,0.0,0.0,0.0,0.0,0.0,0.0,0.0,0.0,0.0,0.0,0.0,0.0,0.0,0.0,0.0,0.0,1.0,0.0,0.0,0.0,0.0,0.0,0.0,0.0,0.0,0.0,0.0,0.0,0.0,0.0,0.0,0.0,0.0,0.0,0.0,0.0,0.0,0.0,0.0,0.0,0.0,0.0,0.0,0.0,0.0,0.0,0.0,0.0,0.0,0.0,0.0,0.0,0.0,0.0,0.0,1.496799999999999,Normal ZnO
4.979259947109496,311.3457257619552,28.0,-2.087431627499999,4.8739,2.4883,11.119490205784114,1,-10.393864695140334,2.3855999999999997,11.119490205784114,24.793029620888856,96936.1609502386,4.357370799487295,1550.2713019902405,-649.9129150424465,0.47910734232400565,-0.006704545637783965,0.0,0.0,0.0,0.0,0.0,0.0,0.0,0.0,0.0,0.0,0.0,0.0,0.0,0.0,1.0,0.0,0.0,0.0,0.0,0.0,0.0,0.0,0.0,0.0,0.0,0.0,0.0,0.0,0.0,0.0,0.0,0.0,0.0,0.0,0.0,0.0,0.0,0.0,0.0,0.0,0.0,0.0,0.0,0.0,0.0,0.0,0.0,0.0,0.0,0.0,0.0,0.0,0.0,0.0,0.0,0.0,0.0,0.0,2.3855999999999993,Normal ZnO
4.140320383834314,198.35810138932473,16.0,-2.186161565,3.718,1.9140000000000001,12.397381336832796,1,-9.051409289924624,1.8039999999999998,12.397381336832796,17.14225288079392,39345.93638677763,4.779302388283249,821.2660904808947,-433.6428573637148,0.4357150734140366,-0.011021287004099422,0.0,0.0,0.0,0.0,0.0,0.0,0.0,0.0,0.0,0.0,0.0,0.0,0.0,0.0,0.0,0.0,0.0,0.0,0.0,0.0,0.0,0.0,0.0,0.0,0.0,0.0,0.0,0.0,0.0,0.0,0.0,0.0,0.0,0.0,0.0,0.0,0.0,0.0,0.0,0.0,0.0,0.0,0.0,0.0,0.0,0.0,0.0,0.0,0.0,0.0,0.0,0.0,0.0,1.0,0.0,0.0,0.0,0.0,1.804,Normal ZnO
4.642170262300091,182.63263064300503,16.0,-1.502226304482759,2.2129,2.0885,11.414539415187814,1,-6.973590277914826,0.12440000000000007,11.414539415187814,21.549744744183297,33354.6777755843,2.256683869879927,847.8117668965943,-274.35554180880615,0.02679781071587896,-0.008225399257480911,0.0,0.0,0.0,0.0,0.0,0.0,0.0,0.0,0.0,0.0,0.0,0.0,0.0,0.0,0.0,0.0,0.0,0.0,0.0,0.0,0.0,0.0,0.0,0.0,0.0,0.0,0.0,0.0,0.0,0.0,1.0,0.0,0.0,0.0,0.0,0.0,0.0,0.0,0.0,0.0,0.0,0.0,0.0,0.0,0.0,0.0,0.0,0.0,0.0,0.0,0.0,0.0,0.0,0.0,0.0,0.0,0.0,0.0,0.12440000000000001,Normal ZnO
3.80298784719987,229.49203539659175,16.0,-0.618387345,0.9386,0.9875,14.343252212286984,1,-2.3517195578971934,-0.048900000000000055,14.343252212286984,14.462716565949902,52666.59431047052,0.38240290845614905,872.7554216424008,-141.9149704675444,0.0,-0.002694591748821902,0.0,0.0,0.0,0.0,0.0,0.0,0.0,0.0,0.0,0.0,0.0,0.0,0.0,0.0,0.0,0.0,0.0,0.0,0.0,0.0,0.0,0.0,0.0,0.0,0.0,0.0,0.0,0.0,0.0,0.0,0.0,0.0,0.0,0.0,0.0,1.0,0.0,0.0,0.0,0.0,0.0,0.0,0.0,0.0,0.0,0.0,0.0,0.0,0.0,0.0,0.0,0.0,0.0,0.0,0.0,0.0,0.0,0.0,0.0,Normal ZnO
4.038717043739067,198.2918764465909,16.0,-2.905231004583333,4.2251,1.0613,12.39324227791193,1,-11.733405974209877,3.1638,12.39324227791193,16.311235359388427,39319.66826471007,8.440367189992282,800.8447810398478,-576.0837074096434,0.7833675807778147,-0.014651286056924501,0.0,0.0,0.0,0.0,0.0,0.0,0.0,0.0,0.0,0.0,0.0,0.0,0.0,0.0,0.0,0.0,0.0,0.0,0.0,0.0,0.0,0.0,0.0,0.0,0.0,0.0,0.0,0.0,0.0,0.0,0.0,0.0,0.0,0.0,0.0,0.0,0.0,0.0,0.0,0.0,0.0,0.0,0.0,0.0,0.0,0.0,0.0,0.0,0.0,0.0,0.0,0.0,1.0,0.0,0.0,0.0,0.0,0.0,3.1638,2D ZnO
4.334376437707001,196.99163559150588,16.0,-1.2546877925,1.201,1.2461,12.311977224469118,1,-5.43828920449061,-0.04509999999999992,12.311977224469118,18.786819103749632,38805.704493016645,1.574241456648523,853.8359037331869,-247.16300040127095,0.0,-0.0063692439972517344,0.0,0.0,0.0,0.0,0.0,0.0,0.0,0.0,0.0,0.0,0.0,0.0,0.0,0.0,0.0,0.0,0.0,0.0,0.0,1.0,0.0,0.0,0.0,0.0,0.0,0.0,0.0,0.0,0.0,0.0,0.0,0.0,0.0,0.0,0.0,0.0,0.0,0.0,0.0,0.0,0.0,0.0,0.0,0.0,0.0,0.0,0.0,0.0,0.0,0.0,0.0,0.0,0.0,0.0,0.0,0.0,0.0,0.0,0.0,Normal ZnO
4.8507734466325765,179.92087885454032,16.0,-0.6969338487500001,1.6768,1.7287,11.24505492840877,1,-3.380668207575945,-0.051899999999999835,11.24505492840877,23.530003030555687,32371.522647790174,0.485716789533488,872.7554216424008,-125.3929505705773,0.0,-0.0038735573835955222,0.0,0.0,0.0,0.0,0.0,0.0,0.0,0.0,0.0,0.0,0.0,0.0,0.0,0.0,0.0,0.0,0.0,0.0,0.0,0.0,0.0,0.0,0.0,0.0,0.0,0.0,0.0,0.0,0.0,0.0,0.0,0.0,0.0,0.0,0.0,1.0,0.0,0.0,0.0,0.0,0.0,0.0,0.0,0.0,0.0,0.0,0.0,0.0,0.0,0.0,0.0,0.0,0.0,0.0,0.0,0.0,0.0,0.0,0.0,Normal ZnO
6.08059218685493,131.35507358950417,12.0,-1.128759614166667,3.71656,2.11902,10.94625613245868,1,-6.86352689073922,1.59754,10.94625613245868,36.97360134284122,17254.155357704058,1.2740982665736829,798.7166341720934,-148.26830218372288,0.0,-0.008593193877642954,0.0,0.0,0.0,0.0,0.0,0.0,0.0,0.0,0.0,0.0,0.0,0.0,0.0,0.0,0.0,0.0,1.0,0.0,0.0,0.0,0.0,0.0,0.0,0.0,0.0,0.0,0.0,0.0,0.0,0.0,0.0,0.0,0.0,0.0,0.0,0.0,0.0,0.0,0.0,0.0,0.0,0.0,0.0,0.0,0.0,0.0,0.0,0.0,0.0,0.0,0.0,0.0,0.0,0.0,0.0,0.0,0.0,0.0,0.0,Normal ZnO
4.970925649530972,219.59221563126295,18.0,-1.309207618333333,1.798,1.1973,12.199567535070164,1,-6.507973730534521,0.6007,12.199567535070164,24.71010181316492,48220.74116584708,1.7140245879020382,1091.5765771187812,-287.49180163114545,0.12084268451222532,-0.005961994666203202,0.0,0.0,0.0,0.0,0.0,0.0,0.0,0.0,0.0,0.0,0.0,0.0,0.0,1.0,0.0,0.0,0.0,0.0,0.0,0.0,0.0,0.0,0.0,0.0,0.0,0.0,0.0,0.0,0.0,0.0,0.0,0.0,0.0,0.0,0.0,0.0,0.0,0.0,0.0,0.0,0.0,0.0,0.0,0.0,0.0,0.0,0.0,0.0,0.0,0.0,0.0,0.0,0.0,0.0,0.0,0.0,0.0,0.0,0.6007,Normal ZnO
5.8183059148938465,275.2349766275483,28.0,-1.354517684999999,3.3013,3.347,9.82982059384101,1,-7.880998258463814,-0.045700000000000074,9.82982059384101,33.85268371928872,75754.29235916706,1.8347181589777564,1601.4012924977337,-372.8106433725755,0.0,-0.004921313786484887,0.0,0.0,0.0,0.0,0.0,0.0,0.0,0.0,0.0,0.0,0.0,0.0,0.0,0.0,0.0,0.0,0.0,0.0,0.0,1.0,0.0,0.0,0.0,0.0,0.0,0.0,0.0,0.0,0.0,0.0,0.0,0.0,0.0,0.0,0.0,0.0,0.0,0.0,0.0,0.0,0.0,0.0,0.0,0.0,0.0,0.0,0.0,0.0,0.0,0.0,0.0,0.0,0.0,0.0,0.0,0.0,0.0,0.0,0.0,Normal ZnO
5.248132306621658,305.13737057985725,28.0,-1.544777799285714,4.2354,2.7287,10.897763234994901,1,-8.107198274983261,1.5067000000000004,10.897763234994901,27.54289270780596,93108.81492438912,2.3863384491660136,1601.4012924977337,-471.3694358041812,0.2870926097078328,-0.00506256508781651,0.0,0.0,0.0,0.0,0.0,0.0,0.0,0.0,0.0,0.0,0.0,0.0,0.0,0.0,0.0,0.0,0.0,0.0,0.0,1.0,0.0,0.0,0.0,0.0,0.0,0.0,0.0,0.0,0.0,0.0,0.0,0.0,0.0,0.0,0.0,0.0,0.0,0.0,0.0,0.0,0.0,0.0,0.0,0.0,0.0,0.0,0.0,0.0,0.0,0.0,0.0,0.0,0.0,0.0,0.0,0.0,0.0,0.0,1.5067,Normal ZnO
3.345928376764007,212.99077876941647,15.0,-2.266026178666666,1.5665,0.4898,14.199385251294432,1,-7.581961293690903,1.0767,14.199385251294432,11.195236702434622,45365.071840802506,5.134874642402653,712.6518906736553,-482.64268050609803,0.32179409681247373,-0.010639081145948873,0.0,0.0,0.0,0.0,0.0,0.0,0.0,0.0,0.0,0.0,0.0,0.0,0.0,0.0,0.0,0.0,0.0,0.0,0.0,0.0,0.0,0.0,0.0,0.0,0.0,0.0,0.0,0.0,0.0,0.0,0.0,0.0,0.0,0.0,0.0,0.0,0.0,0.0,0.0,0.0,0.0,0.0,0.0,0.0,0.0,0.0,0.0,0.0,0.0,0.0,0.0,0.0,0.0,1.0,0.0,0.0,0.0,0.0,1.0767,Normal ZnO
5.539508444555091,416.33247793290576,36.0,-2.7647865047222213,4.6418,1.3573,11.564791053691827,1,-15.315558190300699,3.2845,11.564791053691827,30.686153807297163,173332.73218175347,7.6440444166941175,2306.2772772518774,-1151.0704164664598,0.5929226451903706,-0.006640813895782067,0.0,0.0,0.0,0.0,0.0,0.0,0.0,0.0,0.0,0.0,0.0,0.0,0.0,0.0,0.0,0.0,0.0,0.0,0.0,0.0,0.0,0.0,0.0,0.0,0.0,0.0,0.0,0.0,0.0,0.0,0.0,0.0,0.0,0.0,1.0,0.0,0.0,0.0,0.0,0.0,0.0,0.0,0.0,0.0,0.0,0.0,0.0,0.0,0.0,0.0,0.0,0.0,0.0,0.0,0.0,0.0,0.0,0.0,3.2845,Normal ZnO
8.499004152017108,408.9712179142129,36.0,-2.9919900877407413,4.8555,1.7893000000000001,11.360311608728136,1,-25.42893617850259,3.0662000000000003,11.360311608728136,72.23307157600404,167257.4570822346,8.95200468513885,3475.848079108389,-1223.6378301705836,0.3607716792645977,-0.007315894020611374,0.0,0.0,0.0,0.0,0.0,0.0,0.0,0.0,0.0,0.0,0.0,0.0,0.0,0.0,0.0,0.0,0.0,0.0,0.0,0.0,0.0,0.0,0.0,0.0,0.0,0.0,0.0,0.0,0.0,0.0,0.0,0.0,0.0,0.0,0.0,0.0,0.0,0.0,0.0,0.0,0.0,0.0,0.0,0.0,0.0,0.0,0.0,0.0,0.0,0.0,1.0,0.0,0.0,0.0,0.0,0.0,0.0,0.0,3.0662,Normal ZnO
4.690653331240539,429.5219768733596,32.0,-1.372878197773443,4.3866,1.3351,13.422561777292488,1,-6.439695691773508,3.0515,13.422561777292488,22.00222867387797,184489.12861719888,1.8847945459216568,2014.7386916620462,-589.6813575139844,0.6505490353926813,-0.003196293255509538,0.0,0.0,0.0,0.0,0.0,0.0,0.0,0.0,0.0,0.0,0.0,0.0,0.0,0.0,0.0,0.0,0.0,0.0,0.0,0.0,0.0,0.0,0.0,0.0,0.0,0.0,0.0,0.0,0.0,0.0,0.0,0.0,0.0,0.0,0.0,0.0,0.0,0.0,0.0,0.0,0.0,0.0,0.0,0.0,0.0,0.0,1.0,0.0,0.0,0.0,0.0,0.0,0.0,0.0,0.0,0.0,0.0,0.0,3.0515,2D ZnO
7.412403559277655,687.7701653629325,60.0,-2.463705317477778,4.9672,1.824,11.46283608938221,1,-18.261978064283564,3.1432,11.46283608938221,54.94372652559204,473027.80036335555,6.069843891368278,5098.030021701182,-1694.4630136072274,0.4240459892480959,-0.0035821636958877014,0.0,0.0,0.0,0.0,0.0,0.0,0.0,0.0,0.0,0.0,0.0,0.0,0.0,0.0,0.0,0.0,0.0,0.0,0.0,0.0,0.0,0.0,0.0,0.0,0.0,0.0,0.0,0.0,0.0,0.0,0.0,0.0,0.0,0.0,0.0,0.0,0.0,0.0,0.0,0.0,0.0,0.0,0.0,0.0,0.0,0.0,0.0,0.0,0.0,0.0,1.0,0.0,0.0,0.0,0.0,0.0,0.0,0.0,3.1432,Normal ZnO
5.557724570313579,266.3939026523075,28.0,-2.235407409999999,6.5664,3.9105,9.514067951868125,1,-12.423778687218036,2.6559,9.514067951868125,30.888302399467257,70965.71137032707,4.997046288682904,1480.543938152453,-595.4989039677865,0.47787542660649485,-0.00839136101743895,0.0,0.0,0.0,0.0,0.0,0.0,0.0,0.0,0.0,0.0,0.0,0.0,0.0,0.0,0.0,0.0,0.0,0.0,0.0,0.0,0.0,0.0,0.0,0.0,0.0,0.0,0.0,0.0,0.0,0.0,0.0,0.0,0.0,0.0,0.0,0.0,0.0,0.0,0.0,0.0,0.0,0.0,0.0,0.0,0.0,0.0,0.0,1.0,0.0,0.0,0.0,0.0,0.0,0.0,0.0,0.0,0.0,0.0,2.6559,Normal ZnO
4.406155421033805,672.0343685947768,56.0,-2.395569417499999,4.0687,1.2572,12.000613724906728,1,-10.555251175380416,2.8114999999999997,12.000613724906728,19.41420559430559,451630.1925725803,5.738752834061285,2961.087876304906,-1609.904980914569,0.6380846182998111,-0.003564653133007368,0.0,0.0,0.0,0.0,0.0,0.0,0.0,0.0,0.0,0.0,0.0,0.0,0.0,0.0,0.0,0.0,0.0,0.0,0.0,0.0,0.0,0.0,0.0,0.0,0.0,0.0,0.0,0.0,0.0,0.0,0.0,0.0,0.0,0.0,0.0,0.0,0.0,0.0,0.0,0.0,0.0,0.0,0.0,0.0,0.0,0.0,0.0,1.0,0.0,0.0,0.0,0.0,0.0,0.0,0.0,0.0,0.0,0.0,2.811499999999999,Normal ZnO
7.908177751209805,946.3546315279176,64.0,-1.5131586815625,3.4089,3.18,14.786791117623713,1,-11.966327819582524,0.22889999999999988,14.786791117623713,62.53927534472977,895587.0886143408,2.2896491955879634,7483.9406418034305,-1431.9847265333492,0.028944721173595468,-0.001598934089982167,0.0,0.0,0.0,0.0,0.0,0.0,0.0,1.0,0.0,0.0,0.0,0.0,0.0,0.0,0.0,0.0,0.0,0.0,0.0,0.0,0.0,0.0,0.0,0.0,0.0,0.0,0.0,0.0,0.0,0.0,0.0,0.0,0.0,0.0,0.0,0.0,0.0,0.0,0.0,0.0,0.0,0.0,0.0,0.0,0.0,0.0,0.0,0.0,0.0,0.0,0.0,0.0,0.0,0.0,0.0,0.0,0.0,0.0,0.22889999999999902,Normal ZnO
3.648083619641255,425.54489493122315,24.0,-1.102122734583333,5.21006,3.03914,17.731037288800966,1,-4.0206358948676835,2.17092,17.731037288800966,13.308514095894841,181088.45760202577,1.214674522085444,1552.4233606205541,-469.0027032895768,0.0,-0.002589909426034729,0.0,0.0,0.0,0.0,0.0,0.0,0.0,0.0,0.0,0.0,0.0,0.0,1.0,0.0,0.0,0.0,0.0,0.0,0.0,0.0,0.0,0.0,0.0,0.0,0.0,0.0,0.0,0.0,0.0,0.0,0.0,0.0,0.0,0.0,0.0,0.0,0.0,0.0,0.0,0.0,0.0,0.0,0.0,0.0,0.0,0.0,0.0,0.0,0.0,0.0,0.0,0.0,0.0,0.0,0.0,0.0,0.0,0.0,0.0,Normal ZnO
2.042479815194085,1648.4918360501467,112.0,-0.416074262053572,-0.6896,-1.0749,14.718677107590596,1,-0.8498232818661949,0.3853,14.718677107590596,4.171723795475263,2717525.333523984,0.17311779154342452,3367.0113006446613,-685.8950241859028,0.18864323511730138,-0.00025239691999355166,0.0,0.0,0.0,0.0,0.0,0.0,0.0,0.0,0.0,1.0,0.0,0.0,0.0,0.0,0.0,0.0,0.0,0.0,0.0,0.0,0.0,0.0,0.0,0.0,0.0,0.0,0.0,0.0,0.0,0.0,0.0,0.0,0.0,0.0,0.0,0.0,0.0,0.0,0.0,0.0,0.0,0.0,0.0,0.0,0.0,0.0,0.0,0.0,0.0,0.0,0.0,0.0,0.0,0.0,0.0,0.0,0.0,0.0,0.38530000000000003,Normal ZnO
3.032337757916974,966.6362566420729,96.0,-2.687527499618056,4.8132,-0.0345,10.069127673354926,1,-8.149491112532028,4.847700000000001,10.069127673354926,9.195072278088942,934385.6526549994,7.22280406120328,2931.1676191872803,-2597.861521853428,1.598667558501157,-0.0027802883257804353,0.0,0.0,0.0,0.0,1.0,0.0,0.0,0.0,0.0,0.0,0.0,0.0,0.0,0.0,0.0,0.0,0.0,0.0,0.0,0.0,0.0,0.0,0.0,0.0,0.0,0.0,0.0,0.0,0.0,0.0,0.0,0.0,0.0,0.0,0.0,0.0,0.0,0.0,0.0,0.0,0.0,0.0,0.0,0.0,0.0,0.0,0.0,0.0,0.0,0.0,0.0,0.0,0.0,0.0,0.0,0.0,0.0,0.0,4.8477000000000015,Normal ZnO
5.591035434894425,572.6336391061509,40.0,-1.6326734050833331,5.9056,2.2997,14.315840977653773,1,-9.128334861430655,3.6058999999999997,14.315840977653773,31.259677234245093,327909.2846359535,2.6656224476664057,3201.6149674550356,-934.9237134246999,0.6449431490802363,-0.0028511657254922103,0.0,0.0,0.0,0.0,0.0,0.0,0.0,0.0,0.0,0.0,0.0,0.0,0.0,0.0,0.0,0.0,0.0,0.0,0.0,0.0,0.0,0.0,0.0,0.0,0.0,0.0,0.0,0.0,0.0,0.0,0.0,0.0,0.0,0.0,0.0,0.0,0.0,0.0,0.0,0.0,0.0,0.0,0.0,0.0,0.0,0.0,0.0,0.0,0.0,0.0,0.0,1.0,0.0,0.0,0.0,0.0,0.0,0.0,3.605899999999999,Normal ZnO
4.74416993043778,538.6539781098929,40.0,-1.50242969321875,4.5385,0.6158,13.466349452747323,1,-7.1277817731652515,3.9227,13.466349452747323,22.507148328870006,290148.108133613,2.2572949830653872,2555.466005859644,-809.2897310827057,0.8268464362611951,-0.0027892297361112837,0.0,0.0,0.0,0.0,0.0,0.0,0.0,0.0,0.0,0.0,0.0,0.0,0.0,0.0,0.0,0.0,0.0,0.0,0.0,0.0,0.0,0.0,0.0,0.0,0.0,0.0,0.0,0.0,0.0,0.0,0.0,0.0,0.0,0.0,0.0,0.0,0.0,0.0,0.0,0.0,0.0,0.0,0.0,0.0,0.0,0.0,1.0,0.0,0.0,0.0,0.0,0.0,0.0,0.0,0.0,0.0,0.0,0.0,3.9227,2D ZnO
4.09570354478328,917.856103283554,80.0,-2.639511696874999,5.2993,1.839999999999999,11.473201291044425,1,-10.810657413387865,3.4593000000000007,11.473201291044425,16.774787526750327,842459.8263348702,6.967021997939938,3759.266495819421,-2422.691920665048,0.8446167946911414,-0.0028757358451203465,0.0,0.0,0.0,0.0,0.0,0.0,0.0,0.0,0.0,0.0,0.0,0.0,0.0,0.0,0.0,0.0,0.0,0.0,0.0,0.0,0.0,0.0,0.0,0.0,0.0,0.0,0.0,0.0,0.0,0.0,0.0,0.0,0.0,0.0,0.0,0.0,0.0,0.0,0.0,0.0,0.0,0.0,0.0,0.0,0.0,0.0,0.0,1.0,0.0,0.0,0.0,0.0,0.0,0.0,0.0,0.0,0.0,0.0,3.4593,Normal ZnO
4.264196508976492,347.2034966108582,28.0,-2.431820439166669,3.3129,0.6359,12.400124878959222,1,-10.36976022715219,2.677,12.400124878959222,18.183371867167303,120550.26805880624,5.9137506483487705,1480.543938152453,-844.3365596084203,0.627785327051577,-0.007004020589954559,0.0,0.0,0.0,0.0,0.0,0.0,0.0,0.0,0.0,0.0,0.0,0.0,0.0,0.0,0.0,0.0,0.0,0.0,0.0,0.0,0.0,0.0,0.0,0.0,0.0,0.0,0.0,0.0,0.0,0.0,0.0,0.0,0.0,0.0,0.0,0.0,0.0,0.0,0.0,0.0,0.0,0.0,0.0,0.0,0.0,0.0,0.0,1.0,0.0,0.0,0.0,0.0,0.0,0.0,0.0,0.0,0.0,0.0,2.677,2D ZnO
4.7954524282235695,308.73915658900745,28.0,-2.363772901785713,5.0051,2.1512000000000002,11.02639844960741,1,-11.335360501637371,2.8538999999999994,11.02639844960741,22.99636399135533,95319.86681129166,5.587422331216451,1480.5439381524527,-729.7892520652719,0.5951263291036755,-0.00765621351013911,0.0,0.0,0.0,0.0,0.0,0.0,0.0,0.0,0.0,0.0,0.0,0.0,0.0,0.0,0.0,0.0,0.0,0.0,0.0,0.0,0.0,0.0,0.0,0.0,0.0,0.0,0.0,0.0,0.0,0.0,0.0,0.0,0.0,0.0,0.0,0.0,0.0,0.0,0.0,0.0,0.0,0.0,0.0,0.0,0.0,0.0,0.0,1.0,0.0,0.0,0.0,0.0,0.0,0.0,0.0,0.0,0.0,0.0,2.8539,Normal ZnO
7.783456219835017,686.4035299175896,44.0,-1.366358213181818,4.6735,2.2884599999999997,15.600080225399763,1,-10.634989332912681,2.38504,15.600080225399763,60.58219072608841,471149.8058833273,1.8669347667294103,5342.591824253774,-937.8731006598903,0.0,-0.0019906048754525845,0.0,0.0,0.0,0.0,0.0,0.0,0.0,1.0,0.0,0.0,0.0,0.0,0.0,0.0,0.0,0.0,0.0,0.0,0.0,0.0,0.0,0.0,0.0,0.0,0.0,0.0,0.0,0.0,0.0,0.0,0.0,0.0,0.0,0.0,0.0,0.0,0.0,0.0,0.0,0.0,0.0,0.0,0.0,0.0,0.0,0.0,0.0,0.0,0.0,0.0,0.0,0.0,0.0,0.0,0.0,0.0,0.0,0.0,0.0,Normal ZnO
3.628198518551862,587.6664893385622,44.0,-3.086527976363635,3.3609,0.4504,13.356056575876414,1,-11.198536231311417,2.9105,13.356056575876414,13.163824490021927,345351.90269151045,9.526654948875397,2132.170686020745,-1813.8490601148742,0.8021887405327754,-0.00525217624683283,0.0,0.0,0.0,0.0,0.0,0.0,0.0,0.0,0.0,0.0,0.0,0.0,0.0,0.0,0.0,0.0,0.0,0.0,0.0,0.0,0.0,0.0,0.0,0.0,0.0,0.0,0.0,0.0,0.0,0.0,0.0,0.0,0.0,0.0,0.0,0.0,0.0,0.0,0.0,0.0,0.0,0.0,0.0,0.0,0.0,0.0,0.0,0.0,0.0,0.0,0.0,0.0,1.0,0.0,0.0,0.0,0.0,0.0,2.9105,2D ZnO
5.893075990948873,611.6665134704357,44.0,-1.611950760681817,1.41948,0.48848,13.901511669782629,1,-9.499348326365789,0.931,13.901511669782629,34.72834463509804,374135.9237010787,2.5983852548626887,3604.59724500003,-985.9763016722637,0.0,-0.0026353425031166583,0.0,0.0,0.0,0.0,0.0,0.0,0.0,0.0,0.0,0.0,0.0,0.0,0.0,0.0,0.0,0.0,0.0,0.0,0.0,0.0,0.0,0.0,0.0,0.0,0.0,0.0,0.0,0.0,0.0,0.0,0.0,0.0,0.0,0.0,0.0,0.0,0.0,0.0,0.0,0.0,0.0,0.0,0.0,0.0,0.0,1.0,0.0,0.0,0.0,0.0,0.0,0.0,0.0,0.0,0.0,0.0,0.0,0.0,0.0,Normal ZnO
3.878057255602273,565.601400333951,44.0,-2.298497134318182,3.4877000000000002,1.3614,12.854577280317068,1,-8.913703488723659,2.1263000000000005,12.854577280317068,15.039328077729435,319904.9440597263,5.283089076468896,2193.4346143438847,-1300.0331978339373,0.5482899967318247,-0.004063810897499668,0.0,0.0,0.0,0.0,0.0,0.0,0.0,0.0,0.0,0.0,0.0,0.0,0.0,0.0,0.0,0.0,0.0,0.0,0.0,0.0,0.0,0.0,0.0,0.0,0.0,0.0,0.0,0.0,0.0,0.0,0.0,0.0,0.0,0.0,0.0,0.0,0.0,0.0,0.0,0.0,0.0,0.0,0.0,0.0,0.0,0.0,0.0,0.0,0.0,0.0,0.0,0.0,0.0,1.0,0.0,0.0,0.0,0.0,2.126299999999999,2D ZnO
4.193490593737859,542.0476313897931,44.0,-1.502871143981191,1.4079000000000002,1.4471,12.319264349768025,1,-6.302276005885179,-0.0391999999999999,12.319264349768025,17.585363359767896,293815.634695285,2.2586216754113337,2273.0716435909835,-814.6277438790733,0.0,-0.0027725813322491176,0.0,0.0,0.0,0.0,0.0,0.0,0.0,0.0,0.0,0.0,0.0,0.0,0.0,0.0,0.0,0.0,0.0,0.0,0.0,0.0,0.0,0.0,0.0,0.0,0.0,0.0,0.0,0.0,0.0,0.0,1.0,0.0,0.0,0.0,0.0,0.0,0.0,0.0,0.0,0.0,0.0,0.0,0.0,0.0,0.0,0.0,0.0,0.0,0.0,0.0,0.0,0.0,0.0,0.0,0.0,0.0,0.0,0.0,0.0,Normal ZnO
3.992107892092208,554.7067184045869,44.0,-1.766088374090909,3.5254800000000004,2.9698599999999997,12.606970872831521,1,-7.050415336340613,0.5556200000000007,12.606970872831521,15.936925422104892,307699.5434431857,3.1190681450990705,2214.4490683395215,-979.6610864044607,0.0,-0.0031838236594112705,0.0,0.0,0.0,0.0,0.0,0.0,0.0,0.0,0.0,0.0,0.0,0.0,0.0,0.0,1.0,0.0,0.0,0.0,0.0,0.0,0.0,0.0,0.0,0.0,0.0,0.0,0.0,0.0,0.0,0.0,0.0,0.0,0.0,0.0,0.0,0.0,0.0,0.0,0.0,0.0,0.0,0.0,0.0,0.0,0.0,0.0,0.0,0.0,0.0,0.0,0.0,0.0,0.0,0.0,0.0,0.0,0.0,0.0,0.0,Normal ZnO
4.408161500693888,533.710227051294,44.0,-0.9698757306818181,3.3083200000000006,1.88138,12.12977788752941,1,-4.275368856448944,1.4269400000000005,12.12977788752941,19.43188781619979,284846.60645914386,0.9406589329655906,2352.680875414108,-517.6325964337328,0.0,-0.001817232800728409,0.0,0.0,0.0,0.0,0.0,0.0,0.0,0.0,0.0,0.0,0.0,0.0,0.0,1.0,0.0,0.0,0.0,0.0,0.0,0.0,0.0,0.0,0.0,0.0,0.0,0.0,0.0,0.0,0.0,0.0,0.0,0.0,0.0,0.0,0.0,0.0,0.0,0.0,0.0,0.0,0.0,0.0,0.0,0.0,0.0,0.0,0.0,0.0,0.0,0.0,0.0,0.0,0.0,0.0,0.0,0.0,0.0,0.0,0.0,Normal ZnO
4.290599611821907,547.2201604081672,44.0,-0.596775922499999,3.6179200000000002,3.1302600000000007,12.436821827458346,1,-2.5605265414231564,0.48765999999999954,12.436821827458346,18.4092450289663,299449.9039571402,0.35614150167572484,2347.902607828404,-326.56781603818143,0.0,-0.0010905590942681435,0.0,0.0,0.0,0.0,0.0,0.0,0.0,0.0,0.0,0.0,0.0,0.0,0.0,0.0,0.0,0.0,0.0,0.0,0.0,0.0,0.0,0.0,0.0,0.0,0.0,0.0,0.0,0.0,0.0,0.0,0.0,0.0,0.0,0.0,0.0,1.0,0.0,0.0,0.0,0.0,0.0,0.0,0.0,0.0,0.0,0.0,0.0,0.0,0.0,0.0,0.0,0.0,0.0,0.0,0.0,0.0,0.0,0.0,0.0,Normal ZnO
4.7069607040391,656.4949263232721,44.0,-1.450501722954544,3.8924000000000003,3.1379,14.92033923461982,1,-6.827454611088049,0.7545000000000002,14.92033923461982,22.155479069368262,430985.5882881985,2.103955248294101,3090.095820604686,-952.2470217428227,0.16029451857385454,-0.0022094637213392354,0.0,0.0,0.0,0.0,0.0,0.0,0.0,0.0,0.0,0.0,0.0,0.0,0.0,0.0,0.0,0.0,0.0,0.0,0.0,0.0,0.0,0.0,0.0,0.0,0.0,0.0,0.0,0.0,0.0,0.0,0.0,1.0,0.0,0.0,0.0,0.0,0.0,0.0,0.0,0.0,0.0,0.0,0.0,0.0,0.0,0.0,0.0,0.0,0.0,0.0,0.0,0.0,0.0,0.0,0.0,0.0,0.0,0.0,0.7544999999999991,Normal ZnO
8.170285990028203,592.5903247405973,44.0,-1.731621808409091,4.4213000000000005,3.3852,13.467961925922667,1,-14.147845401272098,1.0361000000000002,13.467961925922667,66.75357315885114,351163.2929761666,2.9985140873579708,4841.632428054366,-1026.1423297730437,0.12681318637616287,-0.002922122984655711,0.0,0.0,0.0,0.0,0.0,0.0,0.0,0.0,0.0,0.0,0.0,0.0,0.0,0.0,0.0,0.0,0.0,0.0,0.0,0.0,0.0,0.0,0.0,0.0,0.0,0.0,0.0,0.0,0.0,0.0,0.0,0.0,0.0,0.0,0.0,0.0,0.0,0.0,0.0,0.0,0.0,0.0,0.0,0.0,0.0,0.0,0.0,0.0,0.0,0.0,0.0,0.0,0.0,0.0,1.0,0.0,0.0,0.0,1.036099999999999,Normal ZnO
5.764259837576205,429.7232988960483,28.0,-1.461906015714285,5.321,4.7167,15.347260674858868,1,-8.426806132692901,0.6042999999999994,15.347260674858868,33.22669147509406,184662.11361410245,2.1371691987816153,2477.036753097246,-628.2150757487207,0.10483566269179483,-0.003401970569131104,0.0,0.0,0.0,0.0,0.0,0.0,0.0,0.0,0.0,0.0,0.0,0.0,0.0,0.0,0.0,0.0,0.0,0.0,0.0,0.0,0.0,0.0,0.0,0.0,0.0,0.0,0.0,0.0,0.0,0.0,0.0,0.0,0.0,0.0,0.0,0.0,0.0,0.0,0.0,0.0,0.0,0.0,0.0,0.0,0.0,1.0,0.0,0.0,0.0,0.0,0.0,0.0,0.0,0.0,0.0,0.0,0.0,0.0,0.6042999999999991,Normal ZnO
8.49704938402002,427.8779187479545,28.0,-1.472223543571429,6.0247,4.2221,15.281354240998374,1,-12.509556154043382,1.8026,15.281354240998374,72.199848234475,183079.51335208115,2.1674421622460156,3635.699805933075,-629.9319457550815,0.21214423013594114,-0.003440756063971266,0.0,0.0,0.0,0.0,0.0,0.0,0.0,1.0,0.0,0.0,0.0,0.0,0.0,0.0,0.0,0.0,0.0,0.0,0.0,0.0,0.0,0.0,0.0,0.0,0.0,0.0,0.0,0.0,0.0,0.0,0.0,0.0,0.0,0.0,0.0,0.0,0.0,0.0,0.0,0.0,0.0,0.0,0.0,0.0,0.0,0.0,0.0,0.0,0.0,0.0,0.0,0.0,0.0,0.0,0.0,0.0,0.0,0.0,1.8026,Normal ZnO
9.595101750254006,344.10545725021257,28.0,-1.397860959285714,3.77456,2.8495,12.28948061607902,1,-13.4126181370541,0.9250600000000002,12.28948061607902,92.0659775977275,118408.56570937787,1.9540152614951767,3301.7268751334695,-481.0115845672314,0.0,-0.004062303953143279,0.0,0.0,0.0,0.0,0.0,0.0,0.0,0.0,0.0,0.0,0.0,0.0,0.0,0.0,0.0,0.0,0.0,0.0,0.0,0.0,0.0,0.0,0.0,0.0,0.0,0.0,0.0,0.0,0.0,0.0,0.0,0.0,0.0,0.0,0.0,0.0,0.0,0.0,0.0,0.0,0.0,0.0,0.0,0.0,0.0,0.0,0.0,0.0,0.0,0.0,0.0,0.0,0.0,0.0,1.0,0.0,0.0,0.0,0.0,Normal ZnO
6.351387873527212,335.9951944353894,28.0,-1.634294573571427,5.3478,4.6257,11.999828372692479,1,-10.380038736352887,0.7221000000000002,11.999828372692479,40.340127919988525,112892.77068367513,2.670918753205012,2134.03580350035,-549.1151230118334,0.11369168666422279,-0.004864041512015421,0.0,0.0,0.0,0.0,0.0,0.0,0.0,0.0,0.0,0.0,0.0,0.0,0.0,0.0,0.0,0.0,0.0,0.0,0.0,0.0,0.0,0.0,0.0,0.0,0.0,0.0,0.0,0.0,0.0,0.0,0.0,1.0,0.0,0.0,0.0,0.0,0.0,0.0,0.0,0.0,0.0,0.0,0.0,0.0,0.0,0.0,0.0,0.0,0.0,0.0,0.0,0.0,0.0,0.0,0.0,0.0,0.0,0.0,0.7221000000000001,Normal ZnO
5.5237554271520715,280.65531184995405,28.0,-2.0901719739285722,5.7271,3.4902,10.023403994641216,1,-11.545598784669108,2.2369,10.023403994641216,30.511874018991964,78767.40406959495,4.368818880596464,1550.2713019902408,-586.6178671629575,0.4049600004019905,-0.007447469852436055,0.0,0.0,0.0,0.0,0.0,0.0,0.0,0.0,0.0,0.0,0.0,0.0,0.0,0.0,1.0,0.0,0.0,0.0,0.0,0.0,0.0,0.0,0.0,0.0,0.0,0.0,0.0,0.0,0.0,0.0,0.0,0.0,0.0,0.0,0.0,0.0,0.0,0.0,0.0,0.0,0.0,0.0,0.0,0.0,0.0,0.0,0.0,0.0,0.0,0.0,0.0,0.0,0.0,0.0,0.0,0.0,0.0,0.0,2.2369,Normal ZnO
5.888620988289452,278.91518970336415,28.0,-1.225200178571429,3.67,3.3091,9.961256775120148,1,-7.214739486391701,0.3609,9.961256775120148,34.675857143723036,77793.6830472636,1.5011154775714617,1642.425840039964,-341.72694023084574,0.06128769379413491,-0.004392733790778736,0.0,0.0,0.0,0.0,0.0,0.0,0.0,0.0,0.0,0.0,0.0,0.0,0.0,1.0,0.0,0.0,0.0,0.0,0.0,0.0,0.0,0.0,0.0,0.0,0.0,0.0,0.0,0.0,0.0,0.0,0.0,0.0,0.0,0.0,0.0,0.0,0.0,0.0,0.0,0.0,0.0,0.0,0.0,0.0,0.0,0.0,0.0,0.0,0.0,0.0,0.0,0.0,0.0,0.0,0.0,0.0,0.0,0.0,0.3609,Normal ZnO
6.8472343127320805,348.2890969657784,28.0,-1.736780186190475,4.9642,4.4953,12.438896320206371,1,-11.892140884556632,0.46889999999999965,12.438896320206371,46.88461773345556,121305.2950652374,3.0164054151438213,2384.8170554945486,-604.901602676337,0.06848020362441863,-0.0049866050970901465,0.0,0.0,0.0,0.0,0.0,0.0,0.0,0.0,0.0,0.0,0.0,0.0,0.0,0.0,0.0,0.0,0.0,0.0,0.0,0.0,0.0,0.0,0.0,0.0,1.0,0.0,0.0,0.0,0.0,0.0,0.0,0.0,0.0,0.0,0.0,0.0,0.0,0.0,0.0,0.0,0.0,0.0,0.0,0.0,0.0,0.0,0.0,0.0,0.0,0.0,0.0,0.0,0.0,0.0,0.0,0.0,0.0,0.0,0.46889999999999904,Normal ZnO
2.7285550533745973,588.7059108989663,52.0,-1.441986480769231,2.74424,0.8748400000000001,11.321267517287813,1,-3.934539499000737,1.8694,11.321267517287813,7.445012679296052,346574.64952738164,2.079325010721232,1606.3164881348698,-848.9059646652449,0.0,-0.0024494173645501324,0.0,0.0,0.0,0.0,1.0,0.0,0.0,0.0,0.0,0.0,0.0,0.0,0.0,0.0,0.0,0.0,0.0,0.0,0.0,0.0,0.0,0.0,0.0,0.0,0.0,0.0,0.0,0.0,0.0,0.0,0.0,0.0,0.0,0.0,0.0,0.0,0.0,0.0,0.0,0.0,0.0,0.0,0.0,0.0,0.0,0.0,0.0,0.0,0.0,0.0,0.0,0.0,0.0,0.0,0.0,0.0,0.0,0.0,0.0,Normal ZnO
3.134681860601478,953.870869518282,68.0,-1.220826198781512,-0.3164,-0.4254,14.027512787033558,1,-3.8269017402674605,0.10899999999999999,14.027512787033558,9.826230367183944,909869.6357155634,1.4904166076313161,2990.081712035118,-1164.51054776242,0.03477226871727399,-0.0012798652708600339,0.0,0.0,0.0,0.0,0.0,0.0,0.0,0.0,0.0,0.0,0.0,0.0,0.0,0.0,0.0,0.0,0.0,0.0,0.0,0.0,0.0,0.0,0.0,0.0,0.0,0.0,0.0,0.0,0.0,0.0,0.0,0.0,0.0,0.0,0.0,0.0,0.0,1.0,0.0,0.0,0.0,0.0,0.0,0.0,0.0,0.0,0.0,0.0,0.0,0.0,0.0,0.0,0.0,0.0,0.0,0.0,0.0,0.0,0.10899999999999901,Normal ZnO
2.683660811445582,1114.1801897179694,68.0,-1.25524503907563,-1.6266,-1.6036000000000001,16.385002789970137,1,-3.3686519201287464,-0.02299999999999991,16.385002789970137,7.202035350888759,1241397.4951599701,1.57564010812398,2990.081712035118,-1398.5691557798252,0.0,-0.0011266086497134437,0.0,0.0,0.0,0.0,0.0,0.0,0.0,0.0,0.0,0.0,0.0,0.0,0.0,0.0,0.0,0.0,0.0,0.0,0.0,0.0,0.0,0.0,0.0,0.0,0.0,0.0,0.0,0.0,0.0,0.0,0.0,0.0,0.0,0.0,0.0,0.0,0.0,1.0,0.0,0.0,0.0,0.0,0.0,0.0,0.0,0.0,0.0,0.0,0.0,0.0,0.0,0.0,0.0,0.0,0.0,0.0,0.0,0.0,0.0,Normal ZnO
2.933807661592616,547.5193582604804,52.0,-1.045771568653846,0.4262,0.4494,10.529218428086162,1,-3.068092640392382,-0.0232,10.529218428086162,8.607227395219534,299777.4476699683,1.0936381738047258,1606.3164881348698,-572.5801781564097,0.0,-0.001910017523355446,0.0,0.0,0.0,0.0,1.0,0.0,0.0,0.0,0.0,0.0,0.0,0.0,0.0,0.0,0.0,0.0,0.0,0.0,0.0,0.0,0.0,0.0,0.0,0.0,0.0,0.0,0.0,0.0,0.0,0.0,0.0,0.0,0.0,0.0,0.0,0.0,0.0,0.0,0.0,0.0,0.0,0.0,0.0,0.0,0.0,0.0,0.0,0.0,0.0,0.0,0.0,0.0,0.0,0.0,0.0,0.0,0.0,0.0,0.0,Normal ZnO
1.8880851764021251,1004.071417380826,60.0,0.155017667499999,3.41942,1.9794999999999998,16.734523623013768,1,0.29268656008718164,1.4399200000000003,16.734523623013768,3.564865633349444,1008159.411201141,0.02403047723714025,1895.7723592058087,155.6488091257936,0.0,0.00015438908509553124,0.0,0.0,0.0,0.0,0.0,0.0,0.0,0.0,0.0,0.0,0.0,0.0,0.0,0.0,0.0,0.0,0.0,0.0,0.0,0.0,0.0,0.0,0.0,0.0,0.0,0.0,0.0,0.0,0.0,0.0,0.0,0.0,1.0,0.0,0.0,0.0,0.0,0.0,0.0,0.0,0.0,0.0,0.0,0.0,0.0,0.0,0.0,0.0,0.0,0.0,0.0,0.0,0.0,0.0,0.0,0.0,0.0,0.0,0.0,Normal ZnO
2.976408739543865,1004.5937818652384,68.0,-1.386024554810924,3.41942,1.9794999999999998,14.773437968606446,1,-4.125375598161629,1.4399200000000003,14.773437968606446,8.8590089848331,1009208.6665623022,1.9210640665388201,2990.0817120351185,-1392.3916492755895,0.0,-0.001379686575640036,0.0,0.0,0.0,0.0,0.0,0.0,0.0,0.0,0.0,0.0,0.0,0.0,0.0,0.0,0.0,0.0,0.0,0.0,0.0,0.0,0.0,0.0,0.0,0.0,0.0,0.0,0.0,0.0,0.0,0.0,0.0,0.0,0.0,0.0,0.0,0.0,0.0,1.0,0.0,0.0,0.0,0.0,0.0,0.0,0.0,0.0,0.0,0.0,0.0,0.0,0.0,0.0,0.0,0.0,0.0,0.0,0.0,0.0,0.0,Normal ZnO
2.9210864759446933,1023.6197170671271,68.0,-1.225453344810924,1.6745400000000004,0.7648399999999999,15.053231133340105,1,-3.579655192428379,0.9097000000000005,15.053231133340105,8.532746199946986,1047797.3251685854,1.5017359003082813,2990.0817120351185,-1254.3982060943226,0.0,-0.001197176377495043,0.0,0.0,0.0,0.0,0.0,0.0,0.0,0.0,0.0,0.0,0.0,0.0,0.0,0.0,0.0,0.0,0.0,0.0,0.0,0.0,0.0,0.0,0.0,0.0,0.0,0.0,0.0,0.0,0.0,0.0,0.0,0.0,0.0,0.0,0.0,0.0,0.0,1.0,0.0,0.0,0.0,0.0,0.0,0.0,0.0,0.0,0.0,0.0,0.0,0.0,0.0,0.0,0.0,0.0,0.0,0.0,0.0,0.0,0.0,Normal ZnO
3.241979150368943,922.3013391973363,68.0,-1.377115853928571,4.859579999999999,3.1887,13.563254988196123,1,-4.4645808860789495,1.6708799999999995,13.563254988196123,10.510428811426932,850639.7602852001,1.8964480751414174,2990.0817120351185,-1270.1157963082046,0.0,-0.0014931300599943314,0.0,0.0,0.0,0.0,0.0,0.0,0.0,0.0,0.0,0.0,0.0,0.0,0.0,0.0,0.0,0.0,0.0,0.0,0.0,0.0,0.0,0.0,0.0,0.0,0.0,0.0,0.0,0.0,0.0,0.0,0.0,0.0,0.0,0.0,0.0,0.0,0.0,1.0,0.0,0.0,0.0,0.0,0.0,0.0,0.0,0.0,0.0,0.0,0.0,0.0,0.0,0.0,0.0,0.0,0.0,0.0,0.0,0.0,0.0,Normal ZnO
4.803942717714652,284.30897077354643,28.0,-1.9609919970238092,3.85758,3.3121399999999994,10.153891813340945,1,-9.420493223599241,0.5454400000000006,10.153891813340945,23.07786563508364,80831.59086231329,3.8454896123914275,1365.8040097285264,-557.5276163690006,0.0,-0.006897397544960864,0.0,0.0,0.0,0.0,1.0,0.0,0.0,0.0,0.0,0.0,0.0,0.0,0.0,0.0,0.0,0.0,0.0,0.0,0.0,0.0,0.0,0.0,0.0,0.0,0.0,0.0,0.0,0.0,0.0,0.0,0.0,0.0,0.0,0.0,0.0,0.0,0.0,0.0,0.0,0.0,0.0,0.0,0.0,0.0,0.0,0.0,0.0,0.0,0.0,0.0,0.0,0.0,0.0,0.0,0.0,0.0,0.0,0.0,0.0,Normal ZnO
4.931391060175259,998.6672590025205,76.0,-1.8121479501315791,3.8774,2.750099999999999,13.140358671085796,1,-8.936410200993791,1.1273000000000013,13.140358671085796,24.318617788376464,997336.2942036074,3.2838801931660844,4924.818793134759,-1809.7328262649403,0.2285967562183025,-0.0018145662970282734,0.0,0.0,0.0,0.0,0.0,0.0,0.0,0.0,0.0,0.0,0.0,0.0,0.0,0.0,0.0,0.0,0.0,0.0,0.0,0.0,0.0,0.0,0.0,0.0,0.0,0.0,0.0,0.0,0.0,0.0,0.0,1.0,0.0,0.0,0.0,0.0,0.0,0.0,0.0,0.0,0.0,0.0,0.0,0.0,0.0,0.0,0.0,0.0,0.0,0.0,0.0,0.0,0.0,0.0,0.0,0.0,0.0,0.0,1.1273,Normal ZnO
4.558776861367558,146.29311706737215,12.0,-1.5884461883333332,3.38422,1.78794,12.19109308894768,1,-7.241371728901493,1.59628,12.19109308894768,20.78244647174024,21401.676101287852,2.523161293230695,666.9176770640715,-232.3787441850694,0.0,-0.010857969398531637,0.0,0.0,0.0,0.0,0.0,0.0,0.0,0.0,0.0,0.0,0.0,0.0,0.0,0.0,0.0,0.0,0.0,0.0,1.0,0.0,0.0,0.0,0.0,0.0,0.0,0.0,0.0,0.0,0.0,0.0,0.0,0.0,0.0,0.0,0.0,0.0,0.0,0.0,0.0,0.0,0.0,0.0,0.0,0.0,0.0,0.0,0.0,0.0,0.0,0.0,0.0,0.0,0.0,0.0,0.0,0.0,0.0,0.0,0.0,Normal ZnO
6.310725411072043,386.0918422464366,28.0,-1.48273596642857,4.11256,3.3986999999999994,13.788994365944164,1,-9.35713954125124,0.7138600000000008,13.788994365944164,39.825255213950406,149066.9106492473,2.1985059461408656,2436.519599872206,-572.4722608434572,0.0,-0.003840371135016528,0.0,0.0,0.0,0.0,0.0,0.0,0.0,0.0,0.0,0.0,0.0,0.0,0.0,0.0,0.0,0.0,0.0,0.0,0.0,0.0,0.0,0.0,0.0,0.0,0.0,0.0,0.0,0.0,0.0,0.0,0.0,0.0,0.0,0.0,0.0,0.0,0.0,0.0,0.0,0.0,0.0,0.0,0.0,0.0,0.0,0.0,0.0,0.0,1.0,0.0,0.0,0.0,0.0,0.0,0.0,0.0,0.0,0.0,0.0,Normal ZnO
4.065193527880805,563.6002415105539,44.0,-1.181025290227272,4.5540400000000005,2.8521,12.809096397967135,1,-4.801096366095455,1.7019400000000005,12.809096397967135,16.525798419123984,317645.23223075474,1.394820736156412,2291.1440541007623,-665.6261388021626,0.0,-0.0020955017461701288,0.0,0.0,0.0,0.0,0.0,0.0,0.0,0.0,0.0,0.0,0.0,0.0,0.0,0.0,0.0,0.0,0.0,0.0,0.0,1.0,0.0,0.0,0.0,0.0,0.0,0.0,0.0,0.0,0.0,0.0,0.0,0.0,0.0,0.0,0.0,0.0,0.0,0.0,0.0,0.0,0.0,0.0,0.0,0.0,0.0,0.0,0.0,0.0,0.0,0.0,0.0,0.0,0.0,0.0,0.0,0.0,0.0,0.0,0.0,Normal ZnO
5.3104567265043965,289.2899321306385,28.0,-2.19634080857143,5.7122,4.3515,10.331783290379946,1,-11.663572820574256,1.3607000000000005,10.331783290379946,28.20095064407579,83688.66483214941,4.823912947396203,1536.2616659931493,-635.3792834473807,0.2562303150327485,-0.00759217851929807,0.0,0.0,0.0,0.0,0.0,0.0,0.0,0.0,0.0,0.0,0.0,0.0,0.0,0.0,0.0,0.0,0.0,0.0,0.0,0.0,0.0,0.0,0.0,0.0,0.0,0.0,0.0,0.0,0.0,0.0,0.0,0.0,0.0,0.0,0.0,0.0,0.0,0.0,0.0,0.0,0.0,0.0,0.0,0.0,0.0,0.0,0.0,0.0,0.0,0.0,0.0,0.0,0.0,1.0,0.0,0.0,0.0,0.0,1.3607,Normal ZnO
6.67339557696861,231.03061953050977,20.0,-1.898006614499999,5.3078,4.2024,11.551530976525488,1,-12.666148946261458,1.1054000000000004,11.551530976525488,44.534208526704205,53375.14716065116,3.602429108685748,1541.7587145192217,-438.4976440209402,0.16564281065773834,-0.008215389883631201,0.0,0.0,0.0,0.0,0.0,0.0,0.0,0.0,0.0,0.0,0.0,0.0,0.0,0.0,0.0,0.0,0.0,0.0,0.0,0.0,0.0,0.0,0.0,0.0,0.0,0.0,0.0,0.0,0.0,0.0,0.0,0.0,0.0,0.0,0.0,0.0,0.0,0.0,0.0,0.0,0.0,0.0,0.0,0.0,0.0,0.0,0.0,0.0,1.0,0.0,0.0,0.0,0.0,0.0,0.0,0.0,0.0,0.0,1.1054,Normal ZnO
6.865820519577624,333.8994565496049,28.0,-0.559180500833332,5.081860000000001,3.63294,11.924980591057318,1,-3.839232956769184,1.4489200000000007,11.924980591057318,47.13949140705315,111488.84708412149,0.31268283251221607,2292.4937402540945,-186.71006534138547,0.0,-0.0016746972475238482,1.0,0.0,0.0,0.0,0.0,0.0,0.0,0.0,0.0,0.0,0.0,0.0,0.0,0.0,0.0,0.0,0.0,0.0,0.0,0.0,0.0,0.0,0.0,0.0,0.0,0.0,0.0,0.0,0.0,0.0,0.0,0.0,0.0,0.0,0.0,0.0,0.0,0.0,0.0,0.0,0.0,0.0,0.0,0.0,0.0,0.0,0.0,0.0,0.0,0.0,0.0,0.0,0.0,0.0,0.0,0.0,0.0,0.0,0.0,Normal ZnO
8.663471528886411,227.89505864557682,20.0,-1.8494045585,5.3924,3.500099999999999,11.394752932278841,1,-16.022263737957495,1.8923000000000014,11.394752932278841,75.05573893182546,51936.1577550709,3.42029722100058,1974.362352149854,-421.4701603187546,0.21842283358242112,-0.008115158658951883,0.0,0.0,0.0,0.0,0.0,0.0,0.0,0.0,0.0,0.0,0.0,0.0,0.0,0.0,0.0,0.0,0.0,0.0,0.0,0.0,0.0,0.0,0.0,0.0,0.0,0.0,0.0,0.0,0.0,0.0,0.0,0.0,0.0,0.0,0.0,0.0,0.0,0.0,0.0,0.0,0.0,0.0,0.0,0.0,0.0,0.0,0.0,0.0,0.0,0.0,0.0,0.0,0.0,0.0,1.0,0.0,0.0,0.0,1.8923,Normal ZnO
5.48851766439863,200.16963281443952,20.0,-1.8392645584999991,2.8716,2.8474,10.008481640721977,1,-10.094836018829593,0.0242,10.008481640721977,30.123826152415795,40067.88190106754,3.3828941161541968,1098.634565578239,-368.1649113235571,0.004409205085914862,-0.009188529411976426,0.0,0.0,0.0,0.0,0.0,0.0,0.0,0.0,0.0,0.0,0.0,0.0,0.0,0.0,1.0,0.0,0.0,0.0,0.0,0.0,0.0,0.0,0.0,0.0,0.0,0.0,0.0,0.0,0.0,0.0,0.0,0.0,0.0,0.0,0.0,0.0,0.0,0.0,0.0,0.0,0.0,0.0,0.0,0.0,0.0,0.0,0.0,0.0,0.0,0.0,0.0,0.0,0.0,0.0,0.0,0.0,0.0,0.0,0.024200000000000003,Normal ZnO
5.526955433049783,287.56392883514553,28.0,-1.794670631551724,4.4927399999999995,3.1986600000000003,10.270140315540912,1,-9.919064597589687,1.2940799999999992,10.270140315540912,30.54723635891851,82693.01316710464,3.220842675754264,1589.3530188245486,-516.0825377740656,0.0,-0.006240944887703811,0.0,0.0,0.0,0.0,0.0,0.0,0.0,0.0,0.0,0.0,0.0,0.0,0.0,0.0,0.0,0.0,0.0,0.0,0.0,0.0,0.0,0.0,0.0,0.0,0.0,0.0,0.0,0.0,0.0,0.0,1.0,0.0,0.0,0.0,0.0,0.0,0.0,0.0,0.0,0.0,0.0,0.0,0.0,0.0,0.0,0.0,0.0,0.0,0.0,0.0,0.0,0.0,0.0,0.0,0.0,0.0,0.0,0.0,0.0,Normal ZnO
5.205046383559263,205.80190054063337,20.0,-2.717008284666666,3.6150599999999997,2.80854,10.290095027031668,1,-14.142154146204787,0.8065199999999999,10.290095027031668,27.092507855003362,42354.42226613675,7.3821340189472995,1071.208438138647,-559.1654687690461,0.0,-0.01320205633441282,0.0,0.0,0.0,0.0,0.0,0.0,0.0,0.0,0.0,0.0,0.0,0.0,0.0,0.0,0.0,0.0,0.0,0.0,0.0,0.0,0.0,0.0,0.0,0.0,0.0,0.0,0.0,0.0,0.0,0.0,0.0,0.0,0.0,0.0,0.0,0.0,0.0,0.0,0.0,0.0,0.0,0.0,0.0,0.0,0.0,0.0,0.0,0.0,0.0,0.0,0.0,0.0,1.0,0.0,0.0,0.0,0.0,0.0,0.0,Normal ZnO
6.270249704181289,182.56240000135162,20.0,-1.205189849499999,3.3153599999999996,3.0619199999999998,9.12812000006758,1,-7.556841297309662,0.2534399999999999,9.12812000006758,39.316031352785544,33329.02989425351,1.4524825733378304,1144.7118346031011,-220.0223513819876,0.0,-0.006601522818998197,0.0,0.0,0.0,0.0,0.0,0.0,0.0,0.0,0.0,0.0,0.0,0.0,0.0,1.0,0.0,0.0,0.0,0.0,0.0,0.0,0.0,0.0,0.0,0.0,0.0,0.0,0.0,0.0,0.0,0.0,0.0,0.0,0.0,0.0,0.0,0.0,0.0,0.0,0.0,0.0,0.0,0.0,0.0,0.0,0.0,0.0,0.0,0.0,0.0,0.0,0.0,0.0,0.0,0.0,0.0,0.0,0.0,0.0,0.0,Normal ZnO
4.940080595548426,302.7114675939899,28.0,-2.714215640238095,3.89052,2.07236,10.811123842642496,1,-13.40844401647426,1.8181599999999998,10.811123842642496,24.40439629051409,91634.23261290719,7.366966541713091,1495.4190471110555,-821.6241998230346,0.0,-0.00896634561555006,0.0,0.0,0.0,0.0,0.0,0.0,0.0,0.0,0.0,0.0,0.0,0.0,0.0,0.0,0.0,0.0,0.0,0.0,0.0,0.0,0.0,0.0,0.0,0.0,0.0,0.0,0.0,0.0,0.0,0.0,0.0,0.0,0.0,0.0,0.0,0.0,0.0,0.0,0.0,0.0,0.0,0.0,0.0,0.0,0.0,0.0,0.0,0.0,0.0,0.0,0.0,0.0,1.0,0.0,0.0,0.0,0.0,0.0,0.0,Normal ZnO
5.51908599048533,203.6930685207765,20.0,-1.418680838,4.150619999999999,2.76222,10.184653426038825,1,-7.829821537975787,1.388399999999999,10.184653426038825,30.460310170371432,41490.86616340975,2.012655320108382,1124.199560831986,-288.9754531438466,0.0,-0.00696479683036095,0.0,0.0,0.0,0.0,0.0,0.0,0.0,0.0,0.0,0.0,0.0,0.0,0.0,0.0,0.0,0.0,0.0,0.0,0.0,1.0,0.0,0.0,0.0,0.0,0.0,0.0,0.0,0.0,0.0,0.0,0.0,0.0,0.0,0.0,0.0,0.0,0.0,0.0,0.0,0.0,0.0,0.0,0.0,0.0,0.0,0.0,0.0,0.0,0.0,0.0,0.0,0.0,0.0,0.0,0.0,0.0,0.0,0.0,0.0,Normal ZnO
6.310021559530748,259.7836335186889,28.0,-1.092274188928571,4.93374,3.2201999999999997,9.277986911381745,1,-6.892273681058244,1.7135400000000005,9.277986911381745,39.81637208174285,67487.53624417244,1.1930629037995675,1639.2403283161614,-283.754957598543,0.0,-0.0042045535129910045,0.0,0.0,0.0,0.0,0.0,0.0,0.0,0.0,0.0,0.0,0.0,0.0,0.0,0.0,0.0,0.0,0.0,0.0,0.0,0.0,0.0,0.0,0.0,0.0,0.0,0.0,0.0,0.0,0.0,0.0,0.0,0.0,0.0,0.0,0.0,1.0,0.0,0.0,0.0,0.0,0.0,0.0,0.0,0.0,0.0,0.0,0.0,0.0,0.0,0.0,0.0,0.0,0.0,0.0,0.0,0.0,0.0,0.0,0.0,Normal ZnO
5.380214103185048,202.89708302378835,20.0,-2.124512842500001,4.0777,3.2156000000000002,10.144854151189417,1,-11.43033395761626,0.8620999999999999,10.144854151189417,28.946703796111287,41167.22629956206,4.513554817947434,1091.6297475796937,-431.0574585898273,0.16023525894436863,-0.010470889038118483,0.0,0.0,0.0,0.0,0.0,0.0,0.0,0.0,0.0,0.0,0.0,0.0,0.0,0.0,0.0,0.0,0.0,0.0,0.0,0.0,0.0,0.0,0.0,0.0,0.0,0.0,0.0,0.0,0.0,0.0,0.0,0.0,0.0,0.0,0.0,0.0,0.0,0.0,0.0,0.0,0.0,0.0,0.0,0.0,0.0,0.0,0.0,0.0,0.0,0.0,0.0,0.0,0.0,1.0,0.0,0.0,0.0,0.0,0.8621000000000001,Normal ZnO
5.838493810496932,274.28329025862814,28.0,-1.5270150875000001,5.2331,3.9288,9.795831794951004,1,-8.915468136904183,1.3043000000000005,9.795831794951004,34.08800997521099,75231.32331509885,2.331775077452633,1601.401292497734,-418.834722474067,0.22339665714041188,-0.005567291708000665,0.0,0.0,0.0,0.0,0.0,0.0,0.0,0.0,0.0,0.0,0.0,0.0,0.0,0.0,0.0,0.0,0.0,0.0,0.0,1.0,0.0,0.0,0.0,0.0,0.0,0.0,0.0,0.0,0.0,0.0,0.0,0.0,0.0,0.0,0.0,0.0,0.0,0.0,0.0,0.0,0.0,0.0,0.0,0.0,0.0,0.0,0.0,0.0,0.0,0.0,0.0,0.0,0.0,0.0,0.0,0.0,0.0,0.0,1.3043,Normal ZnO
5.953183158870451,192.01812681303318,20.0,-1.031977049999999,6.300520000000001,4.61882,9.600906340651658,1,-6.143548394400804,1.6817000000000002,9.600906340651658,35.440389723058765,36870.96102478609,1.0649766317267004,1143.1190787411997,-198.1583000550397,0.0,-0.005374373071584166,0.0,0.0,0.0,0.0,0.0,0.0,0.0,0.0,0.0,0.0,0.0,0.0,0.0,0.0,0.0,0.0,0.0,0.0,0.0,0.0,0.0,0.0,0.0,0.0,0.0,0.0,0.0,0.0,0.0,0.0,0.0,0.0,0.0,0.0,0.0,1.0,0.0,0.0,0.0,0.0,0.0,0.0,0.0,0.0,0.0,0.0,0.0,0.0,0.0,0.0,0.0,0.0,0.0,0.0,0.0,0.0,0.0,0.0,0.0,Normal ZnO
6.149654093556156,226.11301305390992,20.0,-1.8430667804999992,3.3912800000000005,2.08208,11.305650652695496,1,-11.334223171399184,1.3092000000000006,11.305650652695496,37.818245470391986,51127.09467231764,3.396895157382632,1390.5168163332937,-416.74138299842406,0.0,-0.008151086731397342,0.0,0.0,0.0,0.0,0.0,0.0,0.0,0.0,0.0,0.0,0.0,0.0,0.0,0.0,0.0,0.0,0.0,0.0,0.0,0.0,0.0,0.0,0.0,0.0,0.0,0.0,0.0,0.0,0.0,0.0,0.0,1.0,0.0,0.0,0.0,0.0,0.0,0.0,0.0,0.0,0.0,0.0,0.0,0.0,0.0,0.0,0.0,0.0,0.0,0.0,0.0,0.0,0.0,0.0,0.0,0.0,0.0,0.0,0.0,Normal ZnO
6.266599995713095,565.5094497154366,44.0,-1.8120015740909081,5.0086,4.4293,12.852487493532651,1,-11.355089056430208,0.5793000000000008,12.852487493532651,39.27027550627137,319800.93771745596,3.2833497045079287,3543.82151516247,-1024.7040130476544,0.09244247285550253,-0.003204193272106601,0.0,0.0,0.0,0.0,0.0,0.0,0.0,0.0,0.0,0.0,0.0,0.0,0.0,0.0,0.0,0.0,0.0,0.0,0.0,0.0,0.0,0.0,0.0,0.0,0.0,0.0,0.0,0.0,0.0,0.0,0.0,0.0,0.0,0.0,0.0,0.0,0.0,0.0,0.0,0.0,0.0,0.0,0.0,0.0,0.0,0.0,0.0,0.0,1.0,0.0,0.0,0.0,0.0,0.0,0.0,0.0,0.0,0.0,0.5793,Normal ZnO
5.305333672538702,240.8393292100707,20.0,-1.440288200468749,5.7399000000000004,2.2957,12.041966460503534,1,-7.641209488107027,3.4442000000000004,12.041966460503534,28.146565376972994,58003.582494356815,2.0744301004095074,1277.7330029298219,-346.8780440700733,0.6491957363262101,-0.005980286547021836,0.0,0.0,0.0,0.0,0.0,0.0,0.0,0.0,0.0,0.0,0.0,0.0,0.0,0.0,0.0,0.0,0.0,0.0,0.0,0.0,0.0,0.0,0.0,0.0,0.0,0.0,0.0,0.0,0.0,0.0,0.0,0.0,0.0,0.0,0.0,0.0,0.0,0.0,0.0,0.0,0.0,0.0,0.0,0.0,0.0,0.0,1.0,0.0,0.0,0.0,0.0,0.0,0.0,0.0,0.0,0.0,0.0,0.0,3.444199999999999,Normal ZnO
3.934361835386675,272.60319326481704,24.0,-1.8630929675,4.7074,0.8841,11.358466386034044,1,-7.330081867109307,3.8232999999999997,11.358466386034044,15.479203051747206,74312.50097817519,3.4711154055479563,1072.519599785634,-507.885092289724,0.9717713214916439,-0.00683445026885698,0.0,0.0,0.0,0.0,0.0,0.0,0.0,0.0,0.0,0.0,0.0,0.0,0.0,0.0,0.0,0.0,0.0,0.0,0.0,0.0,0.0,0.0,0.0,0.0,0.0,0.0,0.0,0.0,0.0,0.0,0.0,0.0,0.0,0.0,0.0,0.0,0.0,0.0,0.0,0.0,0.0,0.0,0.0,0.0,1.0,0.0,0.0,0.0,0.0,0.0,0.0,0.0,0.0,0.0,0.0,0.0,0.0,0.0,3.823299999999999,Normal ZnO
5.566117779030704,220.7972612182532,16.0,-2.43478201625,3.69,1.6107,13.799828826140825,1,-13.552283468713348,2.0793,13.799828826140825,30.9816671300417,48751.43056148154,5.928163466654414,1228.9835612282056,-537.5932008514565,0.37356378045634775,-0.011027229245580505,0.0,0.0,0.0,0.0,0.0,0.0,0.0,0.0,0.0,0.0,0.0,0.0,0.0,0.0,0.0,0.0,0.0,0.0,0.0,0.0,0.0,0.0,0.0,0.0,0.0,0.0,0.0,0.0,0.0,0.0,0.0,0.0,0.0,0.0,0.0,0.0,0.0,0.0,0.0,0.0,0.0,0.0,0.0,0.0,0.0,0.0,0.0,0.0,0.0,1.0,0.0,0.0,0.0,0.0,0.0,0.0,0.0,0.0,2.0793,Normal ZnO
5.516437523405826,490.3168981109131,28.0,-3.2478440160714293,6.7008,3.4264,17.511317789675466,1,-17.916528600425508,3.2744,17.511317789675466,30.431082949639805,240410.66057310754,10.54849075273099,2704.802535098992,-1592.4728035082337,0.5935714827018287,-0.006623969168887882,0.0,0.0,0.0,0.0,0.0,0.0,0.0,0.0,0.0,0.0,0.0,0.0,0.0,0.0,0.0,0.0,0.0,0.0,0.0,0.0,0.0,0.0,0.0,0.0,0.0,0.0,0.0,1.0,0.0,0.0,0.0,0.0,0.0,0.0,0.0,0.0,0.0,0.0,0.0,0.0,0.0,0.0,0.0,0.0,0.0,0.0,0.0,0.0,0.0,0.0,0.0,0.0,0.0,0.0,0.0,0.0,0.0,0.0,3.2744,Normal ZnO
4.656972829232656,297.18951959754264,24.0,-1.261168915390624,3.0405,0.9331,12.38289664989761,1,-5.873229372046955,2.1074,12.38289664989761,21.687395932211214,88321.61055861818,1.590547033147563,1384.0035178984622,-374.80618409629346,0.45252572374300126,-0.004243652054414682,0.0,0.0,0.0,0.0,0.0,0.0,0.0,0.0,0.0,0.0,0.0,0.0,0.0,0.0,0.0,0.0,0.0,0.0,0.0,0.0,0.0,0.0,0.0,0.0,0.0,0.0,0.0,0.0,0.0,0.0,0.0,0.0,0.0,0.0,0.0,0.0,0.0,0.0,0.0,0.0,0.0,0.0,0.0,0.0,0.0,0.0,1.0,0.0,0.0,0.0,0.0,0.0,0.0,0.0,0.0,0.0,0.0,0.0,2.1074,2D ZnO
6.335912949143369,376.3967520761127,28.0,-1.867211013333333,5.0619,4.005,13.442741145575454,1,-11.830486438161776,1.0568999999999997,13.442741145575454,40.14379289912262,141674.51497344664,3.4864769683132923,2384.8170554945486,-702.8121608594138,0.16681100395214465,-0.004960752193089479,0.0,0.0,0.0,0.0,0.0,0.0,0.0,0.0,0.0,0.0,0.0,0.0,0.0,0.0,0.0,0.0,0.0,0.0,0.0,0.0,0.0,0.0,0.0,0.0,1.0,0.0,0.0,0.0,0.0,0.0,0.0,0.0,0.0,0.0,0.0,0.0,0.0,0.0,0.0,0.0,0.0,0.0,0.0,0.0,0.0,0.0,0.0,0.0,0.0,0.0,0.0,0.0,0.0,0.0,0.0,0.0,0.0,0.0,1.056899999999999,Normal ZnO
6.495587769380742,916.057575643052,64.0,-2.996251845,8.2853,6.2559000000000005,14.313399619422688,1,-19.462416838366483,2.029399999999999,14.313399619422688,42.19266046972868,839161.4818930259,8.977525118665906,5950.332384395582,-2744.739201146722,0.3124274618482252,-0.003270811709511488,0.0,0.0,0.0,0.0,0.0,0.0,0.0,0.0,0.0,0.0,0.0,0.0,0.0,0.0,0.0,0.0,0.0,0.0,0.0,0.0,0.0,0.0,0.0,0.0,0.0,0.0,0.0,1.0,0.0,0.0,0.0,0.0,0.0,0.0,0.0,0.0,0.0,0.0,0.0,0.0,0.0,0.0,0.0,0.0,0.0,0.0,0.0,0.0,0.0,0.0,0.0,0.0,0.0,0.0,0.0,0.0,0.0,0.0,2.0294,Normal ZnO
5.731355844333344,195.097888591396,20.0,-1.721061604586207,2.9156,2.7952,9.7548944295698,1,-9.864016485902882,0.12040000000000006,9.7548944295698,32.84843981437398,38063.186132820774,2.96205304678085,1118.1754239953932,-335.77548519048906,0.021007245627409583,-0.00882152860296053,0.0,0.0,0.0,0.0,0.0,0.0,0.0,0.0,0.0,0.0,0.0,0.0,0.0,0.0,0.0,0.0,0.0,0.0,0.0,0.0,0.0,0.0,0.0,0.0,0.0,0.0,0.0,0.0,0.0,0.0,1.0,0.0,0.0,0.0,0.0,0.0,0.0,0.0,0.0,0.0,0.0,0.0,0.0,0.0,0.0,0.0,0.0,0.0,0.0,0.0,0.0,0.0,0.0,0.0,0.0,0.0,0.0,0.0,0.12040000000000001,Normal ZnO
6.352314078966513,510.9208721343043,36.0,-2.8553027550000003,7.6832,5.8291,14.19224644817512,1,-18.137779890298376,1.8540999999999999,14.19224644817512,40.35189415783618,261040.13758247814,8.152753822710592,3245.529849296591,-1458.833773792082,0.2918778852795092,-0.005588542004698988,0.0,0.0,0.0,0.0,0.0,0.0,0.0,0.0,0.0,0.0,0.0,0.0,0.0,0.0,0.0,0.0,0.0,0.0,0.0,0.0,0.0,0.0,0.0,0.0,0.0,0.0,0.0,1.0,0.0,0.0,0.0,0.0,0.0,0.0,0.0,0.0,0.0,0.0,0.0,0.0,0.0,0.0,0.0,0.0,0.0,0.0,0.0,0.0,0.0,0.0,0.0,0.0,0.0,0.0,0.0,0.0,0.0,0.0,1.854099999999999,Normal ZnO
4.626070935376495,299.1747288859557,24.0,-1.356453151223957,2.7204,0.3346,12.465613703581488,1,-6.275048498077005,2.3858,12.465613703581488,21.400532299135158,89505.51840398509,1.8399651514654032,1384.0035178984622,-405.8165037639276,0.5157292296915095,-0.004533983054902448,0.0,0.0,0.0,0.0,0.0,0.0,0.0,0.0,0.0,0.0,0.0,0.0,0.0,0.0,0.0,0.0,0.0,0.0,0.0,0.0,0.0,0.0,0.0,0.0,0.0,0.0,0.0,0.0,0.0,0.0,0.0,0.0,0.0,0.0,0.0,0.0,0.0,0.0,0.0,0.0,0.0,0.0,0.0,0.0,0.0,0.0,1.0,0.0,0.0,0.0,0.0,0.0,0.0,0.0,0.0,0.0,0.0,0.0,2.3858,2D ZnO
5.4605749694373245,974.5814930297074,64.0,-1.569555230104167,6.1486,3.3617,15.227835828589178,1,-8.570674002656254,2.7869,15.227835828589178,29.817878996845437,949809.0865560137,2.463503620347345,5321.775306514876,-1529.659479547505,0.5103675007848435,-0.0016104915200316897,0.0,0.0,0.0,0.0,0.0,0.0,0.0,0.0,0.0,0.0,0.0,0.0,0.0,0.0,0.0,0.0,0.0,0.0,0.0,0.0,0.0,0.0,0.0,0.0,0.0,0.0,0.0,0.0,0.0,0.0,0.0,0.0,0.0,0.0,0.0,0.0,0.0,0.0,0.0,0.0,0.0,0.0,0.0,0.0,0.0,0.0,0.0,0.0,0.0,0.0,0.0,1.0,0.0,0.0,0.0,0.0,0.0,0.0,2.7869,Normal ZnO
3.410611626182771,876.6995600087372,68.0,-1.3421888152521,2.36756,1.49826,12.892640588363783,1,-4.5776847778312915,0.8693000000000002,12.892640588363783,11.632271664653084,768602.1185195134,1.8014708157878359,2990.081712035119,-1176.6963437801644,0.0,-0.001530956414805003,0.0,0.0,0.0,0.0,0.0,0.0,0.0,0.0,0.0,0.0,0.0,0.0,0.0,0.0,0.0,0.0,0.0,0.0,0.0,0.0,0.0,0.0,0.0,0.0,0.0,0.0,0.0,0.0,0.0,0.0,0.0,0.0,0.0,0.0,0.0,0.0,0.0,1.0,0.0,0.0,0.0,0.0,0.0,0.0,0.0,0.0,0.0,0.0,0.0,0.0,0.0,0.0,0.0,0.0,0.0,0.0,0.0,0.0,0.0,Normal ZnO
5.256162823829533,233.39695297211506,22.0,-1.9425493786363621,3.96246,2.69224,10.608952407823411,1,-10.210355827441607,1.2702200000000001,10.608952407823411,27.627247630607652,54474.13765666769,3.7734980884405167,1226.772387407121,-453.38510597160234,0.0,-0.008322942325937078,0.0,0.0,0.0,0.0,0.0,0.0,0.0,0.0,0.0,0.0,0.0,0.0,0.0,0.0,1.0,0.0,0.0,0.0,0.0,0.0,0.0,0.0,0.0,0.0,0.0,0.0,0.0,0.0,0.0,0.0,0.0,0.0,0.0,0.0,0.0,0.0,0.0,0.0,0.0,0.0,0.0,0.0,0.0,0.0,0.0,0.0,0.0,0.0,0.0,0.0,0.0,0.0,0.0,0.0,0.0,0.0,0.0,0.0,0.0,Normal ZnO
3.631535135916856,220.5251363588027,16.0,-2.994516180833333,3.1483,0.3327,13.78282102242517,1,-10.874690725767802,2.8156,13.78282102242517,13.188047443398657,48631.33576606853,8.967127157272651,800.8447810398478,-660.3660891069119,0.7753194983997156,-0.01357902427939617,0.0,0.0,0.0,0.0,0.0,0.0,0.0,0.0,0.0,0.0,0.0,0.0,0.0,0.0,0.0,0.0,0.0,0.0,0.0,0.0,0.0,0.0,0.0,0.0,0.0,0.0,0.0,0.0,0.0,0.0,0.0,0.0,0.0,0.0,0.0,0.0,0.0,0.0,0.0,0.0,0.0,0.0,0.0,0.0,0.0,0.0,0.0,0.0,0.0,0.0,0.0,0.0,1.0,0.0,0.0,0.0,0.0,0.0,2.8156,2D ZnO
4.787697509167506,269.78597364592866,16.0,-1.51376608625,4.13108,2.06694,16.86162335287054,1,-7.247454120601369,2.0641399999999996,16.86162335287054,22.922047439288743,72784.47157608172,2.2914877638806423,1291.653634032943,-408.3928574511431,0.0,-0.005610988836049313,0.0,0.0,0.0,0.0,0.0,0.0,0.0,0.0,0.0,0.0,0.0,0.0,0.0,0.0,0.0,0.0,0.0,0.0,0.0,0.0,0.0,0.0,0.0,0.0,0.0,0.0,0.0,0.0,0.0,0.0,0.0,0.0,0.0,0.0,0.0,0.0,0.0,0.0,0.0,0.0,0.0,0.0,0.0,0.0,0.0,1.0,0.0,0.0,0.0,0.0,0.0,0.0,0.0,0.0,0.0,0.0,0.0,0.0,0.0,Normal ZnO
7.179181341292201,260.61260629949396,16.0,-1.459790338750001,4.13536,2.58546,16.288287893718373,1,-10.48009956215263,1.5499000000000005,16.288287893718373,51.54064473115809,67918.93056221504,2.130987833107843,1870.9851604508574,-380.43976483245893,0.0,-0.00560138037632923,0.0,0.0,0.0,0.0,0.0,0.0,0.0,1.0,0.0,0.0,0.0,0.0,0.0,0.0,0.0,0.0,0.0,0.0,0.0,0.0,0.0,0.0,0.0,0.0,0.0,0.0,0.0,0.0,0.0,0.0,0.0,0.0,0.0,0.0,0.0,0.0,0.0,0.0,0.0,0.0,0.0,0.0,0.0,0.0,0.0,0.0,0.0,0.0,0.0,0.0,0.0,0.0,0.0,0.0,0.0,0.0,0.0,0.0,0.0,Normal ZnO
5.2160185799136904,242.68588864236287,22.0,-1.8807325010658311,4.37824,3.4408000000000003,11.031176756471039,1,-9.80993566940692,0.9374399999999996,11.031176756471039,27.20684982600483,58896.44054613335,3.5371547405653363,1265.8541042414297,-456.4272383197349,0.0,-0.0077496574340891996,0.0,0.0,0.0,0.0,0.0,0.0,0.0,0.0,0.0,0.0,0.0,0.0,0.0,0.0,0.0,0.0,0.0,0.0,0.0,0.0,0.0,0.0,0.0,0.0,0.0,0.0,0.0,0.0,0.0,0.0,1.0,0.0,0.0,0.0,0.0,0.0,0.0,0.0,0.0,0.0,0.0,0.0,0.0,0.0,0.0,0.0,0.0,0.0,0.0,0.0,0.0,0.0,0.0,0.0,0.0,0.0,0.0,0.0,0.0,Normal ZnO
5.810785091889065,218.79918759946725,16.0,-1.964873498749999,4.4097,3.5633,13.674949224966703,1,-11.417457633984402,0.8464,13.674949224966703,33.76522338412021,47873.08449418686,3.860727866090062,1271.3950574204232,-429.9127252622226,0.1456601795825215,-0.008980259571835738,0.0,0.0,0.0,0.0,0.0,0.0,0.0,0.0,0.0,0.0,0.0,0.0,0.0,0.0,0.0,0.0,0.0,0.0,0.0,0.0,0.0,0.0,0.0,0.0,0.0,0.0,0.0,0.0,0.0,0.0,0.0,0.0,0.0,0.0,0.0,0.0,0.0,0.0,0.0,0.0,0.0,0.0,0.0,0.0,0.0,0.0,0.0,0.0,1.0,0.0,0.0,0.0,0.0,0.0,0.0,0.0,0.0,0.0,0.8464,Normal ZnO
5.153138258991809,235.34450085709568,22.0,-2.136723528636364,3.83938,2.50852,10.697477311686168,1,-11.010831764304026,1.33086,10.697477311686168,26.55483391628513,55387.03408367551,4.565587437828235,1212.7627514100302,-502.8661323165373,0.0,-0.009079130894729556,0.0,0.0,0.0,0.0,0.0,0.0,0.0,0.0,0.0,0.0,0.0,0.0,0.0,0.0,0.0,0.0,0.0,0.0,0.0,0.0,0.0,0.0,0.0,0.0,0.0,0.0,0.0,0.0,0.0,0.0,0.0,0.0,0.0,0.0,0.0,0.0,0.0,0.0,0.0,0.0,0.0,0.0,0.0,0.0,0.0,0.0,0.0,0.0,0.0,0.0,0.0,0.0,0.0,1.0,0.0,0.0,0.0,0.0,0.0,Normal ZnO
6.07501395778564,217.1068140125884,22.0,-1.06801192590909,3.29148,2.3899999999999997,9.868491546026744,1,-6.488187356979245,0.9014800000000003,9.868491546026744,36.90579458729035,47135.36869069665,1.1406494738840438,1318.9269254568455,-231.87266656157115,0.0,-0.004919292518599458,0.0,0.0,0.0,0.0,0.0,0.0,0.0,0.0,0.0,0.0,0.0,0.0,0.0,1.0,0.0,0.0,0.0,0.0,0.0,0.0,0.0,0.0,0.0,0.0,0.0,0.0,0.0,0.0,0.0,0.0,0.0,0.0,0.0,0.0,0.0,0.0,0.0,0.0,0.0,0.0,0.0,0.0,0.0,0.0,0.0,0.0,0.0,0.0,0.0,0.0,0.0,0.0,0.0,0.0,0.0,0.0,0.0,0.0,0.0,Normal ZnO
10.160458974829904,293.119431703646,22.0,-0.956056171818181,3.4180800000000007,1.5553599999999999,13.32361053198391,1,-9.713969511391559,1.8627200000000008,13.32361053198391,103.23492657920154,85919.0012422684,0.9140434036716353,2978.2279605503513,-280.2386417601086,0.0,-0.0032616608399568246,0.0,0.0,0.0,0.0,0.0,0.0,0.0,0.0,0.0,0.0,0.0,0.0,0.0,0.0,0.0,0.0,0.0,0.0,0.0,0.0,0.0,0.0,0.0,0.0,0.0,0.0,0.0,0.0,0.0,0.0,0.0,0.0,0.0,0.0,0.0,0.0,0.0,0.0,0.0,0.0,0.0,0.0,0.0,0.0,0.0,0.0,0.0,0.0,0.0,0.0,0.0,0.0,0.0,0.0,1.0,0.0,0.0,0.0,0.0,Normal ZnO
4.60721318582299,243.1303076404964,16.0,-1.5907123225,3.65912,2.6629,15.195644227531025,1,-7.328750787073112,0.9962200000000001,15.195644227531025,21.22641333962122,59112.34649336242,2.530365692953344,1120.153159234495,-386.7503763369535,0.0,-0.006542632787896192,0.0,0.0,0.0,0.0,0.0,0.0,0.0,0.0,0.0,0.0,0.0,0.0,0.0,0.0,0.0,0.0,0.0,0.0,0.0,0.0,0.0,0.0,0.0,0.0,0.0,0.0,0.0,0.0,0.0,0.0,0.0,1.0,0.0,0.0,0.0,0.0,0.0,0.0,0.0,0.0,0.0,0.0,0.0,0.0,0.0,0.0,0.0,0.0,0.0,0.0,0.0,0.0,0.0,0.0,0.0,0.0,0.0,0.0,0.0,Normal ZnO
4.082003249265228,207.69502499764124,16.0,-1.534771013232759,2.46366,1.7489800000000002,12.980939062352578,1,-6.264940262894209,0.7146799999999998,12.980939062352578,16.66275052701188,43137.22340877082,2.3555220630595097,847.8117668965943,-318.76430395903304,0.0,-0.00738954153211031,0.0,0.0,0.0,0.0,0.0,0.0,0.0,0.0,0.0,0.0,0.0,0.0,0.0,0.0,0.0,0.0,0.0,0.0,0.0,0.0,0.0,0.0,0.0,0.0,0.0,0.0,0.0,0.0,0.0,0.0,1.0,0.0,0.0,0.0,0.0,0.0,0.0,0.0,0.0,0.0,0.0,0.0,0.0,0.0,0.0,0.0,0.0,0.0,0.0,0.0,0.0,0.0,0.0,0.0,0.0,0.0,0.0,0.0,0.0,Normal ZnO
7.172122974494636,237.58637451013905,16.0,-1.575032855625,3.4576000000000002,2.9591000000000003,14.84914840688369,1,-11.296329329411956,0.49849999999999994,14.84914840688369,51.43934796127378,56447.28535287205,2.480728496298242,1703.9986950510552,-374.206345902295,0.06950522206224782,-0.006629306326477847,0.0,0.0,0.0,0.0,0.0,0.0,0.0,0.0,0.0,0.0,0.0,0.0,0.0,0.0,0.0,0.0,0.0,0.0,0.0,0.0,0.0,0.0,0.0,0.0,0.0,0.0,0.0,0.0,0.0,0.0,0.0,0.0,0.0,0.0,0.0,0.0,0.0,0.0,0.0,0.0,0.0,0.0,0.0,0.0,0.0,0.0,0.0,0.0,0.0,0.0,0.0,0.0,0.0,0.0,1.0,0.0,0.0,0.0,0.49849999999999905,Normal ZnO
3.920595497359399,217.78219770651242,16.0,-1.2621362925000001,2.58648,1.6733800000000003,13.611387356657026,1,-4.9483258654293865,0.9130999999999996,13.611387356657026,15.371069053914793,47429.08563787847,1.592988020845646,853.835903733187,-274.8708155857996,0.0,-0.005795406170897769,0.0,0.0,0.0,0.0,0.0,0.0,0.0,0.0,0.0,0.0,0.0,0.0,0.0,0.0,0.0,0.0,0.0,0.0,0.0,1.0,0.0,0.0,0.0,0.0,0.0,0.0,0.0,0.0,0.0,0.0,0.0,0.0,0.0,0.0,0.0,0.0,0.0,0.0,0.0,0.0,0.0,0.0,0.0,0.0,0.0,0.0,0.0,0.0,0.0,0.0,0.0,0.0,0.0,0.0,0.0,0.0,0.0,0.0,0.0,Normal ZnO
4.498014253608988,194.38537279039693,16.0,-1.057692846875,1.7848,1.5459,12.149085799399808,1,-4.757517501184019,0.2388999999999999,12.149085799399808,20.232132225669627,37785.673154861586,1.1187141583305422,874.3481775043022,-205.6000183375331,0.0,-0.005441216238093674,0.0,0.0,0.0,0.0,0.0,0.0,0.0,0.0,0.0,0.0,0.0,0.0,0.0,1.0,0.0,0.0,0.0,0.0,0.0,0.0,0.0,0.0,0.0,0.0,0.0,0.0,0.0,0.0,0.0,0.0,0.0,0.0,0.0,0.0,0.0,0.0,0.0,0.0,0.0,0.0,0.0,0.0,0.0,0.0,0.0,0.0,0.0,0.0,0.0,0.0,0.0,0.0,0.0,0.0,0.0,0.0,0.0,0.0,0.0,Normal ZnO
3.9164415397957932,211.4855794637055,16.0,-1.773542630624999,2.5940199999999995,2.3820200000000002,13.217848716481594,1,-6.9459760311784535,0.2119999999999993,13.217848716481594,15.338514334638043,44726.150321099296,3.145453462644242,828.2709084794403,-375.0786909413125,0.0,-0.008386116136723964,0.0,0.0,0.0,0.0,0.0,0.0,0.0,0.0,0.0,0.0,0.0,0.0,0.0,0.0,1.0,0.0,0.0,0.0,0.0,0.0,0.0,0.0,0.0,0.0,0.0,0.0,0.0,0.0,0.0,0.0,0.0,0.0,0.0,0.0,0.0,0.0,0.0,0.0,0.0,0.0,0.0,0.0,0.0,0.0,0.0,0.0,0.0,0.0,0.0,0.0,0.0,0.0,0.0,0.0,0.0,0.0,0.0,0.0,0.0,Normal ZnO
3.820892969464744,214.94087823034283,16.0,-2.271895320625,3.1752,1.1494,13.433804889396427,1,-8.680668857935913,2.0258,13.433804889396427,14.59922308410511,46199.581134431064,5.161508347877772,821.2660904808946,-488.3231754625438,0.5301901979954668,-0.010569861532762084,0.0,0.0,0.0,0.0,0.0,0.0,0.0,0.0,0.0,0.0,0.0,0.0,0.0,0.0,0.0,0.0,0.0,0.0,0.0,0.0,0.0,0.0,0.0,0.0,0.0,0.0,0.0,0.0,0.0,0.0,0.0,0.0,0.0,0.0,0.0,0.0,0.0,0.0,0.0,0.0,0.0,0.0,0.0,0.0,0.0,0.0,0.0,0.0,0.0,0.0,0.0,0.0,0.0,1.0,0.0,0.0,0.0,0.0,2.0258,2D ZnO
5.514616208457646,231.7300659934819,22.0,-1.526379410454544,4.7983,3.9894,10.533184817885541,1,-8.417396637148654,0.8089000000000004,10.533184817885541,30.410991926583783,53698.82348534348,2.3298341046595614,1277.9023779146153,-353.7080015157235,0.14668291852466683,-0.00658688549502885,0.0,0.0,0.0,0.0,0.0,0.0,0.0,0.0,0.0,0.0,0.0,0.0,0.0,0.0,0.0,0.0,0.0,0.0,0.0,1.0,0.0,0.0,0.0,0.0,0.0,0.0,0.0,0.0,0.0,0.0,0.0,0.0,0.0,0.0,0.0,0.0,0.0,0.0,0.0,0.0,0.0,0.0,0.0,0.0,0.0,0.0,0.0,0.0,0.0,0.0,0.0,0.0,0.0,0.0,0.0,0.0,0.0,0.0,0.8089000000000001,Normal ZnO
6.2139913631983354,211.73853274489133,22.0,-1.148950850454545,3.6160200000000002,2.40462,9.624478761131424,1,-7.1395706614639245,1.2114000000000003,9.624478761131424,38.61368866190351,44833.20624895942,1.320088056760222,1315.7414137330427,-243.27716727124042,0.0,-0.005426271900348124,0.0,0.0,0.0,0.0,0.0,0.0,0.0,0.0,0.0,0.0,0.0,0.0,0.0,0.0,0.0,0.0,0.0,0.0,0.0,0.0,0.0,0.0,0.0,0.0,0.0,0.0,0.0,0.0,0.0,0.0,0.0,0.0,0.0,0.0,0.0,1.0,0.0,0.0,0.0,0.0,0.0,0.0,0.0,0.0,0.0,0.0,0.0,0.0,0.0,0.0,0.0,0.0,0.0,0.0,0.0,0.0,0.0,0.0,0.0,Normal ZnO
5.292055666051848,261.52888864955895,26.0,-2.736197490128205,4.933739999999999,3.2201999999999997,10.058803409598422,1,-14.480109431069812,1.7135399999999996,10.058803409598422,28.00585317259147,68397.35959827341,7.486776704983888,1384.0254370141413,-715.5946887189419,0.0,-0.01046231452386367,0.0,0.0,0.0,0.0,0.0,0.0,0.0,0.0,0.0,0.0,0.0,0.0,0.0,0.0,0.0,0.0,0.0,0.0,0.0,0.0,0.0,0.0,0.0,0.0,0.0,0.0,0.0,0.0,0.0,0.0,0.0,0.0,0.0,0.0,0.0,0.0,0.0,0.0,0.0,0.0,0.0,0.0,0.0,0.0,0.0,0.0,0.0,0.0,0.0,0.0,0.0,0.0,1.0,0.0,0.0,0.0,0.0,0.0,0.0,Normal ZnO
6.50997697710038,393.3041755711418,26.0,-1.481931427692306,2.9789600000000003,1.59558,15.127083675813147,1,-9.647339475918407,1.3833800000000003,15.127083675813147,42.379800242377,154688.17452169553,2.196120756382156,2560.401127965579,-582.8498184214875,0.0,-0.0037679015879765318,0.0,0.0,0.0,0.0,0.0,0.0,0.0,0.0,0.0,0.0,0.0,0.0,0.0,0.0,0.0,0.0,0.0,0.0,0.0,0.0,0.0,0.0,0.0,0.0,0.0,0.0,0.0,0.0,0.0,0.0,0.0,0.0,0.0,0.0,0.0,0.0,0.0,0.0,0.0,0.0,0.0,0.0,0.0,0.0,0.0,0.0,0.0,0.0,1.0,0.0,0.0,0.0,0.0,0.0,0.0,0.0,0.0,0.0,0.0,Normal ZnO
5.435237349334757,279.0132511753329,26.0,-1.521944227692306,4.7238,3.5542,10.731278891358958,1,-8.272128109957665,1.1696,10.731278891358958,29.54180504360352,77848.39433142942,2.3163142322059302,1516.5032437474895,-424.6426070759615,0.21518839469690362,-0.005454738157708183,0.0,0.0,0.0,0.0,0.0,0.0,0.0,0.0,0.0,0.0,0.0,0.0,0.0,0.0,0.0,0.0,0.0,0.0,0.0,1.0,0.0,0.0,0.0,0.0,0.0,0.0,0.0,0.0,0.0,0.0,0.0,0.0,0.0,0.0,0.0,0.0,0.0,0.0,0.0,0.0,0.0,0.0,0.0,0.0,0.0,0.0,0.0,0.0,0.0,0.0,0.0,0.0,0.0,0.0,0.0,0.0,0.0,0.0,1.1696,Normal ZnO
5.144086879525967,282.3806808929673,26.0,-1.911391827307691,5.2499,5.2144,10.860795418960281,1,-9.832365620486657,0.035499999999999865,10.860795418960281,26.461629824111203,79738.84894157582,3.6534187174986346,1452.5907556131222,-539.7401256483987,0.00690112761145091,-0.006768847717426459,0.0,0.0,0.0,0.0,0.0,0.0,0.0,0.0,0.0,0.0,0.0,0.0,0.0,0.0,1.0,0.0,0.0,0.0,0.0,0.0,0.0,0.0,0.0,0.0,0.0,0.0,0.0,0.0,0.0,0.0,0.0,0.0,0.0,0.0,0.0,0.0,0.0,0.0,0.0,0.0,0.0,0.0,0.0,0.0,0.0,0.0,0.0,0.0,0.0,0.0,0.0,0.0,0.0,0.0,0.0,0.0,0.0,0.0,0.035499999999999005,Normal ZnO
5.321500196004296,220.22363795229873,22.0,-2.758111400757576,3.68776,2.1791,10.010165361468124,1,-14.677290359733124,1.50866,10.010165361468124,28.31836433607376,48498.45071294515,7.607178498988918,1171.9201325279369,-607.4013265525439,0.0,-0.01252413876368255,0.0,0.0,0.0,0.0,0.0,0.0,0.0,0.0,0.0,0.0,0.0,0.0,0.0,0.0,0.0,0.0,0.0,0.0,0.0,0.0,0.0,0.0,0.0,0.0,0.0,0.0,0.0,0.0,0.0,0.0,0.0,0.0,0.0,0.0,0.0,0.0,0.0,0.0,0.0,0.0,0.0,0.0,0.0,0.0,0.0,0.0,0.0,0.0,0.0,0.0,0.0,0.0,1.0,0.0,0.0,0.0,0.0,0.0,0.0,Normal ZnO
6.367231163198943,331.85864171256037,22.0,-1.449284664090908,6.0945,5.8004,15.08448371420729,1,-9.227930477545941,0.29410000000000025,15.08448371420729,40.54163268561176,110130.15807930552,2.1004260375690964,2113.020685289087,-480.95764008005307,0.046189621903446346,-0.0043671747000827155,0.0,0.0,0.0,0.0,0.0,0.0,0.0,0.0,0.0,0.0,0.0,0.0,0.0,0.0,0.0,0.0,0.0,0.0,0.0,0.0,0.0,0.0,0.0,0.0,0.0,0.0,0.0,0.0,0.0,0.0,0.0,0.0,0.0,0.0,0.0,0.0,0.0,0.0,0.0,0.0,0.0,0.0,0.0,0.0,0.0,0.0,0.0,0.0,1.0,0.0,0.0,0.0,0.0,0.0,0.0,0.0,0.0,0.0,0.29410000000000003,Normal ZnO
6.4600920106582365,213.65096138763437,22.0,-0.9502906081818181,3.83484,2.2871200000000003,9.711407335801562,1,-6.13896476571892,1.5477199999999995,9.711407335801562,41.732788786170374,45646.73330186043,0.9030522399985698,1380.204868729708,-203.0305020356852,0.0,-0.004447864882094646,0.0,0.0,0.0,0.0,0.0,0.0,0.0,0.0,0.0,0.0,0.0,0.0,0.0,0.0,0.0,0.0,1.0,0.0,0.0,0.0,0.0,0.0,0.0,0.0,0.0,0.0,0.0,0.0,0.0,0.0,0.0,0.0,0.0,0.0,0.0,0.0,0.0,0.0,0.0,0.0,0.0,0.0,0.0,0.0,0.0,0.0,0.0,0.0,0.0,0.0,0.0,0.0,0.0,0.0,0.0,0.0,0.0,0.0,0.0,Normal ZnO
5.261154228967142,142.11891364802597,14.0,-2.7839920188095233,3.7975000000000003,3.12194,10.151350974858998,1,-14.647011383170494,0.6755600000000004,10.151350974858998,27.67974382097884,20197.78561649506,7.750611560795125,747.7095235555279,-395.6579213179841,0.0,-0.019589173230696116,0.0,0.0,0.0,0.0,0.0,0.0,0.0,0.0,0.0,0.0,0.0,0.0,0.0,0.0,0.0,0.0,0.0,0.0,0.0,0.0,0.0,0.0,0.0,0.0,0.0,0.0,0.0,0.0,0.0,0.0,0.0,0.0,0.0,0.0,0.0,0.0,0.0,0.0,0.0,0.0,0.0,0.0,0.0,0.0,0.0,0.0,0.0,0.0,0.0,0.0,0.0,0.0,1.0,0.0,0.0,0.0,0.0,0.0,0.0,Normal ZnO
6.403697679937575,193.40675316838139,14.0,-1.313113072142856,6.6182,6.5808,13.814768083455814,1,-8.408779133576909,0.03739999999999988,13.814768083455814,41.00734397603788,37406.1721711352,1.7242659402324496,1238.518376548623,-253.96493582610836,0.005840375650020316,-0.006789385844245314,0.0,0.0,0.0,0.0,0.0,0.0,0.0,0.0,0.0,0.0,0.0,0.0,0.0,0.0,0.0,0.0,0.0,0.0,0.0,0.0,0.0,0.0,0.0,0.0,0.0,0.0,0.0,0.0,0.0,0.0,0.0,0.0,0.0,0.0,0.0,0.0,0.0,0.0,0.0,0.0,0.0,0.0,0.0,0.0,0.0,1.0,0.0,0.0,0.0,0.0,0.0,0.0,0.0,0.0,0.0,0.0,0.0,0.0,0.037399999999999003,Normal ZnO
7.001831523219124,163.7067196384147,14.0,-0.611876573333332,3.47888,2.38728,11.693337117029623,1,-4.284256679484622,1.0916000000000001,11.693337117029623,49.02564467954504,26799.890054770516,0.37439294099414044,1146.2468701270475,-100.16830664399369,0.0,-0.0037376387156544777,1.0,0.0,0.0,0.0,0.0,0.0,0.0,0.0,0.0,0.0,0.0,0.0,0.0,0.0,0.0,0.0,0.0,0.0,0.0,0.0,0.0,0.0,0.0,0.0,0.0,0.0,0.0,0.0,0.0,0.0,0.0,0.0,0.0,0.0,0.0,0.0,0.0,0.0,0.0,0.0,0.0,0.0,0.0,0.0,0.0,0.0,0.0,0.0,0.0,0.0,0.0,0.0,0.0,0.0,0.0,0.0,0.0,0.0,0.0,Normal ZnO
6.362556486326255,133.8851597604084,14.0,-1.010556833571428,4.09968,2.44786,9.56322569717203,1,-6.429724936241211,1.6518200000000003,9.56322569717203,40.482125041692306,17925.236004070084,1.0212251138779107,851.8518916564135,-135.29856310968307,0.0,-0.007547937615937795,0.0,0.0,0.0,0.0,0.0,0.0,0.0,0.0,0.0,0.0,0.0,0.0,0.0,0.0,0.0,0.0,1.0,0.0,0.0,0.0,0.0,0.0,0.0,0.0,0.0,0.0,0.0,0.0,0.0,0.0,0.0,0.0,0.0,0.0,0.0,0.0,0.0,0.0,0.0,0.0,0.0,0.0,0.0,0.0,0.0,0.0,0.0,0.0,0.0,0.0,0.0,0.0,0.0,0.0,0.0,0.0,0.0,0.0,0.0,Normal ZnO
6.457983587903336,188.643991325414,14.0,-1.486270112142856,3.75248,3.6757799999999996,13.474570808958143,1,-9.598307991409817,0.07670000000000021,13.474570808958143,41.70555202162885,35586.55546318287,2.208998846249138,1218.2597999361028,-280.375926142299,0.0,-0.007878703698433817,0.0,0.0,0.0,0.0,0.0,0.0,0.0,0.0,0.0,0.0,0.0,0.0,0.0,0.0,0.0,0.0,0.0,0.0,0.0,0.0,0.0,0.0,0.0,0.0,0.0,0.0,0.0,0.0,0.0,0.0,0.0,0.0,0.0,0.0,0.0,0.0,0.0,0.0,0.0,0.0,0.0,0.0,0.0,0.0,0.0,0.0,0.0,0.0,1.0,0.0,0.0,0.0,0.0,0.0,0.0,0.0,0.0,0.0,0.0,Normal ZnO
8.657017415615362,209.98570474024163,14.0,-1.396940141428571,5.5255,4.8579,14.998978910017259,1,-12.093335132919325,0.6676000000000002,14.998978910017259,74.94395053426769,44093.99619525594,1.9514417587344757,1817.8499029665372,-293.3374600778113,0.07711662896689984,-0.006652548768291757,0.0,0.0,0.0,0.0,0.0,0.0,0.0,1.0,0.0,0.0,0.0,0.0,0.0,0.0,0.0,0.0,0.0,0.0,0.0,0.0,0.0,0.0,0.0,0.0,0.0,0.0,0.0,0.0,0.0,0.0,0.0,0.0,0.0,0.0,0.0,0.0,0.0,0.0,0.0,0.0,0.0,0.0,0.0,0.0,0.0,0.0,0.0,0.0,0.0,0.0,0.0,0.0,0.0,0.0,0.0,0.0,0.0,0.0,0.6676000000000001,Normal ZnO
6.331327394957517,168.52988878761568,14.0,-1.642097769285714,5.5013000000000005,5.5353,12.037849199115405,1,-10.39665859187727,-0.03399999999999981,12.037849199115405,40.085706582139544,28402.323414766106,2.696485083893118,1067.0179017501748,-276.74255443611315,0.0,-0.009743659009679372,0.0,0.0,0.0,0.0,0.0,0.0,0.0,0.0,0.0,0.0,0.0,0.0,0.0,0.0,0.0,0.0,0.0,0.0,0.0,0.0,0.0,0.0,0.0,0.0,0.0,0.0,0.0,0.0,0.0,0.0,0.0,1.0,0.0,0.0,0.0,0.0,0.0,0.0,0.0,0.0,0.0,0.0,0.0,0.0,0.0,0.0,0.0,0.0,0.0,0.0,0.0,0.0,0.0,0.0,0.0,0.0,0.0,0.0,0.0,Normal ZnO
5.51058505105787,144.20909976876592,14.0,-1.828462543694581,4.170579999999999,3.5040199999999997,10.30064998348328,1,-10.075898359702604,0.6665599999999996,10.30064998348328,30.366547604942465,20796.264456117886,3.3432752736940574,794.6765094122744,-263.68093738710337,0.0,-0.012679245253083575,0.0,0.0,0.0,0.0,0.0,0.0,0.0,0.0,0.0,0.0,0.0,0.0,0.0,0.0,0.0,0.0,0.0,0.0,0.0,0.0,0.0,0.0,0.0,0.0,0.0,0.0,0.0,0.0,0.0,0.0,1.0,0.0,0.0,0.0,0.0,0.0,0.0,0.0,0.0,0.0,0.0,0.0,0.0,0.0,0.0,0.0,0.0,0.0,0.0,0.0,0.0,0.0,0.0,0.0,0.0,0.0,0.0,0.0,0.0,Normal ZnO
6.787058999080212,120.9968736283674,14.0,-1.208330106428571,3.589,3.4182,8.64263383059767,1,-8.201007722695584,0.17079999999999984,8.64263383059767,46.0641698569957,14640.24342783911,1.4600616461016815,821.2129200199822,-146.20416518888953,0.025165539304011643,-0.009986457254588776,0.0,0.0,0.0,0.0,0.0,0.0,0.0,0.0,0.0,0.0,0.0,0.0,0.0,1.0,0.0,0.0,0.0,0.0,0.0,0.0,0.0,0.0,0.0,0.0,0.0,0.0,0.0,0.0,0.0,0.0,0.0,0.0,0.0,0.0,0.0,0.0,0.0,0.0,0.0,0.0,0.0,0.0,0.0,0.0,0.0,0.0,0.0,0.0,0.0,0.0,0.0,0.0,0.0,0.0,0.0,0.0,0.0,0.0,0.170799999999999,Normal ZnO
5.285580468891799,145.325728653153,14.0,-2.2019594614285722,5.8779,5.9152000000000005,10.380409189510928,1,-11.638633922618366,-0.03730000000000011,10.380409189510928,27.937360893130446,21119.567408569852,4.848625469774808,768.1308329965747,-320.0013631968116,0.0,-0.015151890046145648,0.0,0.0,0.0,0.0,0.0,0.0,0.0,0.0,0.0,0.0,0.0,0.0,0.0,0.0,0.0,0.0,0.0,0.0,0.0,0.0,0.0,0.0,0.0,0.0,0.0,0.0,0.0,0.0,0.0,0.0,0.0,0.0,0.0,0.0,0.0,0.0,0.0,0.0,0.0,0.0,0.0,0.0,0.0,0.0,0.0,0.0,0.0,0.0,0.0,0.0,0.0,0.0,0.0,1.0,0.0,0.0,0.0,0.0,0.0,Normal ZnO
5.492528398978024,141.12546985452948,14.0,-2.099140144285714,4.9963,5.0376,10.080390703894963,1,-11.52958685592411,-0.04130000000000056,10.080390703894963,30.167868213580096,19916.39824166171,4.4063893453518475,775.1356509951203,-296.24213915282616,0.0,-0.01487428276730971,0.0,0.0,0.0,0.0,0.0,0.0,0.0,0.0,0.0,0.0,0.0,0.0,0.0,0.0,1.0,0.0,0.0,0.0,0.0,0.0,0.0,0.0,0.0,0.0,0.0,0.0,0.0,0.0,0.0,0.0,0.0,0.0,0.0,0.0,0.0,0.0,0.0,0.0,0.0,0.0,0.0,0.0,0.0,0.0,0.0,0.0,0.0,0.0,0.0,0.0,0.0,0.0,0.0,0.0,0.0,0.0,0.0,0.0,0.0,Normal ZnO
5.578159377701742,143.54208835437822,14.0,-1.588681546428571,3.3642,2.8958,10.253006311027017,1,-8.861918866392239,0.4683999999999999,10.253006311027017,31.115862043041886,20604.331129136124,2.523909055962676,800.700646248867,-228.04266690442017,0.08397035084232114,-0.011067705400150075,0.0,0.0,0.0,0.0,0.0,0.0,0.0,0.0,0.0,0.0,0.0,0.0,0.0,0.0,0.0,0.0,0.0,0.0,0.0,1.0,0.0,0.0,0.0,0.0,0.0,0.0,0.0,0.0,0.0,0.0,0.0,0.0,0.0,0.0,0.0,0.0,0.0,0.0,0.0,0.0,0.0,0.0,0.0,0.0,0.0,0.0,0.0,0.0,0.0,0.0,0.0,0.0,0.0,0.0,0.0,0.0,0.0,0.0,0.46839999999999904,Normal ZnO
6.208102250924512,132.02426941921303,14.0,-1.109581927857142,4.31394,2.59938,9.430304958515217,1,-6.888398063915082,1.7145599999999996,9.430304958515217,38.54053355793399,17430.40771567695,1.2311720546271718,819.6201641580806,-146.4917433861011,0.0,-0.008404378473278401,0.0,0.0,0.0,0.0,0.0,0.0,0.0,0.0,0.0,0.0,0.0,0.0,0.0,0.0,0.0,0.0,0.0,0.0,0.0,0.0,0.0,0.0,0.0,0.0,0.0,0.0,0.0,0.0,0.0,0.0,0.0,0.0,0.0,0.0,0.0,1.0,0.0,0.0,0.0,0.0,0.0,0.0,0.0,0.0,0.0,0.0,0.0,0.0,0.0,0.0,0.0,0.0,0.0,0.0,0.0,0.0,0.0,0.0,0.0,Normal ZnO
9.616690803548853,171.66647771991546,14.0,-1.399600348571427,4.3728,4.2249,12.261891265708247,1,-13.45952380075061,0.14789999999999992,12.261891265708247,92.48074201106107,29469.37957276223,1.9588811357212599,1650.863437566735,-240.2644620548228,0.015379510792363148,-0.008153020712960406,0.0,0.0,0.0,0.0,0.0,0.0,0.0,0.0,0.0,0.0,0.0,0.0,0.0,0.0,0.0,0.0,0.0,0.0,0.0,0.0,0.0,0.0,0.0,0.0,0.0,0.0,0.0,0.0,0.0,0.0,0.0,0.0,0.0,0.0,0.0,0.0,0.0,0.0,0.0,0.0,0.0,0.0,0.0,0.0,0.0,0.0,0.0,0.0,0.0,0.0,0.0,0.0,0.0,0.0,1.0,0.0,0.0,0.0,0.147899999999999,Normal ZnO
10.294653574285359,353.76714677793086,26.0,-0.7575140438461531,3.4823399999999998,1.6256,13.60642872222811,1,-7.798344659052156,1.8567399999999998,13.60642872222811,105.97989221454633,125151.19413939808,0.5738275266241515,3641.910222042159,-267.983581935666,0.0,-0.0021412786652053504,0.0,0.0,0.0,0.0,0.0,0.0,0.0,0.0,0.0,0.0,0.0,0.0,0.0,0.0,0.0,0.0,0.0,0.0,0.0,0.0,0.0,0.0,0.0,0.0,0.0,0.0,0.0,0.0,0.0,0.0,0.0,0.0,0.0,0.0,0.0,0.0,0.0,0.0,0.0,0.0,0.0,0.0,0.0,0.0,0.0,0.0,0.0,0.0,0.0,0.0,0.0,0.0,0.0,0.0,1.0,0.0,0.0,0.0,0.0,Normal ZnO
6.406099966563631,244.7329789354302,26.0,-1.207956043461538,5.042,4.156,9.41280688213193,1,-7.738287169629294,0.8860000000000001,9.41280688213193,41.038116781606554,59894.23097860972,1.459157802935253,1567.7839281752772,-295.62668093939817,0.13830567812310762,-0.004935812282905454,0.0,0.0,0.0,0.0,0.0,0.0,0.0,0.0,0.0,0.0,0.0,0.0,0.0,1.0,0.0,0.0,0.0,0.0,0.0,0.0,0.0,0.0,0.0,0.0,0.0,0.0,0.0,0.0,0.0,0.0,0.0,0.0,0.0,0.0,0.0,0.0,0.0,0.0,0.0,0.0,0.0,0.0,0.0,0.0,0.0,0.0,0.0,0.0,0.0,0.0,0.0,0.0,0.0,0.0,0.0,0.0,0.0,0.0,0.8860000000000001,Normal ZnO
5.13104116786705,279.6856746353711,26.0,-1.4632872853846162,6.2329,6.2641,10.757141332129656,1,-7.5081873017248855,-0.031200000000000117,10.757141332129656,26.327583466346457,78224.07659624265,2.141209679568279,1435.0787106167581,-409.26049159815716,0.0,-0.005231899300142269,0.0,0.0,0.0,0.0,0.0,0.0,0.0,0.0,0.0,0.0,0.0,0.0,0.0,0.0,0.0,0.0,0.0,0.0,0.0,0.0,0.0,0.0,0.0,0.0,0.0,0.0,0.0,0.0,0.0,0.0,0.0,0.0,0.0,0.0,0.0,0.0,0.0,0.0,0.0,0.0,0.0,0.0,0.0,0.0,0.0,0.0,0.0,0.0,0.0,0.0,0.0,0.0,0.0,1.0,0.0,0.0,0.0,0.0,0.0,Normal ZnO
3.927534964640923,186.57807286097986,24.0,-2.629095416805555,8.6608,3.2812,7.774086369207494,1,-10.32586417488102,5.3796,7.774086369207494,15.425530898476978,34811.37727251711,6.9121427106679745,732.7919047968202,-490.531556235215,1.369714095083004,-0.01409112751831511,0.0,0.0,0.0,0.0,1.0,0.0,0.0,0.0,0.0,0.0,0.0,0.0,0.0,0.0,0.0,0.0,0.0,0.0,0.0,0.0,0.0,0.0,0.0,0.0,0.0,0.0,0.0,0.0,0.0,0.0,0.0,0.0,0.0,0.0,0.0,0.0,0.0,0.0,0.0,0.0,0.0,0.0,0.0,0.0,0.0,0.0,0.0,0.0,0.0,0.0,0.0,0.0,0.0,0.0,0.0,0.0,0.0,0.0,5.3796,Normal ZnO
4.751496146661337,145.63870780690198,12.0,-1.354736871223957,2.627,0.8081,12.136558983908499,1,-6.437027023360667,1.8188999999999997,12.136558983908499,22.57671563173753,21210.63321166417,1.835311990253676,692.0017589492311,-197.30212734342246,0.3828057403094094,-0.009302038528247326,0.0,0.0,0.0,0.0,0.0,0.0,0.0,0.0,0.0,0.0,0.0,0.0,0.0,0.0,0.0,0.0,0.0,0.0,0.0,0.0,0.0,0.0,0.0,0.0,0.0,0.0,0.0,0.0,0.0,0.0,0.0,0.0,0.0,0.0,0.0,0.0,0.0,0.0,0.0,0.0,0.0,0.0,0.0,0.0,0.0,0.0,1.0,0.0,0.0,0.0,0.0,0.0,0.0,0.0,0.0,0.0,0.0,0.0,1.818899999999999,Normal ZnO
4.194738857166397,143.62098828731487,12.0,-1.6922108724999991,2.031,-0.0597,11.968415690609573,1,-7.098382701395197,2.0907,11.968415690609573,17.595834079821646,20626.988276625038,2.863577637007208,602.4525402734396,-243.03699789898926,0.49841004915674214,-0.01178247617343169,0.0,0.0,0.0,0.0,0.0,0.0,0.0,0.0,0.0,0.0,0.0,0.0,0.0,0.0,1.0,0.0,0.0,0.0,0.0,0.0,0.0,0.0,0.0,0.0,0.0,0.0,0.0,0.0,0.0,0.0,0.0,0.0,0.0,0.0,0.0,0.0,0.0,0.0,0.0,0.0,0.0,0.0,0.0,0.0,0.0,0.0,0.0,0.0,0.0,0.0,0.0,0.0,0.0,0.0,0.0,0.0,0.0,0.0,2.0907,Normal ZnO
9.037384064161921,230.22512403443383,24.0,-1.634483331249999,6.1675,4.9723,9.592713501434742,1,-14.771453610977032,1.1952000000000007,9.592713501434742,81.67431072316785,53003.60773667044,2.6715357601340934,2080.6328671184942,-376.2991276692456,0.13225065920785745,-0.0070995002743729045,0.0,0.0,0.0,0.0,0.0,0.0,0.0,0.0,0.0,0.0,0.0,0.0,0.0,0.0,0.0,0.0,0.0,0.0,0.0,0.0,0.0,0.0,0.0,0.0,0.0,0.0,0.0,0.0,0.0,0.0,0.0,0.0,0.0,0.0,0.0,0.0,0.0,0.0,0.0,0.0,0.0,0.0,0.0,0.0,0.0,0.0,0.0,0.0,0.0,0.0,0.0,0.0,0.0,0.0,1.0,0.0,0.0,0.0,1.1952,Normal ZnO
4.646504278910031,304.55770127791016,26.0,-2.081534421923078,3.662,0.9571000000000001,11.713757741458084,1,-9.6718585981641,2.7049,11.713757741458084,21.59000201392923,92755.39340768475,4.332785549650642,1415.1286621628126,-633.9473386717361,0.5821365563521037,-0.006834614305233638,0.0,0.0,0.0,0.0,0.0,0.0,0.0,0.0,0.0,0.0,0.0,0.0,0.0,0.0,0.0,0.0,0.0,0.0,0.0,0.0,0.0,0.0,0.0,0.0,0.0,0.0,0.0,0.0,0.0,0.0,0.0,0.0,0.0,0.0,0.0,0.0,0.0,0.0,0.0,0.0,0.0,0.0,0.0,0.0,0.0,0.0,0.0,0.0,0.0,0.0,0.0,0.0,0.0,1.0,0.0,0.0,0.0,0.0,2.7049000000000003,Normal ZnO
7.972320688887573,260.9820839267841,24.0,-1.700736731666666,5.0558,2.8781,10.874253496949338,1,-13.558818632217193,2.1776999999999997,10.874253496949338,63.55789716646482,68111.64813076699,2.8925054304402127,2080.632867118494,-443.8618164411943,0.2731576017803,-0.006516680019092002,0.0,0.0,0.0,0.0,0.0,0.0,0.0,0.0,0.0,0.0,0.0,0.0,0.0,0.0,0.0,0.0,0.0,0.0,0.0,0.0,0.0,0.0,0.0,0.0,0.0,0.0,0.0,0.0,0.0,0.0,0.0,0.0,0.0,0.0,0.0,0.0,0.0,0.0,0.0,0.0,0.0,0.0,0.0,0.0,0.0,0.0,0.0,0.0,0.0,0.0,0.0,0.0,0.0,0.0,1.0,0.0,0.0,0.0,2.177699999999999,Normal ZnO
4.290882771181038,78.29692367115098,8.0,-2.693377385624999,6.9947,3.5201000000000002,9.787115458893872,1,-11.556966620266934,3.4745999999999997,9.787115458893872,18.411674956018263,6130.408256366042,7.254281741396154,335.9629208170185,-210.88316357988472,0.809763441531552,-0.034399530139105475,0.0,0.0,0.0,0.0,0.0,0.0,0.0,0.0,0.0,0.0,0.0,0.0,0.0,0.0,0.0,0.0,0.0,0.0,0.0,0.0,0.0,0.0,0.0,0.0,0.0,0.0,0.0,0.0,0.0,1.0,0.0,0.0,0.0,0.0,0.0,0.0,0.0,0.0,0.0,0.0,0.0,0.0,0.0,0.0,0.0,0.0,0.0,0.0,0.0,0.0,0.0,0.0,0.0,0.0,0.0,0.0,0.0,0.0,3.4746,Normal ZnO
7.649351327369402,68.51413803874776,6.0,-1.871294367083333,3.4554,1.3463600000000002,11.41902300645796,1,-14.314188050747779,2.10904,11.41902300645796,58.51257572952803,4694.187111192583,3.5017426082778123,524.0887127502656,-128.2101205774786,0.0,-0.027312528780921594,0.0,0.0,0.0,0.0,0.0,0.0,0.0,0.0,0.0,0.0,0.0,0.0,0.0,0.0,0.0,0.0,0.0,0.0,0.0,0.0,0.0,0.0,0.0,0.0,0.0,0.0,0.0,0.0,0.0,0.0,0.0,0.0,0.0,0.0,0.0,0.0,0.0,0.0,0.0,0.0,0.0,0.0,1.0,0.0,0.0,0.0,0.0,0.0,0.0,0.0,0.0,0.0,0.0,0.0,0.0,0.0,0.0,0.0,0.0,Normal ZnO
10.989845397667144,112.81812775356885,10.0,-1.106678720999999,5.0834,4.7787,11.281812775356885,1,-12.162228048678001,0.3047000000000004,11.281812775356885,120.77670186462572,12727.92994982058,1.224737791514194,1239.8537820659826,-124.85342132793407,0.027725594762659702,-0.009809405128733763,0.0,0.0,0.0,0.0,0.0,0.0,0.0,0.0,0.0,0.0,0.0,0.0,0.0,0.0,0.0,0.0,0.0,0.0,0.0,0.0,0.0,0.0,0.0,0.0,0.0,0.0,0.0,0.0,0.0,0.0,0.0,0.0,0.0,0.0,0.0,0.0,0.0,0.0,0.0,0.0,1.0,0.0,0.0,0.0,0.0,0.0,0.0,0.0,0.0,0.0,0.0,0.0,0.0,0.0,0.0,0.0,0.0,0.0,0.3047,Normal ZnO
6.358625413948346,383.183383397209,28.0,-1.62801162642857,6.8711,5.6748,13.685120835614608,1,-10.351916102012085,1.1963,13.685120835614608,40.43211715490977,146829.50531173247,2.6504218557865977,2436.519599872206,-623.8270032248926,0.1881381465522067,-0.004248648811425542,0.0,0.0,0.0,0.0,0.0,0.0,0.0,0.0,0.0,0.0,0.0,0.0,0.0,0.0,0.0,0.0,0.0,0.0,0.0,0.0,0.0,0.0,0.0,0.0,0.0,0.0,0.0,0.0,0.0,0.0,0.0,0.0,0.0,0.0,0.0,0.0,0.0,0.0,0.0,0.0,0.0,0.0,0.0,0.0,0.0,0.0,0.0,0.0,1.0,0.0,0.0,0.0,0.0,0.0,0.0,0.0,0.0,0.0,1.1963,Normal ZnO
4.216547816211916,207.37375361979508,18.0,-2.102619105555555,3.0106,1.2565,11.520764089988615,1,-8.865793997855729,1.7541000000000002,11.520764089988615,17.779275486401477,43003.87369036347,4.421007103047243,874.4013479652149,-436.0280163517516,0.4160038202948348,-0.010139273022036129,0.0,0.0,0.0,0.0,0.0,0.0,0.0,0.0,0.0,0.0,0.0,0.0,0.0,0.0,0.0,0.0,0.0,0.0,0.0,0.0,0.0,0.0,0.0,0.0,0.0,0.0,0.0,0.0,0.0,0.0,0.0,0.0,0.0,0.0,0.0,0.0,0.0,0.0,0.0,0.0,0.0,0.0,0.0,0.0,0.0,0.0,0.0,0.0,0.0,0.0,0.0,0.0,0.0,1.0,0.0,0.0,0.0,0.0,1.7541,Normal ZnO
5.233806295641759,224.1749790579418,18.0,-1.831768327222222,3.7414,2.8948,12.45416550321899,1,-9.587120603172838,0.8466,12.45416550321899,27.392728340299307,50254.42123562865,3.3553752046144973,1173.2884167188151,-410.6366263940427,0.16175608193695898,-0.008171154224793172,0.0,0.0,0.0,0.0,0.0,0.0,0.0,0.0,0.0,0.0,0.0,0.0,0.0,0.0,0.0,0.0,0.0,0.0,0.0,0.0,0.0,0.0,0.0,0.0,0.0,0.0,0.0,0.0,0.0,0.0,0.0,1.0,0.0,0.0,0.0,0.0,0.0,0.0,0.0,0.0,0.0,0.0,0.0,0.0,0.0,0.0,0.0,0.0,0.0,0.0,0.0,0.0,0.0,0.0,0.0,0.0,0.0,0.0,0.8466,Normal ZnO
3.204801643313906,140.3173511183657,10.0,-1.186746188,1.6281200000000002,0.7691600000000001,14.031735111836571,1,-3.8032861334989136,0.8589600000000002,14.031735111836571,10.270753572987513,19688.959024874726,1.4083665147325315,449.68927744959274,-166.52108154997805,0.0,-0.008457586881033066,0.0,0.0,0.0,0.0,0.0,0.0,0.0,0.0,0.0,0.0,0.0,0.0,0.0,0.0,0.0,0.0,0.0,0.0,1.0,0.0,0.0,0.0,0.0,0.0,0.0,0.0,0.0,0.0,0.0,0.0,0.0,0.0,0.0,0.0,0.0,0.0,0.0,0.0,0.0,0.0,0.0,0.0,0.0,0.0,0.0,0.0,0.0,0.0,0.0,0.0,0.0,0.0,0.0,0.0,0.0,0.0,0.0,0.0,0.0,Normal ZnO
2.32713418767464,386.4747291594209,20.0,-1.383307025499999,-2.4965,-3.3744,19.323736457971044,1,-3.2191410710915624,0.8778999999999999,19.323736457971044,5.415553527444106,149362.71627884774,1.9135383267976551,899.3785548991855,-534.6132080244363,0.3772451131738259,-0.00357929489596559,0.0,0.0,0.0,0.0,0.0,0.0,0.0,0.0,0.0,0.0,0.0,0.0,0.0,0.0,0.0,0.0,0.0,0.0,1.0,0.0,0.0,0.0,0.0,0.0,0.0,0.0,0.0,0.0,0.0,0.0,0.0,0.0,0.0,0.0,0.0,0.0,0.0,0.0,0.0,0.0,0.0,0.0,0.0,0.0,0.0,0.0,0.0,0.0,0.0,0.0,0.0,0.0,0.0,0.0,0.0,0.0,0.0,0.0,0.877899999999999,Normal ZnO
3.328079234537209,135.11976301012706,10.0,-0.6507171620000001,-2.1179,-2.0939,13.511976301012705,1,-2.165638274409185,-0.02400000000000002,13.511976301012705,11.076111391357776,18257.350355912902,0.4234328249213343,449.68927744959274,-87.92474871606247,0.0,-0.004815854820225148,0.0,0.0,0.0,0.0,0.0,0.0,0.0,0.0,0.0,0.0,0.0,0.0,0.0,0.0,0.0,0.0,0.0,0.0,1.0,0.0,0.0,0.0,0.0,0.0,0.0,0.0,0.0,0.0,0.0,0.0,0.0,0.0,0.0,0.0,0.0,0.0,0.0,0.0,0.0,0.0,0.0,0.0,0.0,0.0,0.0,0.0,0.0,0.0,0.0,0.0,0.0,0.0,0.0,0.0,0.0,0.0,0.0,0.0,0.0,Normal ZnO
5.85438645800989,195.79282617374332,14.0,-0.6901034161904751,0.6886,0.44980000000000003,13.985201869553094,1,-4.040132094371881,0.23879999999999996,13.985201869553094,34.27384079972959,38334.83078110167,0.4762427250377641,1146.2468701270473,-135.11729820808813,0.04078992764020167,-0.0035246613968281386,1.0,0.0,0.0,0.0,0.0,0.0,0.0,0.0,0.0,0.0,0.0,0.0,0.0,0.0,0.0,0.0,0.0,0.0,0.0,0.0,0.0,0.0,0.0,0.0,0.0,0.0,0.0,0.0,0.0,0.0,0.0,0.0,0.0,0.0,0.0,0.0,0.0,0.0,0.0,0.0,0.0,0.0,0.0,0.0,0.0,0.0,0.0,0.0,0.0,0.0,0.0,0.0,0.0,0.0,0.0,0.0,0.0,0.0,0.2388,Normal ZnO
6.589469805228637,248.07718097939207,26.0,-1.251597544807693,7.1393,5.1763,9.541430037668926,1,-8.24736422980859,1.963,9.541430037668926,43.42111231401993,61542.28772268205,1.5664964141686453,1634.697093429944,-310.49279063662084,0.29789953638491395,-0.0050451941604079415,0.0,0.0,0.0,0.0,0.0,0.0,0.0,0.0,0.0,0.0,0.0,0.0,0.0,0.0,0.0,0.0,0.0,0.0,0.0,0.0,0.0,0.0,0.0,0.0,0.0,0.0,0.0,0.0,0.0,0.0,0.0,0.0,0.0,0.0,0.0,1.0,0.0,0.0,0.0,0.0,0.0,0.0,0.0,0.0,0.0,0.0,0.0,0.0,0.0,0.0,0.0,0.0,0.0,0.0,0.0,0.0,0.0,0.0,1.963,Normal ZnO
6.586447759724968,95.84879454820467,10.0,-1.283980983499999,4.982640000000001,2.9097999999999997,9.584879454820467,1,-8.456873672303029,2.072840000000001,9.584879454820467,43.38129409158605,9186.991416343948,1.6486071659896244,631.3030781243614,-123.06802949129316,0.0,-0.013395901216621499,0.0,0.0,0.0,0.0,0.0,0.0,0.0,0.0,0.0,0.0,0.0,0.0,0.0,0.0,0.0,0.0,0.0,0.0,0.0,0.0,0.0,0.0,0.0,0.0,0.0,0.0,0.0,0.0,0.0,0.0,0.0,0.0,0.0,0.0,0.0,1.0,0.0,0.0,0.0,0.0,0.0,0.0,0.0,0.0,0.0,0.0,0.0,0.0,0.0,0.0,0.0,0.0,0.0,0.0,0.0,0.0,0.0,0.0,0.0,Normal ZnO
6.615378290226187,59.6177500650616,6.0,-1.4918207825,4.5885,3.4002,9.936291677510267,1,-9.868958817458742,1.1883,9.936291677510267,43.763229922795944,3554.2761228201525,2.2255292470989123,394.3939694925393,-88.93899855294963,0.1796269159324781,-0.025023097665912538,0.0,0.0,0.0,0.0,0.0,0.0,0.0,0.0,0.0,0.0,0.0,0.0,0.0,0.0,0.0,0.0,0.0,0.0,0.0,0.0,0.0,0.0,0.0,0.0,0.0,0.0,0.0,0.0,0.0,0.0,0.0,0.0,0.0,0.0,0.0,1.0,0.0,0.0,0.0,0.0,0.0,0.0,0.0,0.0,0.0,0.0,0.0,0.0,0.0,0.0,0.0,0.0,0.0,0.0,0.0,0.0,0.0,0.0,1.1883,Normal ZnO
3.4577114196668,271.8030829899101,20.0,-2.6564697375,4.0047,0.4329,13.590154149495504,1,-9.185305747353018,3.5717999999999996,13.590154149495504,11.9557682616942,73876.91592281994,7.056831466253319,939.8166239548551,-722.0366645218971,1.0329954025903623,-0.009773508483708457,0.0,0.0,0.0,0.0,0.0,0.0,0.0,0.0,0.0,0.0,0.0,0.0,0.0,0.0,0.0,0.0,0.0,0.0,0.0,0.0,0.0,0.0,0.0,0.0,0.0,0.0,0.0,0.0,0.0,0.0,0.0,0.0,0.0,0.0,0.0,0.0,0.0,0.0,0.0,0.0,0.0,0.0,0.0,0.0,0.0,0.0,0.0,1.0,0.0,0.0,0.0,0.0,0.0,0.0,0.0,0.0,0.0,0.0,3.571799999999999,2D ZnO
3.4763287067969992,167.76202198412008,10.0,-1.5774439758999992,2.5089,0.5304,16.776202198412008,1,-5.483713776785161,1.9785000000000001,16.776202198412008,12.084861277700897,28144.096020200388,2.488329497103197,583.1959329337059,-264.63519096365343,0.5691349026148161,-0.009402866973368477,0.0,0.0,0.0,0.0,0.0,0.0,0.0,0.0,0.0,0.0,0.0,0.0,0.0,0.0,0.0,0.0,0.0,0.0,0.0,0.0,0.0,0.0,0.0,0.0,0.0,0.0,1.0,0.0,0.0,0.0,0.0,0.0,0.0,0.0,0.0,0.0,0.0,0.0,0.0,0.0,0.0,0.0,0.0,0.0,0.0,0.0,0.0,0.0,0.0,0.0,0.0,0.0,0.0,0.0,0.0,0.0,0.0,0.0,1.9785,Normal ZnO
5.131536461944891,288.51864332097443,28.0,-2.325065105357142,5.6043,3.2462,10.304237261463372,1,-11.931156364535914,2.3581000000000003,10.304237261463372,26.332666460269888,83243.00754377566,5.405927744149418,1480.5439381524532,-670.8246298305811,0.45953098404103754,-0.008058630383793007,0.0,0.0,0.0,0.0,0.0,0.0,0.0,0.0,0.0,0.0,0.0,0.0,0.0,0.0,0.0,0.0,0.0,0.0,0.0,0.0,0.0,0.0,0.0,0.0,0.0,0.0,0.0,0.0,0.0,0.0,0.0,0.0,0.0,0.0,0.0,0.0,0.0,0.0,0.0,0.0,0.0,0.0,0.0,0.0,0.0,0.0,0.0,1.0,0.0,0.0,0.0,0.0,0.0,0.0,0.0,0.0,0.0,0.0,2.3581,Normal ZnO
6.041172797215196,201.6594858034329,14.0,-1.757593737857142,6.8115,5.5833,14.404248985959493,1,-10.617927477698341,1.2281999999999993,14.404248985959493,36.49576876581287,40666.54821450495,3.08913574735464,1218.2597999361026,-354.43544942760485,0.203304894798931,-0.00871565119218023,0.0,0.0,0.0,0.0,0.0,0.0,0.0,0.0,0.0,0.0,0.0,0.0,0.0,0.0,0.0,0.0,0.0,0.0,0.0,0.0,0.0,0.0,0.0,0.0,0.0,0.0,0.0,0.0,0.0,0.0,0.0,0.0,0.0,0.0,0.0,0.0,0.0,0.0,0.0,0.0,0.0,0.0,0.0,0.0,0.0,0.0,0.0,0.0,1.0,0.0,0.0,0.0,0.0,0.0,0.0,0.0,0.0,0.0,1.228199999999999,Normal ZnO
5.972078356824694,207.38481690101824,14.0,-1.476043549999998,6.3373,5.3819,14.813201207215588,1,-8.815047738685676,0.9554,14.813201207215588,35.665719900053936,43008.46228106886,2.1787045614965965,1238.518376548623,-306.10902135467853,0.15997780720813892,-0.007117413762765922,0.0,0.0,0.0,0.0,0.0,0.0,0.0,0.0,0.0,0.0,0.0,0.0,0.0,0.0,0.0,0.0,0.0,0.0,0.0,0.0,0.0,0.0,0.0,0.0,0.0,0.0,0.0,0.0,0.0,0.0,0.0,0.0,0.0,0.0,0.0,0.0,0.0,0.0,0.0,0.0,0.0,0.0,0.0,0.0,0.0,1.0,0.0,0.0,0.0,0.0,0.0,0.0,0.0,0.0,0.0,0.0,0.0,0.0,0.9554,Normal ZnO
4.68382237720256,159.6366094484782,14.0,-2.726411015238095,4.096439999999999,3.8967799999999997,11.402614960605586,1,-12.770024922623739,0.19965999999999973,11.402614960605586,21.93819206118344,25483.84707620596,7.433317024011619,747.7095235555278,-435.2350104355927,0.0,-0.017078858193352125,0.0,0.0,0.0,0.0,0.0,0.0,0.0,0.0,0.0,0.0,0.0,0.0,0.0,0.0,0.0,0.0,0.0,0.0,0.0,0.0,0.0,0.0,0.0,0.0,0.0,0.0,0.0,0.0,0.0,0.0,0.0,0.0,0.0,0.0,0.0,0.0,0.0,0.0,0.0,0.0,0.0,0.0,0.0,0.0,0.0,0.0,0.0,0.0,0.0,0.0,0.0,0.0,1.0,0.0,0.0,0.0,0.0,0.0,0.0,Normal ZnO
8.215192558911214,221.27903757954795,14.0,-1.524500535,5.7698,4.2114,15.805645541396283,1,-12.524065451188166,1.5583999999999998,15.805645541396283,67.48938877999018,48964.41247213099,2.3241018812152863,1817.8499029665372,-337.34001117430597,0.18969731857466512,-0.006889493698434742,0.0,0.0,0.0,0.0,0.0,0.0,0.0,1.0,0.0,0.0,0.0,0.0,0.0,0.0,0.0,0.0,0.0,0.0,0.0,0.0,0.0,0.0,0.0,0.0,0.0,0.0,0.0,0.0,0.0,0.0,0.0,0.0,0.0,0.0,0.0,0.0,0.0,0.0,0.0,0.0,0.0,0.0,0.0,0.0,0.0,0.0,0.0,0.0,0.0,0.0,0.0,0.0,0.0,0.0,0.0,0.0,0.0,0.0,1.558399999999999,Normal ZnO
5.72643409111768,148.75782696560293,14.0,-1.016352088571428,2.9439800000000003,2.6024599999999998,10.625559068971638,1,-5.82007324857408,0.3415200000000005,10.625559068971638,32.79204739991477,22128.891083528262,1.0329715679435036,851.8518916564135,-151.1903281278376,0.0,-0.006832259581248371,0.0,0.0,0.0,0.0,0.0,0.0,0.0,0.0,0.0,0.0,0.0,0.0,0.0,0.0,0.0,0.0,1.0,0.0,0.0,0.0,0.0,0.0,0.0,0.0,0.0,0.0,0.0,0.0,0.0,0.0,0.0,0.0,0.0,0.0,0.0,0.0,0.0,0.0,0.0,0.0,0.0,0.0,0.0,0.0,0.0,0.0,0.0,0.0,0.0,0.0,0.0,0.0,0.0,0.0,0.0,0.0,0.0,0.0,0.0,Normal ZnO
6.378139598679271,179.71492351224202,14.0,-0.6438047204761901,4.547560000000001,4.57582,12.83678025087443,1,-4.106276381485827,-0.028259999999999508,12.83678025087443,40.680664740240566,32297.453733011,0.41448451810742526,1146.2468701270473,-115.70131609719886,0.0,-0.0035823664940787996,1.0,0.0,0.0,0.0,0.0,0.0,0.0,0.0,0.0,0.0,0.0,0.0,0.0,0.0,0.0,0.0,0.0,0.0,0.0,0.0,0.0,0.0,0.0,0.0,0.0,0.0,0.0,0.0,0.0,0.0,0.0,0.0,0.0,0.0,0.0,0.0,0.0,0.0,0.0,0.0,0.0,0.0,0.0,0.0,0.0,0.0,0.0,0.0,0.0,0.0,0.0,0.0,0.0,0.0,0.0,0.0,0.0,0.0,0.0,Normal ZnO
4.810031610953228,159.69351038097446,14.0,-2.231394723571429,4.8534,3.7899000000000003,11.406679312926746,1,-10.733079156892813,1.0634999999999994,11.406679312926746,23.136404098369304,25502.017257798398,4.979122412382414,768.1308329965746,-356.3392564527056,0.22110041804678301,-0.01397298311151204,0.0,0.0,0.0,0.0,0.0,0.0,0.0,0.0,0.0,0.0,0.0,0.0,0.0,0.0,0.0,0.0,0.0,0.0,0.0,0.0,0.0,0.0,0.0,0.0,0.0,0.0,0.0,0.0,0.0,0.0,0.0,0.0,0.0,0.0,0.0,0.0,0.0,0.0,0.0,0.0,0.0,0.0,0.0,0.0,0.0,0.0,0.0,0.0,0.0,0.0,0.0,0.0,0.0,1.0,0.0,0.0,0.0,0.0,1.0635,Normal ZnO
4.965894646191815,160.0268563936785,14.0,-1.8794149844088681,2.8525,2.8221,11.430489742405607,1,-9.332976809048672,0.030400000000000205,11.430489742405607,24.660109637076534,25608.594767242997,3.532200683620586,794.6765094122744,-300.7568718141254,0.006121756937254556,-0.01174437233076279,0.0,0.0,0.0,0.0,0.0,0.0,0.0,0.0,0.0,0.0,0.0,0.0,0.0,0.0,0.0,0.0,0.0,0.0,0.0,0.0,0.0,0.0,0.0,0.0,0.0,0.0,0.0,0.0,0.0,0.0,1.0,0.0,0.0,0.0,0.0,0.0,0.0,0.0,0.0,0.0,0.0,0.0,0.0,0.0,0.0,0.0,0.0,0.0,0.0,0.0,0.0,0.0,0.0,0.0,0.0,0.0,0.0,0.0,0.030400000000000003,Normal ZnO
4.9903730452285355,155.32619384762302,14.0,-2.008436379285715,4.218,4.2583,11.094728131973072,1,-10.022846770243827,-0.040300000000000225,11.094728131973072,24.903823130543525,24126.226495189363,4.0338166896383125,775.1356509951203,-311.9627783795511,0.0,-0.012930442248884413,0.0,0.0,0.0,0.0,0.0,0.0,0.0,0.0,0.0,0.0,0.0,0.0,0.0,0.0,1.0,0.0,0.0,0.0,0.0,0.0,0.0,0.0,0.0,0.0,0.0,0.0,0.0,0.0,0.0,0.0,0.0,0.0,0.0,0.0,0.0,0.0,0.0,0.0,0.0,0.0,0.0,0.0,0.0,0.0,0.0,0.0,0.0,0.0,0.0,0.0,0.0,0.0,0.0,0.0,0.0,0.0,0.0,0.0,0.0,Normal ZnO
5.970922106187237,178.70236502407244,14.0,-1.576801592142857,5.2231,5.2568,12.764454644576603,1,-9.414959483597016,-0.03370000000000051,12.764454644576603,35.65191079815543,31934.535265196828,2.4863032609842493,1067.017901750175,-281.77817368965145,0.0,-0.0088236190490845,0.0,0.0,0.0,0.0,0.0,0.0,0.0,0.0,0.0,0.0,0.0,0.0,0.0,0.0,0.0,0.0,0.0,0.0,0.0,0.0,0.0,0.0,0.0,0.0,0.0,0.0,0.0,0.0,0.0,0.0,0.0,1.0,0.0,0.0,0.0,0.0,0.0,0.0,0.0,0.0,0.0,0.0,0.0,0.0,0.0,0.0,0.0,0.0,0.0,0.0,0.0,0.0,0.0,0.0,0.0,0.0,0.0,0.0,0.0,Normal ZnO
5.61349381555152,146.0089190598946,14.0,-1.093656069285714,4.0503,3.6246,10.429208504278185,1,-6.13923158127574,0.42569999999999997,10.429208504278185,31.511312817235158,21318.60444503885,1.1960835978854785,819.6201641580807,-159.68354049970029,0.0,-0.00749033741450468,0.0,0.0,0.0,0.0,0.0,0.0,0.0,0.0,0.0,0.0,0.0,0.0,0.0,0.0,0.0,0.0,0.0,0.0,0.0,0.0,0.0,0.0,0.0,0.0,0.0,0.0,0.0,0.0,0.0,0.0,0.0,0.0,0.0,0.0,0.0,1.0,0.0,0.0,0.0,0.0,0.0,0.0,0.0,0.0,0.0,0.0,0.0,0.0,0.0,0.0,0.0,0.0,0.0,0.0,0.0,0.0,0.0,0.0,0.0,Normal ZnO
5.490870501086477,149.55969547223685,14.0,-1.304323560714285,2.7125,2.514199999999999,10.682835390874061,1,-7.1618717633981435,0.19830000000000103,10.682835390874061,30.149658859701663,22368.102509748223,1.7012599510343909,821.2129200199821,-195.0742345376921,0.036114492221362975,-0.008721089974112776,0.0,0.0,0.0,0.0,0.0,0.0,0.0,0.0,0.0,0.0,0.0,0.0,0.0,1.0,0.0,0.0,0.0,0.0,0.0,0.0,0.0,0.0,0.0,0.0,0.0,0.0,0.0,0.0,0.0,0.0,0.0,0.0,0.0,0.0,0.0,0.0,0.0,0.0,0.0,0.0,0.0,0.0,0.0,0.0,0.0,0.0,0.0,0.0,0.0,0.0,0.0,0.0,0.0,0.0,0.0,0.0,0.0,0.0,0.198299999999999,Normal ZnO
8.991229369148222,183.60819970085228,14.0,-1.311476592857141,3.7862400000000003,3.6309799999999997,13.114871407203735,1,-11.791786858647571,0.15526000000000062,13.114871407203735,80.84220556863353,33711.97099738805,1.7199708536121752,1650.8634375667348,-240.7978561643073,0.0,-0.007142799695187324,0.0,0.0,0.0,0.0,0.0,0.0,0.0,0.0,0.0,0.0,0.0,0.0,0.0,0.0,0.0,0.0,0.0,0.0,0.0,0.0,0.0,0.0,0.0,0.0,0.0,0.0,0.0,0.0,0.0,0.0,0.0,0.0,0.0,0.0,0.0,0.0,0.0,0.0,0.0,0.0,0.0,0.0,0.0,0.0,0.0,0.0,0.0,0.0,0.0,0.0,0.0,0.0,0.0,0.0,1.0,0.0,0.0,0.0,0.0,Normal ZnO
4.854900966563749,154.01128235263454,14.0,-2.698451131666666,5.7593,5.7868,11.000805882331038,1,-13.100713007353539,-0.027500000000000746,11.000805882331038,23.570063395141624,23719.475091902917,7.28163850999311,747.7095235555279,-415.5919191539011,0.0,-0.01752112631260424,0.0,0.0,0.0,0.0,0.0,0.0,0.0,0.0,0.0,0.0,0.0,0.0,0.0,0.0,0.0,0.0,0.0,0.0,0.0,0.0,0.0,0.0,0.0,0.0,0.0,0.0,0.0,0.0,0.0,0.0,0.0,0.0,0.0,0.0,0.0,0.0,0.0,0.0,0.0,0.0,0.0,0.0,0.0,0.0,0.0,0.0,0.0,0.0,0.0,0.0,0.0,0.0,1.0,0.0,0.0,0.0,0.0,0.0,0.0,Normal ZnO
4.9037551118290335,156.64135248998448,14.0,-2.179807555714287,4.1221,4.1596,11.188668034998893,1,-10.689242444137484,-0.03750000000000053,11.188668034998893,24.046814196789377,24536.51330989157,4.751560979949094,768.1308329965749,-341.4480036949731,0.0,-0.01391591378051758,0.0,0.0,0.0,0.0,0.0,0.0,0.0,0.0,0.0,0.0,0.0,0.0,0.0,0.0,0.0,0.0,0.0,0.0,0.0,0.0,0.0,0.0,0.0,0.0,0.0,0.0,0.0,0.0,0.0,0.0,0.0,0.0,0.0,0.0,0.0,0.0,0.0,0.0,0.0,0.0,0.0,0.0,0.0,0.0,0.0,0.0,0.0,0.0,0.0,0.0,0.0,0.0,0.0,1.0,0.0,0.0,0.0,0.0,0.0,Normal ZnO
5.126398270709533,157.21913000266562,14.0,-2.479710794761904,3.7566,2.323,11.229937857333258,1,-12.711985130127188,1.4336000000000002,11.229937857333258,26.27995922993369,24717.854838795072,6.148965625658715,805.9678761681223,-389.8579738106851,0.2796505312884281,-0.01577232232947645,0.0,0.0,0.0,0.0,0.0,0.0,0.0,0.0,0.0,0.0,0.0,0.0,0.0,0.0,0.0,0.0,0.0,0.0,0.0,0.0,0.0,0.0,0.0,0.0,0.0,0.0,0.0,0.0,0.0,0.0,0.0,0.0,0.0,0.0,0.0,0.0,0.0,0.0,0.0,0.0,0.0,0.0,0.0,0.0,0.0,0.0,0.0,0.0,0.0,0.0,0.0,0.0,1.0,0.0,0.0,0.0,0.0,0.0,1.4336,Normal ZnO
4.444218847818766,137.02858614619169,14.0,-2.893775984285713,7.8015,4.7712,9.787756153299407,1,-12.860573770727866,3.0302999999999995,9.787756153299407,19.751081167307557,18776.833421224277,8.373939447228748,608.9850252408625,-396.5300317504755,0.6818521102954411,-0.02111804599077181,0.0,1.0,0.0,0.0,0.0,0.0,0.0,0.0,0.0,0.0,0.0,0.0,0.0,0.0,0.0,0.0,0.0,0.0,0.0,0.0,0.0,0.0,0.0,0.0,0.0,0.0,0.0,0.0,0.0,0.0,0.0,0.0,0.0,0.0,0.0,0.0,0.0,0.0,0.0,0.0,0.0,0.0,0.0,0.0,0.0,0.0,0.0,0.0,0.0,0.0,0.0,0.0,0.0,0.0,0.0,0.0,0.0,0.0,3.030299999999999,Normal ZnO
5.168969011698261,154.90529048186292,14.0,-1.692797643571428,2.5766,2.3472,11.064663605847352,1,-8.75001856269655,0.22940000000000005,11.064663605847352,26.718240643896895,23995.64901927033,2.8655638620809794,800.700646248867,-262.2233107044451,0.04438022349927589,-0.010927952417284477,0.0,0.0,0.0,0.0,0.0,0.0,0.0,0.0,0.0,0.0,0.0,0.0,0.0,0.0,0.0,0.0,0.0,0.0,0.0,1.0,0.0,0.0,0.0,0.0,0.0,0.0,0.0,0.0,0.0,0.0,0.0,0.0,0.0,0.0,0.0,0.0,0.0,0.0,0.0,0.0,0.0,0.0,0.0,0.0,0.0,0.0,0.0,0.0,0.0,0.0,0.0,0.0,0.0,0.0,0.0,0.0,0.0,0.0,0.22940000000000002,Normal ZnO
6.390576451303078,162.93413001046156,14.0,-1.909593755714286,4.1263,3.3012,11.638152143604398,1,-12.203404886823117,0.8250999999999995,11.638152143604398,40.83946737994944,26547.53072226599,3.646548311862992,1041.2430143584097,-311.13799726071704,0.12911198329092144,-0.011720035302558624,0.0,0.0,0.0,0.0,0.0,0.0,0.0,0.0,0.0,0.0,0.0,0.0,0.0,0.0,0.0,0.0,0.0,0.0,0.0,0.0,0.0,0.0,0.0,0.0,0.0,0.0,0.0,0.0,0.0,0.0,0.0,0.0,0.0,0.0,0.0,0.0,0.0,0.0,0.0,0.0,0.0,0.0,0.0,0.0,0.0,0.0,0.0,0.0,1.0,0.0,0.0,0.0,0.0,0.0,0.0,0.0,0.0,0.0,0.8250999999999991,Normal ZnO
8.242632487108812,157.09629632627494,14.0,-1.428108532142876,3.6183,2.9874,11.221164023305352,1,-11.771373782158149,0.6309,11.221164023305352,67.9409903175416,24679.246319432783,2.0394939795792797,1294.8870357034266,-224.35056115159878,0.07654108089699564,-0.009090656912603606,0.0,0.0,0.0,0.0,0.0,0.0,0.0,0.0,0.0,0.0,0.0,0.0,0.0,0.0,0.0,0.0,0.0,0.0,0.0,0.0,0.0,0.0,0.0,0.0,0.0,0.0,0.0,0.0,0.0,0.0,0.0,0.0,0.0,0.0,0.0,0.0,0.0,0.0,0.0,0.0,1.0,0.0,0.0,0.0,0.0,0.0,0.0,0.0,0.0,0.0,0.0,0.0,0.0,0.0,0.0,0.0,0.0,0.0,0.6309,Normal ZnO
5.50011070860934,296.7862190886736,28.0,-2.067259858928572,2.9852,3.0171,10.599507824595486,1,-11.370158087571271,-0.03190000000000026,10.599507824595486,30.25121780695914,88082.05984095015,4.2735633243373785,1632.3570617772914,-613.5342374051955,0.0,-0.00696548466864938,0.0,0.0,0.0,0.0,0.0,0.0,0.0,0.0,0.0,0.0,0.0,0.0,0.0,0.0,0.0,0.0,0.0,0.0,0.0,0.0,0.0,0.0,0.0,0.0,0.0,0.0,0.0,0.0,0.0,0.0,0.0,0.0,0.0,0.0,0.0,0.0,0.0,0.0,0.0,0.0,0.0,0.0,0.0,0.0,0.0,0.0,0.0,0.0,0.0,0.0,0.0,0.0,0.0,1.0,0.0,0.0,0.0,0.0,0.0,Normal ZnO
5.906550672295312,541.9497576250508,42.0,-1.752760403095237,5.1567,4.0644,12.903565657739303,1,-10.352768137274774,1.0922999999999998,12.903565657739303,34.887340844392206,293709.5397898513,3.072169030658578,3201.053705250525,-949.9080756322501,0.18493026820601646,-0.0032341750843772653,0.0,0.0,0.0,0.0,0.0,0.0,0.0,0.0,0.0,0.0,0.0,0.0,0.0,0.0,0.0,0.0,0.0,0.0,0.0,0.0,0.0,0.0,0.0,0.0,0.0,0.0,0.0,0.0,0.0,0.0,0.0,1.0,0.0,0.0,0.0,0.0,0.0,0.0,0.0,0.0,0.0,0.0,0.0,0.0,0.0,0.0,0.0,0.0,0.0,0.0,0.0,0.0,0.0,0.0,0.0,0.0,0.0,0.0,1.092299999999999,Normal ZnO
4.982310190796909,478.4988161998606,42.0,-1.9512663610755352,4.31626,3.17618,11.392828957139537,1,-9.72181427574584,1.1400799999999998,11.392828957139537,24.82341483731873,228961.11710466797,3.807440411864961,2384.0295282368224,-933.6786438652533,0.0,-0.004077891720970372,0.0,0.0,0.0,0.0,0.0,0.0,0.0,0.0,0.0,0.0,0.0,0.0,0.0,0.0,0.0,0.0,0.0,0.0,0.0,0.0,0.0,0.0,0.0,0.0,0.0,0.0,0.0,0.0,0.0,0.0,1.0,0.0,0.0,0.0,0.0,0.0,0.0,0.0,0.0,0.0,0.0,0.0,0.0,0.0,0.0,0.0,0.0,0.0,0.0,0.0,0.0,0.0,0.0,0.0,0.0,0.0,0.0,0.0,0.0,Normal ZnO
8.924409710302783,554.9487835573807,42.0,-1.507501179285714,5.0889,5.1204,13.21306627517573,1,-13.453558162710323,-0.031500000000000306,13.21306627517573,79.64508867734659,307968.15237181657,2.2725598055478184,4952.590312700206,-836.5859456559239,0.0,-0.002716469021919824,0.0,0.0,0.0,0.0,0.0,0.0,0.0,0.0,0.0,0.0,0.0,0.0,0.0,0.0,0.0,0.0,0.0,0.0,0.0,0.0,0.0,0.0,0.0,0.0,0.0,0.0,0.0,0.0,0.0,0.0,0.0,0.0,0.0,0.0,0.0,0.0,0.0,0.0,0.0,0.0,0.0,0.0,0.0,0.0,0.0,0.0,0.0,0.0,0.0,0.0,0.0,0.0,0.0,0.0,1.0,0.0,0.0,0.0,0.0,Normal ZnO
6.032440305904962,605.8542172776683,42.0,-1.634871300238095,1.7795400000000001,1.02792,14.425100411373055,1,-9.862263526523536,0.7516200000000002,14.425100411373055,36.39033604430675,367059.3325931362,2.6728041683421995,3654.779399808309,-990.493671955475,0.0,-0.002698456581822916,0.0,0.0,0.0,0.0,0.0,0.0,0.0,0.0,0.0,0.0,0.0,0.0,0.0,0.0,0.0,0.0,0.0,0.0,0.0,0.0,0.0,0.0,0.0,0.0,0.0,0.0,0.0,0.0,0.0,0.0,0.0,0.0,0.0,0.0,0.0,0.0,0.0,0.0,0.0,0.0,0.0,0.0,0.0,0.0,0.0,0.0,0.0,0.0,1.0,0.0,0.0,0.0,0.0,0.0,0.0,0.0,0.0,0.0,0.0,Normal ZnO
4.462506682580966,153.73922290873503,13.0,-1.7786928701326272,3.58808,3.35282,11.826094069902695,1,-7.937428819225968,0.23526000000000025,11.826094069902695,19.91396589207978,23635.748660581718,3.163748326260643,686.0623096050349,-273.45485964749764,0.0,-0.011569545080818585,0.0,0.0,0.0,0.0,0.0,0.0,0.0,0.0,0.0,0.0,0.0,0.0,0.0,0.0,0.0,0.0,0.0,0.0,0.0,0.0,0.0,0.0,0.0,0.0,0.0,0.0,0.0,0.0,0.0,0.0,1.0,0.0,0.0,0.0,0.0,0.0,0.0,0.0,0.0,0.0,0.0,0.0,0.0,0.0,0.0,0.0,0.0,0.0,0.0,0.0,0.0,0.0,0.0,0.0,0.0,0.0,0.0,0.0,0.0,Normal ZnO
5.2813004191047614,134.92864704968557,13.0,-1.118246226153846,3.83974,2.9758000000000004,10.379126696129658,1,-5.905794262848625,0.8639399999999995,10.379126696129658,27.89213411683613,18205.73979465862,1.2504746223073184,712.5987202127428,-150.88345036335514,0.0,-0.008287685755435372,0.0,0.0,0.0,0.0,0.0,0.0,0.0,0.0,0.0,0.0,0.0,0.0,0.0,1.0,0.0,0.0,0.0,0.0,0.0,0.0,0.0,0.0,0.0,0.0,0.0,0.0,0.0,0.0,0.0,0.0,0.0,0.0,0.0,0.0,0.0,0.0,0.0,0.0,0.0,0.0,0.0,0.0,0.0,0.0,0.0,0.0,0.0,0.0,0.0,0.0,0.0,0.0,0.0,0.0,0.0,0.0,0.0,0.0,0.0,Normal ZnO
4.400829321006321,157.26273298946546,13.0,-1.410079019999998,0.9573,1.0056,12.09713330688196,1,-6.2055170961518495,-0.04830000000000001,12.09713330688196,19.367298712628955,24731.567187315908,1.9883228426441546,692.0864464416277,-221.75288041630682,0.0,-0.008966390149753119,0.0,0.0,0.0,0.0,0.0,0.0,0.0,0.0,0.0,0.0,0.0,0.0,0.0,0.0,0.0,0.0,0.0,0.0,0.0,1.0,0.0,0.0,0.0,0.0,0.0,0.0,0.0,0.0,0.0,0.0,0.0,0.0,0.0,0.0,0.0,0.0,0.0,0.0,0.0,0.0,0.0,0.0,0.0,0.0,0.0,0.0,0.0,0.0,0.0,0.0,0.0,0.0,0.0,0.0,0.0,0.0,0.0,0.0,0.0,Normal ZnO
7.018569063209379,243.53050996091736,13.0,-1.4524088476923072,2.8804,2.5166,18.7331161508398,1,-10.19383180554481,0.3637999999999999,18.7331161508398,49.26031169503978,59307.109281824465,2.1094914608548954,1709.235703159298,-353.7058673502559,0.05183392750339971,-0.005963970789226347,0.0,0.0,0.0,0.0,0.0,0.0,0.0,1.0,0.0,0.0,0.0,0.0,0.0,0.0,0.0,0.0,0.0,0.0,0.0,0.0,0.0,0.0,0.0,0.0,0.0,0.0,0.0,0.0,0.0,0.0,0.0,0.0,0.0,0.0,0.0,0.0,0.0,0.0,0.0,0.0,0.0,0.0,0.0,0.0,0.0,0.0,0.0,0.0,0.0,0.0,0.0,0.0,0.0,0.0,0.0,0.0,0.0,0.0,0.363799999999999,Normal ZnO
5.49044957293684,202.10468840265014,13.0,-1.840437842307691,5.2076,4.4704,15.54651449251155,1,-10.104831165315062,0.7372000000000005,15.54651449251155,30.14503651296233,40846.305074332304,3.3872114513981892,1109.6456001288636,-371.9611166440416,0.1342695147650126,-0.009106358970955757,0.0,0.0,0.0,0.0,0.0,0.0,0.0,0.0,0.0,0.0,0.0,0.0,0.0,0.0,0.0,0.0,0.0,0.0,0.0,0.0,0.0,0.0,0.0,0.0,0.0,0.0,0.0,0.0,0.0,0.0,0.0,0.0,0.0,0.0,0.0,0.0,0.0,0.0,0.0,0.0,0.0,0.0,0.0,0.0,0.0,0.0,0.0,0.0,1.0,0.0,0.0,0.0,0.0,0.0,0.0,0.0,0.0,0.0,0.7372000000000001,Normal ZnO
5.674599907513272,858.7458638788647,56.0,-1.779305158571428,5.4037,4.524,15.334747569265442,1,-10.096844888267313,0.8796999999999997,15.334747569265442,32.20108411034964,737444.4587290577,3.1659268473188944,4873.039199744411,-1527.9709455015413,0.1550241451974897,-0.0020719810521526052,0.0,0.0,0.0,0.0,0.0,0.0,0.0,0.0,0.0,0.0,0.0,0.0,0.0,0.0,0.0,0.0,0.0,0.0,0.0,0.0,0.0,0.0,0.0,0.0,0.0,0.0,0.0,0.0,0.0,0.0,0.0,0.0,0.0,0.0,0.0,0.0,0.0,0.0,0.0,0.0,0.0,0.0,0.0,0.0,0.0,0.0,0.0,0.0,1.0,0.0,0.0,0.0,0.0,0.0,0.0,0.0,0.0,0.0,0.879699999999999,Normal ZnO
5.224276112021756,216.27956725742797,13.0,-1.447860974615384,4.8251,4.8453,16.63688978903292,1,-7.564025503211689,-0.020199999999999996,16.63688978903292,27.293060894641155,46776.85121306031,2.09630140181421,1129.9041767413837,-313.14274503873315,0.0,-0.006694395559299689,0.0,0.0,0.0,0.0,0.0,0.0,0.0,0.0,0.0,0.0,0.0,0.0,0.0,0.0,0.0,0.0,0.0,0.0,0.0,0.0,0.0,0.0,0.0,0.0,0.0,0.0,0.0,0.0,0.0,0.0,0.0,0.0,0.0,0.0,0.0,0.0,0.0,0.0,0.0,0.0,0.0,0.0,0.0,0.0,0.0,1.0,0.0,0.0,0.0,0.0,0.0,0.0,0.0,0.0,0.0,0.0,0.0,0.0,0.0,Normal ZnO
5.812948086179003,190.8920540280038,13.0,-1.809639649999999,4.28064,4.115,14.684004156000292,1,-10.519341340141136,0.1656399999999998,14.684004156000292,33.790365452612136,36439.77629103032,3.2747956628521186,1109.6456001288636,-345.4458298390177,0.0,-0.00947991082821355,0.0,0.0,0.0,0.0,0.0,0.0,0.0,0.0,0.0,0.0,0.0,0.0,0.0,0.0,0.0,0.0,0.0,0.0,0.0,0.0,0.0,0.0,0.0,0.0,0.0,0.0,0.0,0.0,0.0,0.0,0.0,0.0,0.0,0.0,0.0,0.0,0.0,0.0,0.0,0.0,0.0,0.0,0.0,0.0,0.0,0.0,0.0,0.0,1.0,0.0,0.0,0.0,0.0,0.0,0.0,0.0,0.0,0.0,0.0,Normal ZnO
4.339469998258341,151.98091782038688,13.0,-2.196676522307692,2.9453400000000003,2.3691000000000004,11.690839832337453,1,-9.532411864432698,0.5762399999999999,11.690839832337453,18.830999865784246,23098.19938152719,4.825387743657815,659.5166331893354,-333.85291401481857,0.0,-0.014453633744360947,0.0,0.0,0.0,0.0,0.0,0.0,0.0,0.0,0.0,0.0,0.0,0.0,0.0,0.0,0.0,0.0,0.0,0.0,0.0,0.0,0.0,0.0,0.0,0.0,0.0,0.0,0.0,0.0,0.0,0.0,0.0,0.0,0.0,0.0,0.0,0.0,0.0,0.0,0.0,0.0,0.0,0.0,0.0,0.0,0.0,0.0,0.0,0.0,0.0,0.0,0.0,0.0,0.0,1.0,0.0,0.0,0.0,0.0,0.0,Normal ZnO
5.180257130290529,137.25302556766434,13.0,-0.839796146923076,3.7816399999999994,2.8110399999999998,10.557925043666488,1,-4.350359978088777,0.9705999999999997,10.557925043666488,26.835063935925863,18838.39302747792,0.7052575683868447,711.0059643508414,-115.26456202525895,0.0,-0.00611859843125327,0.0,0.0,0.0,0.0,0.0,0.0,0.0,0.0,0.0,0.0,0.0,0.0,0.0,0.0,0.0,0.0,0.0,0.0,0.0,0.0,0.0,0.0,0.0,0.0,0.0,0.0,0.0,0.0,0.0,0.0,0.0,0.0,0.0,0.0,0.0,1.0,0.0,0.0,0.0,0.0,0.0,0.0,0.0,0.0,0.0,0.0,0.0,0.0,0.0,0.0,0.0,0.0,0.0,0.0,0.0,0.0,0.0,0.0,0.0,Normal ZnO
5.104852268151508,784.2544741640534,70.0,-1.691373858428571,3.3255199999999996,1.4092600000000002,11.203635345200762,1,-8.634213677491259,1.9162599999999994,11.203635345200762,26.059516679651598,615055.0802463358,2.8607455289755515,4003.5032312443363,-1326.4675159567248,0.0,-0.002156664595674035,0.0,0.0,0.0,0.0,0.0,0.0,0.0,0.0,0.0,0.0,0.0,0.0,0.0,0.0,0.0,0.0,0.0,0.0,0.0,1.0,0.0,0.0,0.0,0.0,0.0,0.0,0.0,0.0,0.0,0.0,0.0,0.0,0.0,0.0,0.0,0.0,0.0,0.0,0.0,0.0,0.0,0.0,0.0,0.0,0.0,0.0,0.0,0.0,0.0,0.0,0.0,0.0,0.0,0.0,0.0,0.0,0.0,0.0,0.0,Normal ZnO
5.089867996508977,940.755729842982,84.0,-1.724423650714285,4.0177,3.1025,11.199472974321214,1,-8.777088752193812,0.9151999999999996,11.199472974321214,25.906756221886305,885021.3432324016,2.973636927142782,4788.322481860238,-1622.2614300862165,0.1798081994715214,-0.0018330195565240959,0.0,0.0,0.0,0.0,0.0,0.0,0.0,0.0,0.0,0.0,0.0,0.0,0.0,0.0,0.0,0.0,0.0,0.0,0.0,1.0,0.0,0.0,0.0,0.0,0.0,0.0,0.0,0.0,0.0,0.0,0.0,0.0,0.0,0.0,0.0,0.0,0.0,0.0,0.0,0.0,0.0,0.0,0.0,0.0,0.0,0.0,0.0,0.0,0.0,0.0,0.0,0.0,0.0,0.0,0.0,0.0,0.0,0.0,0.9151999999999991,Normal ZnO
5.439993590421327,484.2077123505465,40.0,-1.820997740293103,2.3819,1.6720000000000002,12.105192808763663,1,-9.906216035366201,0.7098999999999998,12.105192808763663,29.593530263825123,234457.10869974957,3.3160327701525874,2634.086851619547,-881.741150022838,0.13049647728445546,-0.0037607780583527248,0.0,0.0,0.0,0.0,0.0,0.0,0.0,0.0,0.0,0.0,0.0,0.0,0.0,0.0,0.0,0.0,0.0,0.0,0.0,0.0,0.0,0.0,0.0,0.0,0.0,0.0,0.0,0.0,0.0,0.0,1.0,0.0,0.0,0.0,0.0,0.0,0.0,0.0,0.0,0.0,0.0,0.0,0.0,0.0,0.0,0.0,0.0,0.0,0.0,0.0,0.0,0.0,0.0,0.0,0.0,0.0,0.0,0.0,0.7099000000000001,Normal ZnO
7.207007944683091,1901.2172587907723,135.0,-2.129427962,3.4568,2.34144,14.083090805857573,1,-15.346804239764321,1.11536,14.083090805857573,51.94096351472519,3614627.0651238984,4.534463445347472,13702.087888673705,-4048.505192706061,0.0,-0.0011200339951439194,0.0,0.0,0.0,0.0,0.0,0.0,0.0,0.0,0.0,0.0,0.0,0.0,0.0,0.0,0.0,0.0,0.0,0.0,0.0,0.0,0.0,0.0,0.0,0.0,0.0,0.0,0.0,0.0,0.0,0.0,0.0,0.0,0.0,0.0,0.0,0.0,0.0,0.0,0.0,0.0,0.0,0.0,0.0,0.0,0.0,0.0,0.0,0.0,0.0,0.0,0.0,0.0,0.0,0.0,1.0,0.0,0.0,0.0,0.0,Normal ZnO
4.983357689678351,94.81007501883072,8.0,-2.089444236874999,2.5773,1.1146,11.85125937735384,1,-10.412448004985139,1.4627000000000001,11.85125937735384,24.83385386327635,8988.950325076308,4.365777219010147,472.47251640407137,-198.10036484578217,0.2935169600668199,-0.02203820887664105,0.0,0.0,0.0,0.0,0.0,0.0,0.0,0.0,0.0,0.0,0.0,0.0,0.0,0.0,0.0,0.0,0.0,0.0,0.0,0.0,0.0,0.0,0.0,0.0,0.0,0.0,0.0,0.0,0.0,1.0,0.0,0.0,0.0,0.0,0.0,0.0,0.0,0.0,0.0,0.0,0.0,0.0,0.0,0.0,0.0,0.0,0.0,0.0,0.0,0.0,0.0,0.0,0.0,0.0,0.0,0.0,0.0,0.0,1.4627000000000001,Normal ZnO
4.54753627978619,109.65590342140135,8.0,-2.096002005,1.9051,0.5898,13.706987927675168,1,-9.531645160242094,1.3153000000000001,13.706987927675168,20.68008621597162,12024.4171551637,4.39322440496402,498.6641991015532,-229.83899343134357,0.289233536375842,-0.019114356269039016,0.0,0.0,0.0,0.0,0.0,0.0,0.0,0.0,0.0,0.0,1.0,0.0,0.0,0.0,0.0,0.0,0.0,0.0,0.0,0.0,0.0,0.0,0.0,0.0,0.0,0.0,0.0,0.0,0.0,0.0,0.0,0.0,0.0,0.0,0.0,0.0,0.0,0.0,0.0,0.0,0.0,0.0,0.0,0.0,0.0,0.0,0.0,0.0,0.0,0.0,0.0,0.0,0.0,0.0,0.0,0.0,0.0,0.0,1.3153000000000001,Normal ZnO
5.93110428956192,719.6082548256702,56.0,-1.626429130714285,5.2823,4.3537,12.850147407601254,1,-9.64652079384796,0.9286000000000003,12.850147407601254,35.1779980936598,517836.0404132467,2.645271717236025,4268.071607000699,-1170.3918283509386,0.15656443634522366,-0.002260159079342827,0.0,0.0,0.0,0.0,0.0,0.0,0.0,0.0,0.0,0.0,0.0,0.0,0.0,0.0,0.0,0.0,0.0,0.0,0.0,0.0,0.0,0.0,0.0,0.0,0.0,0.0,0.0,0.0,0.0,0.0,0.0,1.0,0.0,0.0,0.0,0.0,0.0,0.0,0.0,0.0,0.0,0.0,0.0,0.0,0.0,0.0,0.0,0.0,0.0,0.0,0.0,0.0,0.0,0.0,0.0,0.0,0.0,0.0,0.9286000000000001,Normal ZnO
6.282679694782946,729.782147626514,56.0,-0.6433479427976181,4.1265,2.11106,13.031824064759178,1,-4.041949056894976,2.01544,13.031824064759178,39.47206414723793,532581.982994367,0.41389657550192727,4584.987480508189,-469.5038433659454,0.0,-0.0008815616343726581,1.0,0.0,0.0,0.0,0.0,0.0,0.0,0.0,0.0,0.0,0.0,0.0,0.0,0.0,0.0,0.0,0.0,0.0,0.0,0.0,0.0,0.0,0.0,0.0,0.0,0.0,0.0,0.0,0.0,0.0,0.0,0.0,0.0,0.0,0.0,0.0,0.0,0.0,0.0,0.0,0.0,0.0,0.0,0.0,0.0,0.0,0.0,0.0,0.0,0.0,0.0,0.0,0.0,0.0,0.0,0.0,0.0,0.0,0.0,Normal ZnO
5.5354881937506875,894.9659601455592,56.0,-1.567557462142856,5.6379,4.455,15.981535002599271,1,-8.67719582471757,1.1829,15.981535002599271,30.641629543153247,800964.0698192626,2.4572363971197517,4954.073506194491,-1402.9105691900172,0.21369388906572684,-0.0017515274680256054,0.0,0.0,0.0,0.0,0.0,0.0,0.0,0.0,0.0,0.0,0.0,0.0,0.0,0.0,0.0,0.0,0.0,0.0,0.0,0.0,0.0,0.0,0.0,0.0,0.0,0.0,0.0,0.0,0.0,0.0,0.0,0.0,0.0,0.0,0.0,0.0,0.0,0.0,0.0,0.0,0.0,0.0,0.0,0.0,0.0,1.0,0.0,0.0,0.0,0.0,0.0,0.0,0.0,0.0,0.0,0.0,0.0,0.0,1.1829,Normal ZnO
9.149276861071938,721.7459751778975,56.0,-1.289049556964284,4.1265,2.11106,12.888320985319599,1,-11.793871284308356,2.01544,12.888320985319599,83.70926708054637,520917.2526854943,1.6616487603098167,6603.453750266939,-930.3663295438239,0.0,-0.0017860155806848194,0.0,0.0,0.0,0.0,0.0,0.0,0.0,0.0,0.0,0.0,0.0,0.0,0.0,0.0,0.0,0.0,0.0,0.0,0.0,0.0,0.0,0.0,0.0,0.0,0.0,0.0,0.0,0.0,0.0,0.0,0.0,0.0,0.0,0.0,0.0,0.0,0.0,0.0,0.0,0.0,0.0,0.0,0.0,0.0,0.0,0.0,0.0,0.0,0.0,0.0,0.0,0.0,0.0,0.0,1.0,0.0,0.0,0.0,0.0,Normal ZnO
5.025858094308357,474.35273410060444,42.0,-1.8922536255993432,4.12848,3.00738,11.294112716681058,1,-9.510198200702794,1.1210999999999998,11.294112716681058,25.25924958412483,225010.51634871872,3.5806237835938592,2384.0295282368224,-897.5956809148299,0.0,-0.00398912768825323,0.0,0.0,0.0,0.0,0.0,0.0,0.0,0.0,0.0,0.0,0.0,0.0,0.0,0.0,0.0,0.0,0.0,0.0,0.0,0.0,0.0,0.0,0.0,0.0,0.0,0.0,0.0,0.0,0.0,0.0,1.0,0.0,0.0,0.0,0.0,0.0,0.0,0.0,0.0,0.0,0.0,0.0,0.0,0.0,0.0,0.0,0.0,0.0,0.0,0.0,0.0,0.0,0.0,0.0,0.0,0.0,0.0,0.0,0.0,Normal ZnO
4.831208631372737,476.9805394090287,42.0,-2.252320789761905,4.9379,3.6835,11.356679509738779,1,-10.881431640117976,1.2544,11.356679509738779,23.34057683985044,227510.434974928,5.072948939993691,2304.3924989897237,-1074.313185222803,0.2596451728153945,-0.004722039168626239,0.0,0.0,0.0,0.0,0.0,0.0,0.0,0.0,0.0,0.0,0.0,0.0,0.0,0.0,0.0,0.0,0.0,0.0,0.0,0.0,0.0,0.0,0.0,0.0,0.0,0.0,0.0,0.0,0.0,0.0,0.0,0.0,0.0,0.0,0.0,0.0,0.0,0.0,0.0,0.0,0.0,0.0,0.0,0.0,0.0,0.0,0.0,0.0,0.0,0.0,0.0,0.0,0.0,1.0,0.0,0.0,0.0,0.0,1.2544,Normal ZnO
5.010734367702087,634.3792754487694,56.0,-1.8972866056588682,4.1323799999999995,2.2315,11.328201347299453,1,-9.506799200355728,1.9008799999999995,11.328201347299453,25.10745890367083,402437.06511890556,3.5996964640125495,3178.706037649097,-1203.5993022165278,0.0,-0.002990776463049962,0.0,0.0,0.0,0.0,0.0,0.0,0.0,0.0,0.0,0.0,0.0,0.0,0.0,0.0,0.0,0.0,0.0,0.0,0.0,0.0,0.0,0.0,0.0,0.0,0.0,0.0,0.0,0.0,0.0,0.0,1.0,0.0,0.0,0.0,0.0,0.0,0.0,0.0,0.0,0.0,0.0,0.0,0.0,0.0,0.0,0.0,0.0,0.0,0.0,0.0,0.0,0.0,0.0,0.0,0.0,0.0,0.0,0.0,0.0,Normal ZnO
5.696889400905818,431.61457410131186,42.0,-1.078150747619047,3.6735600000000006,1.7601399999999998,10.276537478602663,1,-6.142105566689633,1.9134200000000008,10.276537478602663,32.45454884615305,186291.14057665682,1.1624090345915101,2458.8604924742426,-465.345575750606,0.0,-0.0024979479663399303,0.0,0.0,0.0,0.0,0.0,0.0,0.0,0.0,0.0,0.0,0.0,0.0,0.0,0.0,0.0,0.0,0.0,0.0,0.0,0.0,0.0,0.0,0.0,0.0,0.0,0.0,0.0,0.0,0.0,0.0,0.0,0.0,0.0,0.0,0.0,1.0,0.0,0.0,0.0,0.0,0.0,0.0,0.0,0.0,0.0,0.0,0.0,0.0,0.0,0.0,0.0,0.0,0.0,0.0,0.0,0.0,0.0,0.0,0.0,Normal ZnO
5.822871245431527,564.1291970275211,56.0,-1.3712268035714281,3.3486000000000002,2.23776,10.073735661205733,1,-7.984477125481053,1.11084,10.073735661205733,33.9058295408733,318241.75093891565,1.8802629468327159,3284.851680079929,-773.5490756413641,0.0,-0.0024306963915298515,0.0,0.0,0.0,0.0,0.0,0.0,0.0,0.0,0.0,0.0,0.0,0.0,0.0,1.0,0.0,0.0,0.0,0.0,0.0,0.0,0.0,0.0,0.0,0.0,0.0,0.0,0.0,0.0,0.0,0.0,0.0,0.0,0.0,0.0,0.0,0.0,0.0,0.0,0.0,0.0,0.0,0.0,0.0,0.0,0.0,0.0,0.0,0.0,0.0,0.0,0.0,0.0,0.0,0.0,0.0,0.0,0.0,0.0,0.0,Normal ZnO
4.753643039488049,629.1675814480624,56.0,-2.773919233095238,3.8380400000000003,1.7159600000000002,11.235135383001113,1,-13.186221854505204,2.1220800000000004,11.235135383001113,22.597122146873176,395851.8455452042,7.694627911735673,2990.8380942221115,-1745.260055018795,0.0,-0.004408871840966308,0.0,0.0,0.0,0.0,0.0,0.0,0.0,0.0,0.0,0.0,0.0,0.0,0.0,0.0,0.0,0.0,0.0,0.0,0.0,0.0,0.0,0.0,0.0,0.0,0.0,0.0,0.0,0.0,0.0,0.0,0.0,0.0,0.0,0.0,0.0,0.0,0.0,0.0,0.0,0.0,0.0,0.0,0.0,0.0,0.0,0.0,0.0,0.0,0.0,0.0,0.0,0.0,1.0,0.0,0.0,0.0,0.0,0.0,0.0,Normal ZnO
5.74514773033661,593.0931155404794,56.0,-1.110771055892857,3.5955200000000005,1.5238,10.590948491794276,1,-6.381543810686447,2.0717200000000005,10.590948491794276,33.0067224433919,351759.4437015125,1.2338123386093323,3407.407566625654,-658.7906661916825,0.0,-0.0018728442917106249,0.0,0.0,0.0,0.0,0.0,0.0,0.0,0.0,0.0,0.0,0.0,0.0,0.0,0.0,0.0,0.0,1.0,0.0,0.0,0.0,0.0,0.0,0.0,0.0,0.0,0.0,0.0,0.0,0.0,0.0,0.0,0.0,0.0,0.0,0.0,0.0,0.0,0.0,0.0,0.0,0.0,0.0,0.0,0.0,0.0,0.0,0.0,0.0,0.0,0.0,0.0,0.0,0.0,0.0,0.0,0.0,0.0,0.0,0.0,Normal ZnO
6.271541236877442,548.3086980535056,42.0,-0.6427910071428561,1.199,1.2184,13.054969001273943,1,-4.031290307990404,-0.019399999999999862,13.054969001273943,39.332229485854235,300642.4283611304,0.41318027886372727,3438.7406103811427,-352.44790024700103,0.0,-0.0011723159042064486,1.0,0.0,0.0,0.0,0.0,0.0,0.0,0.0,0.0,0.0,0.0,0.0,0.0,0.0,0.0,0.0,0.0,0.0,0.0,0.0,0.0,0.0,0.0,0.0,0.0,0.0,0.0,0.0,0.0,0.0,0.0,0.0,0.0,0.0,0.0,0.0,0.0,0.0,0.0,0.0,0.0,0.0,0.0,0.0,0.0,0.0,0.0,0.0,0.0,0.0,0.0,0.0,0.0,0.0,0.0,0.0,0.0,0.0,0.0,Normal ZnO
5.125921858009411,468.61852468414884,42.0,-1.6571263519047612,2.216,2.2599,11.157583921051163,1,-8.49430018871201,-0.04389999999999983,11.157583921051163,26.27507489441865,219603.32167714823,2.7460677461771823,2402.1019387466013,-776.5601062448349,0.0,-0.0035361947183408346,0.0,0.0,0.0,0.0,0.0,0.0,0.0,0.0,0.0,0.0,0.0,0.0,0.0,0.0,0.0,0.0,0.0,0.0,0.0,1.0,0.0,0.0,0.0,0.0,0.0,0.0,0.0,0.0,0.0,0.0,0.0,0.0,0.0,0.0,0.0,0.0,0.0,0.0,0.0,0.0,0.0,0.0,0.0,0.0,0.0,0.0,0.0,0.0,0.0,0.0,0.0,0.0,0.0,0.0,0.0,0.0,0.0,0.0,0.0,Normal ZnO
5.780047964846185,442.13399101736474,42.0,-1.031575218095238,3.9187200000000004,2.1479600000000003,10.526999786127732,1,-5.962554239937139,1.7707600000000001,10.526999786127732,33.40895447592252,195482.46601294316,1.064147430588238,2555.5556749692405,-456.09446821105604,0.0,-0.0023331732892138642,0.0,0.0,0.0,0.0,0.0,0.0,0.0,0.0,0.0,0.0,0.0,0.0,0.0,0.0,0.0,0.0,1.0,0.0,0.0,0.0,0.0,0.0,0.0,0.0,0.0,0.0,0.0,0.0,0.0,0.0,0.0,0.0,0.0,0.0,0.0,0.0,0.0,0.0,0.0,0.0,0.0,0.0,0.0,0.0,0.0,0.0,0.0,0.0,0.0,0.0,0.0,0.0,0.0,0.0,0.0,0.0,0.0,0.0,0.0,Normal ZnO
6.002830599178546,608.8426683752238,42.0,-1.7473356076190472,6.4342,5.4245,14.4962540089339,1,-10.488959652449854,1.0096999999999996,14.4962540089339,36.03397520243426,370689.39483426267,3.053181725653425,3654.7793998083093,-1063.8524738898236,0.16820398032524367,-0.0028699296195551483,0.0,0.0,0.0,0.0,0.0,0.0,0.0,0.0,0.0,0.0,0.0,0.0,0.0,0.0,0.0,0.0,0.0,0.0,0.0,0.0,0.0,0.0,0.0,0.0,0.0,0.0,0.0,0.0,0.0,0.0,0.0,0.0,0.0,0.0,0.0,0.0,0.0,0.0,0.0,0.0,0.0,0.0,0.0,0.0,0.0,0.0,0.0,0.0,1.0,0.0,0.0,0.0,0.0,0.0,0.0,0.0,0.0,0.0,1.009699999999999,Normal ZnO
5.027158111555421,462.56889108782593,42.0,-2.049316193571428,4.1765,3.2871,11.013545025900617,1,-10.302236525654482,0.8893999999999997,11.013545025900617,25.272318678577466,213969.97900222096,4.199696861234086,2325.40695298536,-947.9499191486599,0.17691904258106086,-0.004430294023344369,0.0,0.0,0.0,0.0,0.0,0.0,0.0,0.0,0.0,0.0,0.0,0.0,0.0,0.0,1.0,0.0,0.0,0.0,0.0,0.0,0.0,0.0,0.0,0.0,0.0,0.0,0.0,0.0,0.0,0.0,0.0,0.0,0.0,0.0,0.0,0.0,0.0,0.0,0.0,0.0,0.0,0.0,0.0,0.0,0.0,0.0,0.0,0.0,0.0,0.0,0.0,0.0,0.0,0.0,0.0,0.0,0.0,0.0,0.8893999999999991,Normal ZnO
5.008407108396264,619.067607100594,56.0,-2.068167031964286,4.234,2.61352,11.054778698224894,1,-10.358222464240733,1.6204800000000001,11.054778698224894,25.08414176343422,383244.70216125547,4.277314872103965,3100.5426039804806,-1280.3352155624684,0.0,-0.00334077733714829,0.0,0.0,0.0,0.0,0.0,0.0,0.0,0.0,0.0,0.0,0.0,0.0,0.0,0.0,1.0,0.0,0.0,0.0,0.0,0.0,0.0,0.0,0.0,0.0,0.0,0.0,0.0,0.0,0.0,0.0,0.0,0.0,0.0,0.0,0.0,0.0,0.0,0.0,0.0,0.0,0.0,0.0,0.0,0.0,0.0,0.0,0.0,0.0,0.0,0.0,0.0,0.0,0.0,0.0,0.0,0.0,0.0,0.0,0.0,Normal ZnO
4.834464388161354,635.5457575631956,56.0,-2.264384369107144,4.1323799999999995,2.2315,11.349031385057064,1,-10.947085593557704,1.9008799999999995,11.349031385057064,23.37204592040034,403918.4099565762,5.1274365710567595,3072.5233319862987,-1439.1198792784587,0.0,-0.003562897465934205,0.0,0.0,0.0,0.0,0.0,0.0,0.0,0.0,0.0,0.0,0.0,0.0,0.0,0.0,0.0,0.0,0.0,0.0,0.0,0.0,0.0,0.0,0.0,0.0,0.0,0.0,0.0,0.0,0.0,0.0,0.0,0.0,0.0,0.0,0.0,0.0,0.0,0.0,0.0,0.0,0.0,0.0,0.0,0.0,0.0,0.0,0.0,0.0,0.0,0.0,0.0,0.0,0.0,1.0,0.0,0.0,0.0,0.0,0.0,Normal ZnO
5.84848784551048,421.2437172030936,42.0,-1.358375086428571,3.8850000000000002,0.8120799999999999,10.02961231435937,1,-7.9444401826217454,3.0729200000000003,10.02961231435937,34.20481007908381,177446.2692830799,1.8451828754298278,2463.6387600599464,-572.2069707632448,0.0,-0.0032246773802294118,0.0,0.0,0.0,0.0,0.0,0.0,0.0,0.0,0.0,0.0,0.0,0.0,0.0,1.0,0.0,0.0,0.0,0.0,0.0,0.0,0.0,0.0,0.0,0.0,0.0,0.0,0.0,0.0,0.0,0.0,0.0,0.0,0.0,0.0,0.0,0.0,0.0,0.0,0.0,0.0,0.0,0.0,0.0,0.0,0.0,0.0,0.0,0.0,0.0,0.0,0.0,0.0,0.0,0.0,0.0,0.0,0.0,0.0,0.0,Normal ZnO
4.727143218866486,474.5209668524619,42.0,-2.762930182619048,4.12848,3.00738,11.29811825839195,1,-13.060766676969175,1.1210999999999998,11.29811825839195,22.3458830116754,225170.14798259526,7.633783194027327,2243.128570666584,-1311.06830160224,0.0,-0.005822567126898101,0.0,0.0,0.0,0.0,0.0,0.0,0.0,0.0,0.0,0.0,0.0,0.0,0.0,0.0,0.0,0.0,0.0,0.0,0.0,0.0,0.0,0.0,0.0,0.0,0.0,0.0,0.0,0.0,0.0,0.0,0.0,0.0,0.0,0.0,0.0,0.0,0.0,0.0,0.0,0.0,0.0,0.0,0.0,0.0,0.0,0.0,0.0,0.0,0.0,0.0,0.0,0.0,1.0,0.0,0.0,0.0,0.0,0.0,0.0,Normal ZnO
4.4030090021194255,151.37862558696676,13.0,-2.026081265384615,2.3227,2.3585000000000003,11.644509660535904,1,-8.920854050513977,-0.035800000000000054,11.644509660535904,19.3864882727447,22915.48828459907,4.105005293942524,666.5214511878806,-306.7053972814255,0.0,-0.013384196464517608,0.0,0.0,0.0,0.0,0.0,0.0,0.0,0.0,0.0,0.0,0.0,0.0,0.0,0.0,1.0,0.0,0.0,0.0,0.0,0.0,0.0,0.0,0.0,0.0,0.0,0.0,0.0,0.0,0.0,0.0,0.0,0.0,0.0,0.0,0.0,0.0,0.0,0.0,0.0,0.0,0.0,0.0,0.0,0.0,0.0,0.0,0.0,0.0,0.0,0.0,0.0,0.0,0.0,0.0,0.0,0.0,0.0,0.0,0.0,Normal ZnO
5.167060016742513,186.7479611313545,16.0,-2.205408393333333,4.9791,5.0091,11.671747570709655,1,-11.39547752978101,-0.03000000000000025,11.671747570709655,26.698509216619144,34874.800986717884,4.863826181385113,964.9379231700068,-411.85552091697616,0.0,-0.011809544693139093,0.0,0.0,0.0,0.0,0.0,0.0,0.0,0.0,0.0,0.0,0.0,0.0,0.0,0.0,0.0,0.0,0.0,0.0,0.0,0.0,0.0,0.0,0.0,0.0,0.0,0.0,0.0,0.0,0.0,0.0,0.0,0.0,0.0,0.0,0.0,0.0,0.0,0.0,0.0,0.0,0.0,0.0,0.0,0.0,0.0,0.0,0.0,0.0,0.0,0.0,0.0,0.0,1.0,0.0,0.0,0.0,0.0,0.0,0.0,Normal ZnO
4.041715868815668,158.1247530731448,13.0,-3.09812853025641,4.2524,4.2787,12.163442544088062,1,-12.521755244367895,-0.02629999999999999,12.163442544088062,16.33546716423639,25003.437534443015,9.598400389988743,639.0953237482885,-489.8908088356598,0.0,-0.019592938297416904,0.0,0.0,0.0,0.0,0.0,0.0,0.0,0.0,0.0,0.0,0.0,0.0,0.0,0.0,0.0,0.0,0.0,0.0,0.0,0.0,0.0,0.0,0.0,0.0,0.0,0.0,0.0,0.0,0.0,0.0,0.0,0.0,0.0,0.0,0.0,0.0,0.0,0.0,0.0,0.0,0.0,0.0,0.0,0.0,0.0,0.0,0.0,0.0,0.0,0.0,0.0,0.0,1.0,0.0,0.0,0.0,0.0,0.0,0.0,Normal ZnO
4.160411038468872,158.5219890753998,13.0,-2.317225680769231,3.5255,3.5579,12.193999159646138,1,-9.640611300895856,-0.032399999999999984,12.193999159646138,17.30902000901364,25129.221020421173,5.3695348556164255,659.5166331893354,-367.3312240521359,0.0,-0.014617692436770142,0.0,0.0,0.0,0.0,0.0,0.0,0.0,0.0,0.0,0.0,0.0,0.0,0.0,0.0,0.0,0.0,0.0,0.0,0.0,0.0,0.0,0.0,0.0,0.0,0.0,0.0,0.0,0.0,0.0,0.0,0.0,0.0,0.0,0.0,0.0,0.0,0.0,0.0,0.0,0.0,0.0,0.0,0.0,0.0,0.0,0.0,0.0,0.0,0.0,0.0,0.0,0.0,0.0,1.0,0.0,0.0,0.0,0.0,0.0,Normal ZnO
3.992294023918716,160.08222839283053,13.0,-3.069871304102563,4.5402000000000005,4.566,12.314017568679272,1,-12.255828861568219,-0.02579999999999938,12.314017568679272,15.938411573417094,25626.319847214356,9.424109823752373,639.0953237482884,-491.43183923994303,0.0,-0.019176840145986192,0.0,0.0,0.0,0.0,0.0,0.0,0.0,0.0,0.0,0.0,0.0,0.0,0.0,0.0,0.0,0.0,0.0,0.0,0.0,0.0,0.0,0.0,0.0,0.0,0.0,0.0,0.0,0.0,0.0,0.0,0.0,0.0,0.0,0.0,0.0,0.0,0.0,0.0,0.0,0.0,0.0,0.0,0.0,0.0,0.0,0.0,0.0,0.0,0.0,0.0,0.0,0.0,1.0,0.0,0.0,0.0,0.0,0.0,0.0,Normal ZnO
5.642331818153834,581.0506652735356,56.0,-1.06343715125,3.29504,1.91368,10.375904737027422,1,-6.000265275104747,1.3813600000000001,10.375904737027422,31.83590834615115,337619.87561481836,1.1308985746587155,3278.480656632323,-617.9108642104061,0.0,-0.0018301969428937423,0.0,0.0,0.0,0.0,0.0,0.0,0.0,0.0,0.0,0.0,0.0,0.0,0.0,0.0,0.0,0.0,0.0,0.0,0.0,0.0,0.0,0.0,0.0,0.0,0.0,0.0,0.0,0.0,0.0,0.0,0.0,0.0,0.0,0.0,0.0,1.0,0.0,0.0,0.0,0.0,0.0,0.0,0.0,0.0,0.0,0.0,0.0,0.0,0.0,0.0,0.0,0.0,0.0,0.0,0.0,0.0,0.0,0.0,0.0,Normal ZnO
4.172230567705815,209.57646845630157,18.0,-2.116110114444445,2.8208,1.4816,11.643137136461199,1,-8.828899304116563,1.3392000000000002,11.643137136461199,17.407507910098786,43922.29613061517,4.477922016454082,874.4013479652149,-443.48688464992694,0.320979384592445,-0.010097078789576375,0.0,0.0,0.0,0.0,0.0,0.0,0.0,0.0,0.0,0.0,0.0,0.0,0.0,0.0,0.0,0.0,0.0,0.0,0.0,0.0,0.0,0.0,0.0,0.0,0.0,0.0,0.0,0.0,0.0,0.0,0.0,0.0,0.0,0.0,0.0,0.0,0.0,0.0,0.0,0.0,0.0,0.0,0.0,0.0,0.0,0.0,0.0,0.0,0.0,0.0,0.0,0.0,0.0,1.0,0.0,0.0,0.0,0.0,1.3392,Normal ZnO
5.185898283450732,926.3976296689823,84.0,-1.7104740820238091,4.859579999999999,3.1887,11.028543210345028,1,-8.870344605854239,1.6708799999999995,11.028543210345028,26.89354100629725,858212.5682563089,2.9257215852751925,4804.2038774932025,-1584.5791351970852,0.0,-0.0018463713930647586,0.0,0.0,0.0,0.0,0.0,0.0,0.0,0.0,0.0,0.0,0.0,0.0,0.0,0.0,0.0,0.0,0.0,0.0,0.0,1.0,0.0,0.0,0.0,0.0,0.0,0.0,0.0,0.0,0.0,0.0,0.0,0.0,0.0,0.0,0.0,0.0,0.0,0.0,0.0,0.0,0.0,0.0,0.0,0.0,0.0,0.0,0.0,0.0,0.0,0.0,0.0,0.0,0.0,0.0,0.0,0.0,0.0,0.0,0.0,Normal ZnO
3.793172238824613,649.5463870647246,67.0,-3.194382054179105,4.3904,2.1683600000000003,9.69472219499589,1,-12.116841328111722,2.2220399999999993,9.69472219499589,14.388155633389728,421910.50894883706,10.204076708061518,2463.84132324274,-2074.899322196431,0.0,-0.0049178659412061326,0.0,1.0,0.0,0.0,0.0,0.0,0.0,0.0,0.0,0.0,0.0,0.0,0.0,0.0,0.0,0.0,0.0,0.0,0.0,0.0,0.0,0.0,0.0,0.0,0.0,0.0,0.0,0.0,0.0,0.0,0.0,0.0,0.0,0.0,0.0,0.0,0.0,0.0,0.0,0.0,0.0,0.0,0.0,0.0,0.0,0.0,0.0,0.0,0.0,0.0,0.0,0.0,0.0,0.0,0.0,0.0,0.0,0.0,0.0,Normal ZnO
3.919198694968829,366.7352084528611,28.0,-1.133021758214285,2.92598,1.8500599999999998,13.097686016173611,1,-4.440537396164713,1.0759200000000002,13.097686016173611,15.360118410645372,134494.7131189635,1.2837383045869897,1437.3081503675746,-415.518970680343,0.0,-0.0030894818171239746,0.0,0.0,0.0,0.0,0.0,0.0,0.0,0.0,0.0,0.0,0.0,0.0,0.0,0.0,0.0,0.0,0.0,0.0,0.0,1.0,0.0,0.0,0.0,0.0,0.0,0.0,0.0,0.0,0.0,0.0,0.0,0.0,0.0,0.0,0.0,0.0,0.0,0.0,0.0,0.0,0.0,0.0,0.0,0.0,0.0,0.0,0.0,0.0,0.0,0.0,0.0,0.0,0.0,0.0,0.0,0.0,0.0,0.0,0.0,Normal ZnO
8.444306745185083,185.7839742020492,14.0,-1.666708231785714,4.1039200000000005,3.6487799999999995,13.270283871574943,1,-14.074195563923608,0.455140000000001,13.270283871574943,71.30631640677828,34515.68507030768,2.7779163299022613,1568.8168665016553,-309.64767913642015,0.0,-0.008971216376139565,0.0,0.0,0.0,0.0,0.0,0.0,0.0,0.0,0.0,0.0,0.0,0.0,0.0,0.0,0.0,0.0,0.0,0.0,0.0,0.0,0.0,0.0,0.0,0.0,0.0,0.0,0.0,0.0,0.0,0.0,0.0,0.0,0.0,0.0,0.0,0.0,0.0,0.0,0.0,0.0,0.0,0.0,0.0,0.0,0.0,0.0,0.0,0.0,0.0,0.0,0.0,0.0,0.0,0.0,1.0,0.0,0.0,0.0,0.0,Normal ZnO
3.65970731184029,363.77933849344834,28.0,-3.094254521666668,3.4662,0.7688,12.99211923190887,1,-11.324065897638384,2.6974,12.99211923190887,13.393457608337282,132335.40711473086,9.57441104485462,1331.3259049808967,-1125.625863022262,0.7370534772748283,-0.008505855594991125,0.0,0.0,0.0,0.0,0.0,0.0,0.0,0.0,0.0,0.0,0.0,0.0,0.0,0.0,0.0,0.0,0.0,0.0,0.0,0.0,0.0,0.0,0.0,0.0,0.0,0.0,0.0,0.0,0.0,0.0,0.0,0.0,0.0,0.0,0.0,0.0,0.0,0.0,0.0,0.0,0.0,0.0,0.0,0.0,0.0,0.0,0.0,0.0,0.0,0.0,0.0,0.0,1.0,0.0,0.0,0.0,0.0,0.0,2.6974,2D ZnO
5.154609522639469,448.71364180127495,28.0,-1.408047008928571,4.0168,4.0348,16.02548720718839,1,-7.257932520547234,-0.017999999999999794,16.02548720718839,26.569999330885498,201343.93233856288,1.9825963793526955,2312.943610967088,-631.8099012037314,0.0,-0.003137963453208679,0.0,0.0,0.0,0.0,0.0,0.0,0.0,0.0,0.0,0.0,0.0,0.0,0.0,0.0,0.0,0.0,0.0,0.0,0.0,0.0,0.0,0.0,0.0,0.0,0.0,0.0,0.0,0.0,0.0,0.0,0.0,0.0,0.0,0.0,0.0,0.0,0.0,0.0,0.0,0.0,0.0,0.0,0.0,0.0,0.0,1.0,0.0,0.0,0.0,0.0,0.0,0.0,0.0,0.0,0.0,0.0,0.0,0.0,0.0,Normal ZnO
3.9922319634637073,347.2188421279552,28.0,-1.760390922142857,2.4813,1.8021,12.400672933141257,1,-7.027888907570064,0.6792,12.400672933141257,15.937916050101288,120560.92432867788,3.098976198762979,1386.1781598600817,-611.2408976790061,0.1701303947806475,-0.005069975210314558,0.0,0.0,0.0,0.0,0.0,0.0,0.0,0.0,0.0,0.0,0.0,0.0,0.0,0.0,1.0,0.0,0.0,0.0,0.0,0.0,0.0,0.0,0.0,0.0,0.0,0.0,0.0,0.0,0.0,0.0,0.0,0.0,0.0,0.0,0.0,0.0,0.0,0.0,0.0,0.0,0.0,0.0,0.0,0.0,0.0,0.0,0.0,0.0,0.0,0.0,0.0,0.0,0.0,0.0,0.0,0.0,0.0,0.0,0.6792,Normal ZnO
3.956053587064106,346.8528657826685,28.0,-2.275278689285714,3.6131,1.5856,12.387602349381018,1,-9.001124420319266,2.0275000000000003,12.387602349381018,15.65035998372278,120306.91050164987,5.176893113917717,1372.1685238629907,-789.1869338329836,0.5125056967452917,-0.006559780569065157,0.0,0.0,0.0,0.0,0.0,0.0,0.0,0.0,0.0,0.0,0.0,0.0,0.0,0.0,0.0,0.0,0.0,0.0,0.0,0.0,0.0,0.0,0.0,0.0,0.0,0.0,0.0,0.0,0.0,0.0,0.0,0.0,0.0,0.0,0.0,0.0,0.0,0.0,0.0,0.0,0.0,0.0,0.0,0.0,0.0,0.0,0.0,0.0,0.0,0.0,0.0,0.0,0.0,1.0,0.0,0.0,0.0,0.0,2.0275,2D ZnO
6.68834119100707,339.7593503150646,28.0,-1.816676454642857,5.7461,5.3641,12.134262511252306,1,-12.150551962320508,0.38200000000000056,12.134262511252306,44.73390788732187,115436.41612651477,3.300313340853741,2272.426457742047,-617.232811962132,0.0571143111708513,-0.005346950578279074,0.0,0.0,0.0,0.0,0.0,0.0,0.0,0.0,0.0,0.0,0.0,0.0,0.0,0.0,0.0,0.0,0.0,0.0,0.0,0.0,0.0,0.0,0.0,0.0,0.0,0.0,0.0,0.0,0.0,0.0,0.0,0.0,0.0,0.0,0.0,0.0,0.0,0.0,0.0,0.0,0.0,0.0,0.0,0.0,0.0,0.0,0.0,0.0,1.0,0.0,0.0,0.0,0.0,0.0,0.0,0.0,0.0,0.0,0.382,Normal ZnO
8.440773618876692,371.72347875630754,28.0,-1.664479513571429,3.46472,2.522,13.275838527010984,1,-14.049494767314426,0.94272,13.275838527010984,71.24665928512474,138178.34465869103,2.770492051098981,3137.633733003311,-618.7261151033782,0.0,-0.004477735759765176,0.0,0.0,0.0,0.0,0.0,0.0,0.0,0.0,0.0,0.0,0.0,0.0,0.0,0.0,0.0,0.0,0.0,0.0,0.0,0.0,0.0,0.0,0.0,0.0,0.0,0.0,0.0,0.0,0.0,0.0,0.0,0.0,0.0,0.0,0.0,0.0,0.0,0.0,0.0,0.0,0.0,0.0,0.0,0.0,0.0,0.0,0.0,0.0,0.0,0.0,0.0,0.0,0.0,0.0,1.0,0.0,0.0,0.0,0.0,Normal ZnO
5.094990759659533,386.6430292607303,28.0,-1.56414785607143,4.9165,3.3969,13.808679616454654,1,-7.9693188734252045,1.5196,13.808679616454654,25.958930841016024,149492.83207591396,2.4465585156528507,1969.9426613701912,-604.7668652831345,0.2982537303171764,-0.004045457276346386,0.0,0.0,0.0,0.0,0.0,0.0,0.0,0.0,0.0,0.0,0.0,0.0,0.0,0.0,0.0,0.0,0.0,0.0,0.0,0.0,0.0,0.0,0.0,0.0,0.0,0.0,0.0,0.0,0.0,0.0,0.0,1.0,0.0,0.0,0.0,0.0,0.0,0.0,0.0,0.0,0.0,0.0,0.0,0.0,0.0,0.0,0.0,0.0,0.0,0.0,0.0,0.0,0.0,0.0,0.0,0.0,0.0,0.0,1.5196,Normal ZnO
4.087660450798419,348.67374476175036,28.0,-1.44452850226601,3.61468,1.9504000000000001,12.452633741491084,1,-5.904742028763843,1.6642799999999998,12.452633741491084,16.708967961021532,121573.38028618223,2.0866625938588816,1425.2598766943893,-503.6691623001723,0.0,-0.004142923073410818,0.0,0.0,0.0,0.0,0.0,0.0,0.0,0.0,0.0,0.0,0.0,0.0,0.0,0.0,0.0,0.0,0.0,0.0,0.0,0.0,0.0,0.0,0.0,0.0,0.0,0.0,0.0,0.0,0.0,0.0,1.0,0.0,0.0,0.0,0.0,0.0,0.0,0.0,0.0,0.0,0.0,0.0,0.0,0.0,0.0,0.0,0.0,0.0,0.0,0.0,0.0,0.0,0.0,0.0,0.0,0.0,0.0,0.0,0.0,Normal ZnO
4.503594076226618,328.25620446424455,28.0,-0.9061255842857141,3.9909400000000006,3.252,11.72343587372302,1,-4.080821813706525,0.7389400000000008,11.72343587372302,20.28235960342348,107752.13576927192,0.8210635744971267,1478.3326979098051,-297.4413450655744,0.0,-0.002760421804561547,0.0,0.0,0.0,0.0,0.0,0.0,0.0,0.0,0.0,0.0,0.0,0.0,0.0,1.0,0.0,0.0,0.0,0.0,0.0,0.0,0.0,0.0,0.0,0.0,0.0,0.0,0.0,0.0,0.0,0.0,0.0,0.0,0.0,0.0,0.0,0.0,0.0,0.0,0.0,0.0,0.0,0.0,0.0,0.0,0.0,0.0,0.0,0.0,0.0,0.0,0.0,0.0,0.0,0.0,0.0,0.0,0.0,0.0,0.0,Normal ZnO
3.919133433820562,366.7413153030662,28.0,-1.131728431785713,2.92598,1.8500599999999998,13.09790411796665,1,-4.435394735016701,1.0759200000000002,13.09790411796665,15.35960687209015,134499.19235022302,1.2808092433121494,1437.3081503675753,-415.0515736389688,0.0,-0.0030859038361971294,0.0,0.0,0.0,0.0,0.0,0.0,0.0,0.0,0.0,0.0,0.0,0.0,0.0,0.0,0.0,0.0,0.0,0.0,0.0,1.0,0.0,0.0,0.0,0.0,0.0,0.0,0.0,0.0,0.0,0.0,0.0,0.0,0.0,0.0,0.0,0.0,0.0,0.0,0.0,0.0,0.0,0.0,0.0,0.0,0.0,0.0,0.0,0.0,0.0,0.0,0.0,0.0,0.0,0.0,0.0,0.0,0.0,0.0,0.0,Normal ZnO
8.099051588674941,190.42343672882046,13.0,-1.5580347215384611,3.5996,3.6310000000000002,14.647956671447728,1,-12.618603586686794,-0.031400000000000095,14.647956671447728,65.59463663601808,36261.08525561509,2.42747219351943,1542.2492377594954,-296.68632621818455,0.0,-0.008181948337363736,0.0,0.0,0.0,0.0,0.0,0.0,0.0,0.0,0.0,0.0,0.0,0.0,0.0,0.0,0.0,0.0,0.0,0.0,0.0,0.0,0.0,0.0,0.0,0.0,0.0,0.0,0.0,0.0,0.0,0.0,0.0,0.0,0.0,0.0,0.0,0.0,0.0,0.0,0.0,0.0,0.0,0.0,0.0,0.0,0.0,0.0,0.0,0.0,0.0,0.0,0.0,0.0,0.0,0.0,1.0,0.0,0.0,0.0,0.0,Normal ZnO
6.5679611009954915,96.11857750324923,10.0,-1.2837612884999992,4.969240000000001,3.3322000000000003,9.611857750324923,1,-8.431694205831846,1.6370400000000007,9.611857750324923,43.138113024189906,9238.78094124813,1.6480430458511781,631.3030781243613,-123.39330890435826,0.0,-0.013356016306593827,0.0,0.0,0.0,0.0,0.0,0.0,0.0,0.0,0.0,0.0,0.0,0.0,0.0,0.0,0.0,0.0,0.0,0.0,0.0,0.0,0.0,0.0,0.0,0.0,0.0,0.0,0.0,0.0,0.0,0.0,0.0,0.0,0.0,0.0,0.0,1.0,0.0,0.0,0.0,0.0,0.0,0.0,0.0,0.0,0.0,0.0,0.0,0.0,0.0,0.0,0.0,0.0,0.0,0.0,0.0,0.0,0.0,0.0,0.0,Normal ZnO
6.363372275630096,180.13198355797073,14.0,-0.658957544761904,1.3444,1.365,12.866570254140766,1,-4.193192171155178,-0.02059999999999995,12.866570254140766,40.492506718257744,32447.531500529036,0.4342250457986368,1146.2468701270473,-118.69932961845205,0.0,-0.0036581929080342136,1.0,0.0,0.0,0.0,0.0,0.0,0.0,0.0,0.0,0.0,0.0,0.0,0.0,0.0,0.0,0.0,0.0,0.0,0.0,0.0,0.0,0.0,0.0,0.0,0.0,0.0,0.0,0.0,0.0,0.0,0.0,0.0,0.0,0.0,0.0,0.0,0.0,0.0,0.0,0.0,0.0,0.0,0.0,0.0,0.0,0.0,0.0,0.0,0.0,0.0,0.0,0.0,0.0,0.0,0.0,0.0,0.0,0.0,0.0,Normal ZnO
5.653282645959316,150.68269977006628,14.0,-1.079632912857142,3.0073999999999996,2.41166,10.763049983576163,1,-6.103470010261788,0.5957399999999997,10.763049983576163,31.959604675104767,22705.27600999593,1.1656072265243973,851.8518916564135,-162.68200206993487,0.0,-0.007164942720727754,0.0,0.0,0.0,0.0,0.0,0.0,0.0,0.0,0.0,0.0,0.0,0.0,0.0,0.0,0.0,0.0,1.0,0.0,0.0,0.0,0.0,0.0,0.0,0.0,0.0,0.0,0.0,0.0,0.0,0.0,0.0,0.0,0.0,0.0,0.0,0.0,0.0,0.0,0.0,0.0,0.0,0.0,0.0,0.0,0.0,0.0,0.0,0.0,0.0,0.0,0.0,0.0,0.0,0.0,0.0,0.0,0.0,0.0,0.0,Normal ZnO
5.034935684069104,157.83250457929137,14.0,-1.9622269044088672,3.931499999999999,2.116,11.273750327092241,1,-9.879686261248661,1.8154999999999988,11.273750327092241,25.35057734271242,24911.09950177203,3.8503344243860056,794.6765094122744,-309.70318687572126,0.3605805741956887,-0.01243233711357023,0.0,0.0,0.0,0.0,0.0,0.0,0.0,0.0,0.0,0.0,0.0,0.0,0.0,0.0,0.0,0.0,0.0,0.0,0.0,0.0,0.0,0.0,0.0,0.0,0.0,0.0,0.0,0.0,0.0,0.0,1.0,0.0,0.0,0.0,0.0,0.0,0.0,0.0,0.0,0.0,0.0,0.0,0.0,0.0,0.0,0.0,0.0,0.0,0.0,0.0,0.0,0.0,0.0,0.0,0.0,0.0,0.0,0.0,1.8155000000000001,Normal ZnO
5.984382406024633,136.95985793503903,14.0,-1.230278035714286,3.3593,3.4114,9.78284699535993,1,-7.362454231447118,-0.05209999999999981,9.78284699535993,35.812832781537175,18758.00268558607,1.5135840451610019,819.6201641580807,-168.49870499202748,0.0,-0.008982763667130956,0.0,0.0,0.0,0.0,0.0,0.0,0.0,0.0,0.0,0.0,0.0,0.0,0.0,0.0,0.0,0.0,0.0,0.0,0.0,0.0,0.0,0.0,0.0,0.0,0.0,0.0,0.0,0.0,0.0,0.0,0.0,0.0,0.0,0.0,0.0,1.0,0.0,0.0,0.0,0.0,0.0,0.0,0.0,0.0,0.0,0.0,0.0,0.0,0.0,0.0,0.0,0.0,0.0,0.0,0.0,0.0,0.0,0.0,0.0,Normal ZnO
7.574141681319216,137.3510659465313,12.0,-1.872805690833332,4.4147,1.934499999999999,11.445922162210941,1,-14.184895643952569,2.480200000000001,11.445922162210941,57.367622208697085,18865.31531664839,3.5074011556177136,1040.3164335592471,-257.2318579466881,0.3274562457838806,-0.013635174055091695,0.0,0.0,0.0,0.0,0.0,0.0,0.0,0.0,0.0,0.0,0.0,0.0,0.0,0.0,0.0,0.0,0.0,0.0,0.0,0.0,0.0,0.0,0.0,0.0,0.0,0.0,0.0,0.0,0.0,0.0,0.0,0.0,0.0,0.0,0.0,0.0,0.0,0.0,0.0,0.0,0.0,0.0,0.0,0.0,0.0,0.0,0.0,0.0,0.0,0.0,0.0,0.0,0.0,0.0,1.0,0.0,0.0,0.0,2.4802,Normal ZnO
5.963365178437658,142.84751414126717,14.0,-1.079197937857143,3.5692,2.9405,10.20339386723337,1,-6.435651403259015,0.6286999999999998,10.20339386723337,35.5617242514028,20405.412296339524,1.1646681890751098,851.8518916564136,-154.1607426892746,0.10542705019529126,-0.00755489477254665,0.0,0.0,0.0,0.0,0.0,0.0,0.0,0.0,0.0,0.0,0.0,0.0,0.0,0.0,0.0,0.0,1.0,0.0,0.0,0.0,0.0,0.0,0.0,0.0,0.0,0.0,0.0,0.0,0.0,0.0,0.0,0.0,0.0,0.0,0.0,0.0,0.0,0.0,0.0,0.0,0.0,0.0,0.0,0.0,0.0,0.0,0.0,0.0,0.0,0.0,0.0,0.0,0.0,0.0,0.0,0.0,0.0,0.0,0.628699999999999,Normal ZnO
3.121056472375964,475.33424559792905,36.0,-2.488085540476191,4.5138,-0.1933,13.203729044386918,1,-7.765455479928264,4.7071,13.203729044386918,9.740993503759896,225942.64503815235,6.190569656726699,1483.5450237653624,-1182.6722633653658,1.5081752097925452,-0.005234391511906313,0.0,0.0,0.0,0.0,0.0,0.0,0.0,0.0,0.0,0.0,0.0,0.0,0.0,0.0,0.0,0.0,0.0,0.0,0.0,0.0,0.0,0.0,0.0,0.0,0.0,0.0,0.0,0.0,0.0,0.0,0.0,0.0,0.0,0.0,0.0,0.0,0.0,1.0,0.0,0.0,0.0,0.0,0.0,0.0,0.0,0.0,0.0,0.0,0.0,0.0,0.0,0.0,0.0,0.0,0.0,0.0,0.0,0.0,4.7071000000000005,2D ZnO
4.048493810564522,514.9100598476984,44.0,-2.274162635530304,3.1475,0.43,11.702501360174965,1,-9.206933354161537,2.7175,11.702501360174965,16.390302134179244,265132.3697323604,5.171815692842138,2084.610190290815,-1170.9892187643084,0.6712372865456036,-0.004416621101174373,0.0,0.0,0.0,0.0,1.0,0.0,0.0,0.0,0.0,0.0,0.0,0.0,0.0,0.0,0.0,0.0,0.0,0.0,0.0,0.0,0.0,0.0,0.0,0.0,0.0,0.0,0.0,0.0,0.0,0.0,0.0,0.0,0.0,0.0,0.0,0.0,0.0,0.0,0.0,0.0,0.0,0.0,0.0,0.0,0.0,0.0,0.0,0.0,0.0,0.0,0.0,0.0,0.0,0.0,0.0,0.0,0.0,0.0,2.7175000000000002,Normal ZnO
5.127402319768025,314.37668663557724,28.0,-2.496834717619047,4.1987,1.889,11.227738808413473,1,-12.802276123197245,2.3096999999999994,11.227738808413473,26.29025454876253,98832.70109996393,6.234183607107787,1611.9357523362444,-784.9466256017531,0.4504620187683058,-0.007942175179527089,0.0,0.0,0.0,0.0,0.0,0.0,0.0,0.0,0.0,0.0,0.0,0.0,0.0,0.0,0.0,0.0,0.0,0.0,0.0,0.0,0.0,0.0,0.0,0.0,0.0,0.0,0.0,0.0,0.0,0.0,0.0,0.0,0.0,0.0,0.0,0.0,0.0,0.0,0.0,0.0,0.0,0.0,0.0,0.0,0.0,0.0,0.0,0.0,0.0,0.0,0.0,0.0,1.0,0.0,0.0,0.0,0.0,0.0,2.309699999999999,Normal ZnO
2.302226641408568,878.1179799367683,48.0,-0.224432417486979,-0.9842000000000001,-1.4364,18.294124582016007,1,-0.5166942907342533,0.4521999999999998,18.294124582016007,5.300247508411376,771091.1866882306,0.05036991001904964,2021.6266077103026,-197.07814107599143,0.19641854188748772,-0.0002555834439275916,0.0,0.0,0.0,0.0,0.0,0.0,0.0,0.0,0.0,0.0,0.0,0.0,0.0,0.0,0.0,0.0,0.0,0.0,0.0,0.0,0.0,0.0,0.0,0.0,0.0,0.0,0.0,0.0,0.0,0.0,0.0,0.0,0.0,0.0,0.0,0.0,0.0,0.0,0.0,0.0,0.0,0.0,0.0,0.0,0.0,0.0,1.0,0.0,0.0,0.0,0.0,0.0,0.0,0.0,0.0,0.0,0.0,0.0,0.45219999999999905,Normal ZnO
5.139661654891531,313.62682226409385,28.0,-2.4967091722619053,4.2133,1.9025,11.200957938003352,1,-12.832240396090487,2.3108000000000004,11.200957938003352,26.416121926762347,98361.7836434735,6.233556690856728,1611.9357523362446,-783.0349638141174,0.4496015798629001,-0.007960764179026488,0.0,0.0,0.0,0.0,0.0,0.0,0.0,0.0,0.0,0.0,0.0,0.0,0.0,0.0,0.0,0.0,0.0,0.0,0.0,0.0,0.0,0.0,0.0,0.0,0.0,0.0,0.0,0.0,0.0,0.0,0.0,0.0,0.0,0.0,0.0,0.0,0.0,0.0,0.0,0.0,0.0,0.0,0.0,0.0,0.0,0.0,0.0,0.0,0.0,0.0,0.0,0.0,1.0,0.0,0.0,0.0,0.0,0.0,2.3108,Normal ZnO
3.403803503754681,473.568979689381,28.0,-2.237292194047619,1.3476,-0.49770000000000003,16.913177846049322,1,-7.615303009022283,1.8453,16.913177846049322,11.585878292172643,224267.57852404137,5.005476361546409,1611.9357523362444,-1059.5121816021476,0.5421288267564444,-0.004724321672241038,0.0,0.0,0.0,0.0,0.0,0.0,0.0,0.0,0.0,0.0,0.0,0.0,0.0,0.0,0.0,0.0,0.0,0.0,0.0,0.0,0.0,0.0,0.0,0.0,0.0,0.0,0.0,0.0,0.0,0.0,0.0,0.0,0.0,0.0,0.0,0.0,0.0,0.0,0.0,0.0,0.0,0.0,0.0,0.0,0.0,0.0,0.0,0.0,0.0,0.0,0.0,0.0,1.0,0.0,0.0,0.0,0.0,0.0,1.8453,Normal ZnO
4.215406485026651,354.20745990688965,28.0,-1.705382088965517,1.9318,0.683,12.650266425246059,1,-7.1888787172735364,1.2488,12.650266425246059,17.76965183400474,125462.92465369085,2.9083280693643903,1493.12842353632,-604.059057903181,0.29624663823899416,-0.004814641931634669,0.0,0.0,0.0,0.0,0.0,0.0,0.0,0.0,0.0,0.0,0.0,0.0,0.0,0.0,0.0,0.0,0.0,0.0,0.0,0.0,0.0,0.0,0.0,0.0,0.0,0.0,0.0,0.0,0.0,0.0,0.0,0.0,0.0,1.0,0.0,0.0,0.0,0.0,0.0,0.0,0.0,0.0,0.0,0.0,0.0,0.0,0.0,0.0,0.0,0.0,0.0,0.0,0.0,0.0,0.0,0.0,0.0,0.0,1.2488000000000001,Normal ZnO
